{"op_code":0,"worker_id":"bbc1f613-0ce5-4459-ab32-6ea5478f965f-137692709315712","study_name":"cp_pred_levels_L2_residual_delta","directions":[2]}
{"op_code":4,"worker_id":"bbc1f613-0ce5-4459-ab32-6ea5478f965f-137692709315712","study_id":0,"datetime_start":"2026-04-30T15:43:57.846451"}
{"op_code":5,"worker_id":"bbc1f613-0ce5-4459-ab32-6ea5478f965f-137692709315712","trial_id":0,"param_name":"RANK_REGRESS","param_value_internal":29.0,"distribution":"{\"name\": \"IntDistribution\", \"attributes\": {\"log\": false, \"step\": 1, \"low\": 5, \"high\": 80}}"}
{"op_code":5,"worker_id":"bbc1f613-0ce5-4459-ab32-6ea5478f965f-137692709315712","trial_id":0,"param_name":"REG_W","param_value_internal":3.418758326497575e-05,"distribution":"{\"name\": \"FloatDistribution\", \"attributes\": {\"step\": null, \"low\": 1e-05, \"high\": 1000.0, \"log\": true}}"}
{"op_code":5,"worker_id":"bbc1f613-0ce5-4459-ab32-6ea5478f965f-137692709315712","trial_id":0,"param_name":"USE_RMS_SCALING","param_value_internal":1,"distribution":"{\"name\": \"CategoricalDistribution\", \"attributes\": {\"choices\": [true, false]}}"}
{"op_code":0,"worker_id":"152951b6-e8aa-4e65-94c1-7cf1fbe6f936-135348184925312","study_name":"cp_pred_levels_L2_residual_delta","directions":[2]}
{"op_code":4,"worker_id":"152951b6-e8aa-4e65-94c1-7cf1fbe6f936-135348184925312","study_id":0,"datetime_start":"2026-04-30T15:43:59.595996"}
{"op_code":5,"worker_id":"152951b6-e8aa-4e65-94c1-7cf1fbe6f936-135348184925312","trial_id":1,"param_name":"RANK_REGRESS","param_value_internal":75.0,"distribution":"{\"name\": \"IntDistribution\", \"attributes\": {\"log\": false, \"step\": 1, \"low\": 5, \"high\": 80}}"}
{"op_code":5,"worker_id":"152951b6-e8aa-4e65-94c1-7cf1fbe6f936-135348184925312","trial_id":1,"param_name":"REG_W","param_value_internal":0.0005910037283397038,"distribution":"{\"name\": \"FloatDistribution\", \"attributes\": {\"step\": null, \"low\": 1e-05, \"high\": 1000.0, \"log\": true}}"}
{"op_code":5,"worker_id":"152951b6-e8aa-4e65-94c1-7cf1fbe6f936-135348184925312","trial_id":1,"param_name":"USE_RMS_SCALING","param_value_internal":0,"distribution":"{\"name\": \"CategoricalDistribution\", \"attributes\": {\"choices\": [true, false]}}"}
{"op_code":0,"worker_id":"ded0cf2e-3d2e-4b30-85fb-b5b43babf737-130289550488704","study_name":"cp_pred_levels_L2_residual_delta","directions":[2]}
{"op_code":4,"worker_id":"ded0cf2e-3d2e-4b30-85fb-b5b43babf737-130289550488704","study_id":0,"datetime_start":"2026-04-30T15:44:01.772097"}
{"op_code":5,"worker_id":"ded0cf2e-3d2e-4b30-85fb-b5b43babf737-130289550488704","trial_id":2,"param_name":"RANK_REGRESS","param_value_internal":21.0,"distribution":"{\"name\": \"IntDistribution\", \"attributes\": {\"log\": false, \"step\": 1, \"low\": 5, \"high\": 80}}"}
{"op_code":5,"worker_id":"ded0cf2e-3d2e-4b30-85fb-b5b43babf737-130289550488704","trial_id":2,"param_name":"REG_W","param_value_internal":0.24851401785261423,"distribution":"{\"name\": \"FloatDistribution\", \"attributes\": {\"step\": null, \"low\": 1e-05, \"high\": 1000.0, \"log\": true}}"}
{"op_code":0,"worker_id":"976eadc9-9a7d-495f-9f5a-a4c1c70584a6-137802578351232","study_name":"cp_pred_levels_L2_residual_delta","directions":[2]}
{"op_code":5,"worker_id":"ded0cf2e-3d2e-4b30-85fb-b5b43babf737-130289550488704","trial_id":2,"param_name":"USE_RMS_SCALING","param_value_internal":0,"distribution":"{\"name\": \"CategoricalDistribution\", \"attributes\": {\"choices\": [true, false]}}"}
{"op_code":4,"worker_id":"976eadc9-9a7d-495f-9f5a-a4c1c70584a6-137802578351232","study_id":0,"datetime_start":"2026-04-30T15:44:02.007670"}
{"op_code":5,"worker_id":"976eadc9-9a7d-495f-9f5a-a4c1c70584a6-137802578351232","trial_id":3,"param_name":"RANK_REGRESS","param_value_internal":14.0,"distribution":"{\"name\": \"IntDistribution\", \"attributes\": {\"log\": false, \"step\": 1, \"low\": 5, \"high\": 80}}"}
{"op_code":5,"worker_id":"976eadc9-9a7d-495f-9f5a-a4c1c70584a6-137802578351232","trial_id":3,"param_name":"REG_W","param_value_internal":0.0006074956062044707,"distribution":"{\"name\": \"FloatDistribution\", \"attributes\": {\"step\": null, \"low\": 1e-05, \"high\": 1000.0, \"log\": true}}"}
{"op_code":5,"worker_id":"976eadc9-9a7d-495f-9f5a-a4c1c70584a6-137802578351232","trial_id":3,"param_name":"USE_RMS_SCALING","param_value_internal":0,"distribution":"{\"name\": \"CategoricalDistribution\", \"attributes\": {\"choices\": [true, false]}}"}
{"op_code":0,"worker_id":"6e46c5b9-f52c-4fc3-be9a-9ec313de1aee-129894005408896","study_name":"cp_pred_levels_L2_residual_delta","directions":[2]}
{"op_code":4,"worker_id":"6e46c5b9-f52c-4fc3-be9a-9ec313de1aee-129894005408896","study_id":0,"datetime_start":"2026-04-30T15:44:03.210091"}
{"op_code":5,"worker_id":"6e46c5b9-f52c-4fc3-be9a-9ec313de1aee-129894005408896","trial_id":4,"param_name":"RANK_REGRESS","param_value_internal":75.0,"distribution":"{\"name\": \"IntDistribution\", \"attributes\": {\"log\": false, \"step\": 1, \"low\": 5, \"high\": 80}}"}
{"op_code":5,"worker_id":"6e46c5b9-f52c-4fc3-be9a-9ec313de1aee-129894005408896","trial_id":4,"param_name":"REG_W","param_value_internal":3.8518076041003266,"distribution":"{\"name\": \"FloatDistribution\", \"attributes\": {\"step\": null, \"low\": 1e-05, \"high\": 1000.0, \"log\": true}}"}
{"op_code":5,"worker_id":"6e46c5b9-f52c-4fc3-be9a-9ec313de1aee-129894005408896","trial_id":4,"param_name":"USE_RMS_SCALING","param_value_internal":0,"distribution":"{\"name\": \"CategoricalDistribution\", \"attributes\": {\"choices\": [true, false]}}"}
{"op_code":0,"worker_id":"3871178a-5c52-4808-b530-79b384b16e33-134869990814848","study_name":"cp_pred_levels_L2_residual_delta","directions":[2]}
{"op_code":4,"worker_id":"3871178a-5c52-4808-b530-79b384b16e33-134869990814848","study_id":0,"datetime_start":"2026-04-30T15:44:04.931616"}
{"op_code":5,"worker_id":"3871178a-5c52-4808-b530-79b384b16e33-134869990814848","trial_id":5,"param_name":"RANK_REGRESS","param_value_internal":16.0,"distribution":"{\"name\": \"IntDistribution\", \"attributes\": {\"log\": false, \"step\": 1, \"low\": 5, \"high\": 80}}"}
{"op_code":5,"worker_id":"3871178a-5c52-4808-b530-79b384b16e33-134869990814848","trial_id":5,"param_name":"REG_W","param_value_internal":0.0009206310076535536,"distribution":"{\"name\": \"FloatDistribution\", \"attributes\": {\"step\": null, \"low\": 1e-05, \"high\": 1000.0, \"log\": true}}"}
{"op_code":5,"worker_id":"3871178a-5c52-4808-b530-79b384b16e33-134869990814848","trial_id":5,"param_name":"USE_RMS_SCALING","param_value_internal":1,"distribution":"{\"name\": \"CategoricalDistribution\", \"attributes\": {\"choices\": [true, false]}}"}
{"op_code":0,"worker_id":"90616dda-4443-4e44-aec9-5c76e370b379-132228728079488","study_name":"cp_pred_levels_L2_residual_delta","directions":[2]}
{"op_code":4,"worker_id":"90616dda-4443-4e44-aec9-5c76e370b379-132228728079488","study_id":0,"datetime_start":"2026-04-30T15:44:06.813834"}
{"op_code":5,"worker_id":"90616dda-4443-4e44-aec9-5c76e370b379-132228728079488","trial_id":6,"param_name":"RANK_REGRESS","param_value_internal":61.0,"distribution":"{\"name\": \"IntDistribution\", \"attributes\": {\"log\": false, \"step\": 1, \"low\": 5, \"high\": 80}}"}
{"op_code":5,"worker_id":"90616dda-4443-4e44-aec9-5c76e370b379-132228728079488","trial_id":6,"param_name":"REG_W","param_value_internal":133.88730508728656,"distribution":"{\"name\": \"FloatDistribution\", \"attributes\": {\"step\": null, \"low\": 1e-05, \"high\": 1000.0, \"log\": true}}"}
{"op_code":5,"worker_id":"90616dda-4443-4e44-aec9-5c76e370b379-132228728079488","trial_id":6,"param_name":"USE_RMS_SCALING","param_value_internal":1,"distribution":"{\"name\": \"CategoricalDistribution\", \"attributes\": {\"choices\": [true, false]}}"}
{"op_code":0,"worker_id":"f93936a6-6d83-4e9b-87b4-43ead2710f42-131689194878080","study_name":"cp_pred_levels_L2_residual_delta","directions":[2]}
{"op_code":4,"worker_id":"f93936a6-6d83-4e9b-87b4-43ead2710f42-131689194878080","study_id":0,"datetime_start":"2026-04-30T15:44:07.993612"}
{"op_code":5,"worker_id":"f93936a6-6d83-4e9b-87b4-43ead2710f42-131689194878080","trial_id":7,"param_name":"RANK_REGRESS","param_value_internal":69.0,"distribution":"{\"name\": \"IntDistribution\", \"attributes\": {\"log\": false, \"step\": 1, \"low\": 5, \"high\": 80}}"}
{"op_code":5,"worker_id":"f93936a6-6d83-4e9b-87b4-43ead2710f42-131689194878080","trial_id":7,"param_name":"REG_W","param_value_internal":0.005069395064986439,"distribution":"{\"name\": \"FloatDistribution\", \"attributes\": {\"step\": null, \"low\": 1e-05, \"high\": 1000.0, \"log\": true}}"}
{"op_code":5,"worker_id":"f93936a6-6d83-4e9b-87b4-43ead2710f42-131689194878080","trial_id":7,"param_name":"USE_RMS_SCALING","param_value_internal":0,"distribution":"{\"name\": \"CategoricalDistribution\", \"attributes\": {\"choices\": [true, false]}}"}
{"op_code":0,"worker_id":"4301556c-3680-4dce-b335-8b74fa6c91e9-140448691049600","study_name":"cp_pred_levels_L2_residual_delta","directions":[2]}
{"op_code":4,"worker_id":"4301556c-3680-4dce-b335-8b74fa6c91e9-140448691049600","study_id":0,"datetime_start":"2026-04-30T15:44:08.743950"}
{"op_code":5,"worker_id":"4301556c-3680-4dce-b335-8b74fa6c91e9-140448691049600","trial_id":8,"param_name":"RANK_REGRESS","param_value_internal":44.0,"distribution":"{\"name\": \"IntDistribution\", \"attributes\": {\"log\": false, \"step\": 1, \"low\": 5, \"high\": 80}}"}
{"op_code":5,"worker_id":"4301556c-3680-4dce-b335-8b74fa6c91e9-140448691049600","trial_id":8,"param_name":"REG_W","param_value_internal":0.000226474211192259,"distribution":"{\"name\": \"FloatDistribution\", \"attributes\": {\"step\": null, \"low\": 1e-05, \"high\": 1000.0, \"log\": true}}"}
{"op_code":5,"worker_id":"4301556c-3680-4dce-b335-8b74fa6c91e9-140448691049600","trial_id":8,"param_name":"USE_RMS_SCALING","param_value_internal":1,"distribution":"{\"name\": \"CategoricalDistribution\", \"attributes\": {\"choices\": [true, false]}}"}
{"op_code":0,"worker_id":"ef09b0de-8b15-4e89-8b75-0d607c8553cf-127158362354816","study_name":"cp_pred_levels_L2_residual_delta","directions":[2]}
{"op_code":4,"worker_id":"ef09b0de-8b15-4e89-8b75-0d607c8553cf-127158362354816","study_id":0,"datetime_start":"2026-04-30T15:44:09.363285"}
{"op_code":5,"worker_id":"ef09b0de-8b15-4e89-8b75-0d607c8553cf-127158362354816","trial_id":9,"param_name":"RANK_REGRESS","param_value_internal":76.0,"distribution":"{\"name\": \"IntDistribution\", \"attributes\": {\"log\": false, \"step\": 1, \"low\": 5, \"high\": 80}}"}
{"op_code":5,"worker_id":"ef09b0de-8b15-4e89-8b75-0d607c8553cf-127158362354816","trial_id":9,"param_name":"REG_W","param_value_internal":39.7323347818095,"distribution":"{\"name\": \"FloatDistribution\", \"attributes\": {\"step\": null, \"low\": 1e-05, \"high\": 1000.0, \"log\": true}}"}
{"op_code":5,"worker_id":"ef09b0de-8b15-4e89-8b75-0d607c8553cf-127158362354816","trial_id":9,"param_name":"USE_RMS_SCALING","param_value_internal":0,"distribution":"{\"name\": \"CategoricalDistribution\", \"attributes\": {\"choices\": [true, false]}}"}
{"op_code":0,"worker_id":"03d7ede9-0083-46fb-bcb8-44eae792c83d-128700501243008","study_name":"cp_pred_levels_L2_residual_delta","directions":[2]}
{"op_code":4,"worker_id":"03d7ede9-0083-46fb-bcb8-44eae792c83d-128700501243008","study_id":0,"datetime_start":"2026-04-30T15:44:10.770159"}
{"op_code":5,"worker_id":"03d7ede9-0083-46fb-bcb8-44eae792c83d-128700501243008","trial_id":10,"param_name":"RANK_REGRESS","param_value_internal":45.0,"distribution":"{\"name\": \"IntDistribution\", \"attributes\": {\"log\": false, \"step\": 1, \"low\": 5, \"high\": 80}}"}
{"op_code":5,"worker_id":"03d7ede9-0083-46fb-bcb8-44eae792c83d-128700501243008","trial_id":10,"param_name":"REG_W","param_value_internal":1.7803029723246903e-05,"distribution":"{\"name\": \"FloatDistribution\", \"attributes\": {\"step\": null, \"low\": 1e-05, \"high\": 1000.0, \"log\": true}}"}
{"op_code":5,"worker_id":"03d7ede9-0083-46fb-bcb8-44eae792c83d-128700501243008","trial_id":10,"param_name":"USE_RMS_SCALING","param_value_internal":0,"distribution":"{\"name\": \"CategoricalDistribution\", \"attributes\": {\"choices\": [true, false]}}"}
{"op_code":0,"worker_id":"79e9371d-ec97-4aa3-a58d-492a7657121f-137877772063872","study_name":"cp_pred_levels_L2_residual_delta","directions":[2]}
{"op_code":4,"worker_id":"79e9371d-ec97-4aa3-a58d-492a7657121f-137877772063872","study_id":0,"datetime_start":"2026-04-30T15:44:11.649435"}
{"op_code":5,"worker_id":"79e9371d-ec97-4aa3-a58d-492a7657121f-137877772063872","trial_id":11,"param_name":"RANK_REGRESS","param_value_internal":21.0,"distribution":"{\"name\": \"IntDistribution\", \"attributes\": {\"log\": false, \"step\": 1, \"low\": 5, \"high\": 80}}"}
{"op_code":5,"worker_id":"79e9371d-ec97-4aa3-a58d-492a7657121f-137877772063872","trial_id":11,"param_name":"REG_W","param_value_internal":2.9649822997699347,"distribution":"{\"name\": \"FloatDistribution\", \"attributes\": {\"step\": null, \"low\": 1e-05, \"high\": 1000.0, \"log\": true}}"}
{"op_code":5,"worker_id":"79e9371d-ec97-4aa3-a58d-492a7657121f-137877772063872","trial_id":11,"param_name":"USE_RMS_SCALING","param_value_internal":1,"distribution":"{\"name\": \"CategoricalDistribution\", \"attributes\": {\"choices\": [true, false]}}"}
{"op_code":0,"worker_id":"a1f8b531-7004-4d32-b066-fc5e4f69275c-136117001327744","study_name":"cp_pred_levels_L2_residual_delta","directions":[2]}
{"op_code":4,"worker_id":"a1f8b531-7004-4d32-b066-fc5e4f69275c-136117001327744","study_id":0,"datetime_start":"2026-04-30T15:44:13.433975"}
{"op_code":5,"worker_id":"a1f8b531-7004-4d32-b066-fc5e4f69275c-136117001327744","trial_id":12,"param_name":"RANK_REGRESS","param_value_internal":62.0,"distribution":"{\"name\": \"IntDistribution\", \"attributes\": {\"log\": false, \"step\": 1, \"low\": 5, \"high\": 80}}"}
{"op_code":5,"worker_id":"a1f8b531-7004-4d32-b066-fc5e4f69275c-136117001327744","trial_id":12,"param_name":"REG_W","param_value_internal":676.5908553103785,"distribution":"{\"name\": \"FloatDistribution\", \"attributes\": {\"step\": null, \"low\": 1e-05, \"high\": 1000.0, \"log\": true}}"}
{"op_code":5,"worker_id":"a1f8b531-7004-4d32-b066-fc5e4f69275c-136117001327744","trial_id":12,"param_name":"USE_RMS_SCALING","param_value_internal":0,"distribution":"{\"name\": \"CategoricalDistribution\", \"attributes\": {\"choices\": [true, false]}}"}
{"op_code":0,"worker_id":"6446bcf3-b3bc-4a05-b85b-79f5b0b845d4-129029024171136","study_name":"cp_pred_levels_L2_residual_delta","directions":[2]}
{"op_code":4,"worker_id":"6446bcf3-b3bc-4a05-b85b-79f5b0b845d4-129029024171136","study_id":0,"datetime_start":"2026-04-30T15:44:13.945576"}
{"op_code":5,"worker_id":"6446bcf3-b3bc-4a05-b85b-79f5b0b845d4-129029024171136","trial_id":13,"param_name":"RANK_REGRESS","param_value_internal":73.0,"distribution":"{\"name\": \"IntDistribution\", \"attributes\": {\"log\": false, \"step\": 1, \"low\": 5, \"high\": 80}}"}
{"op_code":5,"worker_id":"6446bcf3-b3bc-4a05-b85b-79f5b0b845d4-129029024171136","trial_id":13,"param_name":"REG_W","param_value_internal":218.1854766351986,"distribution":"{\"name\": \"FloatDistribution\", \"attributes\": {\"step\": null, \"low\": 1e-05, \"high\": 1000.0, \"log\": true}}"}
{"op_code":5,"worker_id":"6446bcf3-b3bc-4a05-b85b-79f5b0b845d4-129029024171136","trial_id":13,"param_name":"USE_RMS_SCALING","param_value_internal":0,"distribution":"{\"name\": \"CategoricalDistribution\", \"attributes\": {\"choices\": [true, false]}}"}
{"op_code":0,"worker_id":"e0f4046b-8cb5-4d0d-a865-e3317538f611-133723049174144","study_name":"cp_pred_levels_L2_residual_delta","directions":[2]}
{"op_code":4,"worker_id":"e0f4046b-8cb5-4d0d-a865-e3317538f611-133723049174144","study_id":0,"datetime_start":"2026-04-30T15:44:15.582594"}
{"op_code":5,"worker_id":"e0f4046b-8cb5-4d0d-a865-e3317538f611-133723049174144","trial_id":14,"param_name":"RANK_REGRESS","param_value_internal":20.0,"distribution":"{\"name\": \"IntDistribution\", \"attributes\": {\"log\": false, \"step\": 1, \"low\": 5, \"high\": 80}}"}
{"op_code":5,"worker_id":"e0f4046b-8cb5-4d0d-a865-e3317538f611-133723049174144","trial_id":14,"param_name":"REG_W","param_value_internal":0.2327104571497095,"distribution":"{\"name\": \"FloatDistribution\", \"attributes\": {\"step\": null, \"low\": 1e-05, \"high\": 1000.0, \"log\": true}}"}
{"op_code":5,"worker_id":"e0f4046b-8cb5-4d0d-a865-e3317538f611-133723049174144","trial_id":14,"param_name":"USE_RMS_SCALING","param_value_internal":0,"distribution":"{\"name\": \"CategoricalDistribution\", \"attributes\": {\"choices\": [true, false]}}"}
{"op_code":0,"worker_id":"51d81010-70c9-4242-a873-08ce22de9c75-124405527770240","study_name":"cp_pred_levels_L2_residual_delta","directions":[2]}
{"op_code":4,"worker_id":"51d81010-70c9-4242-a873-08ce22de9c75-124405527770240","study_id":0,"datetime_start":"2026-04-30T15:44:16.495422"}
{"op_code":5,"worker_id":"51d81010-70c9-4242-a873-08ce22de9c75-124405527770240","trial_id":15,"param_name":"RANK_REGRESS","param_value_internal":10.0,"distribution":"{\"name\": \"IntDistribution\", \"attributes\": {\"log\": false, \"step\": 1, \"low\": 5, \"high\": 80}}"}
{"op_code":5,"worker_id":"51d81010-70c9-4242-a873-08ce22de9c75-124405527770240","trial_id":15,"param_name":"REG_W","param_value_internal":500.32625313355277,"distribution":"{\"name\": \"FloatDistribution\", \"attributes\": {\"step\": null, \"low\": 1e-05, \"high\": 1000.0, \"log\": true}}"}
{"op_code":5,"worker_id":"51d81010-70c9-4242-a873-08ce22de9c75-124405527770240","trial_id":15,"param_name":"USE_RMS_SCALING","param_value_internal":1,"distribution":"{\"name\": \"CategoricalDistribution\", \"attributes\": {\"choices\": [true, false]}}"}
{"op_code":0,"worker_id":"80e6404f-ffd1-4975-a77e-381492dc11bc-124291174175872","study_name":"cp_pred_levels_L2_residual_delta","directions":[2]}
{"op_code":4,"worker_id":"80e6404f-ffd1-4975-a77e-381492dc11bc-124291174175872","study_id":0,"datetime_start":"2026-04-30T15:44:18.258123"}
{"op_code":5,"worker_id":"80e6404f-ffd1-4975-a77e-381492dc11bc-124291174175872","trial_id":16,"param_name":"RANK_REGRESS","param_value_internal":7.0,"distribution":"{\"name\": \"IntDistribution\", \"attributes\": {\"log\": false, \"step\": 1, \"low\": 5, \"high\": 80}}"}
{"op_code":5,"worker_id":"80e6404f-ffd1-4975-a77e-381492dc11bc-124291174175872","trial_id":16,"param_name":"REG_W","param_value_internal":0.00019499601303143508,"distribution":"{\"name\": \"FloatDistribution\", \"attributes\": {\"step\": null, \"low\": 1e-05, \"high\": 1000.0, \"log\": true}}"}
{"op_code":5,"worker_id":"80e6404f-ffd1-4975-a77e-381492dc11bc-124291174175872","trial_id":16,"param_name":"USE_RMS_SCALING","param_value_internal":0,"distribution":"{\"name\": \"CategoricalDistribution\", \"attributes\": {\"choices\": [true, false]}}"}
{"op_code":0,"worker_id":"c57d7bc3-446f-459d-a2df-3c4869e9be55-126849201316992","study_name":"cp_pred_levels_L2_residual_delta","directions":[2]}
{"op_code":0,"worker_id":"b161141e-c859-40db-9dcd-2e016ea4710e-135333771158656","study_name":"cp_pred_levels_L2_residual_delta","directions":[2]}
{"op_code":4,"worker_id":"c57d7bc3-446f-459d-a2df-3c4869e9be55-126849201316992","study_id":0,"datetime_start":"2026-04-30T15:44:23.595067"}
{"op_code":0,"worker_id":"608d66d1-d9f8-479c-a747-58bab1486ca5-134081792554112","study_name":"cp_pred_levels_L2_residual_delta","directions":[2]}
{"op_code":4,"worker_id":"b161141e-c859-40db-9dcd-2e016ea4710e-135333771158656","study_id":0,"datetime_start":"2026-04-30T15:44:23.608697"}
{"op_code":5,"worker_id":"c57d7bc3-446f-459d-a2df-3c4869e9be55-126849201316992","trial_id":17,"param_name":"RANK_REGRESS","param_value_internal":9.0,"distribution":"{\"name\": \"IntDistribution\", \"attributes\": {\"log\": false, \"step\": 1, \"low\": 5, \"high\": 80}}"}
{"op_code":4,"worker_id":"608d66d1-d9f8-479c-a747-58bab1486ca5-134081792554112","study_id":0,"datetime_start":"2026-04-30T15:44:23.683263"}
{"op_code":5,"worker_id":"c57d7bc3-446f-459d-a2df-3c4869e9be55-126849201316992","trial_id":17,"param_name":"REG_W","param_value_internal":0.0023970214709982266,"distribution":"{\"name\": \"FloatDistribution\", \"attributes\": {\"step\": null, \"low\": 1e-05, \"high\": 1000.0, \"log\": true}}"}
{"op_code":5,"worker_id":"608d66d1-d9f8-479c-a747-58bab1486ca5-134081792554112","trial_id":19,"param_name":"RANK_REGRESS","param_value_internal":61.0,"distribution":"{\"name\": \"IntDistribution\", \"attributes\": {\"log\": false, \"step\": 1, \"low\": 5, \"high\": 80}}"}
{"op_code":5,"worker_id":"c57d7bc3-446f-459d-a2df-3c4869e9be55-126849201316992","trial_id":17,"param_name":"USE_RMS_SCALING","param_value_internal":1,"distribution":"{\"name\": \"CategoricalDistribution\", \"attributes\": {\"choices\": [true, false]}}"}
{"op_code":5,"worker_id":"608d66d1-d9f8-479c-a747-58bab1486ca5-134081792554112","trial_id":19,"param_name":"REG_W","param_value_internal":9.075680803480456,"distribution":"{\"name\": \"FloatDistribution\", \"attributes\": {\"step\": null, \"low\": 1e-05, \"high\": 1000.0, \"log\": true}}"}
{"op_code":5,"worker_id":"b161141e-c859-40db-9dcd-2e016ea4710e-135333771158656","trial_id":18,"param_name":"RANK_REGRESS","param_value_internal":8.0,"distribution":"{\"name\": \"IntDistribution\", \"attributes\": {\"log\": false, \"step\": 1, \"low\": 5, \"high\": 80}}"}
{"op_code":5,"worker_id":"608d66d1-d9f8-479c-a747-58bab1486ca5-134081792554112","trial_id":19,"param_name":"USE_RMS_SCALING","param_value_internal":0,"distribution":"{\"name\": \"CategoricalDistribution\", \"attributes\": {\"choices\": [true, false]}}"}
{"op_code":5,"worker_id":"b161141e-c859-40db-9dcd-2e016ea4710e-135333771158656","trial_id":18,"param_name":"REG_W","param_value_internal":0.04848513453415786,"distribution":"{\"name\": \"FloatDistribution\", \"attributes\": {\"step\": null, \"low\": 1e-05, \"high\": 1000.0, \"log\": true}}"}
{"op_code":5,"worker_id":"b161141e-c859-40db-9dcd-2e016ea4710e-135333771158656","trial_id":18,"param_name":"USE_RMS_SCALING","param_value_internal":1,"distribution":"{\"name\": \"CategoricalDistribution\", \"attributes\": {\"choices\": [true, false]}}"}
{"op_code":0,"worker_id":"86389b68-e77c-4b77-996e-0086cc61d508-124459344258176","study_name":"cp_pred_levels_L2_residual_delta","directions":[2]}
{"op_code":4,"worker_id":"86389b68-e77c-4b77-996e-0086cc61d508-124459344258176","study_id":0,"datetime_start":"2026-04-30T15:44:24.593409"}
{"op_code":5,"worker_id":"86389b68-e77c-4b77-996e-0086cc61d508-124459344258176","trial_id":20,"param_name":"RANK_REGRESS","param_value_internal":53.0,"distribution":"{\"name\": \"IntDistribution\", \"attributes\": {\"log\": false, \"step\": 1, \"low\": 5, \"high\": 80}}"}
{"op_code":5,"worker_id":"86389b68-e77c-4b77-996e-0086cc61d508-124459344258176","trial_id":20,"param_name":"REG_W","param_value_internal":66.24124717531885,"distribution":"{\"name\": \"FloatDistribution\", \"attributes\": {\"step\": null, \"low\": 1e-05, \"high\": 1000.0, \"log\": true}}"}
{"op_code":5,"worker_id":"86389b68-e77c-4b77-996e-0086cc61d508-124459344258176","trial_id":20,"param_name":"USE_RMS_SCALING","param_value_internal":0,"distribution":"{\"name\": \"CategoricalDistribution\", \"attributes\": {\"choices\": [true, false]}}"}
{"op_code":6,"worker_id":"80e6404f-ffd1-4975-a77e-381492dc11bc-124291174175872","trial_id":16,"state":1,"values":[-0.45136512634752374],"datetime_complete":"2026-04-30T16:35:34.893163"}
{"op_code":4,"worker_id":"80e6404f-ffd1-4975-a77e-381492dc11bc-124291174175872","study_id":0,"datetime_start":"2026-04-30T16:35:34.942192"}
{"op_code":5,"worker_id":"80e6404f-ffd1-4975-a77e-381492dc11bc-124291174175872","trial_id":21,"param_name":"RANK_REGRESS","param_value_internal":21.0,"distribution":"{\"name\": \"IntDistribution\", \"attributes\": {\"log\": false, \"step\": 1, \"low\": 5, \"high\": 80}}"}
{"op_code":5,"worker_id":"80e6404f-ffd1-4975-a77e-381492dc11bc-124291174175872","trial_id":21,"param_name":"REG_W","param_value_internal":0.009271476540887993,"distribution":"{\"name\": \"FloatDistribution\", \"attributes\": {\"step\": null, \"low\": 1e-05, \"high\": 1000.0, \"log\": true}}"}
{"op_code":5,"worker_id":"80e6404f-ffd1-4975-a77e-381492dc11bc-124291174175872","trial_id":21,"param_name":"USE_RMS_SCALING","param_value_internal":1,"distribution":"{\"name\": \"CategoricalDistribution\", \"attributes\": {\"choices\": [true, false]}}"}
{"op_code":6,"worker_id":"c57d7bc3-446f-459d-a2df-3c4869e9be55-126849201316992","trial_id":17,"state":1,"values":[-0.49505561080296273],"datetime_complete":"2026-04-30T16:59:30.617864"}
{"op_code":4,"worker_id":"c57d7bc3-446f-459d-a2df-3c4869e9be55-126849201316992","study_id":0,"datetime_start":"2026-04-30T16:59:30.671964"}
{"op_code":5,"worker_id":"c57d7bc3-446f-459d-a2df-3c4869e9be55-126849201316992","trial_id":22,"param_name":"RANK_REGRESS","param_value_internal":39.0,"distribution":"{\"name\": \"IntDistribution\", \"attributes\": {\"log\": false, \"step\": 1, \"low\": 5, \"high\": 80}}"}
{"op_code":5,"worker_id":"c57d7bc3-446f-459d-a2df-3c4869e9be55-126849201316992","trial_id":22,"param_name":"REG_W","param_value_internal":91.68769356525763,"distribution":"{\"name\": \"FloatDistribution\", \"attributes\": {\"step\": null, \"low\": 1e-05, \"high\": 1000.0, \"log\": true}}"}
{"op_code":5,"worker_id":"c57d7bc3-446f-459d-a2df-3c4869e9be55-126849201316992","trial_id":22,"param_name":"USE_RMS_SCALING","param_value_internal":1,"distribution":"{\"name\": \"CategoricalDistribution\", \"attributes\": {\"choices\": [true, false]}}"}
{"op_code":6,"worker_id":"b161141e-c859-40db-9dcd-2e016ea4710e-135333771158656","trial_id":18,"state":1,"values":[-0.46323145867095183],"datetime_complete":"2026-04-30T17:01:02.559030"}
{"op_code":4,"worker_id":"b161141e-c859-40db-9dcd-2e016ea4710e-135333771158656","study_id":0,"datetime_start":"2026-04-30T17:01:02.714202"}
{"op_code":5,"worker_id":"b161141e-c859-40db-9dcd-2e016ea4710e-135333771158656","trial_id":23,"param_name":"RANK_REGRESS","param_value_internal":16.0,"distribution":"{\"name\": \"IntDistribution\", \"attributes\": {\"log\": false, \"step\": 1, \"low\": 5, \"high\": 80}}"}
{"op_code":5,"worker_id":"b161141e-c859-40db-9dcd-2e016ea4710e-135333771158656","trial_id":23,"param_name":"REG_W","param_value_internal":0.13553224302806696,"distribution":"{\"name\": \"FloatDistribution\", \"attributes\": {\"step\": null, \"low\": 1e-05, \"high\": 1000.0, \"log\": true}}"}
{"op_code":5,"worker_id":"b161141e-c859-40db-9dcd-2e016ea4710e-135333771158656","trial_id":23,"param_name":"USE_RMS_SCALING","param_value_internal":1,"distribution":"{\"name\": \"CategoricalDistribution\", \"attributes\": {\"choices\": [true, false]}}"}
{"op_code":6,"worker_id":"51d81010-70c9-4242-a873-08ce22de9c75-124405527770240","trial_id":15,"state":1,"values":[0.0],"datetime_complete":"2026-04-30T17:03:35.095966"}
{"op_code":4,"worker_id":"51d81010-70c9-4242-a873-08ce22de9c75-124405527770240","study_id":0,"datetime_start":"2026-04-30T17:03:35.137550"}
{"op_code":5,"worker_id":"51d81010-70c9-4242-a873-08ce22de9c75-124405527770240","trial_id":24,"param_name":"RANK_REGRESS","param_value_internal":59.0,"distribution":"{\"name\": \"IntDistribution\", \"attributes\": {\"log\": false, \"step\": 1, \"low\": 5, \"high\": 80}}"}
{"op_code":5,"worker_id":"51d81010-70c9-4242-a873-08ce22de9c75-124405527770240","trial_id":24,"param_name":"REG_W","param_value_internal":4.89467199777674,"distribution":"{\"name\": \"FloatDistribution\", \"attributes\": {\"step\": null, \"low\": 1e-05, \"high\": 1000.0, \"log\": true}}"}
{"op_code":5,"worker_id":"51d81010-70c9-4242-a873-08ce22de9c75-124405527770240","trial_id":24,"param_name":"USE_RMS_SCALING","param_value_internal":1,"distribution":"{\"name\": \"CategoricalDistribution\", \"attributes\": {\"choices\": [true, false]}}"}
{"op_code":6,"worker_id":"e0f4046b-8cb5-4d0d-a865-e3317538f611-133723049174144","trial_id":14,"state":1,"values":[-0.6481802585811199],"datetime_complete":"2026-04-30T18:23:51.681528"}
{"op_code":4,"worker_id":"e0f4046b-8cb5-4d0d-a865-e3317538f611-133723049174144","study_id":0,"datetime_start":"2026-04-30T18:23:51.749922"}
{"op_code":5,"worker_id":"e0f4046b-8cb5-4d0d-a865-e3317538f611-133723049174144","trial_id":25,"param_name":"RANK_REGRESS","param_value_internal":45.0,"distribution":"{\"name\": \"IntDistribution\", \"attributes\": {\"log\": false, \"step\": 1, \"low\": 5, \"high\": 80}}"}
{"op_code":5,"worker_id":"e0f4046b-8cb5-4d0d-a865-e3317538f611-133723049174144","trial_id":25,"param_name":"REG_W","param_value_internal":0.001589208086066615,"distribution":"{\"name\": \"FloatDistribution\", \"attributes\": {\"step\": null, \"low\": 1e-05, \"high\": 1000.0, \"log\": true}}"}
{"op_code":5,"worker_id":"e0f4046b-8cb5-4d0d-a865-e3317538f611-133723049174144","trial_id":25,"param_name":"USE_RMS_SCALING","param_value_internal":0,"distribution":"{\"name\": \"CategoricalDistribution\", \"attributes\": {\"choices\": [true, false]}}"}
{"op_code":6,"worker_id":"ded0cf2e-3d2e-4b30-85fb-b5b43babf737-130289550488704","trial_id":2,"state":1,"values":[-0.5691308886376862],"datetime_complete":"2026-04-30T18:35:53.328641"}
{"op_code":4,"worker_id":"ded0cf2e-3d2e-4b30-85fb-b5b43babf737-130289550488704","study_id":0,"datetime_start":"2026-04-30T18:35:53.373110"}
{"op_code":5,"worker_id":"ded0cf2e-3d2e-4b30-85fb-b5b43babf737-130289550488704","trial_id":26,"param_name":"RANK_REGRESS","param_value_internal":39.0,"distribution":"{\"name\": \"IntDistribution\", \"attributes\": {\"log\": false, \"step\": 1, \"low\": 5, \"high\": 80}}"}
{"op_code":5,"worker_id":"ded0cf2e-3d2e-4b30-85fb-b5b43babf737-130289550488704","trial_id":26,"param_name":"REG_W","param_value_internal":30.5046739291735,"distribution":"{\"name\": \"FloatDistribution\", \"attributes\": {\"step\": null, \"low\": 1e-05, \"high\": 1000.0, \"log\": true}}"}
{"op_code":5,"worker_id":"ded0cf2e-3d2e-4b30-85fb-b5b43babf737-130289550488704","trial_id":26,"param_name":"USE_RMS_SCALING","param_value_internal":0,"distribution":"{\"name\": \"CategoricalDistribution\", \"attributes\": {\"choices\": [true, false]}}"}
{"op_code":6,"worker_id":"79e9371d-ec97-4aa3-a58d-492a7657121f-137877772063872","trial_id":11,"state":1,"values":[-0.6036837108984056],"datetime_complete":"2026-04-30T18:44:30.422983"}
{"op_code":4,"worker_id":"79e9371d-ec97-4aa3-a58d-492a7657121f-137877772063872","study_id":0,"datetime_start":"2026-04-30T18:44:30.464036"}
{"op_code":5,"worker_id":"79e9371d-ec97-4aa3-a58d-492a7657121f-137877772063872","trial_id":27,"param_name":"RANK_REGRESS","param_value_internal":28.0,"distribution":"{\"name\": \"IntDistribution\", \"attributes\": {\"log\": false, \"step\": 1, \"low\": 5, \"high\": 80}}"}
{"op_code":5,"worker_id":"79e9371d-ec97-4aa3-a58d-492a7657121f-137877772063872","trial_id":27,"param_name":"REG_W","param_value_internal":256.82940603660313,"distribution":"{\"name\": \"FloatDistribution\", \"attributes\": {\"step\": null, \"low\": 1e-05, \"high\": 1000.0, \"log\": true}}"}
{"op_code":5,"worker_id":"79e9371d-ec97-4aa3-a58d-492a7657121f-137877772063872","trial_id":27,"param_name":"USE_RMS_SCALING","param_value_internal":1,"distribution":"{\"name\": \"CategoricalDistribution\", \"attributes\": {\"choices\": [true, false]}}"}
{"op_code":6,"worker_id":"bbc1f613-0ce5-4459-ab32-6ea5478f965f-137692709315712","trial_id":0,"state":1,"values":[-1.0],"datetime_complete":"2026-04-30T19:08:12.441205"}
{"op_code":4,"worker_id":"bbc1f613-0ce5-4459-ab32-6ea5478f965f-137692709315712","study_id":0,"datetime_start":"2026-04-30T19:08:12.504744"}
{"op_code":5,"worker_id":"bbc1f613-0ce5-4459-ab32-6ea5478f965f-137692709315712","trial_id":28,"param_name":"RANK_REGRESS","param_value_internal":79.0,"distribution":"{\"name\": \"IntDistribution\", \"attributes\": {\"log\": false, \"step\": 1, \"low\": 5, \"high\": 80}}"}
{"op_code":5,"worker_id":"bbc1f613-0ce5-4459-ab32-6ea5478f965f-137692709315712","trial_id":28,"param_name":"REG_W","param_value_internal":15.219946059071507,"distribution":"{\"name\": \"FloatDistribution\", \"attributes\": {\"step\": null, \"low\": 1e-05, \"high\": 1000.0, \"log\": true}}"}
{"op_code":5,"worker_id":"bbc1f613-0ce5-4459-ab32-6ea5478f965f-137692709315712","trial_id":28,"param_name":"USE_RMS_SCALING","param_value_internal":0,"distribution":"{\"name\": \"CategoricalDistribution\", \"attributes\": {\"choices\": [true, false]}}"}
{"op_code":6,"worker_id":"80e6404f-ffd1-4975-a77e-381492dc11bc-124291174175872","trial_id":21,"state":1,"values":[-0.8712794391364818],"datetime_complete":"2026-04-30T19:30:07.622229"}
{"op_code":4,"worker_id":"80e6404f-ffd1-4975-a77e-381492dc11bc-124291174175872","study_id":0,"datetime_start":"2026-04-30T19:30:07.674248"}
{"op_code":5,"worker_id":"80e6404f-ffd1-4975-a77e-381492dc11bc-124291174175872","trial_id":29,"param_name":"RANK_REGRESS","param_value_internal":29.0,"distribution":"{\"name\": \"IntDistribution\", \"attributes\": {\"log\": false, \"step\": 1, \"low\": 5, \"high\": 80}}"}
{"op_code":5,"worker_id":"80e6404f-ffd1-4975-a77e-381492dc11bc-124291174175872","trial_id":29,"param_name":"REG_W","param_value_internal":0.2817648816503516,"distribution":"{\"name\": \"FloatDistribution\", \"attributes\": {\"step\": null, \"low\": 1e-05, \"high\": 1000.0, \"log\": true}}"}
{"op_code":5,"worker_id":"80e6404f-ffd1-4975-a77e-381492dc11bc-124291174175872","trial_id":29,"param_name":"USE_RMS_SCALING","param_value_internal":0,"distribution":"{\"name\": \"CategoricalDistribution\", \"attributes\": {\"choices\": [true, false]}}"}
{"op_code":6,"worker_id":"976eadc9-9a7d-495f-9f5a-a4c1c70584a6-137802578351232","trial_id":3,"state":1,"values":[-0.8212122055297401],"datetime_complete":"2026-04-30T20:47:36.460719"}
{"op_code":4,"worker_id":"976eadc9-9a7d-495f-9f5a-a4c1c70584a6-137802578351232","study_id":0,"datetime_start":"2026-04-30T20:47:36.548325"}
{"op_code":5,"worker_id":"976eadc9-9a7d-495f-9f5a-a4c1c70584a6-137802578351232","trial_id":30,"param_name":"RANK_REGRESS","param_value_internal":20.0,"distribution":"{\"name\": \"IntDistribution\", \"attributes\": {\"log\": false, \"step\": 1, \"low\": 5, \"high\": 80}}"}
{"op_code":5,"worker_id":"976eadc9-9a7d-495f-9f5a-a4c1c70584a6-137802578351232","trial_id":30,"param_name":"REG_W","param_value_internal":0.013780049477570985,"distribution":"{\"name\": \"FloatDistribution\", \"attributes\": {\"step\": null, \"low\": 1e-05, \"high\": 1000.0, \"log\": true}}"}
{"op_code":5,"worker_id":"976eadc9-9a7d-495f-9f5a-a4c1c70584a6-137802578351232","trial_id":30,"param_name":"USE_RMS_SCALING","param_value_internal":1,"distribution":"{\"name\": \"CategoricalDistribution\", \"attributes\": {\"choices\": [true, false]}}"}
{"op_code":6,"worker_id":"3871178a-5c52-4808-b530-79b384b16e33-134869990814848","trial_id":5,"state":1,"values":[-0.7394002085473206],"datetime_complete":"2026-04-30T21:38:35.618105"}
{"op_code":4,"worker_id":"3871178a-5c52-4808-b530-79b384b16e33-134869990814848","study_id":0,"datetime_start":"2026-04-30T21:38:35.661169"}
{"op_code":5,"worker_id":"3871178a-5c52-4808-b530-79b384b16e33-134869990814848","trial_id":31,"param_name":"RANK_REGRESS","param_value_internal":8.0,"distribution":"{\"name\": \"IntDistribution\", \"attributes\": {\"log\": false, \"step\": 1, \"low\": 5, \"high\": 80}}"}
{"op_code":5,"worker_id":"3871178a-5c52-4808-b530-79b384b16e33-134869990814848","trial_id":31,"param_name":"REG_W","param_value_internal":791.6146357471977,"distribution":"{\"name\": \"FloatDistribution\", \"attributes\": {\"step\": null, \"low\": 1e-05, \"high\": 1000.0, \"log\": true}}"}
{"op_code":5,"worker_id":"3871178a-5c52-4808-b530-79b384b16e33-134869990814848","trial_id":31,"param_name":"USE_RMS_SCALING","param_value_internal":1,"distribution":"{\"name\": \"CategoricalDistribution\", \"attributes\": {\"choices\": [true, false]}}"}
{"op_code":6,"worker_id":"4301556c-3680-4dce-b335-8b74fa6c91e9-140448691049600","trial_id":8,"state":1,"values":[-1.0],"datetime_complete":"2026-04-30T22:13:29.711293"}
{"op_code":4,"worker_id":"4301556c-3680-4dce-b335-8b74fa6c91e9-140448691049600","study_id":0,"datetime_start":"2026-04-30T22:13:29.750597"}
{"op_code":5,"worker_id":"4301556c-3680-4dce-b335-8b74fa6c91e9-140448691049600","trial_id":32,"param_name":"RANK_REGRESS","param_value_internal":35.0,"distribution":"{\"name\": \"IntDistribution\", \"attributes\": {\"log\": false, \"step\": 1, \"low\": 5, \"high\": 80}}"}
{"op_code":5,"worker_id":"4301556c-3680-4dce-b335-8b74fa6c91e9-140448691049600","trial_id":32,"param_name":"REG_W","param_value_internal":0.0018046087118348219,"distribution":"{\"name\": \"FloatDistribution\", \"attributes\": {\"step\": null, \"low\": 1e-05, \"high\": 1000.0, \"log\": true}}"}
{"op_code":5,"worker_id":"4301556c-3680-4dce-b335-8b74fa6c91e9-140448691049600","trial_id":32,"param_name":"USE_RMS_SCALING","param_value_internal":0,"distribution":"{\"name\": \"CategoricalDistribution\", \"attributes\": {\"choices\": [true, false]}}"}
{"op_code":6,"worker_id":"03d7ede9-0083-46fb-bcb8-44eae792c83d-128700501243008","trial_id":10,"state":1,"values":[-1.0],"datetime_complete":"2026-04-30T22:51:37.486180"}
{"op_code":4,"worker_id":"03d7ede9-0083-46fb-bcb8-44eae792c83d-128700501243008","study_id":0,"datetime_start":"2026-04-30T22:51:37.539510"}
{"op_code":5,"worker_id":"03d7ede9-0083-46fb-bcb8-44eae792c83d-128700501243008","trial_id":33,"param_name":"RANK_REGRESS","param_value_internal":23.0,"distribution":"{\"name\": \"IntDistribution\", \"attributes\": {\"log\": false, \"step\": 1, \"low\": 5, \"high\": 80}}"}
{"op_code":5,"worker_id":"03d7ede9-0083-46fb-bcb8-44eae792c83d-128700501243008","trial_id":33,"param_name":"REG_W","param_value_internal":11.508002801646764,"distribution":"{\"name\": \"FloatDistribution\", \"attributes\": {\"step\": null, \"low\": 1e-05, \"high\": 1000.0, \"log\": true}}"}
{"op_code":5,"worker_id":"03d7ede9-0083-46fb-bcb8-44eae792c83d-128700501243008","trial_id":33,"param_name":"USE_RMS_SCALING","param_value_internal":1,"distribution":"{\"name\": \"CategoricalDistribution\", \"attributes\": {\"choices\": [true, false]}}"}
{"op_code":6,"worker_id":"3871178a-5c52-4808-b530-79b384b16e33-134869990814848","trial_id":31,"state":1,"values":[0.0],"datetime_complete":"2026-04-30T22:52:19.390764"}
{"op_code":4,"worker_id":"3871178a-5c52-4808-b530-79b384b16e33-134869990814848","study_id":0,"datetime_start":"2026-04-30T22:52:19.540345"}
{"op_code":5,"worker_id":"3871178a-5c52-4808-b530-79b384b16e33-134869990814848","trial_id":34,"param_name":"RANK_REGRESS","param_value_internal":61.0,"distribution":"{\"name\": \"IntDistribution\", \"attributes\": {\"log\": false, \"step\": 1, \"low\": 5, \"high\": 80}}"}
{"op_code":5,"worker_id":"3871178a-5c52-4808-b530-79b384b16e33-134869990814848","trial_id":34,"param_name":"REG_W","param_value_internal":0.00024288420676200453,"distribution":"{\"name\": \"FloatDistribution\", \"attributes\": {\"step\": null, \"low\": 1e-05, \"high\": 1000.0, \"log\": true}}"}
{"op_code":5,"worker_id":"3871178a-5c52-4808-b530-79b384b16e33-134869990814848","trial_id":34,"param_name":"USE_RMS_SCALING","param_value_internal":0,"distribution":"{\"name\": \"CategoricalDistribution\", \"attributes\": {\"choices\": [true, false]}}"}
{"op_code":6,"worker_id":"b161141e-c859-40db-9dcd-2e016ea4710e-135333771158656","trial_id":23,"state":1,"values":[-0.5828404240581175],"datetime_complete":"2026-04-30T22:53:06.882071"}
{"op_code":4,"worker_id":"b161141e-c859-40db-9dcd-2e016ea4710e-135333771158656","study_id":0,"datetime_start":"2026-04-30T22:53:06.929685"}
{"op_code":5,"worker_id":"b161141e-c859-40db-9dcd-2e016ea4710e-135333771158656","trial_id":35,"param_name":"RANK_REGRESS","param_value_internal":62.0,"distribution":"{\"name\": \"IntDistribution\", \"attributes\": {\"log\": false, \"step\": 1, \"low\": 5, \"high\": 80}}"}
{"op_code":5,"worker_id":"b161141e-c859-40db-9dcd-2e016ea4710e-135333771158656","trial_id":35,"param_name":"REG_W","param_value_internal":0.009724424992157948,"distribution":"{\"name\": \"FloatDistribution\", \"attributes\": {\"step\": null, \"low\": 1e-05, \"high\": 1000.0, \"log\": true}}"}
{"op_code":5,"worker_id":"b161141e-c859-40db-9dcd-2e016ea4710e-135333771158656","trial_id":35,"param_name":"USE_RMS_SCALING","param_value_internal":1,"distribution":"{\"name\": \"CategoricalDistribution\", \"attributes\": {\"choices\": [true, false]}}"}
{"op_code":6,"worker_id":"79e9371d-ec97-4aa3-a58d-492a7657121f-137877772063872","trial_id":27,"state":1,"values":[0.0],"datetime_complete":"2026-04-30T22:55:35.526025"}
{"op_code":4,"worker_id":"79e9371d-ec97-4aa3-a58d-492a7657121f-137877772063872","study_id":0,"datetime_start":"2026-04-30T22:55:35.584473"}
{"op_code":5,"worker_id":"79e9371d-ec97-4aa3-a58d-492a7657121f-137877772063872","trial_id":36,"param_name":"RANK_REGRESS","param_value_internal":37.0,"distribution":"{\"name\": \"IntDistribution\", \"attributes\": {\"log\": false, \"step\": 1, \"low\": 5, \"high\": 80}}"}
{"op_code":5,"worker_id":"79e9371d-ec97-4aa3-a58d-492a7657121f-137877772063872","trial_id":36,"param_name":"REG_W","param_value_internal":0.6591933619011312,"distribution":"{\"name\": \"FloatDistribution\", \"attributes\": {\"step\": null, \"low\": 1e-05, \"high\": 1000.0, \"log\": true}}"}
{"op_code":5,"worker_id":"79e9371d-ec97-4aa3-a58d-492a7657121f-137877772063872","trial_id":36,"param_name":"USE_RMS_SCALING","param_value_internal":0,"distribution":"{\"name\": \"CategoricalDistribution\", \"attributes\": {\"choices\": [true, false]}}"}
{"op_code":6,"worker_id":"80e6404f-ffd1-4975-a77e-381492dc11bc-124291174175872","trial_id":29,"state":1,"values":[-0.8626392430427842],"datetime_complete":"2026-04-30T23:36:56.177753"}
{"op_code":4,"worker_id":"80e6404f-ffd1-4975-a77e-381492dc11bc-124291174175872","study_id":0,"datetime_start":"2026-04-30T23:36:56.217447"}
{"op_code":5,"worker_id":"80e6404f-ffd1-4975-a77e-381492dc11bc-124291174175872","trial_id":37,"param_name":"RANK_REGRESS","param_value_internal":34.0,"distribution":"{\"name\": \"IntDistribution\", \"attributes\": {\"log\": false, \"step\": 1, \"low\": 5, \"high\": 80}}"}
{"op_code":5,"worker_id":"80e6404f-ffd1-4975-a77e-381492dc11bc-124291174175872","trial_id":37,"param_name":"REG_W","param_value_internal":30.677129903599695,"distribution":"{\"name\": \"FloatDistribution\", \"attributes\": {\"step\": null, \"low\": 1e-05, \"high\": 1000.0, \"log\": true}}"}
{"op_code":5,"worker_id":"80e6404f-ffd1-4975-a77e-381492dc11bc-124291174175872","trial_id":37,"param_name":"USE_RMS_SCALING","param_value_internal":0,"distribution":"{\"name\": \"CategoricalDistribution\", \"attributes\": {\"choices\": [true, false]}}"}
{"op_code":6,"worker_id":"c57d7bc3-446f-459d-a2df-3c4869e9be55-126849201316992","trial_id":22,"state":1,"values":[-0.006421887409448712],"datetime_complete":"2026-04-30T23:39:21.305858"}
{"op_code":4,"worker_id":"c57d7bc3-446f-459d-a2df-3c4869e9be55-126849201316992","study_id":0,"datetime_start":"2026-04-30T23:39:21.347436"}
{"op_code":5,"worker_id":"c57d7bc3-446f-459d-a2df-3c4869e9be55-126849201316992","trial_id":38,"param_name":"RANK_REGRESS","param_value_internal":43.0,"distribution":"{\"name\": \"IntDistribution\", \"attributes\": {\"log\": false, \"step\": 1, \"low\": 5, \"high\": 80}}"}
{"op_code":5,"worker_id":"c57d7bc3-446f-459d-a2df-3c4869e9be55-126849201316992","trial_id":38,"param_name":"REG_W","param_value_internal":3.4087112574398954e-05,"distribution":"{\"name\": \"FloatDistribution\", \"attributes\": {\"step\": null, \"low\": 1e-05, \"high\": 1000.0, \"log\": true}}"}
{"op_code":5,"worker_id":"c57d7bc3-446f-459d-a2df-3c4869e9be55-126849201316992","trial_id":38,"param_name":"USE_RMS_SCALING","param_value_internal":0,"distribution":"{\"name\": \"CategoricalDistribution\", \"attributes\": {\"choices\": [true, false]}}"}
{"op_code":6,"worker_id":"ded0cf2e-3d2e-4b30-85fb-b5b43babf737-130289550488704","trial_id":26,"state":1,"values":[0.0012914675926964565],"datetime_complete":"2026-05-01T00:47:29.646036"}
{"op_code":4,"worker_id":"ded0cf2e-3d2e-4b30-85fb-b5b43babf737-130289550488704","study_id":0,"datetime_start":"2026-05-01T00:47:29.689158"}
{"op_code":5,"worker_id":"ded0cf2e-3d2e-4b30-85fb-b5b43babf737-130289550488704","trial_id":39,"param_name":"RANK_REGRESS","param_value_internal":46.0,"distribution":"{\"name\": \"IntDistribution\", \"attributes\": {\"log\": false, \"step\": 1, \"low\": 5, \"high\": 80}}"}
{"op_code":5,"worker_id":"ded0cf2e-3d2e-4b30-85fb-b5b43babf737-130289550488704","trial_id":39,"param_name":"REG_W","param_value_internal":163.7794355761038,"distribution":"{\"name\": \"FloatDistribution\", \"attributes\": {\"step\": null, \"low\": 1e-05, \"high\": 1000.0, \"log\": true}}"}
{"op_code":5,"worker_id":"ded0cf2e-3d2e-4b30-85fb-b5b43babf737-130289550488704","trial_id":39,"param_name":"USE_RMS_SCALING","param_value_internal":0,"distribution":"{\"name\": \"CategoricalDistribution\", \"attributes\": {\"choices\": [true, false]}}"}
{"op_code":6,"worker_id":"86389b68-e77c-4b77-996e-0086cc61d508-124459344258176","trial_id":20,"state":1,"values":[0.0],"datetime_complete":"2026-05-01T01:23:52.095033"}
{"op_code":4,"worker_id":"86389b68-e77c-4b77-996e-0086cc61d508-124459344258176","study_id":0,"datetime_start":"2026-05-01T01:23:52.135842"}
{"op_code":5,"worker_id":"86389b68-e77c-4b77-996e-0086cc61d508-124459344258176","trial_id":40,"param_name":"RANK_REGRESS","param_value_internal":58.0,"distribution":"{\"name\": \"IntDistribution\", \"attributes\": {\"log\": false, \"step\": 1, \"low\": 5, \"high\": 80}}"}
{"op_code":5,"worker_id":"86389b68-e77c-4b77-996e-0086cc61d508-124459344258176","trial_id":40,"param_name":"REG_W","param_value_internal":0.13531425070141354,"distribution":"{\"name\": \"FloatDistribution\", \"attributes\": {\"step\": null, \"low\": 1e-05, \"high\": 1000.0, \"log\": true}}"}
{"op_code":5,"worker_id":"86389b68-e77c-4b77-996e-0086cc61d508-124459344258176","trial_id":40,"param_name":"USE_RMS_SCALING","param_value_internal":1,"distribution":"{\"name\": \"CategoricalDistribution\", \"attributes\": {\"choices\": [true, false]}}"}
{"op_code":6,"worker_id":"e0f4046b-8cb5-4d0d-a865-e3317538f611-133723049174144","trial_id":25,"state":1,"values":[-1.0],"datetime_complete":"2026-05-01T01:30:02.217146"}
{"op_code":4,"worker_id":"e0f4046b-8cb5-4d0d-a865-e3317538f611-133723049174144","study_id":0,"datetime_start":"2026-05-01T01:30:02.274823"}
{"op_code":5,"worker_id":"e0f4046b-8cb5-4d0d-a865-e3317538f611-133723049174144","trial_id":41,"param_name":"RANK_REGRESS","param_value_internal":43.0,"distribution":"{\"name\": \"IntDistribution\", \"attributes\": {\"log\": false, \"step\": 1, \"low\": 5, \"high\": 80}}"}
{"op_code":5,"worker_id":"e0f4046b-8cb5-4d0d-a865-e3317538f611-133723049174144","trial_id":41,"param_name":"REG_W","param_value_internal":102.06595979994661,"distribution":"{\"name\": \"FloatDistribution\", \"attributes\": {\"step\": null, \"low\": 1e-05, \"high\": 1000.0, \"log\": true}}"}
{"op_code":5,"worker_id":"e0f4046b-8cb5-4d0d-a865-e3317538f611-133723049174144","trial_id":41,"param_name":"USE_RMS_SCALING","param_value_internal":0,"distribution":"{\"name\": \"CategoricalDistribution\", \"attributes\": {\"choices\": [true, false]}}"}
{"op_code":6,"worker_id":"03d7ede9-0083-46fb-bcb8-44eae792c83d-128700501243008","trial_id":33,"state":1,"values":[-0.2886089551839126],"datetime_complete":"2026-05-01T02:10:37.719883"}
{"op_code":4,"worker_id":"03d7ede9-0083-46fb-bcb8-44eae792c83d-128700501243008","study_id":0,"datetime_start":"2026-05-01T02:10:37.763353"}
{"op_code":5,"worker_id":"03d7ede9-0083-46fb-bcb8-44eae792c83d-128700501243008","trial_id":42,"param_name":"RANK_REGRESS","param_value_internal":59.0,"distribution":"{\"name\": \"IntDistribution\", \"attributes\": {\"log\": false, \"step\": 1, \"low\": 5, \"high\": 80}}"}
{"op_code":5,"worker_id":"03d7ede9-0083-46fb-bcb8-44eae792c83d-128700501243008","trial_id":42,"param_name":"REG_W","param_value_internal":0.000672996016588638,"distribution":"{\"name\": \"FloatDistribution\", \"attributes\": {\"step\": null, \"low\": 1e-05, \"high\": 1000.0, \"log\": true}}"}
{"op_code":5,"worker_id":"03d7ede9-0083-46fb-bcb8-44eae792c83d-128700501243008","trial_id":42,"param_name":"USE_RMS_SCALING","param_value_internal":0,"distribution":"{\"name\": \"CategoricalDistribution\", \"attributes\": {\"choices\": [true, false]}}"}
{"op_code":6,"worker_id":"90616dda-4443-4e44-aec9-5c76e370b379-132228728079488","trial_id":6,"state":1,"values":[-0.00175790208661597],"datetime_complete":"2026-05-01T02:25:29.006480"}
{"op_code":4,"worker_id":"90616dda-4443-4e44-aec9-5c76e370b379-132228728079488","study_id":0,"datetime_start":"2026-05-01T02:25:29.047953"}
{"op_code":5,"worker_id":"90616dda-4443-4e44-aec9-5c76e370b379-132228728079488","trial_id":43,"param_name":"RANK_REGRESS","param_value_internal":14.0,"distribution":"{\"name\": \"IntDistribution\", \"attributes\": {\"log\": false, \"step\": 1, \"low\": 5, \"high\": 80}}"}
{"op_code":5,"worker_id":"90616dda-4443-4e44-aec9-5c76e370b379-132228728079488","trial_id":43,"param_name":"REG_W","param_value_internal":17.87213241215072,"distribution":"{\"name\": \"FloatDistribution\", \"attributes\": {\"step\": null, \"low\": 1e-05, \"high\": 1000.0, \"log\": true}}"}
{"op_code":5,"worker_id":"90616dda-4443-4e44-aec9-5c76e370b379-132228728079488","trial_id":43,"param_name":"USE_RMS_SCALING","param_value_internal":0,"distribution":"{\"name\": \"CategoricalDistribution\", \"attributes\": {\"choices\": [true, false]}}"}
{"op_code":6,"worker_id":"608d66d1-d9f8-479c-a747-58bab1486ca5-134081792554112","trial_id":19,"state":1,"values":[-0.22224456072223575],"datetime_complete":"2026-05-01T02:33:49.401061"}
{"op_code":4,"worker_id":"608d66d1-d9f8-479c-a747-58bab1486ca5-134081792554112","study_id":0,"datetime_start":"2026-05-01T02:33:49.466191"}
{"op_code":5,"worker_id":"608d66d1-d9f8-479c-a747-58bab1486ca5-134081792554112","trial_id":44,"param_name":"RANK_REGRESS","param_value_internal":70.0,"distribution":"{\"name\": \"IntDistribution\", \"attributes\": {\"log\": false, \"step\": 1, \"low\": 5, \"high\": 80}}"}
{"op_code":5,"worker_id":"608d66d1-d9f8-479c-a747-58bab1486ca5-134081792554112","trial_id":44,"param_name":"REG_W","param_value_internal":5.911267456683004,"distribution":"{\"name\": \"FloatDistribution\", \"attributes\": {\"step\": null, \"low\": 1e-05, \"high\": 1000.0, \"log\": true}}"}
{"op_code":5,"worker_id":"608d66d1-d9f8-479c-a747-58bab1486ca5-134081792554112","trial_id":44,"param_name":"USE_RMS_SCALING","param_value_internal":1,"distribution":"{\"name\": \"CategoricalDistribution\", \"attributes\": {\"choices\": [true, false]}}"}
{"op_code":6,"worker_id":"51d81010-70c9-4242-a873-08ce22de9c75-124405527770240","trial_id":24,"state":1,"values":[-0.7287420177495066],"datetime_complete":"2026-05-01T03:18:33.429833"}
{"op_code":4,"worker_id":"51d81010-70c9-4242-a873-08ce22de9c75-124405527770240","study_id":0,"datetime_start":"2026-05-01T03:18:33.474247"}
{"op_code":5,"worker_id":"51d81010-70c9-4242-a873-08ce22de9c75-124405527770240","trial_id":45,"param_name":"RANK_REGRESS","param_value_internal":35.0,"distribution":"{\"name\": \"IntDistribution\", \"attributes\": {\"log\": false, \"step\": 1, \"low\": 5, \"high\": 80}}"}
{"op_code":5,"worker_id":"51d81010-70c9-4242-a873-08ce22de9c75-124405527770240","trial_id":45,"param_name":"REG_W","param_value_internal":3.0240307985973383e-05,"distribution":"{\"name\": \"FloatDistribution\", \"attributes\": {\"step\": null, \"low\": 1e-05, \"high\": 1000.0, \"log\": true}}"}
{"op_code":5,"worker_id":"51d81010-70c9-4242-a873-08ce22de9c75-124405527770240","trial_id":45,"param_name":"USE_RMS_SCALING","param_value_internal":0,"distribution":"{\"name\": \"CategoricalDistribution\", \"attributes\": {\"choices\": [true, false]}}"}
{"op_code":6,"worker_id":"f93936a6-6d83-4e9b-87b4-43ead2710f42-131689194878080","trial_id":7,"state":1,"values":[-1.0],"datetime_complete":"2026-05-01T03:21:25.580959"}
{"op_code":4,"worker_id":"f93936a6-6d83-4e9b-87b4-43ead2710f42-131689194878080","study_id":0,"datetime_start":"2026-05-01T03:21:25.640389"}
{"op_code":5,"worker_id":"f93936a6-6d83-4e9b-87b4-43ead2710f42-131689194878080","trial_id":46,"param_name":"RANK_REGRESS","param_value_internal":35.0,"distribution":"{\"name\": \"IntDistribution\", \"attributes\": {\"log\": false, \"step\": 1, \"low\": 5, \"high\": 80}}"}
{"op_code":5,"worker_id":"f93936a6-6d83-4e9b-87b4-43ead2710f42-131689194878080","trial_id":46,"param_name":"REG_W","param_value_internal":208.7463044038672,"distribution":"{\"name\": \"FloatDistribution\", \"attributes\": {\"step\": null, \"low\": 1e-05, \"high\": 1000.0, \"log\": true}}"}
{"op_code":5,"worker_id":"f93936a6-6d83-4e9b-87b4-43ead2710f42-131689194878080","trial_id":46,"param_name":"USE_RMS_SCALING","param_value_internal":1,"distribution":"{\"name\": \"CategoricalDistribution\", \"attributes\": {\"choices\": [true, false]}}"}
{"op_code":6,"worker_id":"4301556c-3680-4dce-b335-8b74fa6c91e9-140448691049600","trial_id":32,"state":1,"values":[-1.0],"datetime_complete":"2026-05-01T03:26:52.106318"}
{"op_code":4,"worker_id":"4301556c-3680-4dce-b335-8b74fa6c91e9-140448691049600","study_id":0,"datetime_start":"2026-05-01T03:26:52.150285"}
{"op_code":5,"worker_id":"4301556c-3680-4dce-b335-8b74fa6c91e9-140448691049600","trial_id":47,"param_name":"RANK_REGRESS","param_value_internal":67.0,"distribution":"{\"name\": \"IntDistribution\", \"attributes\": {\"log\": false, \"step\": 1, \"low\": 5, \"high\": 80}}"}
{"op_code":5,"worker_id":"4301556c-3680-4dce-b335-8b74fa6c91e9-140448691049600","trial_id":47,"param_name":"REG_W","param_value_internal":8.736927076162368e-05,"distribution":"{\"name\": \"FloatDistribution\", \"attributes\": {\"step\": null, \"low\": 1e-05, \"high\": 1000.0, \"log\": true}}"}
{"op_code":5,"worker_id":"4301556c-3680-4dce-b335-8b74fa6c91e9-140448691049600","trial_id":47,"param_name":"USE_RMS_SCALING","param_value_internal":1,"distribution":"{\"name\": \"CategoricalDistribution\", \"attributes\": {\"choices\": [true, false]}}"}
{"op_code":6,"worker_id":"90616dda-4443-4e44-aec9-5c76e370b379-132228728079488","trial_id":43,"state":1,"values":[-0.008616661931154216],"datetime_complete":"2026-05-01T03:59:59.112381"}
{"op_code":4,"worker_id":"90616dda-4443-4e44-aec9-5c76e370b379-132228728079488","study_id":0,"datetime_start":"2026-05-01T03:59:59.164355"}
{"op_code":5,"worker_id":"90616dda-4443-4e44-aec9-5c76e370b379-132228728079488","trial_id":48,"param_name":"RANK_REGRESS","param_value_internal":22.0,"distribution":"{\"name\": \"IntDistribution\", \"attributes\": {\"log\": false, \"step\": 1, \"low\": 5, \"high\": 80}}"}
{"op_code":5,"worker_id":"90616dda-4443-4e44-aec9-5c76e370b379-132228728079488","trial_id":48,"param_name":"REG_W","param_value_internal":0.0021421492045100863,"distribution":"{\"name\": \"FloatDistribution\", \"attributes\": {\"step\": null, \"low\": 1e-05, \"high\": 1000.0, \"log\": true}}"}
{"op_code":5,"worker_id":"90616dda-4443-4e44-aec9-5c76e370b379-132228728079488","trial_id":48,"param_name":"USE_RMS_SCALING","param_value_internal":1,"distribution":"{\"name\": \"CategoricalDistribution\", \"attributes\": {\"choices\": [true, false]}}"}
{"op_code":6,"worker_id":"976eadc9-9a7d-495f-9f5a-a4c1c70584a6-137802578351232","trial_id":30,"state":1,"values":[-0.7837570111503226],"datetime_complete":"2026-05-01T04:07:09.130302"}
{"op_code":4,"worker_id":"976eadc9-9a7d-495f-9f5a-a4c1c70584a6-137802578351232","study_id":0,"datetime_start":"2026-05-01T04:07:09.218552"}
{"op_code":5,"worker_id":"976eadc9-9a7d-495f-9f5a-a4c1c70584a6-137802578351232","trial_id":49,"param_name":"RANK_REGRESS","param_value_internal":45.0,"distribution":"{\"name\": \"IntDistribution\", \"attributes\": {\"log\": false, \"step\": 1, \"low\": 5, \"high\": 80}}"}
{"op_code":5,"worker_id":"976eadc9-9a7d-495f-9f5a-a4c1c70584a6-137802578351232","trial_id":49,"param_name":"REG_W","param_value_internal":0.012772304177900245,"distribution":"{\"name\": \"FloatDistribution\", \"attributes\": {\"step\": null, \"low\": 1e-05, \"high\": 1000.0, \"log\": true}}"}
{"op_code":5,"worker_id":"976eadc9-9a7d-495f-9f5a-a4c1c70584a6-137802578351232","trial_id":49,"param_name":"USE_RMS_SCALING","param_value_internal":1,"distribution":"{\"name\": \"CategoricalDistribution\", \"attributes\": {\"choices\": [true, false]}}"}
{"op_code":6,"worker_id":"79e9371d-ec97-4aa3-a58d-492a7657121f-137877772063872","trial_id":36,"state":1,"values":[-0.847297254465227],"datetime_complete":"2026-05-01T04:44:37.669852"}
{"op_code":4,"worker_id":"79e9371d-ec97-4aa3-a58d-492a7657121f-137877772063872","study_id":0,"datetime_start":"2026-05-01T04:44:37.719962"}
{"op_code":5,"worker_id":"79e9371d-ec97-4aa3-a58d-492a7657121f-137877772063872","trial_id":50,"param_name":"RANK_REGRESS","param_value_internal":42.0,"distribution":"{\"name\": \"IntDistribution\", \"attributes\": {\"log\": false, \"step\": 1, \"low\": 5, \"high\": 80}}"}
{"op_code":5,"worker_id":"79e9371d-ec97-4aa3-a58d-492a7657121f-137877772063872","trial_id":50,"param_name":"REG_W","param_value_internal":43.90100097136173,"distribution":"{\"name\": \"FloatDistribution\", \"attributes\": {\"step\": null, \"low\": 1e-05, \"high\": 1000.0, \"log\": true}}"}
{"op_code":5,"worker_id":"79e9371d-ec97-4aa3-a58d-492a7657121f-137877772063872","trial_id":50,"param_name":"USE_RMS_SCALING","param_value_internal":1,"distribution":"{\"name\": \"CategoricalDistribution\", \"attributes\": {\"choices\": [true, false]}}"}
{"op_code":6,"worker_id":"ef09b0de-8b15-4e89-8b75-0d607c8553cf-127158362354816","trial_id":9,"state":1,"values":[-0.00238673849057384],"datetime_complete":"2026-05-01T05:14:56.161504"}
{"op_code":4,"worker_id":"ef09b0de-8b15-4e89-8b75-0d607c8553cf-127158362354816","study_id":0,"datetime_start":"2026-05-01T05:14:56.226419"}
{"op_code":5,"worker_id":"ef09b0de-8b15-4e89-8b75-0d607c8553cf-127158362354816","trial_id":51,"param_name":"RANK_REGRESS","param_value_internal":35.0,"distribution":"{\"name\": \"IntDistribution\", \"attributes\": {\"log\": false, \"step\": 1, \"low\": 5, \"high\": 80}}"}
{"op_code":5,"worker_id":"ef09b0de-8b15-4e89-8b75-0d607c8553cf-127158362354816","trial_id":51,"param_name":"REG_W","param_value_internal":2.87169976276327e-05,"distribution":"{\"name\": \"FloatDistribution\", \"attributes\": {\"step\": null, \"low\": 1e-05, \"high\": 1000.0, \"log\": true}}"}
{"op_code":5,"worker_id":"ef09b0de-8b15-4e89-8b75-0d607c8553cf-127158362354816","trial_id":51,"param_name":"USE_RMS_SCALING","param_value_internal":0,"distribution":"{\"name\": \"CategoricalDistribution\", \"attributes\": {\"choices\": [true, false]}}"}
{"op_code":6,"worker_id":"152951b6-e8aa-4e65-94c1-7cf1fbe6f936-135348184925312","trial_id":1,"state":1,"values":[-1.0],"datetime_complete":"2026-05-01T05:22:39.258358"}
{"op_code":4,"worker_id":"152951b6-e8aa-4e65-94c1-7cf1fbe6f936-135348184925312","study_id":0,"datetime_start":"2026-05-01T05:22:39.334598"}
{"op_code":5,"worker_id":"152951b6-e8aa-4e65-94c1-7cf1fbe6f936-135348184925312","trial_id":52,"param_name":"RANK_REGRESS","param_value_internal":70.0,"distribution":"{\"name\": \"IntDistribution\", \"attributes\": {\"log\": false, \"step\": 1, \"low\": 5, \"high\": 80}}"}
{"op_code":5,"worker_id":"152951b6-e8aa-4e65-94c1-7cf1fbe6f936-135348184925312","trial_id":52,"param_name":"REG_W","param_value_internal":0.02867009148851604,"distribution":"{\"name\": \"FloatDistribution\", \"attributes\": {\"step\": null, \"low\": 1e-05, \"high\": 1000.0, \"log\": true}}"}
{"op_code":5,"worker_id":"152951b6-e8aa-4e65-94c1-7cf1fbe6f936-135348184925312","trial_id":52,"param_name":"USE_RMS_SCALING","param_value_internal":1,"distribution":"{\"name\": \"CategoricalDistribution\", \"attributes\": {\"choices\": [true, false]}}"}
{"op_code":6,"worker_id":"6e46c5b9-f52c-4fc3-be9a-9ec313de1aee-129894005408896","trial_id":4,"state":1,"values":[-0.45560132940413417],"datetime_complete":"2026-05-01T05:31:13.330245"}
{"op_code":4,"worker_id":"6e46c5b9-f52c-4fc3-be9a-9ec313de1aee-129894005408896","study_id":0,"datetime_start":"2026-05-01T05:31:13.370081"}
{"op_code":5,"worker_id":"6e46c5b9-f52c-4fc3-be9a-9ec313de1aee-129894005408896","trial_id":53,"param_name":"RANK_REGRESS","param_value_internal":46.0,"distribution":"{\"name\": \"IntDistribution\", \"attributes\": {\"log\": false, \"step\": 1, \"low\": 5, \"high\": 80}}"}
{"op_code":5,"worker_id":"6e46c5b9-f52c-4fc3-be9a-9ec313de1aee-129894005408896","trial_id":53,"param_name":"REG_W","param_value_internal":0.0022557441396689254,"distribution":"{\"name\": \"FloatDistribution\", \"attributes\": {\"step\": null, \"low\": 1e-05, \"high\": 1000.0, \"log\": true}}"}
{"op_code":5,"worker_id":"6e46c5b9-f52c-4fc3-be9a-9ec313de1aee-129894005408896","trial_id":53,"param_name":"USE_RMS_SCALING","param_value_internal":0,"distribution":"{\"name\": \"CategoricalDistribution\", \"attributes\": {\"choices\": [true, false]}}"}
{"op_code":6,"worker_id":"80e6404f-ffd1-4975-a77e-381492dc11bc-124291174175872","trial_id":37,"state":1,"values":[0.004848144580072988],"datetime_complete":"2026-05-01T06:08:48.414610"}
{"op_code":4,"worker_id":"80e6404f-ffd1-4975-a77e-381492dc11bc-124291174175872","study_id":0,"datetime_start":"2026-05-01T06:08:48.467024"}
{"op_code":5,"worker_id":"80e6404f-ffd1-4975-a77e-381492dc11bc-124291174175872","trial_id":54,"param_name":"RANK_REGRESS","param_value_internal":66.0,"distribution":"{\"name\": \"IntDistribution\", \"attributes\": {\"log\": false, \"step\": 1, \"low\": 5, \"high\": 80}}"}
{"op_code":5,"worker_id":"80e6404f-ffd1-4975-a77e-381492dc11bc-124291174175872","trial_id":54,"param_name":"REG_W","param_value_internal":9.265815664053203,"distribution":"{\"name\": \"FloatDistribution\", \"attributes\": {\"step\": null, \"low\": 1e-05, \"high\": 1000.0, \"log\": true}}"}
{"op_code":5,"worker_id":"80e6404f-ffd1-4975-a77e-381492dc11bc-124291174175872","trial_id":54,"param_name":"USE_RMS_SCALING","param_value_internal":1,"distribution":"{\"name\": \"CategoricalDistribution\", \"attributes\": {\"choices\": [true, false]}}"}
{"op_code":6,"worker_id":"c57d7bc3-446f-459d-a2df-3c4869e9be55-126849201316992","trial_id":38,"state":1,"values":[-1.0],"datetime_complete":"2026-05-01T06:27:04.660390"}
{"op_code":4,"worker_id":"c57d7bc3-446f-459d-a2df-3c4869e9be55-126849201316992","study_id":0,"datetime_start":"2026-05-01T06:27:04.704146"}
{"op_code":5,"worker_id":"c57d7bc3-446f-459d-a2df-3c4869e9be55-126849201316992","trial_id":55,"param_name":"RANK_REGRESS","param_value_internal":8.0,"distribution":"{\"name\": \"IntDistribution\", \"attributes\": {\"log\": false, \"step\": 1, \"low\": 5, \"high\": 80}}"}
{"op_code":5,"worker_id":"c57d7bc3-446f-459d-a2df-3c4869e9be55-126849201316992","trial_id":55,"param_name":"REG_W","param_value_internal":9.094124354772639,"distribution":"{\"name\": \"FloatDistribution\", \"attributes\": {\"step\": null, \"low\": 1e-05, \"high\": 1000.0, \"log\": true}}"}
{"op_code":5,"worker_id":"c57d7bc3-446f-459d-a2df-3c4869e9be55-126849201316992","trial_id":55,"param_name":"USE_RMS_SCALING","param_value_internal":1,"distribution":"{\"name\": \"CategoricalDistribution\", \"attributes\": {\"choices\": [true, false]}}"}
{"op_code":6,"worker_id":"6446bcf3-b3bc-4a05-b85b-79f5b0b845d4-129029024171136","trial_id":13,"state":1,"values":[0.0],"datetime_complete":"2026-05-01T06:43:29.115781"}
{"op_code":4,"worker_id":"6446bcf3-b3bc-4a05-b85b-79f5b0b845d4-129029024171136","study_id":0,"datetime_start":"2026-05-01T06:43:29.155084"}
{"op_code":5,"worker_id":"6446bcf3-b3bc-4a05-b85b-79f5b0b845d4-129029024171136","trial_id":56,"param_name":"RANK_REGRESS","param_value_internal":21.0,"distribution":"{\"name\": \"IntDistribution\", \"attributes\": {\"log\": false, \"step\": 1, \"low\": 5, \"high\": 80}}"}
{"op_code":5,"worker_id":"6446bcf3-b3bc-4a05-b85b-79f5b0b845d4-129029024171136","trial_id":56,"param_name":"REG_W","param_value_internal":0.0010160367925408154,"distribution":"{\"name\": \"FloatDistribution\", \"attributes\": {\"step\": null, \"low\": 1e-05, \"high\": 1000.0, \"log\": true}}"}
{"op_code":5,"worker_id":"6446bcf3-b3bc-4a05-b85b-79f5b0b845d4-129029024171136","trial_id":56,"param_name":"USE_RMS_SCALING","param_value_internal":0,"distribution":"{\"name\": \"CategoricalDistribution\", \"attributes\": {\"choices\": [true, false]}}"}
{"op_code":0,"worker_id":"e01d5226-f967-4878-a512-e886e6597379-132697226065024","study_name":"cp_pred_levels_L2_residual_delta","directions":[2]}
{"op_code":4,"worker_id":"e01d5226-f967-4878-a512-e886e6597379-132697226065024","study_id":0,"datetime_start":"2026-05-02T11:56:29.040362"}
{"op_code":5,"worker_id":"e01d5226-f967-4878-a512-e886e6597379-132697226065024","trial_id":57,"param_name":"RANK_REGRESS","param_value_internal":63.0,"distribution":"{\"name\": \"IntDistribution\", \"attributes\": {\"log\": false, \"step\": 1, \"low\": 5, \"high\": 80}}"}
{"op_code":5,"worker_id":"e01d5226-f967-4878-a512-e886e6597379-132697226065024","trial_id":57,"param_name":"REG_W","param_value_internal":0.00014032998225321986,"distribution":"{\"name\": \"FloatDistribution\", \"attributes\": {\"step\": null, \"low\": 1e-05, \"high\": 1000.0, \"log\": true}}"}
{"op_code":5,"worker_id":"e01d5226-f967-4878-a512-e886e6597379-132697226065024","trial_id":57,"param_name":"USE_RMS_SCALING","param_value_internal":1,"distribution":"{\"name\": \"CategoricalDistribution\", \"attributes\": {\"choices\": [true, false]}}"}
{"op_code":0,"worker_id":"b0e63f0a-50a7-4e21-a780-cbefaef8c3ed-137376328979584","study_name":"cp_pred_levels_L2_residual_delta","directions":[2]}
{"op_code":4,"worker_id":"b0e63f0a-50a7-4e21-a780-cbefaef8c3ed-137376328979584","study_id":0,"datetime_start":"2026-05-02T11:56:30.744170"}
{"op_code":5,"worker_id":"b0e63f0a-50a7-4e21-a780-cbefaef8c3ed-137376328979584","trial_id":58,"param_name":"RANK_REGRESS","param_value_internal":19.0,"distribution":"{\"name\": \"IntDistribution\", \"attributes\": {\"log\": false, \"step\": 1, \"low\": 5, \"high\": 80}}"}
{"op_code":5,"worker_id":"b0e63f0a-50a7-4e21-a780-cbefaef8c3ed-137376328979584","trial_id":58,"param_name":"REG_W","param_value_internal":2.0065055453219723e-05,"distribution":"{\"name\": \"FloatDistribution\", \"attributes\": {\"step\": null, \"low\": 1e-05, \"high\": 1000.0, \"log\": true}}"}
{"op_code":5,"worker_id":"b0e63f0a-50a7-4e21-a780-cbefaef8c3ed-137376328979584","trial_id":58,"param_name":"USE_RMS_SCALING","param_value_internal":1,"distribution":"{\"name\": \"CategoricalDistribution\", \"attributes\": {\"choices\": [true, false]}}"}
{"op_code":0,"worker_id":"b10a0f34-079e-42a1-953c-62c5ce1f26f2-127437797278848","study_name":"cp_pred_levels_L2_residual_delta","directions":[2]}
{"op_code":4,"worker_id":"b10a0f34-079e-42a1-953c-62c5ce1f26f2-127437797278848","study_id":0,"datetime_start":"2026-05-02T11:56:32.876216"}
{"op_code":5,"worker_id":"b10a0f34-079e-42a1-953c-62c5ce1f26f2-127437797278848","trial_id":59,"param_name":"RANK_REGRESS","param_value_internal":17.0,"distribution":"{\"name\": \"IntDistribution\", \"attributes\": {\"log\": false, \"step\": 1, \"low\": 5, \"high\": 80}}"}
{"op_code":5,"worker_id":"b10a0f34-079e-42a1-953c-62c5ce1f26f2-127437797278848","trial_id":59,"param_name":"REG_W","param_value_internal":0.00038175046795323756,"distribution":"{\"name\": \"FloatDistribution\", \"attributes\": {\"step\": null, \"low\": 1e-05, \"high\": 1000.0, \"log\": true}}"}
{"op_code":5,"worker_id":"b10a0f34-079e-42a1-953c-62c5ce1f26f2-127437797278848","trial_id":59,"param_name":"USE_RMS_SCALING","param_value_internal":0,"distribution":"{\"name\": \"CategoricalDistribution\", \"attributes\": {\"choices\": [true, false]}}"}
{"op_code":0,"worker_id":"7b350a0f-a26d-4d96-8547-ccdd110ac532-136172761199744","study_name":"cp_pred_levels_L2_residual_delta","directions":[2]}
{"op_code":4,"worker_id":"7b350a0f-a26d-4d96-8547-ccdd110ac532-136172761199744","study_id":0,"datetime_start":"2026-05-02T11:56:33.776594"}
{"op_code":5,"worker_id":"7b350a0f-a26d-4d96-8547-ccdd110ac532-136172761199744","trial_id":60,"param_name":"RANK_REGRESS","param_value_internal":60.0,"distribution":"{\"name\": \"IntDistribution\", \"attributes\": {\"log\": false, \"step\": 1, \"low\": 5, \"high\": 80}}"}
{"op_code":5,"worker_id":"7b350a0f-a26d-4d96-8547-ccdd110ac532-136172761199744","trial_id":60,"param_name":"REG_W","param_value_internal":38.46496240803155,"distribution":"{\"name\": \"FloatDistribution\", \"attributes\": {\"step\": null, \"low\": 1e-05, \"high\": 1000.0, \"log\": true}}"}
{"op_code":5,"worker_id":"7b350a0f-a26d-4d96-8547-ccdd110ac532-136172761199744","trial_id":60,"param_name":"USE_RMS_SCALING","param_value_internal":1,"distribution":"{\"name\": \"CategoricalDistribution\", \"attributes\": {\"choices\": [true, false]}}"}
{"op_code":0,"worker_id":"3b982818-3199-467e-bfe5-33e072a1a8cf-133705938273408","study_name":"cp_pred_levels_L2_residual_delta","directions":[2]}
{"op_code":4,"worker_id":"3b982818-3199-467e-bfe5-33e072a1a8cf-133705938273408","study_id":0,"datetime_start":"2026-05-02T11:56:35.730443"}
{"op_code":5,"worker_id":"3b982818-3199-467e-bfe5-33e072a1a8cf-133705938273408","trial_id":61,"param_name":"RANK_REGRESS","param_value_internal":72.0,"distribution":"{\"name\": \"IntDistribution\", \"attributes\": {\"log\": false, \"step\": 1, \"low\": 5, \"high\": 80}}"}
{"op_code":5,"worker_id":"3b982818-3199-467e-bfe5-33e072a1a8cf-133705938273408","trial_id":61,"param_name":"REG_W","param_value_internal":78.06126362421455,"distribution":"{\"name\": \"FloatDistribution\", \"attributes\": {\"step\": null, \"low\": 1e-05, \"high\": 1000.0, \"log\": true}}"}
{"op_code":5,"worker_id":"3b982818-3199-467e-bfe5-33e072a1a8cf-133705938273408","trial_id":61,"param_name":"USE_RMS_SCALING","param_value_internal":1,"distribution":"{\"name\": \"CategoricalDistribution\", \"attributes\": {\"choices\": [true, false]}}"}
{"op_code":0,"worker_id":"d7b47930-68dc-405f-aff7-1d1a4f432348-138089026049152","study_name":"cp_pred_levels_L2_residual_delta","directions":[2]}
{"op_code":4,"worker_id":"d7b47930-68dc-405f-aff7-1d1a4f432348-138089026049152","study_id":0,"datetime_start":"2026-05-02T11:56:37.200419"}
{"op_code":5,"worker_id":"d7b47930-68dc-405f-aff7-1d1a4f432348-138089026049152","trial_id":62,"param_name":"RANK_REGRESS","param_value_internal":19.0,"distribution":"{\"name\": \"IntDistribution\", \"attributes\": {\"log\": false, \"step\": 1, \"low\": 5, \"high\": 80}}"}
{"op_code":5,"worker_id":"d7b47930-68dc-405f-aff7-1d1a4f432348-138089026049152","trial_id":62,"param_name":"REG_W","param_value_internal":0.0008099424894962803,"distribution":"{\"name\": \"FloatDistribution\", \"attributes\": {\"step\": null, \"low\": 1e-05, \"high\": 1000.0, \"log\": true}}"}
{"op_code":5,"worker_id":"d7b47930-68dc-405f-aff7-1d1a4f432348-138089026049152","trial_id":62,"param_name":"USE_RMS_SCALING","param_value_internal":0,"distribution":"{\"name\": \"CategoricalDistribution\", \"attributes\": {\"choices\": [true, false]}}"}
{"op_code":0,"worker_id":"5f0757e1-3838-453b-946e-293e46f2b4a9-134498379293824","study_name":"cp_pred_levels_L2_residual_delta","directions":[2]}
{"op_code":4,"worker_id":"5f0757e1-3838-453b-946e-293e46f2b4a9-134498379293824","study_id":0,"datetime_start":"2026-05-02T11:56:39.110186"}
{"op_code":5,"worker_id":"5f0757e1-3838-453b-946e-293e46f2b4a9-134498379293824","trial_id":63,"param_name":"RANK_REGRESS","param_value_internal":13.0,"distribution":"{\"name\": \"IntDistribution\", \"attributes\": {\"log\": false, \"step\": 1, \"low\": 5, \"high\": 80}}"}
{"op_code":5,"worker_id":"5f0757e1-3838-453b-946e-293e46f2b4a9-134498379293824","trial_id":63,"param_name":"REG_W","param_value_internal":0.0025364863422849427,"distribution":"{\"name\": \"FloatDistribution\", \"attributes\": {\"step\": null, \"low\": 1e-05, \"high\": 1000.0, \"log\": true}}"}
{"op_code":5,"worker_id":"5f0757e1-3838-453b-946e-293e46f2b4a9-134498379293824","trial_id":63,"param_name":"USE_RMS_SCALING","param_value_internal":1,"distribution":"{\"name\": \"CategoricalDistribution\", \"attributes\": {\"choices\": [true, false]}}"}
{"op_code":0,"worker_id":"5f37f082-7261-4960-986a-7838bd4e5618-126624243164288","study_name":"cp_pred_levels_L2_residual_delta","directions":[2]}
{"op_code":4,"worker_id":"5f37f082-7261-4960-986a-7838bd4e5618-126624243164288","study_id":0,"datetime_start":"2026-05-02T11:56:40.868616"}
{"op_code":5,"worker_id":"5f37f082-7261-4960-986a-7838bd4e5618-126624243164288","trial_id":64,"param_name":"RANK_REGRESS","param_value_internal":42.0,"distribution":"{\"name\": \"IntDistribution\", \"attributes\": {\"log\": false, \"step\": 1, \"low\": 5, \"high\": 80}}"}
{"op_code":5,"worker_id":"5f37f082-7261-4960-986a-7838bd4e5618-126624243164288","trial_id":64,"param_name":"REG_W","param_value_internal":5.7197492608712475,"distribution":"{\"name\": \"FloatDistribution\", \"attributes\": {\"step\": null, \"low\": 1e-05, \"high\": 1000.0, \"log\": true}}"}
{"op_code":5,"worker_id":"5f37f082-7261-4960-986a-7838bd4e5618-126624243164288","trial_id":64,"param_name":"USE_RMS_SCALING","param_value_internal":0,"distribution":"{\"name\": \"CategoricalDistribution\", \"attributes\": {\"choices\": [true, false]}}"}
{"op_code":0,"worker_id":"c00c514d-a382-422c-a075-6f95dfa2727d-127232804910208","study_name":"cp_pred_levels_L2_residual_delta","directions":[2]}
{"op_code":4,"worker_id":"c00c514d-a382-422c-a075-6f95dfa2727d-127232804910208","study_id":0,"datetime_start":"2026-05-02T11:56:42.244113"}
{"op_code":5,"worker_id":"c00c514d-a382-422c-a075-6f95dfa2727d-127232804910208","trial_id":65,"param_name":"RANK_REGRESS","param_value_internal":37.0,"distribution":"{\"name\": \"IntDistribution\", \"attributes\": {\"log\": false, \"step\": 1, \"low\": 5, \"high\": 80}}"}
{"op_code":5,"worker_id":"c00c514d-a382-422c-a075-6f95dfa2727d-127232804910208","trial_id":65,"param_name":"REG_W","param_value_internal":0.2919960128400604,"distribution":"{\"name\": \"FloatDistribution\", \"attributes\": {\"step\": null, \"low\": 1e-05, \"high\": 1000.0, \"log\": true}}"}
{"op_code":5,"worker_id":"c00c514d-a382-422c-a075-6f95dfa2727d-127232804910208","trial_id":65,"param_name":"USE_RMS_SCALING","param_value_internal":1,"distribution":"{\"name\": \"CategoricalDistribution\", \"attributes\": {\"choices\": [true, false]}}"}
{"op_code":0,"worker_id":"1cd815ba-6d89-472d-95c4-79d70b2dc84b-126052233639040","study_name":"cp_pred_levels_L2_residual_delta","directions":[2]}
{"op_code":4,"worker_id":"1cd815ba-6d89-472d-95c4-79d70b2dc84b-126052233639040","study_id":0,"datetime_start":"2026-05-02T11:56:42.500686"}
{"op_code":5,"worker_id":"1cd815ba-6d89-472d-95c4-79d70b2dc84b-126052233639040","trial_id":66,"param_name":"RANK_REGRESS","param_value_internal":60.0,"distribution":"{\"name\": \"IntDistribution\", \"attributes\": {\"log\": false, \"step\": 1, \"low\": 5, \"high\": 80}}"}
{"op_code":5,"worker_id":"1cd815ba-6d89-472d-95c4-79d70b2dc84b-126052233639040","trial_id":66,"param_name":"REG_W","param_value_internal":28.155068122267068,"distribution":"{\"name\": \"FloatDistribution\", \"attributes\": {\"step\": null, \"low\": 1e-05, \"high\": 1000.0, \"log\": true}}"}
{"op_code":5,"worker_id":"1cd815ba-6d89-472d-95c4-79d70b2dc84b-126052233639040","trial_id":66,"param_name":"USE_RMS_SCALING","param_value_internal":1,"distribution":"{\"name\": \"CategoricalDistribution\", \"attributes\": {\"choices\": [true, false]}}"}
{"op_code":0,"worker_id":"bea73a5b-cde7-436e-b177-98b999ac2901-138229494871168","study_name":"cp_pred_levels_L2_residual_delta","directions":[2]}
{"op_code":4,"worker_id":"bea73a5b-cde7-436e-b177-98b999ac2901-138229494871168","study_id":0,"datetime_start":"2026-05-02T11:56:42.921608"}
{"op_code":5,"worker_id":"bea73a5b-cde7-436e-b177-98b999ac2901-138229494871168","trial_id":67,"param_name":"RANK_REGRESS","param_value_internal":41.0,"distribution":"{\"name\": \"IntDistribution\", \"attributes\": {\"log\": false, \"step\": 1, \"low\": 5, \"high\": 80}}"}
{"op_code":5,"worker_id":"bea73a5b-cde7-436e-b177-98b999ac2901-138229494871168","trial_id":67,"param_name":"REG_W","param_value_internal":90.61581534016574,"distribution":"{\"name\": \"FloatDistribution\", \"attributes\": {\"step\": null, \"low\": 1e-05, \"high\": 1000.0, \"log\": true}}"}
{"op_code":5,"worker_id":"bea73a5b-cde7-436e-b177-98b999ac2901-138229494871168","trial_id":67,"param_name":"USE_RMS_SCALING","param_value_internal":1,"distribution":"{\"name\": \"CategoricalDistribution\", \"attributes\": {\"choices\": [true, false]}}"}
{"op_code":0,"worker_id":"fbe5391e-cbe9-4059-b9dc-0f1517a8a58c-137193085895808","study_name":"cp_pred_levels_L2_residual_delta","directions":[2]}
{"op_code":4,"worker_id":"fbe5391e-cbe9-4059-b9dc-0f1517a8a58c-137193085895808","study_id":0,"datetime_start":"2026-05-02T11:56:45.980929"}
{"op_code":5,"worker_id":"fbe5391e-cbe9-4059-b9dc-0f1517a8a58c-137193085895808","trial_id":68,"param_name":"RANK_REGRESS","param_value_internal":27.0,"distribution":"{\"name\": \"IntDistribution\", \"attributes\": {\"log\": false, \"step\": 1, \"low\": 5, \"high\": 80}}"}
{"op_code":5,"worker_id":"fbe5391e-cbe9-4059-b9dc-0f1517a8a58c-137193085895808","trial_id":68,"param_name":"REG_W","param_value_internal":31.1324760249078,"distribution":"{\"name\": \"FloatDistribution\", \"attributes\": {\"step\": null, \"low\": 1e-05, \"high\": 1000.0, \"log\": true}}"}
{"op_code":5,"worker_id":"fbe5391e-cbe9-4059-b9dc-0f1517a8a58c-137193085895808","trial_id":68,"param_name":"USE_RMS_SCALING","param_value_internal":1,"distribution":"{\"name\": \"CategoricalDistribution\", \"attributes\": {\"choices\": [true, false]}}"}
{"op_code":0,"worker_id":"ecb66888-4c19-4cee-b453-167ace8607a7-127135603332224","study_name":"cp_pred_levels_L2_residual_delta","directions":[2]}
{"op_code":4,"worker_id":"ecb66888-4c19-4cee-b453-167ace8607a7-127135603332224","study_id":0,"datetime_start":"2026-05-02T11:56:48.168403"}
{"op_code":5,"worker_id":"ecb66888-4c19-4cee-b453-167ace8607a7-127135603332224","trial_id":69,"param_name":"RANK_REGRESS","param_value_internal":51.0,"distribution":"{\"name\": \"IntDistribution\", \"attributes\": {\"log\": false, \"step\": 1, \"low\": 5, \"high\": 80}}"}
{"op_code":5,"worker_id":"ecb66888-4c19-4cee-b453-167ace8607a7-127135603332224","trial_id":69,"param_name":"REG_W","param_value_internal":171.44391098257503,"distribution":"{\"name\": \"FloatDistribution\", \"attributes\": {\"step\": null, \"low\": 1e-05, \"high\": 1000.0, \"log\": true}}"}
{"op_code":5,"worker_id":"ecb66888-4c19-4cee-b453-167ace8607a7-127135603332224","trial_id":69,"param_name":"USE_RMS_SCALING","param_value_internal":1,"distribution":"{\"name\": \"CategoricalDistribution\", \"attributes\": {\"choices\": [true, false]}}"}
{"op_code":0,"worker_id":"5fc1c3b5-e266-4692-a790-a4fe3b7287f9-134092568142976","study_name":"cp_pred_levels_L2_residual_delta","directions":[2]}
{"op_code":4,"worker_id":"5fc1c3b5-e266-4692-a790-a4fe3b7287f9-134092568142976","study_id":0,"datetime_start":"2026-05-02T11:56:49.512257"}
{"op_code":5,"worker_id":"5fc1c3b5-e266-4692-a790-a4fe3b7287f9-134092568142976","trial_id":70,"param_name":"RANK_REGRESS","param_value_internal":21.0,"distribution":"{\"name\": \"IntDistribution\", \"attributes\": {\"log\": false, \"step\": 1, \"low\": 5, \"high\": 80}}"}
{"op_code":5,"worker_id":"5fc1c3b5-e266-4692-a790-a4fe3b7287f9-134092568142976","trial_id":70,"param_name":"REG_W","param_value_internal":0.0008201900143623192,"distribution":"{\"name\": \"FloatDistribution\", \"attributes\": {\"step\": null, \"low\": 1e-05, \"high\": 1000.0, \"log\": true}}"}
{"op_code":5,"worker_id":"5fc1c3b5-e266-4692-a790-a4fe3b7287f9-134092568142976","trial_id":70,"param_name":"USE_RMS_SCALING","param_value_internal":1,"distribution":"{\"name\": \"CategoricalDistribution\", \"attributes\": {\"choices\": [true, false]}}"}
{"op_code":0,"worker_id":"1945b949-89f0-4a18-aefd-faafb65673f3-136772056802432","study_name":"cp_pred_levels_L2_residual_delta","directions":[2]}
{"op_code":4,"worker_id":"1945b949-89f0-4a18-aefd-faafb65673f3-136772056802432","study_id":0,"datetime_start":"2026-05-02T11:56:51.535208"}
{"op_code":5,"worker_id":"1945b949-89f0-4a18-aefd-faafb65673f3-136772056802432","trial_id":71,"param_name":"RANK_REGRESS","param_value_internal":74.0,"distribution":"{\"name\": \"IntDistribution\", \"attributes\": {\"log\": false, \"step\": 1, \"low\": 5, \"high\": 80}}"}
{"op_code":5,"worker_id":"1945b949-89f0-4a18-aefd-faafb65673f3-136772056802432","trial_id":71,"param_name":"REG_W","param_value_internal":0.02745201147168079,"distribution":"{\"name\": \"FloatDistribution\", \"attributes\": {\"step\": null, \"low\": 1e-05, \"high\": 1000.0, \"log\": true}}"}
{"op_code":5,"worker_id":"1945b949-89f0-4a18-aefd-faafb65673f3-136772056802432","trial_id":71,"param_name":"USE_RMS_SCALING","param_value_internal":1,"distribution":"{\"name\": \"CategoricalDistribution\", \"attributes\": {\"choices\": [true, false]}}"}
{"op_code":0,"worker_id":"47c75f02-943f-459f-a079-87be9b152a56-130688229221504","study_name":"cp_pred_levels_L2_residual_delta","directions":[2]}
{"op_code":4,"worker_id":"47c75f02-943f-459f-a079-87be9b152a56-130688229221504","study_id":0,"datetime_start":"2026-05-02T11:56:53.213832"}
{"op_code":5,"worker_id":"47c75f02-943f-459f-a079-87be9b152a56-130688229221504","trial_id":72,"param_name":"RANK_REGRESS","param_value_internal":29.0,"distribution":"{\"name\": \"IntDistribution\", \"attributes\": {\"log\": false, \"step\": 1, \"low\": 5, \"high\": 80}}"}
{"op_code":5,"worker_id":"47c75f02-943f-459f-a079-87be9b152a56-130688229221504","trial_id":72,"param_name":"REG_W","param_value_internal":36.700977454534254,"distribution":"{\"name\": \"FloatDistribution\", \"attributes\": {\"step\": null, \"low\": 1e-05, \"high\": 1000.0, \"log\": true}}"}
{"op_code":5,"worker_id":"47c75f02-943f-459f-a079-87be9b152a56-130688229221504","trial_id":72,"param_name":"USE_RMS_SCALING","param_value_internal":0,"distribution":"{\"name\": \"CategoricalDistribution\", \"attributes\": {\"choices\": [true, false]}}"}
{"op_code":0,"worker_id":"f605b1f6-92c4-47e7-a246-898e94ff013d-129503694886016","study_name":"cp_pred_levels_L2_residual_delta","directions":[2]}
{"op_code":4,"worker_id":"f605b1f6-92c4-47e7-a246-898e94ff013d-129503694886016","study_id":0,"datetime_start":"2026-05-02T11:56:55.245243"}
{"op_code":5,"worker_id":"f605b1f6-92c4-47e7-a246-898e94ff013d-129503694886016","trial_id":73,"param_name":"RANK_REGRESS","param_value_internal":52.0,"distribution":"{\"name\": \"IntDistribution\", \"attributes\": {\"log\": false, \"step\": 1, \"low\": 5, \"high\": 80}}"}
{"op_code":5,"worker_id":"f605b1f6-92c4-47e7-a246-898e94ff013d-129503694886016","trial_id":73,"param_name":"REG_W","param_value_internal":1.096908544440887e-05,"distribution":"{\"name\": \"FloatDistribution\", \"attributes\": {\"step\": null, \"low\": 1e-05, \"high\": 1000.0, \"log\": true}}"}
{"op_code":5,"worker_id":"f605b1f6-92c4-47e7-a246-898e94ff013d-129503694886016","trial_id":73,"param_name":"USE_RMS_SCALING","param_value_internal":0,"distribution":"{\"name\": \"CategoricalDistribution\", \"attributes\": {\"choices\": [true, false]}}"}
{"op_code":0,"worker_id":"26c6e05e-d5b8-46a1-ab1e-4f5138ad3efe-127263599748224","study_name":"cp_pred_levels_L2_residual_delta","directions":[2]}
{"op_code":4,"worker_id":"26c6e05e-d5b8-46a1-ab1e-4f5138ad3efe-127263599748224","study_id":0,"datetime_start":"2026-05-02T11:56:56.561966"}
{"op_code":5,"worker_id":"26c6e05e-d5b8-46a1-ab1e-4f5138ad3efe-127263599748224","trial_id":74,"param_name":"RANK_REGRESS","param_value_internal":74.0,"distribution":"{\"name\": \"IntDistribution\", \"attributes\": {\"log\": false, \"step\": 1, \"low\": 5, \"high\": 80}}"}
{"op_code":5,"worker_id":"26c6e05e-d5b8-46a1-ab1e-4f5138ad3efe-127263599748224","trial_id":74,"param_name":"REG_W","param_value_internal":10.696164654396947,"distribution":"{\"name\": \"FloatDistribution\", \"attributes\": {\"step\": null, \"low\": 1e-05, \"high\": 1000.0, \"log\": true}}"}
{"op_code":5,"worker_id":"26c6e05e-d5b8-46a1-ab1e-4f5138ad3efe-127263599748224","trial_id":74,"param_name":"USE_RMS_SCALING","param_value_internal":0,"distribution":"{\"name\": \"CategoricalDistribution\", \"attributes\": {\"choices\": [true, false]}}"}
{"op_code":0,"worker_id":"a793c011-6ae8-4e69-aa41-3d62aec7299d-133097699153024","study_name":"cp_pred_levels_L2_residual_delta","directions":[2]}
{"op_code":4,"worker_id":"a793c011-6ae8-4e69-aa41-3d62aec7299d-133097699153024","study_id":0,"datetime_start":"2026-05-02T11:56:58.377903"}
{"op_code":5,"worker_id":"a793c011-6ae8-4e69-aa41-3d62aec7299d-133097699153024","trial_id":75,"param_name":"RANK_REGRESS","param_value_internal":31.0,"distribution":"{\"name\": \"IntDistribution\", \"attributes\": {\"log\": false, \"step\": 1, \"low\": 5, \"high\": 80}}"}
{"op_code":0,"worker_id":"7a695af1-2ee9-4de1-b9d3-27c4e81d59e1-136664719791232","study_name":"cp_pred_levels_L2_residual_delta","directions":[2]}
{"op_code":5,"worker_id":"a793c011-6ae8-4e69-aa41-3d62aec7299d-133097699153024","trial_id":75,"param_name":"REG_W","param_value_internal":0.639431314693067,"distribution":"{\"name\": \"FloatDistribution\", \"attributes\": {\"step\": null, \"low\": 1e-05, \"high\": 1000.0, \"log\": true}}"}
{"op_code":5,"worker_id":"a793c011-6ae8-4e69-aa41-3d62aec7299d-133097699153024","trial_id":75,"param_name":"USE_RMS_SCALING","param_value_internal":0,"distribution":"{\"name\": \"CategoricalDistribution\", \"attributes\": {\"choices\": [true, false]}}"}
{"op_code":4,"worker_id":"7a695af1-2ee9-4de1-b9d3-27c4e81d59e1-136664719791232","study_id":0,"datetime_start":"2026-05-02T11:56:58.518640"}
{"op_code":5,"worker_id":"7a695af1-2ee9-4de1-b9d3-27c4e81d59e1-136664719791232","trial_id":76,"param_name":"RANK_REGRESS","param_value_internal":46.0,"distribution":"{\"name\": \"IntDistribution\", \"attributes\": {\"log\": false, \"step\": 1, \"low\": 5, \"high\": 80}}"}
{"op_code":5,"worker_id":"7a695af1-2ee9-4de1-b9d3-27c4e81d59e1-136664719791232","trial_id":76,"param_name":"REG_W","param_value_internal":0.0002472178454574828,"distribution":"{\"name\": \"FloatDistribution\", \"attributes\": {\"step\": null, \"low\": 1e-05, \"high\": 1000.0, \"log\": true}}"}
{"op_code":5,"worker_id":"7a695af1-2ee9-4de1-b9d3-27c4e81d59e1-136664719791232","trial_id":76,"param_name":"USE_RMS_SCALING","param_value_internal":0,"distribution":"{\"name\": \"CategoricalDistribution\", \"attributes\": {\"choices\": [true, false]}}"}
{"op_code":0,"worker_id":"3168dd12-eef4-4425-975d-970b2008db04-133083820102784","study_name":"cp_pred_levels_L2_residual_delta","directions":[2]}
{"op_code":4,"worker_id":"3168dd12-eef4-4425-975d-970b2008db04-133083820102784","study_id":0,"datetime_start":"2026-05-02T11:57:00.927919"}
{"op_code":5,"worker_id":"3168dd12-eef4-4425-975d-970b2008db04-133083820102784","trial_id":77,"param_name":"RANK_REGRESS","param_value_internal":40.0,"distribution":"{\"name\": \"IntDistribution\", \"attributes\": {\"log\": false, \"step\": 1, \"low\": 5, \"high\": 80}}"}
{"op_code":5,"worker_id":"3168dd12-eef4-4425-975d-970b2008db04-133083820102784","trial_id":77,"param_name":"REG_W","param_value_internal":0.21111703624681985,"distribution":"{\"name\": \"FloatDistribution\", \"attributes\": {\"step\": null, \"low\": 1e-05, \"high\": 1000.0, \"log\": true}}"}
{"op_code":5,"worker_id":"3168dd12-eef4-4425-975d-970b2008db04-133083820102784","trial_id":77,"param_name":"USE_RMS_SCALING","param_value_internal":1,"distribution":"{\"name\": \"CategoricalDistribution\", \"attributes\": {\"choices\": [true, false]}}"}
{"op_code":6,"worker_id":"5f0757e1-3838-453b-946e-293e46f2b4a9-134498379293824","trial_id":63,"state":1,"values":[-1.0],"datetime_complete":"2026-05-02T13:37:40.175427"}
{"op_code":4,"worker_id":"5f0757e1-3838-453b-946e-293e46f2b4a9-134498379293824","study_id":0,"datetime_start":"2026-05-02T13:37:40.229174"}
{"op_code":5,"worker_id":"5f0757e1-3838-453b-946e-293e46f2b4a9-134498379293824","trial_id":78,"param_name":"RANK_REGRESS","param_value_internal":37.0,"distribution":"{\"name\": \"IntDistribution\", \"attributes\": {\"log\": false, \"step\": 1, \"low\": 5, \"high\": 80}}"}
{"op_code":5,"worker_id":"5f0757e1-3838-453b-946e-293e46f2b4a9-134498379293824","trial_id":78,"param_name":"REG_W","param_value_internal":8.229490926131871e-05,"distribution":"{\"name\": \"FloatDistribution\", \"attributes\": {\"step\": null, \"low\": 1e-05, \"high\": 1000.0, \"log\": true}}"}
{"op_code":5,"worker_id":"5f0757e1-3838-453b-946e-293e46f2b4a9-134498379293824","trial_id":78,"param_name":"USE_RMS_SCALING","param_value_internal":0,"distribution":"{\"name\": \"CategoricalDistribution\", \"attributes\": {\"choices\": [true, false]}}"}
{"op_code":6,"worker_id":"d7b47930-68dc-405f-aff7-1d1a4f432348-138089026049152","trial_id":62,"state":1,"values":[-0.7906414806003889],"datetime_complete":"2026-05-02T14:29:40.210525"}
{"op_code":4,"worker_id":"d7b47930-68dc-405f-aff7-1d1a4f432348-138089026049152","study_id":0,"datetime_start":"2026-05-02T14:29:40.266239"}
{"op_code":5,"worker_id":"d7b47930-68dc-405f-aff7-1d1a4f432348-138089026049152","trial_id":79,"param_name":"RANK_REGRESS","param_value_internal":71.0,"distribution":"{\"name\": \"IntDistribution\", \"attributes\": {\"log\": false, \"step\": 1, \"low\": 5, \"high\": 80}}"}
{"op_code":5,"worker_id":"d7b47930-68dc-405f-aff7-1d1a4f432348-138089026049152","trial_id":79,"param_name":"REG_W","param_value_internal":1.7716871347945584,"distribution":"{\"name\": \"FloatDistribution\", \"attributes\": {\"step\": null, \"low\": 1e-05, \"high\": 1000.0, \"log\": true}}"}
{"op_code":5,"worker_id":"d7b47930-68dc-405f-aff7-1d1a4f432348-138089026049152","trial_id":79,"param_name":"USE_RMS_SCALING","param_value_internal":1,"distribution":"{\"name\": \"CategoricalDistribution\", \"attributes\": {\"choices\": [true, false]}}"}
{"op_code":6,"worker_id":"b0e63f0a-50a7-4e21-a780-cbefaef8c3ed-137376328979584","trial_id":58,"state":1,"values":[-0.8461442104039488],"datetime_complete":"2026-05-02T14:32:39.575501"}
{"op_code":4,"worker_id":"b0e63f0a-50a7-4e21-a780-cbefaef8c3ed-137376328979584","study_id":0,"datetime_start":"2026-05-02T14:32:39.620510"}
{"op_code":5,"worker_id":"b0e63f0a-50a7-4e21-a780-cbefaef8c3ed-137376328979584","trial_id":80,"param_name":"RANK_REGRESS","param_value_internal":27.0,"distribution":"{\"name\": \"IntDistribution\", \"attributes\": {\"log\": false, \"step\": 1, \"low\": 5, \"high\": 80}}"}
{"op_code":5,"worker_id":"b0e63f0a-50a7-4e21-a780-cbefaef8c3ed-137376328979584","trial_id":80,"param_name":"REG_W","param_value_internal":6.2248080105758765,"distribution":"{\"name\": \"FloatDistribution\", \"attributes\": {\"step\": null, \"low\": 1e-05, \"high\": 1000.0, \"log\": true}}"}
{"op_code":5,"worker_id":"b0e63f0a-50a7-4e21-a780-cbefaef8c3ed-137376328979584","trial_id":80,"param_name":"USE_RMS_SCALING","param_value_internal":0,"distribution":"{\"name\": \"CategoricalDistribution\", \"attributes\": {\"choices\": [true, false]}}"}
{"op_code":6,"worker_id":"5fc1c3b5-e266-4692-a790-a4fe3b7287f9-134092568142976","trial_id":70,"state":1,"values":[-0.9881873951736436],"datetime_complete":"2026-05-02T14:54:20.910134"}
{"op_code":4,"worker_id":"5fc1c3b5-e266-4692-a790-a4fe3b7287f9-134092568142976","study_id":0,"datetime_start":"2026-05-02T14:54:20.959053"}
{"op_code":9,"worker_id":"5fc1c3b5-e266-4692-a790-a4fe3b7287f9-134092568142976","trial_id":81,"system_attr":{"tpe:relative_params:0":"{\"RANK_REGRESS\": 19, \"REG_W\": 427.109069352578, \"USE_RMS_SCALING\": true}"}}
{"op_code":5,"worker_id":"5fc1c3b5-e266-4692-a790-a4fe3b7287f9-134092568142976","trial_id":81,"param_name":"RANK_REGRESS","param_value_internal":19.0,"distribution":"{\"name\": \"IntDistribution\", \"attributes\": {\"log\": false, \"step\": 1, \"low\": 5, \"high\": 80}}"}
{"op_code":5,"worker_id":"5fc1c3b5-e266-4692-a790-a4fe3b7287f9-134092568142976","trial_id":81,"param_name":"REG_W","param_value_internal":427.109069352578,"distribution":"{\"name\": \"FloatDistribution\", \"attributes\": {\"step\": null, \"low\": 1e-05, \"high\": 1000.0, \"log\": true}}"}
{"op_code":5,"worker_id":"5fc1c3b5-e266-4692-a790-a4fe3b7287f9-134092568142976","trial_id":81,"param_name":"USE_RMS_SCALING","param_value_internal":0,"distribution":"{\"name\": \"CategoricalDistribution\", \"attributes\": {\"choices\": [true, false]}}"}
{"op_code":6,"worker_id":"fbe5391e-cbe9-4059-b9dc-0f1517a8a58c-137193085895808","trial_id":68,"state":1,"values":[-0.1575186296293006],"datetime_complete":"2026-05-02T16:04:24.736669"}
{"op_code":4,"worker_id":"fbe5391e-cbe9-4059-b9dc-0f1517a8a58c-137193085895808","study_id":0,"datetime_start":"2026-05-02T16:04:24.800658"}
{"op_code":9,"worker_id":"fbe5391e-cbe9-4059-b9dc-0f1517a8a58c-137193085895808","trial_id":82,"system_attr":{"tpe:relative_params:0":"{\"RANK_REGRESS\": 59, \"REG_W\": 912.6816554208561, \"USE_RMS_SCALING\": true}"}}
{"op_code":5,"worker_id":"fbe5391e-cbe9-4059-b9dc-0f1517a8a58c-137193085895808","trial_id":82,"param_name":"RANK_REGRESS","param_value_internal":59.0,"distribution":"{\"name\": \"IntDistribution\", \"attributes\": {\"log\": false, \"step\": 1, \"low\": 5, \"high\": 80}}"}
{"op_code":5,"worker_id":"fbe5391e-cbe9-4059-b9dc-0f1517a8a58c-137193085895808","trial_id":82,"param_name":"REG_W","param_value_internal":912.6816554208561,"distribution":"{\"name\": \"FloatDistribution\", \"attributes\": {\"step\": null, \"low\": 1e-05, \"high\": 1000.0, \"log\": true}}"}
{"op_code":5,"worker_id":"fbe5391e-cbe9-4059-b9dc-0f1517a8a58c-137193085895808","trial_id":82,"param_name":"USE_RMS_SCALING","param_value_internal":0,"distribution":"{\"name\": \"CategoricalDistribution\", \"attributes\": {\"choices\": [true, false]}}"}
{"op_code":6,"worker_id":"a793c011-6ae8-4e69-aa41-3d62aec7299d-133097699153024","trial_id":75,"state":1,"values":[-0.6270700712563789],"datetime_complete":"2026-05-02T16:19:07.129539"}
{"op_code":4,"worker_id":"a793c011-6ae8-4e69-aa41-3d62aec7299d-133097699153024","study_id":0,"datetime_start":"2026-05-02T16:19:07.192470"}
{"op_code":9,"worker_id":"a793c011-6ae8-4e69-aa41-3d62aec7299d-133097699153024","trial_id":83,"system_attr":{"tpe:relative_params:0":"{\"RANK_REGRESS\": 56, \"REG_W\": 5.483133433332281, \"USE_RMS_SCALING\": true}"}}
{"op_code":5,"worker_id":"a793c011-6ae8-4e69-aa41-3d62aec7299d-133097699153024","trial_id":83,"param_name":"RANK_REGRESS","param_value_internal":56.0,"distribution":"{\"name\": \"IntDistribution\", \"attributes\": {\"log\": false, \"step\": 1, \"low\": 5, \"high\": 80}}"}
{"op_code":5,"worker_id":"a793c011-6ae8-4e69-aa41-3d62aec7299d-133097699153024","trial_id":83,"param_name":"REG_W","param_value_internal":5.483133433332281,"distribution":"{\"name\": \"FloatDistribution\", \"attributes\": {\"step\": null, \"low\": 1e-05, \"high\": 1000.0, \"log\": true}}"}
{"op_code":5,"worker_id":"a793c011-6ae8-4e69-aa41-3d62aec7299d-133097699153024","trial_id":83,"param_name":"USE_RMS_SCALING","param_value_internal":0,"distribution":"{\"name\": \"CategoricalDistribution\", \"attributes\": {\"choices\": [true, false]}}"}
{"op_code":6,"worker_id":"47c75f02-943f-459f-a079-87be9b152a56-130688229221504","trial_id":72,"state":1,"values":[0.0],"datetime_complete":"2026-05-02T16:36:38.119717"}
{"op_code":4,"worker_id":"47c75f02-943f-459f-a079-87be9b152a56-130688229221504","study_id":0,"datetime_start":"2026-05-02T16:36:38.168531"}
{"op_code":9,"worker_id":"47c75f02-943f-459f-a079-87be9b152a56-130688229221504","trial_id":84,"system_attr":{"tpe:relative_params:0":"{\"RANK_REGRESS\": 13, \"REG_W\": 452.0861601520886, \"USE_RMS_SCALING\": false}"}}
{"op_code":5,"worker_id":"47c75f02-943f-459f-a079-87be9b152a56-130688229221504","trial_id":84,"param_name":"RANK_REGRESS","param_value_internal":13.0,"distribution":"{\"name\": \"IntDistribution\", \"attributes\": {\"log\": false, \"step\": 1, \"low\": 5, \"high\": 80}}"}
{"op_code":5,"worker_id":"47c75f02-943f-459f-a079-87be9b152a56-130688229221504","trial_id":84,"param_name":"REG_W","param_value_internal":452.0861601520886,"distribution":"{\"name\": \"FloatDistribution\", \"attributes\": {\"step\": null, \"low\": 1e-05, \"high\": 1000.0, \"log\": true}}"}
{"op_code":5,"worker_id":"47c75f02-943f-459f-a079-87be9b152a56-130688229221504","trial_id":84,"param_name":"USE_RMS_SCALING","param_value_internal":1,"distribution":"{\"name\": \"CategoricalDistribution\", \"attributes\": {\"choices\": [true, false]}}"}
{"op_code":6,"worker_id":"c00c514d-a382-422c-a075-6f95dfa2727d-127232804910208","trial_id":65,"state":1,"values":[-0.9504724811146579],"datetime_complete":"2026-05-02T17:14:27.451531"}
{"op_code":4,"worker_id":"c00c514d-a382-422c-a075-6f95dfa2727d-127232804910208","study_id":0,"datetime_start":"2026-05-02T17:14:27.502733"}
{"op_code":9,"worker_id":"c00c514d-a382-422c-a075-6f95dfa2727d-127232804910208","trial_id":85,"system_attr":{"tpe:relative_params:0":"{\"RANK_REGRESS\": 76, \"REG_W\": 192.6236948428974, \"USE_RMS_SCALING\": true}"}}
{"op_code":5,"worker_id":"c00c514d-a382-422c-a075-6f95dfa2727d-127232804910208","trial_id":85,"param_name":"RANK_REGRESS","param_value_internal":76.0,"distribution":"{\"name\": \"IntDistribution\", \"attributes\": {\"log\": false, \"step\": 1, \"low\": 5, \"high\": 80}}"}
{"op_code":5,"worker_id":"c00c514d-a382-422c-a075-6f95dfa2727d-127232804910208","trial_id":85,"param_name":"REG_W","param_value_internal":192.6236948428974,"distribution":"{\"name\": \"FloatDistribution\", \"attributes\": {\"step\": null, \"low\": 1e-05, \"high\": 1000.0, \"log\": true}}"}
{"op_code":5,"worker_id":"c00c514d-a382-422c-a075-6f95dfa2727d-127232804910208","trial_id":85,"param_name":"USE_RMS_SCALING","param_value_internal":0,"distribution":"{\"name\": \"CategoricalDistribution\", \"attributes\": {\"choices\": [true, false]}}"}
{"op_code":6,"worker_id":"5f37f082-7261-4960-986a-7838bd4e5618-126624243164288","trial_id":64,"state":1,"values":[-0.31325297411168945],"datetime_complete":"2026-05-02T17:21:26.854982"}
{"op_code":4,"worker_id":"5f37f082-7261-4960-986a-7838bd4e5618-126624243164288","study_id":0,"datetime_start":"2026-05-02T17:21:26.902298"}
{"op_code":9,"worker_id":"5f37f082-7261-4960-986a-7838bd4e5618-126624243164288","trial_id":86,"system_attr":{"tpe:relative_params:0":"{\"RANK_REGRESS\": 42, \"REG_W\": 646.157247484462, \"USE_RMS_SCALING\": true}"}}
{"op_code":5,"worker_id":"5f37f082-7261-4960-986a-7838bd4e5618-126624243164288","trial_id":86,"param_name":"RANK_REGRESS","param_value_internal":42.0,"distribution":"{\"name\": \"IntDistribution\", \"attributes\": {\"log\": false, \"step\": 1, \"low\": 5, \"high\": 80}}"}
{"op_code":5,"worker_id":"5f37f082-7261-4960-986a-7838bd4e5618-126624243164288","trial_id":86,"param_name":"REG_W","param_value_internal":646.157247484462,"distribution":"{\"name\": \"FloatDistribution\", \"attributes\": {\"step\": null, \"low\": 1e-05, \"high\": 1000.0, \"log\": true}}"}
{"op_code":5,"worker_id":"5f37f082-7261-4960-986a-7838bd4e5618-126624243164288","trial_id":86,"param_name":"USE_RMS_SCALING","param_value_internal":0,"distribution":"{\"name\": \"CategoricalDistribution\", \"attributes\": {\"choices\": [true, false]}}"}
{"op_code":6,"worker_id":"5fc1c3b5-e266-4692-a790-a4fe3b7287f9-134092568142976","trial_id":81,"state":1,"values":[0.0],"datetime_complete":"2026-05-02T17:34:44.386820"}
{"op_code":4,"worker_id":"5fc1c3b5-e266-4692-a790-a4fe3b7287f9-134092568142976","study_id":0,"datetime_start":"2026-05-02T17:34:44.431721"}
{"op_code":9,"worker_id":"5fc1c3b5-e266-4692-a790-a4fe3b7287f9-134092568142976","trial_id":87,"system_attr":{"tpe:relative_params:0":"{\"RANK_REGRESS\": 48, \"REG_W\": 4.627010670961185, \"USE_RMS_SCALING\": true}"}}
{"op_code":5,"worker_id":"5fc1c3b5-e266-4692-a790-a4fe3b7287f9-134092568142976","trial_id":87,"param_name":"RANK_REGRESS","param_value_internal":48.0,"distribution":"{\"name\": \"IntDistribution\", \"attributes\": {\"log\": false, \"step\": 1, \"low\": 5, \"high\": 80}}"}
{"op_code":5,"worker_id":"5fc1c3b5-e266-4692-a790-a4fe3b7287f9-134092568142976","trial_id":87,"param_name":"REG_W","param_value_internal":4.627010670961185,"distribution":"{\"name\": \"FloatDistribution\", \"attributes\": {\"step\": null, \"low\": 1e-05, \"high\": 1000.0, \"log\": true}}"}
{"op_code":5,"worker_id":"5fc1c3b5-e266-4692-a790-a4fe3b7287f9-134092568142976","trial_id":87,"param_name":"USE_RMS_SCALING","param_value_internal":0,"distribution":"{\"name\": \"CategoricalDistribution\", \"attributes\": {\"choices\": [true, false]}}"}
{"op_code":6,"worker_id":"b0e63f0a-50a7-4e21-a780-cbefaef8c3ed-137376328979584","trial_id":80,"state":1,"values":[-0.16975100855609226],"datetime_complete":"2026-05-02T18:25:35.069931"}
{"op_code":4,"worker_id":"b0e63f0a-50a7-4e21-a780-cbefaef8c3ed-137376328979584","study_id":0,"datetime_start":"2026-05-02T18:25:35.122671"}
{"op_code":9,"worker_id":"b0e63f0a-50a7-4e21-a780-cbefaef8c3ed-137376328979584","trial_id":88,"system_attr":{"tpe:relative_params:0":"{\"RANK_REGRESS\": 58, \"REG_W\": 49.91661870313691, \"USE_RMS_SCALING\": true}"}}
{"op_code":5,"worker_id":"b0e63f0a-50a7-4e21-a780-cbefaef8c3ed-137376328979584","trial_id":88,"param_name":"RANK_REGRESS","param_value_internal":58.0,"distribution":"{\"name\": \"IntDistribution\", \"attributes\": {\"log\": false, \"step\": 1, \"low\": 5, \"high\": 80}}"}
{"op_code":5,"worker_id":"b0e63f0a-50a7-4e21-a780-cbefaef8c3ed-137376328979584","trial_id":88,"param_name":"REG_W","param_value_internal":49.91661870313691,"distribution":"{\"name\": \"FloatDistribution\", \"attributes\": {\"step\": null, \"low\": 1e-05, \"high\": 1000.0, \"log\": true}}"}
{"op_code":5,"worker_id":"b0e63f0a-50a7-4e21-a780-cbefaef8c3ed-137376328979584","trial_id":88,"param_name":"USE_RMS_SCALING","param_value_internal":0,"distribution":"{\"name\": \"CategoricalDistribution\", \"attributes\": {\"choices\": [true, false]}}"}
{"op_code":6,"worker_id":"47c75f02-943f-459f-a079-87be9b152a56-130688229221504","trial_id":84,"state":1,"values":[0.0],"datetime_complete":"2026-05-02T18:25:49.507223"}
{"op_code":4,"worker_id":"47c75f02-943f-459f-a079-87be9b152a56-130688229221504","study_id":0,"datetime_start":"2026-05-02T18:25:49.551356"}
{"op_code":9,"worker_id":"47c75f02-943f-459f-a079-87be9b152a56-130688229221504","trial_id":89,"system_attr":{"tpe:relative_params:0":"{\"RANK_REGRESS\": 7, \"REG_W\": 415.01670138560655, \"USE_RMS_SCALING\": false}"}}
{"op_code":5,"worker_id":"47c75f02-943f-459f-a079-87be9b152a56-130688229221504","trial_id":89,"param_name":"RANK_REGRESS","param_value_internal":7.0,"distribution":"{\"name\": \"IntDistribution\", \"attributes\": {\"log\": false, \"step\": 1, \"low\": 5, \"high\": 80}}"}
{"op_code":5,"worker_id":"47c75f02-943f-459f-a079-87be9b152a56-130688229221504","trial_id":89,"param_name":"REG_W","param_value_internal":415.01670138560655,"distribution":"{\"name\": \"FloatDistribution\", \"attributes\": {\"step\": null, \"low\": 1e-05, \"high\": 1000.0, \"log\": true}}"}
{"op_code":5,"worker_id":"47c75f02-943f-459f-a079-87be9b152a56-130688229221504","trial_id":89,"param_name":"USE_RMS_SCALING","param_value_internal":1,"distribution":"{\"name\": \"CategoricalDistribution\", \"attributes\": {\"choices\": [true, false]}}"}
{"op_code":6,"worker_id":"3168dd12-eef4-4425-975d-970b2008db04-133083820102784","trial_id":77,"state":1,"values":[-0.9180771691305795],"datetime_complete":"2026-05-02T18:37:09.229014"}
{"op_code":4,"worker_id":"3168dd12-eef4-4425-975d-970b2008db04-133083820102784","study_id":0,"datetime_start":"2026-05-02T18:37:09.284935"}
{"op_code":9,"worker_id":"3168dd12-eef4-4425-975d-970b2008db04-133083820102784","trial_id":90,"system_attr":{"tpe:relative_params:0":"{\"RANK_REGRESS\": 32, \"REG_W\": 799.5877759002642, \"USE_RMS_SCALING\": true}"}}
{"op_code":5,"worker_id":"3168dd12-eef4-4425-975d-970b2008db04-133083820102784","trial_id":90,"param_name":"RANK_REGRESS","param_value_internal":32.0,"distribution":"{\"name\": \"IntDistribution\", \"attributes\": {\"log\": false, \"step\": 1, \"low\": 5, \"high\": 80}}"}
{"op_code":5,"worker_id":"3168dd12-eef4-4425-975d-970b2008db04-133083820102784","trial_id":90,"param_name":"REG_W","param_value_internal":799.5877759002642,"distribution":"{\"name\": \"FloatDistribution\", \"attributes\": {\"step\": null, \"low\": 1e-05, \"high\": 1000.0, \"log\": true}}"}
{"op_code":5,"worker_id":"3168dd12-eef4-4425-975d-970b2008db04-133083820102784","trial_id":90,"param_name":"USE_RMS_SCALING","param_value_internal":0,"distribution":"{\"name\": \"CategoricalDistribution\", \"attributes\": {\"choices\": [true, false]}}"}
{"op_code":6,"worker_id":"5f0757e1-3838-453b-946e-293e46f2b4a9-134498379293824","trial_id":78,"state":1,"values":[-1.0],"datetime_complete":"2026-05-02T19:06:56.565298"}
{"op_code":4,"worker_id":"5f0757e1-3838-453b-946e-293e46f2b4a9-134498379293824","study_id":0,"datetime_start":"2026-05-02T19:06:56.615528"}
{"op_code":9,"worker_id":"5f0757e1-3838-453b-946e-293e46f2b4a9-134498379293824","trial_id":91,"system_attr":{"tpe:relative_params:0":"{\"RANK_REGRESS\": 79, \"REG_W\": 570.6558234440193, \"USE_RMS_SCALING\": true}"}}
{"op_code":5,"worker_id":"5f0757e1-3838-453b-946e-293e46f2b4a9-134498379293824","trial_id":91,"param_name":"RANK_REGRESS","param_value_internal":79.0,"distribution":"{\"name\": \"IntDistribution\", \"attributes\": {\"log\": false, \"step\": 1, \"low\": 5, \"high\": 80}}"}
{"op_code":5,"worker_id":"5f0757e1-3838-453b-946e-293e46f2b4a9-134498379293824","trial_id":91,"param_name":"REG_W","param_value_internal":570.6558234440193,"distribution":"{\"name\": \"FloatDistribution\", \"attributes\": {\"step\": null, \"low\": 1e-05, \"high\": 1000.0, \"log\": true}}"}
{"op_code":5,"worker_id":"5f0757e1-3838-453b-946e-293e46f2b4a9-134498379293824","trial_id":91,"param_name":"USE_RMS_SCALING","param_value_internal":0,"distribution":"{\"name\": \"CategoricalDistribution\", \"attributes\": {\"choices\": [true, false]}}"}
{"op_code":6,"worker_id":"bea73a5b-cde7-436e-b177-98b999ac2901-138229494871168","trial_id":67,"state":1,"values":[-0.012663614175535817],"datetime_complete":"2026-05-02T19:16:12.776325"}
{"op_code":4,"worker_id":"bea73a5b-cde7-436e-b177-98b999ac2901-138229494871168","study_id":0,"datetime_start":"2026-05-02T19:16:12.840166"}
{"op_code":9,"worker_id":"bea73a5b-cde7-436e-b177-98b999ac2901-138229494871168","trial_id":92,"system_attr":{"tpe:relative_params:0":"{\"RANK_REGRESS\": 27, \"REG_W\": 698.7764910387662, \"USE_RMS_SCALING\": false}"}}
{"op_code":5,"worker_id":"bea73a5b-cde7-436e-b177-98b999ac2901-138229494871168","trial_id":92,"param_name":"RANK_REGRESS","param_value_internal":27.0,"distribution":"{\"name\": \"IntDistribution\", \"attributes\": {\"log\": false, \"step\": 1, \"low\": 5, \"high\": 80}}"}
{"op_code":5,"worker_id":"bea73a5b-cde7-436e-b177-98b999ac2901-138229494871168","trial_id":92,"param_name":"REG_W","param_value_internal":698.7764910387662,"distribution":"{\"name\": \"FloatDistribution\", \"attributes\": {\"step\": null, \"low\": 1e-05, \"high\": 1000.0, \"log\": true}}"}
{"op_code":5,"worker_id":"bea73a5b-cde7-436e-b177-98b999ac2901-138229494871168","trial_id":92,"param_name":"USE_RMS_SCALING","param_value_internal":1,"distribution":"{\"name\": \"CategoricalDistribution\", \"attributes\": {\"choices\": [true, false]}}"}
{"op_code":6,"worker_id":"47c75f02-943f-459f-a079-87be9b152a56-130688229221504","trial_id":89,"state":1,"values":[0.0],"datetime_complete":"2026-05-02T19:20:05.227342"}
{"op_code":4,"worker_id":"47c75f02-943f-459f-a079-87be9b152a56-130688229221504","study_id":0,"datetime_start":"2026-05-02T19:20:05.277457"}
{"op_code":9,"worker_id":"47c75f02-943f-459f-a079-87be9b152a56-130688229221504","trial_id":93,"system_attr":{"tpe:relative_params:0":"{\"RANK_REGRESS\": 41, \"REG_W\": 79.49818653121369, \"USE_RMS_SCALING\": true}"}}
{"op_code":5,"worker_id":"47c75f02-943f-459f-a079-87be9b152a56-130688229221504","trial_id":93,"param_name":"RANK_REGRESS","param_value_internal":41.0,"distribution":"{\"name\": \"IntDistribution\", \"attributes\": {\"log\": false, \"step\": 1, \"low\": 5, \"high\": 80}}"}
{"op_code":5,"worker_id":"47c75f02-943f-459f-a079-87be9b152a56-130688229221504","trial_id":93,"param_name":"REG_W","param_value_internal":79.49818653121369,"distribution":"{\"name\": \"FloatDistribution\", \"attributes\": {\"step\": null, \"low\": 1e-05, \"high\": 1000.0, \"log\": true}}"}
{"op_code":5,"worker_id":"47c75f02-943f-459f-a079-87be9b152a56-130688229221504","trial_id":93,"param_name":"USE_RMS_SCALING","param_value_internal":0,"distribution":"{\"name\": \"CategoricalDistribution\", \"attributes\": {\"choices\": [true, false]}}"}
{"op_code":6,"worker_id":"7a695af1-2ee9-4de1-b9d3-27c4e81d59e1-136664719791232","trial_id":76,"state":1,"values":[-1.0],"datetime_complete":"2026-05-02T19:29:51.515189"}
{"op_code":4,"worker_id":"7a695af1-2ee9-4de1-b9d3-27c4e81d59e1-136664719791232","study_id":0,"datetime_start":"2026-05-02T19:29:51.572892"}
{"op_code":9,"worker_id":"7a695af1-2ee9-4de1-b9d3-27c4e81d59e1-136664719791232","trial_id":94,"system_attr":{"tpe:relative_params:0":"{\"RANK_REGRESS\": 25, \"REG_W\": 159.90944337102462, \"USE_RMS_SCALING\": false}"}}
{"op_code":5,"worker_id":"7a695af1-2ee9-4de1-b9d3-27c4e81d59e1-136664719791232","trial_id":94,"param_name":"RANK_REGRESS","param_value_internal":25.0,"distribution":"{\"name\": \"IntDistribution\", \"attributes\": {\"log\": false, \"step\": 1, \"low\": 5, \"high\": 80}}"}
{"op_code":5,"worker_id":"7a695af1-2ee9-4de1-b9d3-27c4e81d59e1-136664719791232","trial_id":94,"param_name":"REG_W","param_value_internal":159.90944337102462,"distribution":"{\"name\": \"FloatDistribution\", \"attributes\": {\"step\": null, \"low\": 1e-05, \"high\": 1000.0, \"log\": true}}"}
{"op_code":5,"worker_id":"7a695af1-2ee9-4de1-b9d3-27c4e81d59e1-136664719791232","trial_id":94,"param_name":"USE_RMS_SCALING","param_value_internal":1,"distribution":"{\"name\": \"CategoricalDistribution\", \"attributes\": {\"choices\": [true, false]}}"}
{"op_code":6,"worker_id":"f605b1f6-92c4-47e7-a246-898e94ff013d-129503694886016","trial_id":73,"state":1,"values":[-1.0],"datetime_complete":"2026-05-02T19:42:30.087912"}
{"op_code":4,"worker_id":"f605b1f6-92c4-47e7-a246-898e94ff013d-129503694886016","study_id":0,"datetime_start":"2026-05-02T19:42:30.135198"}
{"op_code":9,"worker_id":"f605b1f6-92c4-47e7-a246-898e94ff013d-129503694886016","trial_id":95,"system_attr":{"tpe:relative_params:0":"{\"RANK_REGRESS\": 67, \"REG_W\": 75.46844793087178, \"USE_RMS_SCALING\": true}"}}
{"op_code":5,"worker_id":"f605b1f6-92c4-47e7-a246-898e94ff013d-129503694886016","trial_id":95,"param_name":"RANK_REGRESS","param_value_internal":67.0,"distribution":"{\"name\": \"IntDistribution\", \"attributes\": {\"log\": false, \"step\": 1, \"low\": 5, \"high\": 80}}"}
{"op_code":5,"worker_id":"f605b1f6-92c4-47e7-a246-898e94ff013d-129503694886016","trial_id":95,"param_name":"REG_W","param_value_internal":75.46844793087178,"distribution":"{\"name\": \"FloatDistribution\", \"attributes\": {\"step\": null, \"low\": 1e-05, \"high\": 1000.0, \"log\": true}}"}
{"op_code":5,"worker_id":"f605b1f6-92c4-47e7-a246-898e94ff013d-129503694886016","trial_id":95,"param_name":"USE_RMS_SCALING","param_value_internal":0,"distribution":"{\"name\": \"CategoricalDistribution\", \"attributes\": {\"choices\": [true, false]}}"}
{"op_code":6,"worker_id":"b10a0f34-079e-42a1-953c-62c5ce1f26f2-127437797278848","trial_id":59,"state":1,"values":[-0.961357292577777],"datetime_complete":"2026-05-02T19:47:13.148200"}
{"op_code":4,"worker_id":"b10a0f34-079e-42a1-953c-62c5ce1f26f2-127437797278848","study_id":0,"datetime_start":"2026-05-02T19:47:13.306731"}
{"op_code":9,"worker_id":"b10a0f34-079e-42a1-953c-62c5ce1f26f2-127437797278848","trial_id":96,"system_attr":{"tpe:relative_params:0":"{\"RANK_REGRESS\": 42, \"REG_W\": 15.304704064845474, \"USE_RMS_SCALING\": true}"}}
{"op_code":5,"worker_id":"b10a0f34-079e-42a1-953c-62c5ce1f26f2-127437797278848","trial_id":96,"param_name":"RANK_REGRESS","param_value_internal":42.0,"distribution":"{\"name\": \"IntDistribution\", \"attributes\": {\"log\": false, \"step\": 1, \"low\": 5, \"high\": 80}}"}
{"op_code":5,"worker_id":"b10a0f34-079e-42a1-953c-62c5ce1f26f2-127437797278848","trial_id":96,"param_name":"REG_W","param_value_internal":15.304704064845474,"distribution":"{\"name\": \"FloatDistribution\", \"attributes\": {\"step\": null, \"low\": 1e-05, \"high\": 1000.0, \"log\": true}}"}
{"op_code":5,"worker_id":"b10a0f34-079e-42a1-953c-62c5ce1f26f2-127437797278848","trial_id":96,"param_name":"USE_RMS_SCALING","param_value_internal":0,"distribution":"{\"name\": \"CategoricalDistribution\", \"attributes\": {\"choices\": [true, false]}}"}
{"op_code":6,"worker_id":"7b350a0f-a26d-4d96-8547-ccdd110ac532-136172761199744","trial_id":60,"state":1,"values":[-0.13653981210319013],"datetime_complete":"2026-05-02T20:35:09.730714"}
{"op_code":4,"worker_id":"7b350a0f-a26d-4d96-8547-ccdd110ac532-136172761199744","study_id":0,"datetime_start":"2026-05-02T20:35:09.782935"}
{"op_code":9,"worker_id":"7b350a0f-a26d-4d96-8547-ccdd110ac532-136172761199744","trial_id":97,"system_attr":{"tpe:relative_params:0":"{\"RANK_REGRESS\": 21, \"REG_W\": 785.9572996567866, \"USE_RMS_SCALING\": false}"}}
{"op_code":5,"worker_id":"7b350a0f-a26d-4d96-8547-ccdd110ac532-136172761199744","trial_id":97,"param_name":"RANK_REGRESS","param_value_internal":21.0,"distribution":"{\"name\": \"IntDistribution\", \"attributes\": {\"log\": false, \"step\": 1, \"low\": 5, \"high\": 80}}"}
{"op_code":5,"worker_id":"7b350a0f-a26d-4d96-8547-ccdd110ac532-136172761199744","trial_id":97,"param_name":"REG_W","param_value_internal":785.9572996567866,"distribution":"{\"name\": \"FloatDistribution\", \"attributes\": {\"step\": null, \"low\": 1e-05, \"high\": 1000.0, \"log\": true}}"}
{"op_code":5,"worker_id":"7b350a0f-a26d-4d96-8547-ccdd110ac532-136172761199744","trial_id":97,"param_name":"USE_RMS_SCALING","param_value_internal":1,"distribution":"{\"name\": \"CategoricalDistribution\", \"attributes\": {\"choices\": [true, false]}}"}
{"op_code":6,"worker_id":"e01d5226-f967-4878-a512-e886e6597379-132697226065024","trial_id":57,"state":1,"values":[-1.0],"datetime_complete":"2026-05-02T20:53:32.793826"}
{"op_code":4,"worker_id":"e01d5226-f967-4878-a512-e886e6597379-132697226065024","study_id":0,"datetime_start":"2026-05-02T20:53:32.842021"}
{"op_code":9,"worker_id":"e01d5226-f967-4878-a512-e886e6597379-132697226065024","trial_id":98,"system_attr":{"tpe:relative_params:0":"{\"RANK_REGRESS\": 17, \"REG_W\": 7.578413683880794, \"USE_RMS_SCALING\": false}"}}
{"op_code":5,"worker_id":"e01d5226-f967-4878-a512-e886e6597379-132697226065024","trial_id":98,"param_name":"RANK_REGRESS","param_value_internal":17.0,"distribution":"{\"name\": \"IntDistribution\", \"attributes\": {\"log\": false, \"step\": 1, \"low\": 5, \"high\": 80}}"}
{"op_code":5,"worker_id":"e01d5226-f967-4878-a512-e886e6597379-132697226065024","trial_id":98,"param_name":"REG_W","param_value_internal":7.578413683880794,"distribution":"{\"name\": \"FloatDistribution\", \"attributes\": {\"step\": null, \"low\": 1e-05, \"high\": 1000.0, \"log\": true}}"}
{"op_code":5,"worker_id":"e01d5226-f967-4878-a512-e886e6597379-132697226065024","trial_id":98,"param_name":"USE_RMS_SCALING","param_value_internal":1,"distribution":"{\"name\": \"CategoricalDistribution\", \"attributes\": {\"choices\": [true, false]}}"}
{"op_code":6,"worker_id":"ecb66888-4c19-4cee-b453-167ace8607a7-127135603332224","trial_id":69,"state":1,"values":[0.0],"datetime_complete":"2026-05-02T21:09:58.645237"}
{"op_code":4,"worker_id":"ecb66888-4c19-4cee-b453-167ace8607a7-127135603332224","study_id":0,"datetime_start":"2026-05-02T21:09:58.690602"}
{"op_code":9,"worker_id":"ecb66888-4c19-4cee-b453-167ace8607a7-127135603332224","trial_id":99,"system_attr":{"tpe:relative_params:0":"{\"RANK_REGRESS\": 34, \"REG_W\": 11.109210267681593, \"USE_RMS_SCALING\": true}"}}
{"op_code":5,"worker_id":"ecb66888-4c19-4cee-b453-167ace8607a7-127135603332224","trial_id":99,"param_name":"RANK_REGRESS","param_value_internal":34.0,"distribution":"{\"name\": \"IntDistribution\", \"attributes\": {\"log\": false, \"step\": 1, \"low\": 5, \"high\": 80}}"}
{"op_code":5,"worker_id":"ecb66888-4c19-4cee-b453-167ace8607a7-127135603332224","trial_id":99,"param_name":"REG_W","param_value_internal":11.109210267681593,"distribution":"{\"name\": \"FloatDistribution\", \"attributes\": {\"step\": null, \"low\": 1e-05, \"high\": 1000.0, \"log\": true}}"}
{"op_code":5,"worker_id":"ecb66888-4c19-4cee-b453-167ace8607a7-127135603332224","trial_id":99,"param_name":"USE_RMS_SCALING","param_value_internal":0,"distribution":"{\"name\": \"CategoricalDistribution\", \"attributes\": {\"choices\": [true, false]}}"}
{"op_code":6,"worker_id":"1cd815ba-6d89-472d-95c4-79d70b2dc84b-126052233639040","trial_id":66,"state":1,"values":[-0.18980264618432896],"datetime_complete":"2026-05-02T21:43:51.387428"}
{"op_code":4,"worker_id":"1cd815ba-6d89-472d-95c4-79d70b2dc84b-126052233639040","study_id":0,"datetime_start":"2026-05-02T21:43:51.434242"}
{"op_code":9,"worker_id":"1cd815ba-6d89-472d-95c4-79d70b2dc84b-126052233639040","trial_id":100,"system_attr":{"tpe:relative_params:0":"{\"RANK_REGRESS\": 52, \"REG_W\": 94.2884295861205, \"USE_RMS_SCALING\": true}"}}
{"op_code":5,"worker_id":"1cd815ba-6d89-472d-95c4-79d70b2dc84b-126052233639040","trial_id":100,"param_name":"RANK_REGRESS","param_value_internal":52.0,"distribution":"{\"name\": \"IntDistribution\", \"attributes\": {\"log\": false, \"step\": 1, \"low\": 5, \"high\": 80}}"}
{"op_code":5,"worker_id":"1cd815ba-6d89-472d-95c4-79d70b2dc84b-126052233639040","trial_id":100,"param_name":"REG_W","param_value_internal":94.2884295861205,"distribution":"{\"name\": \"FloatDistribution\", \"attributes\": {\"step\": null, \"low\": 1e-05, \"high\": 1000.0, \"log\": true}}"}
{"op_code":5,"worker_id":"1cd815ba-6d89-472d-95c4-79d70b2dc84b-126052233639040","trial_id":100,"param_name":"USE_RMS_SCALING","param_value_internal":0,"distribution":"{\"name\": \"CategoricalDistribution\", \"attributes\": {\"choices\": [true, false]}}"}
{"op_code":6,"worker_id":"7b350a0f-a26d-4d96-8547-ccdd110ac532-136172761199744","trial_id":97,"state":1,"values":[0.0],"datetime_complete":"2026-05-02T23:31:55.353996"}
{"op_code":4,"worker_id":"7b350a0f-a26d-4d96-8547-ccdd110ac532-136172761199744","study_id":0,"datetime_start":"2026-05-02T23:31:55.407603"}
{"op_code":9,"worker_id":"7b350a0f-a26d-4d96-8547-ccdd110ac532-136172761199744","trial_id":101,"system_attr":{"tpe:relative_params:0":"{\"RANK_REGRESS\": 10, \"REG_W\": 563.6738850438687, \"USE_RMS_SCALING\": false}"}}
{"op_code":5,"worker_id":"7b350a0f-a26d-4d96-8547-ccdd110ac532-136172761199744","trial_id":101,"param_name":"RANK_REGRESS","param_value_internal":10.0,"distribution":"{\"name\": \"IntDistribution\", \"attributes\": {\"log\": false, \"step\": 1, \"low\": 5, \"high\": 80}}"}
{"op_code":5,"worker_id":"7b350a0f-a26d-4d96-8547-ccdd110ac532-136172761199744","trial_id":101,"param_name":"REG_W","param_value_internal":563.6738850438687,"distribution":"{\"name\": \"FloatDistribution\", \"attributes\": {\"step\": null, \"low\": 1e-05, \"high\": 1000.0, \"log\": true}}"}
{"op_code":5,"worker_id":"7b350a0f-a26d-4d96-8547-ccdd110ac532-136172761199744","trial_id":101,"param_name":"USE_RMS_SCALING","param_value_internal":1,"distribution":"{\"name\": \"CategoricalDistribution\", \"attributes\": {\"choices\": [true, false]}}"}
{"op_code":6,"worker_id":"7a695af1-2ee9-4de1-b9d3-27c4e81d59e1-136664719791232","trial_id":94,"state":1,"values":[-0.012715487209758495],"datetime_complete":"2026-05-02T23:32:28.514273"}
{"op_code":4,"worker_id":"7a695af1-2ee9-4de1-b9d3-27c4e81d59e1-136664719791232","study_id":0,"datetime_start":"2026-05-02T23:32:28.567580"}
{"op_code":9,"worker_id":"7a695af1-2ee9-4de1-b9d3-27c4e81d59e1-136664719791232","trial_id":102,"system_attr":{"tpe:relative_params:0":"{\"RANK_REGRESS\": 5, \"REG_W\": 232.81949518507543, \"USE_RMS_SCALING\": false}"}}
{"op_code":5,"worker_id":"7a695af1-2ee9-4de1-b9d3-27c4e81d59e1-136664719791232","trial_id":102,"param_name":"RANK_REGRESS","param_value_internal":5.0,"distribution":"{\"name\": \"IntDistribution\", \"attributes\": {\"log\": false, \"step\": 1, \"low\": 5, \"high\": 80}}"}
{"op_code":5,"worker_id":"7a695af1-2ee9-4de1-b9d3-27c4e81d59e1-136664719791232","trial_id":102,"param_name":"REG_W","param_value_internal":232.81949518507543,"distribution":"{\"name\": \"FloatDistribution\", \"attributes\": {\"step\": null, \"low\": 1e-05, \"high\": 1000.0, \"log\": true}}"}
{"op_code":5,"worker_id":"7a695af1-2ee9-4de1-b9d3-27c4e81d59e1-136664719791232","trial_id":102,"param_name":"USE_RMS_SCALING","param_value_internal":1,"distribution":"{\"name\": \"CategoricalDistribution\", \"attributes\": {\"choices\": [true, false]}}"}
{"op_code":6,"worker_id":"bea73a5b-cde7-436e-b177-98b999ac2901-138229494871168","trial_id":92,"state":1,"values":[0.0],"datetime_complete":"2026-05-02T23:34:04.370377"}
{"op_code":4,"worker_id":"bea73a5b-cde7-436e-b177-98b999ac2901-138229494871168","study_id":0,"datetime_start":"2026-05-02T23:34:04.410955"}
{"op_code":9,"worker_id":"bea73a5b-cde7-436e-b177-98b999ac2901-138229494871168","trial_id":103,"system_attr":{"tpe:relative_params:0":"{\"RANK_REGRESS\": 11, \"REG_W\": 655.6422343982659, \"USE_RMS_SCALING\": false}"}}
{"op_code":5,"worker_id":"bea73a5b-cde7-436e-b177-98b999ac2901-138229494871168","trial_id":103,"param_name":"RANK_REGRESS","param_value_internal":11.0,"distribution":"{\"name\": \"IntDistribution\", \"attributes\": {\"log\": false, \"step\": 1, \"low\": 5, \"high\": 80}}"}
{"op_code":5,"worker_id":"bea73a5b-cde7-436e-b177-98b999ac2901-138229494871168","trial_id":103,"param_name":"REG_W","param_value_internal":655.6422343982659,"distribution":"{\"name\": \"FloatDistribution\", \"attributes\": {\"step\": null, \"low\": 1e-05, \"high\": 1000.0, \"log\": true}}"}
{"op_code":5,"worker_id":"bea73a5b-cde7-436e-b177-98b999ac2901-138229494871168","trial_id":103,"param_name":"USE_RMS_SCALING","param_value_internal":1,"distribution":"{\"name\": \"CategoricalDistribution\", \"attributes\": {\"choices\": [true, false]}}"}
{"op_code":6,"worker_id":"5f37f082-7261-4960-986a-7838bd4e5618-126624243164288","trial_id":86,"state":1,"values":[0.0],"datetime_complete":"2026-05-02T23:43:36.695929"}
{"op_code":4,"worker_id":"5f37f082-7261-4960-986a-7838bd4e5618-126624243164288","study_id":0,"datetime_start":"2026-05-02T23:43:36.735966"}
{"op_code":9,"worker_id":"5f37f082-7261-4960-986a-7838bd4e5618-126624243164288","trial_id":104,"system_attr":{"tpe:relative_params:0":"{\"RANK_REGRESS\": 8, \"REG_W\": 38.03139985595823, \"USE_RMS_SCALING\": false}"}}
{"op_code":5,"worker_id":"5f37f082-7261-4960-986a-7838bd4e5618-126624243164288","trial_id":104,"param_name":"RANK_REGRESS","param_value_internal":8.0,"distribution":"{\"name\": \"IntDistribution\", \"attributes\": {\"log\": false, \"step\": 1, \"low\": 5, \"high\": 80}}"}
{"op_code":5,"worker_id":"5f37f082-7261-4960-986a-7838bd4e5618-126624243164288","trial_id":104,"param_name":"REG_W","param_value_internal":38.03139985595823,"distribution":"{\"name\": \"FloatDistribution\", \"attributes\": {\"step\": null, \"low\": 1e-05, \"high\": 1000.0, \"log\": true}}"}
{"op_code":5,"worker_id":"5f37f082-7261-4960-986a-7838bd4e5618-126624243164288","trial_id":104,"param_name":"USE_RMS_SCALING","param_value_internal":1,"distribution":"{\"name\": \"CategoricalDistribution\", \"attributes\": {\"choices\": [true, false]}}"}
{"op_code":6,"worker_id":"e01d5226-f967-4878-a512-e886e6597379-132697226065024","trial_id":98,"state":1,"values":[-0.2737437050196613],"datetime_complete":"2026-05-03T00:09:54.814711"}
{"op_code":6,"worker_id":"7a695af1-2ee9-4de1-b9d3-27c4e81d59e1-136664719791232","trial_id":102,"state":1,"values":[0.0],"datetime_complete":"2026-05-03T00:13:07.461127"}
{"op_code":6,"worker_id":"7b350a0f-a26d-4d96-8547-ccdd110ac532-136172761199744","trial_id":101,"state":1,"values":[0.0],"datetime_complete":"2026-05-03T00:48:00.803296"}
{"op_code":6,"worker_id":"a793c011-6ae8-4e69-aa41-3d62aec7299d-133097699153024","trial_id":83,"state":1,"values":[-0.3974040010279163],"datetime_complete":"2026-05-03T00:57:29.027543"}
{"op_code":6,"worker_id":"5f37f082-7261-4960-986a-7838bd4e5618-126624243164288","trial_id":104,"state":1,"values":[-0.0085455029668694],"datetime_complete":"2026-05-03T00:58:31.742969"}
{"op_code":6,"worker_id":"bea73a5b-cde7-436e-b177-98b999ac2901-138229494871168","trial_id":103,"state":1,"values":[0.0],"datetime_complete":"2026-05-03T01:04:24.065232"}
{"op_code":6,"worker_id":"1945b949-89f0-4a18-aefd-faafb65673f3-136772056802432","trial_id":71,"state":1,"values":[-1.0],"datetime_complete":"2026-05-03T02:16:05.323611"}
{"op_code":6,"worker_id":"26c6e05e-d5b8-46a1-ab1e-4f5138ad3efe-127263599748224","trial_id":74,"state":1,"values":[-0.15792777092271684],"datetime_complete":"2026-05-03T02:19:32.214602"}
{"op_code":6,"worker_id":"fbe5391e-cbe9-4059-b9dc-0f1517a8a58c-137193085895808","trial_id":82,"state":1,"values":[0.0],"datetime_complete":"2026-05-03T02:22:05.652511"}
{"op_code":6,"worker_id":"d7b47930-68dc-405f-aff7-1d1a4f432348-138089026049152","trial_id":79,"state":1,"values":[-0.8303528115065629],"datetime_complete":"2026-05-03T02:46:48.686119"}
{"op_code":6,"worker_id":"47c75f02-943f-459f-a079-87be9b152a56-130688229221504","trial_id":93,"state":1,"values":[0.0],"datetime_complete":"2026-05-03T02:48:25.136665"}
{"op_code":6,"worker_id":"ecb66888-4c19-4cee-b453-167ace8607a7-127135603332224","trial_id":99,"state":1,"values":[-0.05532489460425031],"datetime_complete":"2026-05-03T03:51:56.107711"}
{"op_code":6,"worker_id":"3b982818-3199-467e-bfe5-33e072a1a8cf-133705938273408","trial_id":61,"state":1,"values":[-0.02313290380611092],"datetime_complete":"2026-05-03T04:25:14.782165"}
{"op_code":6,"worker_id":"c00c514d-a382-422c-a075-6f95dfa2727d-127232804910208","trial_id":85,"state":1,"values":[0.0],"datetime_complete":"2026-05-03T05:04:49.176966"}
{"op_code":6,"worker_id":"1cd815ba-6d89-472d-95c4-79d70b2dc84b-126052233639040","trial_id":100,"state":1,"values":[0.0],"datetime_complete":"2026-05-03T06:00:52.285111"}
{"op_code":6,"worker_id":"b0e63f0a-50a7-4e21-a780-cbefaef8c3ed-137376328979584","trial_id":88,"state":1,"values":[0.004874824878859041],"datetime_complete":"2026-05-03T06:42:06.713593"}
{"op_code":6,"worker_id":"3168dd12-eef4-4425-975d-970b2008db04-133083820102784","trial_id":90,"state":1,"values":[0.0],"datetime_complete":"2026-05-03T08:08:36.192792"}
{"op_code":6,"worker_id":"f605b1f6-92c4-47e7-a246-898e94ff013d-129503694886016","trial_id":95,"state":1,"values":[0.0],"datetime_complete":"2026-05-03T08:51:54.565338"}
{"op_code":6,"worker_id":"5f0757e1-3838-453b-946e-293e46f2b4a9-134498379293824","trial_id":91,"state":1,"values":[0.0],"datetime_complete":"2026-05-03T08:55:41.449769"}
{"op_code":6,"worker_id":"5fc1c3b5-e266-4692-a790-a4fe3b7287f9-134092568142976","trial_id":87,"state":1,"values":[-0.3647230848568448],"datetime_complete":"2026-05-03T11:29:24.694992"}
{"op_code":6,"worker_id":"b10a0f34-079e-42a1-953c-62c5ce1f26f2-127437797278848","trial_id":96,"state":1,"values":[-0.07914257225560802],"datetime_complete":"2026-05-03T13:03:19.693080"}
{"op_code":0,"worker_id":"c9710038-feff-4956-a725-48cd81dc5ff8-135658615854208","study_name":"cp_pred_levels_L2_residual_delta","directions":[2]}
{"op_code":4,"worker_id":"c9710038-feff-4956-a725-48cd81dc5ff8-135658615854208","study_id":0,"datetime_start":"2026-05-05T15:10:47.289016"}
{"op_code":9,"worker_id":"c9710038-feff-4956-a725-48cd81dc5ff8-135658615854208","trial_id":105,"system_attr":{"tpe:relative_params:0":"{\"RANK_REGRESS\": 64, \"REG_W\": 29.354836360848306, \"USE_RMS_SCALING\": true}"}}
{"op_code":5,"worker_id":"c9710038-feff-4956-a725-48cd81dc5ff8-135658615854208","trial_id":105,"param_name":"RANK_REGRESS","param_value_internal":64.0,"distribution":"{\"name\": \"IntDistribution\", \"attributes\": {\"log\": false, \"step\": 1, \"low\": 5, \"high\": 80}}"}
{"op_code":5,"worker_id":"c9710038-feff-4956-a725-48cd81dc5ff8-135658615854208","trial_id":105,"param_name":"REG_W","param_value_internal":29.354836360848306,"distribution":"{\"name\": \"FloatDistribution\", \"attributes\": {\"step\": null, \"low\": 1e-05, \"high\": 1000.0, \"log\": true}}"}
{"op_code":5,"worker_id":"c9710038-feff-4956-a725-48cd81dc5ff8-135658615854208","trial_id":105,"param_name":"USE_RMS_SCALING","param_value_internal":0,"distribution":"{\"name\": \"CategoricalDistribution\", \"attributes\": {\"choices\": [true, false]}}"}
{"op_code":0,"worker_id":"80eccb33-98be-4d0c-995c-1fa46f393b30-137367927161984","study_name":"cp_pred_levels_L2_residual_delta","directions":[2]}
{"op_code":4,"worker_id":"80eccb33-98be-4d0c-995c-1fa46f393b30-137367927161984","study_id":0,"datetime_start":"2026-05-05T15:15:42.828110"}
{"op_code":9,"worker_id":"80eccb33-98be-4d0c-995c-1fa46f393b30-137367927161984","trial_id":106,"system_attr":{"tpe:relative_params:0":"{\"RANK_REGRESS\": 55, \"REG_W\": 14.776437312830756, \"USE_RMS_SCALING\": true}"}}
{"op_code":5,"worker_id":"80eccb33-98be-4d0c-995c-1fa46f393b30-137367927161984","trial_id":106,"param_name":"RANK_REGRESS","param_value_internal":55.0,"distribution":"{\"name\": \"IntDistribution\", \"attributes\": {\"log\": false, \"step\": 1, \"low\": 5, \"high\": 80}}"}
{"op_code":5,"worker_id":"80eccb33-98be-4d0c-995c-1fa46f393b30-137367927161984","trial_id":106,"param_name":"REG_W","param_value_internal":14.776437312830756,"distribution":"{\"name\": \"FloatDistribution\", \"attributes\": {\"step\": null, \"low\": 1e-05, \"high\": 1000.0, \"log\": true}}"}
{"op_code":5,"worker_id":"80eccb33-98be-4d0c-995c-1fa46f393b30-137367927161984","trial_id":106,"param_name":"USE_RMS_SCALING","param_value_internal":0,"distribution":"{\"name\": \"CategoricalDistribution\", \"attributes\": {\"choices\": [true, false]}}"}
{"op_code":0,"worker_id":"64d0c31e-4352-414b-9e64-28830d3d07d7-125443874575488","study_name":"cp_pred_levels_L2_residual_delta","directions":[2]}
{"op_code":4,"worker_id":"64d0c31e-4352-414b-9e64-28830d3d07d7-125443874575488","study_id":0,"datetime_start":"2026-05-05T15:15:44.033144"}
{"op_code":9,"worker_id":"64d0c31e-4352-414b-9e64-28830d3d07d7-125443874575488","trial_id":107,"system_attr":{"tpe:relative_params:0":"{\"RANK_REGRESS\": 40, \"REG_W\": 42.32647752409278, \"USE_RMS_SCALING\": false}"}}
{"op_code":5,"worker_id":"64d0c31e-4352-414b-9e64-28830d3d07d7-125443874575488","trial_id":107,"param_name":"RANK_REGRESS","param_value_internal":40.0,"distribution":"{\"name\": \"IntDistribution\", \"attributes\": {\"log\": false, \"step\": 1, \"low\": 5, \"high\": 80}}"}
{"op_code":5,"worker_id":"64d0c31e-4352-414b-9e64-28830d3d07d7-125443874575488","trial_id":107,"param_name":"REG_W","param_value_internal":42.32647752409278,"distribution":"{\"name\": \"FloatDistribution\", \"attributes\": {\"step\": null, \"low\": 1e-05, \"high\": 1000.0, \"log\": true}}"}
{"op_code":5,"worker_id":"64d0c31e-4352-414b-9e64-28830d3d07d7-125443874575488","trial_id":107,"param_name":"USE_RMS_SCALING","param_value_internal":1,"distribution":"{\"name\": \"CategoricalDistribution\", \"attributes\": {\"choices\": [true, false]}}"}
{"op_code":0,"worker_id":"78e752fc-ec52-41b1-bfce-8ea4dd25333d-124687696241792","study_name":"cp_pred_levels_L2_residual_delta","directions":[2]}
{"op_code":4,"worker_id":"78e752fc-ec52-41b1-bfce-8ea4dd25333d-124687696241792","study_id":0,"datetime_start":"2026-05-05T15:15:44.198036"}
{"op_code":9,"worker_id":"78e752fc-ec52-41b1-bfce-8ea4dd25333d-124687696241792","trial_id":108,"system_attr":{"tpe:relative_params:0":"{\"RANK_REGRESS\": 51, \"REG_W\": 314.4320188773022, \"USE_RMS_SCALING\": false}"}}
{"op_code":5,"worker_id":"78e752fc-ec52-41b1-bfce-8ea4dd25333d-124687696241792","trial_id":108,"param_name":"RANK_REGRESS","param_value_internal":51.0,"distribution":"{\"name\": \"IntDistribution\", \"attributes\": {\"log\": false, \"step\": 1, \"low\": 5, \"high\": 80}}"}
{"op_code":5,"worker_id":"78e752fc-ec52-41b1-bfce-8ea4dd25333d-124687696241792","trial_id":108,"param_name":"REG_W","param_value_internal":314.4320188773022,"distribution":"{\"name\": \"FloatDistribution\", \"attributes\": {\"step\": null, \"low\": 1e-05, \"high\": 1000.0, \"log\": true}}"}
{"op_code":5,"worker_id":"78e752fc-ec52-41b1-bfce-8ea4dd25333d-124687696241792","trial_id":108,"param_name":"USE_RMS_SCALING","param_value_internal":1,"distribution":"{\"name\": \"CategoricalDistribution\", \"attributes\": {\"choices\": [true, false]}}"}
{"op_code":0,"worker_id":"d640cb1c-5cb1-4309-9518-2df8907a601e-140673033888896","study_name":"cp_pred_levels_L2_residual_delta","directions":[2]}
{"op_code":4,"worker_id":"d640cb1c-5cb1-4309-9518-2df8907a601e-140673033888896","study_id":0,"datetime_start":"2026-05-05T15:15:44.884953"}
{"op_code":9,"worker_id":"d640cb1c-5cb1-4309-9518-2df8907a601e-140673033888896","trial_id":109,"system_attr":{"tpe:relative_params:0":"{\"RANK_REGRESS\": 43, \"REG_W\": 994.511822433238, \"USE_RMS_SCALING\": false}"}}
{"op_code":5,"worker_id":"d640cb1c-5cb1-4309-9518-2df8907a601e-140673033888896","trial_id":109,"param_name":"RANK_REGRESS","param_value_internal":43.0,"distribution":"{\"name\": \"IntDistribution\", \"attributes\": {\"log\": false, \"step\": 1, \"low\": 5, \"high\": 80}}"}
{"op_code":5,"worker_id":"d640cb1c-5cb1-4309-9518-2df8907a601e-140673033888896","trial_id":109,"param_name":"REG_W","param_value_internal":994.511822433238,"distribution":"{\"name\": \"FloatDistribution\", \"attributes\": {\"step\": null, \"low\": 1e-05, \"high\": 1000.0, \"log\": true}}"}
{"op_code":5,"worker_id":"d640cb1c-5cb1-4309-9518-2df8907a601e-140673033888896","trial_id":109,"param_name":"USE_RMS_SCALING","param_value_internal":1,"distribution":"{\"name\": \"CategoricalDistribution\", \"attributes\": {\"choices\": [true, false]}}"}
{"op_code":0,"worker_id":"d9ec8417-9753-455f-96ff-f13f3ecdeb7e-127693103027328","study_name":"cp_pred_levels_L2_residual_delta","directions":[2]}
{"op_code":4,"worker_id":"d9ec8417-9753-455f-96ff-f13f3ecdeb7e-127693103027328","study_id":0,"datetime_start":"2026-05-05T15:15:45.681125"}
{"op_code":9,"worker_id":"d9ec8417-9753-455f-96ff-f13f3ecdeb7e-127693103027328","trial_id":110,"system_attr":{"tpe:relative_params:0":"{\"RANK_REGRESS\": 63, \"REG_W\": 47.753545480998945, \"USE_RMS_SCALING\": true}"}}
{"op_code":5,"worker_id":"d9ec8417-9753-455f-96ff-f13f3ecdeb7e-127693103027328","trial_id":110,"param_name":"RANK_REGRESS","param_value_internal":63.0,"distribution":"{\"name\": \"IntDistribution\", \"attributes\": {\"log\": false, \"step\": 1, \"low\": 5, \"high\": 80}}"}
{"op_code":5,"worker_id":"d9ec8417-9753-455f-96ff-f13f3ecdeb7e-127693103027328","trial_id":110,"param_name":"REG_W","param_value_internal":47.753545480998945,"distribution":"{\"name\": \"FloatDistribution\", \"attributes\": {\"step\": null, \"low\": 1e-05, \"high\": 1000.0, \"log\": true}}"}
{"op_code":5,"worker_id":"d9ec8417-9753-455f-96ff-f13f3ecdeb7e-127693103027328","trial_id":110,"param_name":"USE_RMS_SCALING","param_value_internal":0,"distribution":"{\"name\": \"CategoricalDistribution\", \"attributes\": {\"choices\": [true, false]}}"}
{"op_code":0,"worker_id":"ee6aa866-e34f-451d-a2d2-11e8e2a587eb-123337611764864","study_name":"cp_pred_levels_L2_residual_delta","directions":[2]}
{"op_code":4,"worker_id":"ee6aa866-e34f-451d-a2d2-11e8e2a587eb-123337611764864","study_id":0,"datetime_start":"2026-05-05T15:15:46.126172"}
{"op_code":9,"worker_id":"ee6aa866-e34f-451d-a2d2-11e8e2a587eb-123337611764864","trial_id":111,"system_attr":{"tpe:relative_params:0":"{\"RANK_REGRESS\": 54, \"REG_W\": 151.97995530812318, \"USE_RMS_SCALING\": true}"}}
{"op_code":0,"worker_id":"cd41d7d5-18b9-433e-9d80-7dd128db8a45-125756409791616","study_name":"cp_pred_levels_L2_residual_delta","directions":[2]}
{"op_code":5,"worker_id":"ee6aa866-e34f-451d-a2d2-11e8e2a587eb-123337611764864","trial_id":111,"param_name":"RANK_REGRESS","param_value_internal":54.0,"distribution":"{\"name\": \"IntDistribution\", \"attributes\": {\"log\": false, \"step\": 1, \"low\": 5, \"high\": 80}}"}
{"op_code":5,"worker_id":"ee6aa866-e34f-451d-a2d2-11e8e2a587eb-123337611764864","trial_id":111,"param_name":"REG_W","param_value_internal":151.97995530812318,"distribution":"{\"name\": \"FloatDistribution\", \"attributes\": {\"step\": null, \"low\": 1e-05, \"high\": 1000.0, \"log\": true}}"}
{"op_code":5,"worker_id":"ee6aa866-e34f-451d-a2d2-11e8e2a587eb-123337611764864","trial_id":111,"param_name":"USE_RMS_SCALING","param_value_internal":0,"distribution":"{\"name\": \"CategoricalDistribution\", \"attributes\": {\"choices\": [true, false]}}"}
{"op_code":4,"worker_id":"cd41d7d5-18b9-433e-9d80-7dd128db8a45-125756409791616","study_id":0,"datetime_start":"2026-05-05T15:15:46.208182"}
{"op_code":9,"worker_id":"cd41d7d5-18b9-433e-9d80-7dd128db8a45-125756409791616","trial_id":112,"system_attr":{"tpe:relative_params:0":"{\"RANK_REGRESS\": 6, \"REG_W\": 748.0046851577674, \"USE_RMS_SCALING\": false}"}}
{"op_code":5,"worker_id":"cd41d7d5-18b9-433e-9d80-7dd128db8a45-125756409791616","trial_id":112,"param_name":"RANK_REGRESS","param_value_internal":6.0,"distribution":"{\"name\": \"IntDistribution\", \"attributes\": {\"log\": false, \"step\": 1, \"low\": 5, \"high\": 80}}"}
{"op_code":5,"worker_id":"cd41d7d5-18b9-433e-9d80-7dd128db8a45-125756409791616","trial_id":112,"param_name":"REG_W","param_value_internal":748.0046851577674,"distribution":"{\"name\": \"FloatDistribution\", \"attributes\": {\"step\": null, \"low\": 1e-05, \"high\": 1000.0, \"log\": true}}"}
{"op_code":5,"worker_id":"cd41d7d5-18b9-433e-9d80-7dd128db8a45-125756409791616","trial_id":112,"param_name":"USE_RMS_SCALING","param_value_internal":1,"distribution":"{\"name\": \"CategoricalDistribution\", \"attributes\": {\"choices\": [true, false]}}"}
{"op_code":0,"worker_id":"daca670a-bc2d-4a3c-a417-0cf368ddd7eb-131044398851200","study_name":"cp_pred_levels_L2_residual_delta","directions":[2]}
{"op_code":4,"worker_id":"daca670a-bc2d-4a3c-a417-0cf368ddd7eb-131044398851200","study_id":0,"datetime_start":"2026-05-05T15:15:45.691460"}
{"op_code":9,"worker_id":"daca670a-bc2d-4a3c-a417-0cf368ddd7eb-131044398851200","trial_id":113,"system_attr":{"tpe:relative_params:0":"{\"RANK_REGRESS\": 28, \"REG_W\": 40.63854234118831, \"USE_RMS_SCALING\": true}"}}
{"op_code":5,"worker_id":"daca670a-bc2d-4a3c-a417-0cf368ddd7eb-131044398851200","trial_id":113,"param_name":"RANK_REGRESS","param_value_internal":28.0,"distribution":"{\"name\": \"IntDistribution\", \"attributes\": {\"log\": false, \"step\": 1, \"low\": 5, \"high\": 80}}"}
{"op_code":5,"worker_id":"daca670a-bc2d-4a3c-a417-0cf368ddd7eb-131044398851200","trial_id":113,"param_name":"REG_W","param_value_internal":40.63854234118831,"distribution":"{\"name\": \"FloatDistribution\", \"attributes\": {\"step\": null, \"low\": 1e-05, \"high\": 1000.0, \"log\": true}}"}
{"op_code":5,"worker_id":"daca670a-bc2d-4a3c-a417-0cf368ddd7eb-131044398851200","trial_id":113,"param_name":"USE_RMS_SCALING","param_value_internal":0,"distribution":"{\"name\": \"CategoricalDistribution\", \"attributes\": {\"choices\": [true, false]}}"}
{"op_code":0,"worker_id":"c4d80b5e-bab6-4014-9554-268278c776c0-135597231666304","study_name":"cp_pred_levels_L2_residual_delta","directions":[2]}
{"op_code":4,"worker_id":"c4d80b5e-bab6-4014-9554-268278c776c0-135597231666304","study_id":0,"datetime_start":"2026-05-05T15:15:46.662056"}
{"op_code":0,"worker_id":"cd92d8d5-7210-4a44-b44c-b1abc979467f-134078400582784","study_name":"cp_pred_levels_L2_residual_delta","directions":[2]}
{"op_code":9,"worker_id":"c4d80b5e-bab6-4014-9554-268278c776c0-135597231666304","trial_id":114,"system_attr":{"tpe:relative_params:0":"{\"RANK_REGRESS\": 62, \"REG_W\": 1.9943800849039597, \"USE_RMS_SCALING\": true}"}}
{"op_code":5,"worker_id":"c4d80b5e-bab6-4014-9554-268278c776c0-135597231666304","trial_id":114,"param_name":"RANK_REGRESS","param_value_internal":62.0,"distribution":"{\"name\": \"IntDistribution\", \"attributes\": {\"log\": false, \"step\": 1, \"low\": 5, \"high\": 80}}"}
{"op_code":5,"worker_id":"c4d80b5e-bab6-4014-9554-268278c776c0-135597231666304","trial_id":114,"param_name":"REG_W","param_value_internal":1.9943800849039597,"distribution":"{\"name\": \"FloatDistribution\", \"attributes\": {\"step\": null, \"low\": 1e-05, \"high\": 1000.0, \"log\": true}}"}
{"op_code":4,"worker_id":"cd92d8d5-7210-4a44-b44c-b1abc979467f-134078400582784","study_id":0,"datetime_start":"2026-05-05T15:15:46.732411"}
{"op_code":5,"worker_id":"c4d80b5e-bab6-4014-9554-268278c776c0-135597231666304","trial_id":114,"param_name":"USE_RMS_SCALING","param_value_internal":0,"distribution":"{\"name\": \"CategoricalDistribution\", \"attributes\": {\"choices\": [true, false]}}"}
{"op_code":9,"worker_id":"cd92d8d5-7210-4a44-b44c-b1abc979467f-134078400582784","trial_id":115,"system_attr":{"tpe:relative_params:0":"{\"RANK_REGRESS\": 55, \"REG_W\": 119.02808954291707, \"USE_RMS_SCALING\": false}"}}
{"op_code":5,"worker_id":"cd92d8d5-7210-4a44-b44c-b1abc979467f-134078400582784","trial_id":115,"param_name":"RANK_REGRESS","param_value_internal":55.0,"distribution":"{\"name\": \"IntDistribution\", \"attributes\": {\"log\": false, \"step\": 1, \"low\": 5, \"high\": 80}}"}
{"op_code":5,"worker_id":"cd92d8d5-7210-4a44-b44c-b1abc979467f-134078400582784","trial_id":115,"param_name":"REG_W","param_value_internal":119.02808954291707,"distribution":"{\"name\": \"FloatDistribution\", \"attributes\": {\"step\": null, \"low\": 1e-05, \"high\": 1000.0, \"log\": true}}"}
{"op_code":5,"worker_id":"cd92d8d5-7210-4a44-b44c-b1abc979467f-134078400582784","trial_id":115,"param_name":"USE_RMS_SCALING","param_value_internal":1,"distribution":"{\"name\": \"CategoricalDistribution\", \"attributes\": {\"choices\": [true, false]}}"}
{"op_code":0,"worker_id":"df95d927-b8d5-489f-8ec6-aa5c6f422124-128066685076608","study_name":"cp_pred_levels_L2_residual_delta","directions":[2]}
{"op_code":4,"worker_id":"df95d927-b8d5-489f-8ec6-aa5c6f422124-128066685076608","study_id":0,"datetime_start":"2026-05-05T15:15:47.126334"}
{"op_code":9,"worker_id":"df95d927-b8d5-489f-8ec6-aa5c6f422124-128066685076608","trial_id":116,"system_attr":{"tpe:relative_params:0":"{\"RANK_REGRESS\": 66, \"REG_W\": 430.4837215165086, \"USE_RMS_SCALING\": true}"}}
{"op_code":5,"worker_id":"df95d927-b8d5-489f-8ec6-aa5c6f422124-128066685076608","trial_id":116,"param_name":"RANK_REGRESS","param_value_internal":66.0,"distribution":"{\"name\": \"IntDistribution\", \"attributes\": {\"log\": false, \"step\": 1, \"low\": 5, \"high\": 80}}"}
{"op_code":0,"worker_id":"f2eb8945-3513-4d8c-9e1a-8b14808734f6-128217569571968","study_name":"cp_pred_levels_L2_residual_delta","directions":[2]}
{"op_code":5,"worker_id":"df95d927-b8d5-489f-8ec6-aa5c6f422124-128066685076608","trial_id":116,"param_name":"REG_W","param_value_internal":430.4837215165086,"distribution":"{\"name\": \"FloatDistribution\", \"attributes\": {\"step\": null, \"low\": 1e-05, \"high\": 1000.0, \"log\": true}}"}
{"op_code":5,"worker_id":"df95d927-b8d5-489f-8ec6-aa5c6f422124-128066685076608","trial_id":116,"param_name":"USE_RMS_SCALING","param_value_internal":0,"distribution":"{\"name\": \"CategoricalDistribution\", \"attributes\": {\"choices\": [true, false]}}"}
{"op_code":4,"worker_id":"f2eb8945-3513-4d8c-9e1a-8b14808734f6-128217569571968","study_id":0,"datetime_start":"2026-05-05T15:15:47.214603"}
{"op_code":9,"worker_id":"f2eb8945-3513-4d8c-9e1a-8b14808734f6-128217569571968","trial_id":117,"system_attr":{"tpe:relative_params:0":"{\"RANK_REGRESS\": 7, \"REG_W\": 22.578503034187147, \"USE_RMS_SCALING\": true}"}}
{"op_code":5,"worker_id":"f2eb8945-3513-4d8c-9e1a-8b14808734f6-128217569571968","trial_id":117,"param_name":"RANK_REGRESS","param_value_internal":7.0,"distribution":"{\"name\": \"IntDistribution\", \"attributes\": {\"log\": false, \"step\": 1, \"low\": 5, \"high\": 80}}"}
{"op_code":5,"worker_id":"f2eb8945-3513-4d8c-9e1a-8b14808734f6-128217569571968","trial_id":117,"param_name":"REG_W","param_value_internal":22.578503034187147,"distribution":"{\"name\": \"FloatDistribution\", \"attributes\": {\"step\": null, \"low\": 1e-05, \"high\": 1000.0, \"log\": true}}"}
{"op_code":5,"worker_id":"f2eb8945-3513-4d8c-9e1a-8b14808734f6-128217569571968","trial_id":117,"param_name":"USE_RMS_SCALING","param_value_internal":0,"distribution":"{\"name\": \"CategoricalDistribution\", \"attributes\": {\"choices\": [true, false]}}"}
{"op_code":0,"worker_id":"86193bcc-f5a2-46a5-8ade-5f95d247f06e-124152301159552","study_name":"cp_pred_levels_L2_residual_delta","directions":[2]}
{"op_code":4,"worker_id":"86193bcc-f5a2-46a5-8ade-5f95d247f06e-124152301159552","study_id":0,"datetime_start":"2026-05-05T15:15:48.461262"}
{"op_code":9,"worker_id":"86193bcc-f5a2-46a5-8ade-5f95d247f06e-124152301159552","trial_id":118,"system_attr":{"tpe:relative_params:0":"{\"RANK_REGRESS\": 42, \"REG_W\": 21.203230304653324, \"USE_RMS_SCALING\": true}"}}
{"op_code":5,"worker_id":"86193bcc-f5a2-46a5-8ade-5f95d247f06e-124152301159552","trial_id":118,"param_name":"RANK_REGRESS","param_value_internal":42.0,"distribution":"{\"name\": \"IntDistribution\", \"attributes\": {\"log\": false, \"step\": 1, \"low\": 5, \"high\": 80}}"}
{"op_code":5,"worker_id":"86193bcc-f5a2-46a5-8ade-5f95d247f06e-124152301159552","trial_id":118,"param_name":"REG_W","param_value_internal":21.203230304653324,"distribution":"{\"name\": \"FloatDistribution\", \"attributes\": {\"step\": null, \"low\": 1e-05, \"high\": 1000.0, \"log\": true}}"}
{"op_code":5,"worker_id":"86193bcc-f5a2-46a5-8ade-5f95d247f06e-124152301159552","trial_id":118,"param_name":"USE_RMS_SCALING","param_value_internal":0,"distribution":"{\"name\": \"CategoricalDistribution\", \"attributes\": {\"choices\": [true, false]}}"}
{"op_code":0,"worker_id":"377735f2-6f45-4e82-be09-49bf0b7abd02-130331823957120","study_name":"cp_pred_levels_L2_residual_delta","directions":[2]}
{"op_code":4,"worker_id":"377735f2-6f45-4e82-be09-49bf0b7abd02-130331823957120","study_id":0,"datetime_start":"2026-05-05T15:15:49.304833"}
{"op_code":9,"worker_id":"377735f2-6f45-4e82-be09-49bf0b7abd02-130331823957120","trial_id":119,"system_attr":{"tpe:relative_params:0":"{\"RANK_REGRESS\": 18, \"REG_W\": 59.87294472988513, \"USE_RMS_SCALING\": false}"}}
{"op_code":5,"worker_id":"377735f2-6f45-4e82-be09-49bf0b7abd02-130331823957120","trial_id":119,"param_name":"RANK_REGRESS","param_value_internal":18.0,"distribution":"{\"name\": \"IntDistribution\", \"attributes\": {\"log\": false, \"step\": 1, \"low\": 5, \"high\": 80}}"}
{"op_code":5,"worker_id":"377735f2-6f45-4e82-be09-49bf0b7abd02-130331823957120","trial_id":119,"param_name":"REG_W","param_value_internal":59.87294472988513,"distribution":"{\"name\": \"FloatDistribution\", \"attributes\": {\"step\": null, \"low\": 1e-05, \"high\": 1000.0, \"log\": true}}"}
{"op_code":5,"worker_id":"377735f2-6f45-4e82-be09-49bf0b7abd02-130331823957120","trial_id":119,"param_name":"USE_RMS_SCALING","param_value_internal":1,"distribution":"{\"name\": \"CategoricalDistribution\", \"attributes\": {\"choices\": [true, false]}}"}
{"op_code":0,"worker_id":"cf3187a5-8719-470e-849f-8ce05547bef0-137018214442112","study_name":"cp_pred_levels_L2_residual_delta","directions":[2]}
{"op_code":4,"worker_id":"cf3187a5-8719-470e-849f-8ce05547bef0-137018214442112","study_id":0,"datetime_start":"2026-05-05T15:15:50.736321"}
{"op_code":9,"worker_id":"cf3187a5-8719-470e-849f-8ce05547bef0-137018214442112","trial_id":120,"system_attr":{"tpe:relative_params:0":"{\"RANK_REGRESS\": 68, \"REG_W\": 818.9962721259262, \"USE_RMS_SCALING\": false}"}}
{"op_code":5,"worker_id":"cf3187a5-8719-470e-849f-8ce05547bef0-137018214442112","trial_id":120,"param_name":"RANK_REGRESS","param_value_internal":68.0,"distribution":"{\"name\": \"IntDistribution\", \"attributes\": {\"log\": false, \"step\": 1, \"low\": 5, \"high\": 80}}"}
{"op_code":5,"worker_id":"cf3187a5-8719-470e-849f-8ce05547bef0-137018214442112","trial_id":120,"param_name":"REG_W","param_value_internal":818.9962721259262,"distribution":"{\"name\": \"FloatDistribution\", \"attributes\": {\"step\": null, \"low\": 1e-05, \"high\": 1000.0, \"log\": true}}"}
{"op_code":5,"worker_id":"cf3187a5-8719-470e-849f-8ce05547bef0-137018214442112","trial_id":120,"param_name":"USE_RMS_SCALING","param_value_internal":1,"distribution":"{\"name\": \"CategoricalDistribution\", \"attributes\": {\"choices\": [true, false]}}"}
{"op_code":0,"worker_id":"e736430e-7f31-486e-b16f-5afd818f54ac-136080463115392","study_name":"cp_pred_levels_L2_residual_delta","directions":[2]}
{"op_code":4,"worker_id":"e736430e-7f31-486e-b16f-5afd818f54ac-136080463115392","study_id":0,"datetime_start":"2026-05-05T15:15:51.684302"}
{"op_code":9,"worker_id":"e736430e-7f31-486e-b16f-5afd818f54ac-136080463115392","trial_id":121,"system_attr":{"tpe:relative_params:0":"{\"RANK_REGRESS\": 49, \"REG_W\": 115.1220069271858, \"USE_RMS_SCALING\": true}"}}
{"op_code":5,"worker_id":"e736430e-7f31-486e-b16f-5afd818f54ac-136080463115392","trial_id":121,"param_name":"RANK_REGRESS","param_value_internal":49.0,"distribution":"{\"name\": \"IntDistribution\", \"attributes\": {\"log\": false, \"step\": 1, \"low\": 5, \"high\": 80}}"}
{"op_code":5,"worker_id":"e736430e-7f31-486e-b16f-5afd818f54ac-136080463115392","trial_id":121,"param_name":"REG_W","param_value_internal":115.1220069271858,"distribution":"{\"name\": \"FloatDistribution\", \"attributes\": {\"step\": null, \"low\": 1e-05, \"high\": 1000.0, \"log\": true}}"}
{"op_code":5,"worker_id":"e736430e-7f31-486e-b16f-5afd818f54ac-136080463115392","trial_id":121,"param_name":"USE_RMS_SCALING","param_value_internal":0,"distribution":"{\"name\": \"CategoricalDistribution\", \"attributes\": {\"choices\": [true, false]}}"}
{"op_code":0,"worker_id":"98e48d44-d69b-4c37-b4f0-7015a3c6b6e4-124362341860480","study_name":"cp_pred_levels_L2_residual_delta","directions":[2]}
{"op_code":4,"worker_id":"98e48d44-d69b-4c37-b4f0-7015a3c6b6e4-124362341860480","study_id":0,"datetime_start":"2026-05-05T15:15:53.332723"}
{"op_code":9,"worker_id":"98e48d44-d69b-4c37-b4f0-7015a3c6b6e4-124362341860480","trial_id":122,"system_attr":{"tpe:relative_params:0":"{\"RANK_REGRESS\": 46, \"REG_W\": 4.548726996070363, \"USE_RMS_SCALING\": false}"}}
{"op_code":5,"worker_id":"98e48d44-d69b-4c37-b4f0-7015a3c6b6e4-124362341860480","trial_id":122,"param_name":"RANK_REGRESS","param_value_internal":46.0,"distribution":"{\"name\": \"IntDistribution\", \"attributes\": {\"log\": false, \"step\": 1, \"low\": 5, \"high\": 80}}"}
{"op_code":5,"worker_id":"98e48d44-d69b-4c37-b4f0-7015a3c6b6e4-124362341860480","trial_id":122,"param_name":"REG_W","param_value_internal":4.548726996070363,"distribution":"{\"name\": \"FloatDistribution\", \"attributes\": {\"step\": null, \"low\": 1e-05, \"high\": 1000.0, \"log\": true}}"}
{"op_code":5,"worker_id":"98e48d44-d69b-4c37-b4f0-7015a3c6b6e4-124362341860480","trial_id":122,"param_name":"USE_RMS_SCALING","param_value_internal":1,"distribution":"{\"name\": \"CategoricalDistribution\", \"attributes\": {\"choices\": [true, false]}}"}
{"op_code":0,"worker_id":"7c35be7b-ece3-471f-ac7c-e497b727736c-133414160528512","study_name":"cp_pred_levels_L2_residual_delta","directions":[2]}
{"op_code":4,"worker_id":"7c35be7b-ece3-471f-ac7c-e497b727736c-133414160528512","study_id":0,"datetime_start":"2026-05-05T15:15:53.958306"}
{"op_code":9,"worker_id":"7c35be7b-ece3-471f-ac7c-e497b727736c-133414160528512","trial_id":123,"system_attr":{"tpe:relative_params:0":"{\"RANK_REGRESS\": 53, \"REG_W\": 0.1612271100604121, \"USE_RMS_SCALING\": true}"}}
{"op_code":5,"worker_id":"7c35be7b-ece3-471f-ac7c-e497b727736c-133414160528512","trial_id":123,"param_name":"RANK_REGRESS","param_value_internal":53.0,"distribution":"{\"name\": \"IntDistribution\", \"attributes\": {\"log\": false, \"step\": 1, \"low\": 5, \"high\": 80}}"}
{"op_code":5,"worker_id":"7c35be7b-ece3-471f-ac7c-e497b727736c-133414160528512","trial_id":123,"param_name":"REG_W","param_value_internal":0.1612271100604121,"distribution":"{\"name\": \"FloatDistribution\", \"attributes\": {\"step\": null, \"low\": 1e-05, \"high\": 1000.0, \"log\": true}}"}
{"op_code":5,"worker_id":"7c35be7b-ece3-471f-ac7c-e497b727736c-133414160528512","trial_id":123,"param_name":"USE_RMS_SCALING","param_value_internal":0,"distribution":"{\"name\": \"CategoricalDistribution\", \"attributes\": {\"choices\": [true, false]}}"}
{"op_code":0,"worker_id":"d113e1eb-6207-4b56-b24b-289a07d40b7e-130030948160640","study_name":"cp_pred_levels_L2_residual_delta","directions":[2]}
{"op_code":4,"worker_id":"d113e1eb-6207-4b56-b24b-289a07d40b7e-130030948160640","study_id":0,"datetime_start":"2026-05-05T15:15:54.858428"}
{"op_code":9,"worker_id":"d113e1eb-6207-4b56-b24b-289a07d40b7e-130030948160640","trial_id":124,"system_attr":{"tpe:relative_params:0":"{\"RANK_REGRESS\": 73, \"REG_W\": 0.031372875129093696, \"USE_RMS_SCALING\": true}"}}
{"op_code":5,"worker_id":"d113e1eb-6207-4b56-b24b-289a07d40b7e-130030948160640","trial_id":124,"param_name":"RANK_REGRESS","param_value_internal":73.0,"distribution":"{\"name\": \"IntDistribution\", \"attributes\": {\"log\": false, \"step\": 1, \"low\": 5, \"high\": 80}}"}
{"op_code":5,"worker_id":"d113e1eb-6207-4b56-b24b-289a07d40b7e-130030948160640","trial_id":124,"param_name":"REG_W","param_value_internal":0.031372875129093696,"distribution":"{\"name\": \"FloatDistribution\", \"attributes\": {\"step\": null, \"low\": 1e-05, \"high\": 1000.0, \"log\": true}}"}
{"op_code":5,"worker_id":"d113e1eb-6207-4b56-b24b-289a07d40b7e-130030948160640","trial_id":124,"param_name":"USE_RMS_SCALING","param_value_internal":0,"distribution":"{\"name\": \"CategoricalDistribution\", \"attributes\": {\"choices\": [true, false]}}"}
{"op_code":0,"worker_id":"bd30f4e9-75db-4e95-a1d3-9b44f5a67f79-139432681796736","study_name":"cp_pred_levels_L2_residual_delta","directions":[2]}
{"op_code":4,"worker_id":"bd30f4e9-75db-4e95-a1d3-9b44f5a67f79-139432681796736","study_id":0,"datetime_start":"2026-05-05T15:15:55.330611"}
{"op_code":9,"worker_id":"bd30f4e9-75db-4e95-a1d3-9b44f5a67f79-139432681796736","trial_id":125,"system_attr":{"tpe:relative_params:0":"{\"RANK_REGRESS\": 25, \"REG_W\": 147.36564065584193, \"USE_RMS_SCALING\": false}"}}
{"op_code":5,"worker_id":"bd30f4e9-75db-4e95-a1d3-9b44f5a67f79-139432681796736","trial_id":125,"param_name":"RANK_REGRESS","param_value_internal":25.0,"distribution":"{\"name\": \"IntDistribution\", \"attributes\": {\"log\": false, \"step\": 1, \"low\": 5, \"high\": 80}}"}
{"op_code":5,"worker_id":"bd30f4e9-75db-4e95-a1d3-9b44f5a67f79-139432681796736","trial_id":125,"param_name":"REG_W","param_value_internal":147.36564065584193,"distribution":"{\"name\": \"FloatDistribution\", \"attributes\": {\"step\": null, \"low\": 1e-05, \"high\": 1000.0, \"log\": true}}"}
{"op_code":5,"worker_id":"bd30f4e9-75db-4e95-a1d3-9b44f5a67f79-139432681796736","trial_id":125,"param_name":"USE_RMS_SCALING","param_value_internal":1,"distribution":"{\"name\": \"CategoricalDistribution\", \"attributes\": {\"choices\": [true, false]}}"}
{"op_code":0,"worker_id":"7161d330-66f6-438c-9411-40bd45548d3e-123987045885056","study_name":"cp_pred_levels_L2_residual_delta","directions":[2]}
{"op_code":4,"worker_id":"7161d330-66f6-438c-9411-40bd45548d3e-123987045885056","study_id":0,"datetime_start":"2026-05-05T15:15:56.813876"}
{"op_code":9,"worker_id":"7161d330-66f6-438c-9411-40bd45548d3e-123987045885056","trial_id":126,"system_attr":{"tpe:relative_params:0":"{\"RANK_REGRESS\": 32, \"REG_W\": 25.300214084369212, \"USE_RMS_SCALING\": true}"}}
{"op_code":5,"worker_id":"7161d330-66f6-438c-9411-40bd45548d3e-123987045885056","trial_id":126,"param_name":"RANK_REGRESS","param_value_internal":32.0,"distribution":"{\"name\": \"IntDistribution\", \"attributes\": {\"log\": false, \"step\": 1, \"low\": 5, \"high\": 80}}"}
{"op_code":5,"worker_id":"7161d330-66f6-438c-9411-40bd45548d3e-123987045885056","trial_id":126,"param_name":"REG_W","param_value_internal":25.300214084369212,"distribution":"{\"name\": \"FloatDistribution\", \"attributes\": {\"step\": null, \"low\": 1e-05, \"high\": 1000.0, \"log\": true}}"}
{"op_code":5,"worker_id":"7161d330-66f6-438c-9411-40bd45548d3e-123987045885056","trial_id":126,"param_name":"USE_RMS_SCALING","param_value_internal":0,"distribution":"{\"name\": \"CategoricalDistribution\", \"attributes\": {\"choices\": [true, false]}}"}
{"op_code":6,"worker_id":"cd41d7d5-18b9-433e-9d80-7dd128db8a45-125756409791616","trial_id":112,"state":1,"values":[0.0],"datetime_complete":"2026-05-05T16:38:26.317314"}
{"op_code":4,"worker_id":"cd41d7d5-18b9-433e-9d80-7dd128db8a45-125756409791616","study_id":0,"datetime_start":"2026-05-05T16:38:26.385492"}
{"op_code":9,"worker_id":"cd41d7d5-18b9-433e-9d80-7dd128db8a45-125756409791616","trial_id":127,"system_attr":{"tpe:relative_params:0":"{\"RANK_REGRESS\": 24, \"REG_W\": 818.7666191293147, \"USE_RMS_SCALING\": false}"}}
{"op_code":5,"worker_id":"cd41d7d5-18b9-433e-9d80-7dd128db8a45-125756409791616","trial_id":127,"param_name":"RANK_REGRESS","param_value_internal":24.0,"distribution":"{\"name\": \"IntDistribution\", \"attributes\": {\"log\": false, \"step\": 1, \"low\": 5, \"high\": 80}}"}
{"op_code":5,"worker_id":"cd41d7d5-18b9-433e-9d80-7dd128db8a45-125756409791616","trial_id":127,"param_name":"REG_W","param_value_internal":818.7666191293147,"distribution":"{\"name\": \"FloatDistribution\", \"attributes\": {\"step\": null, \"low\": 1e-05, \"high\": 1000.0, \"log\": true}}"}
{"op_code":5,"worker_id":"cd41d7d5-18b9-433e-9d80-7dd128db8a45-125756409791616","trial_id":127,"param_name":"USE_RMS_SCALING","param_value_internal":1,"distribution":"{\"name\": \"CategoricalDistribution\", \"attributes\": {\"choices\": [true, false]}}"}
{"op_code":6,"worker_id":"f2eb8945-3513-4d8c-9e1a-8b14808734f6-128217569571968","trial_id":117,"state":1,"values":[0.0010696184849678936],"datetime_complete":"2026-05-05T17:06:37.428265"}
{"op_code":4,"worker_id":"f2eb8945-3513-4d8c-9e1a-8b14808734f6-128217569571968","study_id":0,"datetime_start":"2026-05-05T17:06:37.539799"}
{"op_code":9,"worker_id":"f2eb8945-3513-4d8c-9e1a-8b14808734f6-128217569571968","trial_id":128,"system_attr":{"tpe:relative_params:0":"{\"RANK_REGRESS\": 6, \"REG_W\": 2.001631580254865, \"USE_RMS_SCALING\": true}"}}
{"op_code":5,"worker_id":"f2eb8945-3513-4d8c-9e1a-8b14808734f6-128217569571968","trial_id":128,"param_name":"RANK_REGRESS","param_value_internal":6.0,"distribution":"{\"name\": \"IntDistribution\", \"attributes\": {\"log\": false, \"step\": 1, \"low\": 5, \"high\": 80}}"}
{"op_code":5,"worker_id":"f2eb8945-3513-4d8c-9e1a-8b14808734f6-128217569571968","trial_id":128,"param_name":"REG_W","param_value_internal":2.001631580254865,"distribution":"{\"name\": \"FloatDistribution\", \"attributes\": {\"step\": null, \"low\": 1e-05, \"high\": 1000.0, \"log\": true}}"}
{"op_code":5,"worker_id":"f2eb8945-3513-4d8c-9e1a-8b14808734f6-128217569571968","trial_id":128,"param_name":"USE_RMS_SCALING","param_value_internal":0,"distribution":"{\"name\": \"CategoricalDistribution\", \"attributes\": {\"choices\": [true, false]}}"}
{"op_code":6,"worker_id":"f2eb8945-3513-4d8c-9e1a-8b14808734f6-128217569571968","trial_id":128,"state":1,"values":[-0.369130686092364],"datetime_complete":"2026-05-05T18:33:01.935536"}
{"op_code":4,"worker_id":"f2eb8945-3513-4d8c-9e1a-8b14808734f6-128217569571968","study_id":0,"datetime_start":"2026-05-05T18:33:02.019261"}
{"op_code":9,"worker_id":"f2eb8945-3513-4d8c-9e1a-8b14808734f6-128217569571968","trial_id":129,"system_attr":{"tpe:relative_params:0":"{\"RANK_REGRESS\": 6, \"REG_W\": 40.590193247610635, \"USE_RMS_SCALING\": true}"}}
{"op_code":5,"worker_id":"f2eb8945-3513-4d8c-9e1a-8b14808734f6-128217569571968","trial_id":129,"param_name":"RANK_REGRESS","param_value_internal":6.0,"distribution":"{\"name\": \"IntDistribution\", \"attributes\": {\"log\": false, \"step\": 1, \"low\": 5, \"high\": 80}}"}
{"op_code":5,"worker_id":"f2eb8945-3513-4d8c-9e1a-8b14808734f6-128217569571968","trial_id":129,"param_name":"REG_W","param_value_internal":40.590193247610635,"distribution":"{\"name\": \"FloatDistribution\", \"attributes\": {\"step\": null, \"low\": 1e-05, \"high\": 1000.0, \"log\": true}}"}
{"op_code":5,"worker_id":"f2eb8945-3513-4d8c-9e1a-8b14808734f6-128217569571968","trial_id":129,"param_name":"USE_RMS_SCALING","param_value_internal":0,"distribution":"{\"name\": \"CategoricalDistribution\", \"attributes\": {\"choices\": [true, false]}}"}
{"op_code":6,"worker_id":"377735f2-6f45-4e82-be09-49bf0b7abd02-130331823957120","trial_id":119,"state":1,"values":[-0.038337667511334494],"datetime_complete":"2026-05-05T19:24:45.228378"}
{"op_code":4,"worker_id":"377735f2-6f45-4e82-be09-49bf0b7abd02-130331823957120","study_id":0,"datetime_start":"2026-05-05T19:24:45.309758"}
{"op_code":9,"worker_id":"377735f2-6f45-4e82-be09-49bf0b7abd02-130331823957120","trial_id":130,"system_attr":{"tpe:relative_params:0":"{\"RANK_REGRESS\": 9, \"REG_W\": 122.43683632490466, \"USE_RMS_SCALING\": true}"}}
{"op_code":5,"worker_id":"377735f2-6f45-4e82-be09-49bf0b7abd02-130331823957120","trial_id":130,"param_name":"RANK_REGRESS","param_value_internal":9.0,"distribution":"{\"name\": \"IntDistribution\", \"attributes\": {\"log\": false, \"step\": 1, \"low\": 5, \"high\": 80}}"}
{"op_code":5,"worker_id":"377735f2-6f45-4e82-be09-49bf0b7abd02-130331823957120","trial_id":130,"param_name":"REG_W","param_value_internal":122.43683632490466,"distribution":"{\"name\": \"FloatDistribution\", \"attributes\": {\"step\": null, \"low\": 1e-05, \"high\": 1000.0, \"log\": true}}"}
{"op_code":5,"worker_id":"377735f2-6f45-4e82-be09-49bf0b7abd02-130331823957120","trial_id":130,"param_name":"USE_RMS_SCALING","param_value_internal":0,"distribution":"{\"name\": \"CategoricalDistribution\", \"attributes\": {\"choices\": [true, false]}}"}
{"op_code":6,"worker_id":"f2eb8945-3513-4d8c-9e1a-8b14808734f6-128217569571968","trial_id":129,"state":1,"values":[0.0],"datetime_complete":"2026-05-05T20:12:42.715464"}
{"op_code":4,"worker_id":"f2eb8945-3513-4d8c-9e1a-8b14808734f6-128217569571968","study_id":0,"datetime_start":"2026-05-05T20:12:42.790260"}
{"op_code":9,"worker_id":"f2eb8945-3513-4d8c-9e1a-8b14808734f6-128217569571968","trial_id":131,"system_attr":{"tpe:relative_params:0":"{\"RANK_REGRESS\": 5, \"REG_W\": 8.071370011921019, \"USE_RMS_SCALING\": true}"}}
{"op_code":5,"worker_id":"f2eb8945-3513-4d8c-9e1a-8b14808734f6-128217569571968","trial_id":131,"param_name":"RANK_REGRESS","param_value_internal":5.0,"distribution":"{\"name\": \"IntDistribution\", \"attributes\": {\"log\": false, \"step\": 1, \"low\": 5, \"high\": 80}}"}
{"op_code":5,"worker_id":"f2eb8945-3513-4d8c-9e1a-8b14808734f6-128217569571968","trial_id":131,"param_name":"REG_W","param_value_internal":8.071370011921019,"distribution":"{\"name\": \"FloatDistribution\", \"attributes\": {\"step\": null, \"low\": 1e-05, \"high\": 1000.0, \"log\": true}}"}
{"op_code":5,"worker_id":"f2eb8945-3513-4d8c-9e1a-8b14808734f6-128217569571968","trial_id":131,"param_name":"USE_RMS_SCALING","param_value_internal":0,"distribution":"{\"name\": \"CategoricalDistribution\", \"attributes\": {\"choices\": [true, false]}}"}
{"op_code":6,"worker_id":"daca670a-bc2d-4a3c-a417-0cf368ddd7eb-131044398851200","trial_id":113,"state":1,"values":[0.0],"datetime_complete":"2026-05-05T20:33:43.187302"}
{"op_code":4,"worker_id":"daca670a-bc2d-4a3c-a417-0cf368ddd7eb-131044398851200","study_id":0,"datetime_start":"2026-05-05T20:33:43.265946"}
{"op_code":9,"worker_id":"daca670a-bc2d-4a3c-a417-0cf368ddd7eb-131044398851200","trial_id":132,"system_attr":{"tpe:relative_params:0":"{\"RANK_REGRESS\": 17, \"REG_W\": 2.5023083397072057, \"USE_RMS_SCALING\": true}"}}
{"op_code":5,"worker_id":"daca670a-bc2d-4a3c-a417-0cf368ddd7eb-131044398851200","trial_id":132,"param_name":"RANK_REGRESS","param_value_internal":17.0,"distribution":"{\"name\": \"IntDistribution\", \"attributes\": {\"log\": false, \"step\": 1, \"low\": 5, \"high\": 80}}"}
{"op_code":5,"worker_id":"daca670a-bc2d-4a3c-a417-0cf368ddd7eb-131044398851200","trial_id":132,"param_name":"REG_W","param_value_internal":2.5023083397072057,"distribution":"{\"name\": \"FloatDistribution\", \"attributes\": {\"step\": null, \"low\": 1e-05, \"high\": 1000.0, \"log\": true}}"}
{"op_code":5,"worker_id":"daca670a-bc2d-4a3c-a417-0cf368ddd7eb-131044398851200","trial_id":132,"param_name":"USE_RMS_SCALING","param_value_internal":0,"distribution":"{\"name\": \"CategoricalDistribution\", \"attributes\": {\"choices\": [true, false]}}"}
{"op_code":6,"worker_id":"bd30f4e9-75db-4e95-a1d3-9b44f5a67f79-139432681796736","trial_id":125,"state":1,"values":[-0.01120716690823779],"datetime_complete":"2026-05-05T20:48:33.502304"}
{"op_code":4,"worker_id":"bd30f4e9-75db-4e95-a1d3-9b44f5a67f79-139432681796736","study_id":0,"datetime_start":"2026-05-05T20:48:33.575843"}
{"op_code":9,"worker_id":"bd30f4e9-75db-4e95-a1d3-9b44f5a67f79-139432681796736","trial_id":133,"system_attr":{"tpe:relative_params:0":"{\"RANK_REGRESS\": 11, \"REG_W\": 156.8099362585471, \"USE_RMS_SCALING\": true}"}}
{"op_code":5,"worker_id":"bd30f4e9-75db-4e95-a1d3-9b44f5a67f79-139432681796736","trial_id":133,"param_name":"RANK_REGRESS","param_value_internal":11.0,"distribution":"{\"name\": \"IntDistribution\", \"attributes\": {\"log\": false, \"step\": 1, \"low\": 5, \"high\": 80}}"}
{"op_code":5,"worker_id":"bd30f4e9-75db-4e95-a1d3-9b44f5a67f79-139432681796736","trial_id":133,"param_name":"REG_W","param_value_internal":156.8099362585471,"distribution":"{\"name\": \"FloatDistribution\", \"attributes\": {\"step\": null, \"low\": 1e-05, \"high\": 1000.0, \"log\": true}}"}
{"op_code":5,"worker_id":"bd30f4e9-75db-4e95-a1d3-9b44f5a67f79-139432681796736","trial_id":133,"param_name":"USE_RMS_SCALING","param_value_internal":0,"distribution":"{\"name\": \"CategoricalDistribution\", \"attributes\": {\"choices\": [true, false]}}"}
{"op_code":6,"worker_id":"f2eb8945-3513-4d8c-9e1a-8b14808734f6-128217569571968","trial_id":131,"state":1,"values":[-0.0014536522466120176],"datetime_complete":"2026-05-05T21:30:20.934497"}
{"op_code":4,"worker_id":"f2eb8945-3513-4d8c-9e1a-8b14808734f6-128217569571968","study_id":0,"datetime_start":"2026-05-05T21:30:21.009258"}
{"op_code":9,"worker_id":"f2eb8945-3513-4d8c-9e1a-8b14808734f6-128217569571968","trial_id":134,"system_attr":{"tpe:relative_params:0":"{\"RANK_REGRESS\": 54, \"REG_W\": 48.03159652137901, \"USE_RMS_SCALING\": true}"}}
{"op_code":5,"worker_id":"f2eb8945-3513-4d8c-9e1a-8b14808734f6-128217569571968","trial_id":134,"param_name":"RANK_REGRESS","param_value_internal":54.0,"distribution":"{\"name\": \"IntDistribution\", \"attributes\": {\"log\": false, \"step\": 1, \"low\": 5, \"high\": 80}}"}
{"op_code":5,"worker_id":"f2eb8945-3513-4d8c-9e1a-8b14808734f6-128217569571968","trial_id":134,"param_name":"REG_W","param_value_internal":48.03159652137901,"distribution":"{\"name\": \"FloatDistribution\", \"attributes\": {\"step\": null, \"low\": 1e-05, \"high\": 1000.0, \"log\": true}}"}
{"op_code":5,"worker_id":"f2eb8945-3513-4d8c-9e1a-8b14808734f6-128217569571968","trial_id":134,"param_name":"USE_RMS_SCALING","param_value_internal":0,"distribution":"{\"name\": \"CategoricalDistribution\", \"attributes\": {\"choices\": [true, false]}}"}
{"op_code":6,"worker_id":"cd41d7d5-18b9-433e-9d80-7dd128db8a45-125756409791616","trial_id":127,"state":1,"values":[0.0],"datetime_complete":"2026-05-05T21:35:27.291561"}
{"op_code":4,"worker_id":"cd41d7d5-18b9-433e-9d80-7dd128db8a45-125756409791616","study_id":0,"datetime_start":"2026-05-05T21:35:27.366365"}
{"op_code":9,"worker_id":"cd41d7d5-18b9-433e-9d80-7dd128db8a45-125756409791616","trial_id":135,"system_attr":{"tpe:relative_params:0":"{\"RANK_REGRESS\": 71, \"REG_W\": 259.30151458101574, \"USE_RMS_SCALING\": true}"}}
{"op_code":5,"worker_id":"cd41d7d5-18b9-433e-9d80-7dd128db8a45-125756409791616","trial_id":135,"param_name":"RANK_REGRESS","param_value_internal":71.0,"distribution":"{\"name\": \"IntDistribution\", \"attributes\": {\"log\": false, \"step\": 1, \"low\": 5, \"high\": 80}}"}
{"op_code":5,"worker_id":"cd41d7d5-18b9-433e-9d80-7dd128db8a45-125756409791616","trial_id":135,"param_name":"REG_W","param_value_internal":259.30151458101574,"distribution":"{\"name\": \"FloatDistribution\", \"attributes\": {\"step\": null, \"low\": 1e-05, \"high\": 1000.0, \"log\": true}}"}
{"op_code":5,"worker_id":"cd41d7d5-18b9-433e-9d80-7dd128db8a45-125756409791616","trial_id":135,"param_name":"USE_RMS_SCALING","param_value_internal":0,"distribution":"{\"name\": \"CategoricalDistribution\", \"attributes\": {\"choices\": [true, false]}}"}
{"op_code":6,"worker_id":"377735f2-6f45-4e82-be09-49bf0b7abd02-130331823957120","trial_id":130,"state":1,"values":[0.0],"datetime_complete":"2026-05-05T21:40:15.183989"}
{"op_code":4,"worker_id":"377735f2-6f45-4e82-be09-49bf0b7abd02-130331823957120","study_id":0,"datetime_start":"2026-05-05T21:40:15.292485"}
{"op_code":9,"worker_id":"377735f2-6f45-4e82-be09-49bf0b7abd02-130331823957120","trial_id":136,"system_attr":{"tpe:relative_params:0":"{\"RANK_REGRESS\": 7, \"REG_W\": 888.1081423727759, \"USE_RMS_SCALING\": false}"}}
{"op_code":5,"worker_id":"377735f2-6f45-4e82-be09-49bf0b7abd02-130331823957120","trial_id":136,"param_name":"RANK_REGRESS","param_value_internal":7.0,"distribution":"{\"name\": \"IntDistribution\", \"attributes\": {\"log\": false, \"step\": 1, \"low\": 5, \"high\": 80}}"}
{"op_code":5,"worker_id":"377735f2-6f45-4e82-be09-49bf0b7abd02-130331823957120","trial_id":136,"param_name":"REG_W","param_value_internal":888.1081423727759,"distribution":"{\"name\": \"FloatDistribution\", \"attributes\": {\"step\": null, \"low\": 1e-05, \"high\": 1000.0, \"log\": true}}"}
{"op_code":5,"worker_id":"377735f2-6f45-4e82-be09-49bf0b7abd02-130331823957120","trial_id":136,"param_name":"USE_RMS_SCALING","param_value_internal":1,"distribution":"{\"name\": \"CategoricalDistribution\", \"attributes\": {\"choices\": [true, false]}}"}
{"op_code":6,"worker_id":"78e752fc-ec52-41b1-bfce-8ea4dd25333d-124687696241792","trial_id":108,"state":1,"values":[0.0],"datetime_complete":"2026-05-05T22:36:17.131698"}
{"op_code":4,"worker_id":"78e752fc-ec52-41b1-bfce-8ea4dd25333d-124687696241792","study_id":0,"datetime_start":"2026-05-05T22:36:17.193006"}
{"op_code":9,"worker_id":"78e752fc-ec52-41b1-bfce-8ea4dd25333d-124687696241792","trial_id":137,"system_attr":{"tpe:relative_params:0":"{\"RANK_REGRESS\": 9, \"REG_W\": 7.0573969399928895, \"USE_RMS_SCALING\": false}"}}
{"op_code":5,"worker_id":"78e752fc-ec52-41b1-bfce-8ea4dd25333d-124687696241792","trial_id":137,"param_name":"RANK_REGRESS","param_value_internal":9.0,"distribution":"{\"name\": \"IntDistribution\", \"attributes\": {\"log\": false, \"step\": 1, \"low\": 5, \"high\": 80}}"}
{"op_code":5,"worker_id":"78e752fc-ec52-41b1-bfce-8ea4dd25333d-124687696241792","trial_id":137,"param_name":"REG_W","param_value_internal":7.0573969399928895,"distribution":"{\"name\": \"FloatDistribution\", \"attributes\": {\"step\": null, \"low\": 1e-05, \"high\": 1000.0, \"log\": true}}"}
{"op_code":5,"worker_id":"78e752fc-ec52-41b1-bfce-8ea4dd25333d-124687696241792","trial_id":137,"param_name":"USE_RMS_SCALING","param_value_internal":1,"distribution":"{\"name\": \"CategoricalDistribution\", \"attributes\": {\"choices\": [true, false]}}"}
{"op_code":6,"worker_id":"bd30f4e9-75db-4e95-a1d3-9b44f5a67f79-139432681796736","trial_id":133,"state":1,"values":[0.0],"datetime_complete":"2026-05-05T23:13:58.480853"}
{"op_code":4,"worker_id":"bd30f4e9-75db-4e95-a1d3-9b44f5a67f79-139432681796736","study_id":0,"datetime_start":"2026-05-05T23:13:58.576652"}
{"op_code":9,"worker_id":"bd30f4e9-75db-4e95-a1d3-9b44f5a67f79-139432681796736","trial_id":138,"system_attr":{"tpe:relative_params:0":"{\"RANK_REGRESS\": 34, \"REG_W\": 123.7239714854416, \"USE_RMS_SCALING\": true}"}}
{"op_code":5,"worker_id":"bd30f4e9-75db-4e95-a1d3-9b44f5a67f79-139432681796736","trial_id":138,"param_name":"RANK_REGRESS","param_value_internal":34.0,"distribution":"{\"name\": \"IntDistribution\", \"attributes\": {\"log\": false, \"step\": 1, \"low\": 5, \"high\": 80}}"}
{"op_code":5,"worker_id":"bd30f4e9-75db-4e95-a1d3-9b44f5a67f79-139432681796736","trial_id":138,"param_name":"REG_W","param_value_internal":123.7239714854416,"distribution":"{\"name\": \"FloatDistribution\", \"attributes\": {\"step\": null, \"low\": 1e-05, \"high\": 1000.0, \"log\": true}}"}
{"op_code":5,"worker_id":"bd30f4e9-75db-4e95-a1d3-9b44f5a67f79-139432681796736","trial_id":138,"param_name":"USE_RMS_SCALING","param_value_internal":0,"distribution":"{\"name\": \"CategoricalDistribution\", \"attributes\": {\"choices\": [true, false]}}"}
{"op_code":6,"worker_id":"377735f2-6f45-4e82-be09-49bf0b7abd02-130331823957120","trial_id":136,"state":1,"values":[0.0],"datetime_complete":"2026-05-05T23:18:34.556970"}
{"op_code":4,"worker_id":"377735f2-6f45-4e82-be09-49bf0b7abd02-130331823957120","study_id":0,"datetime_start":"2026-05-05T23:18:34.649212"}
{"op_code":9,"worker_id":"377735f2-6f45-4e82-be09-49bf0b7abd02-130331823957120","trial_id":139,"system_attr":{"tpe:relative_params:0":"{\"RANK_REGRESS\": 80, \"REG_W\": 4.066879454304291, \"USE_RMS_SCALING\": true}"}}
{"op_code":5,"worker_id":"377735f2-6f45-4e82-be09-49bf0b7abd02-130331823957120","trial_id":139,"param_name":"RANK_REGRESS","param_value_internal":80.0,"distribution":"{\"name\": \"IntDistribution\", \"attributes\": {\"log\": false, \"step\": 1, \"low\": 5, \"high\": 80}}"}
{"op_code":5,"worker_id":"377735f2-6f45-4e82-be09-49bf0b7abd02-130331823957120","trial_id":139,"param_name":"REG_W","param_value_internal":4.066879454304291,"distribution":"{\"name\": \"FloatDistribution\", \"attributes\": {\"step\": null, \"low\": 1e-05, \"high\": 1000.0, \"log\": true}}"}
{"op_code":5,"worker_id":"377735f2-6f45-4e82-be09-49bf0b7abd02-130331823957120","trial_id":139,"param_name":"USE_RMS_SCALING","param_value_internal":0,"distribution":"{\"name\": \"CategoricalDistribution\", \"attributes\": {\"choices\": [true, false]}}"}
{"op_code":6,"worker_id":"86193bcc-f5a2-46a5-8ade-5f95d247f06e-124152301159552","trial_id":118,"state":1,"values":[-0.004645476274740619],"datetime_complete":"2026-05-05T23:22:48.771825"}
{"op_code":4,"worker_id":"86193bcc-f5a2-46a5-8ade-5f95d247f06e-124152301159552","study_id":0,"datetime_start":"2026-05-05T23:22:48.902827"}
{"op_code":9,"worker_id":"86193bcc-f5a2-46a5-8ade-5f95d247f06e-124152301159552","trial_id":140,"system_attr":{"tpe:relative_params:0":"{\"RANK_REGRESS\": 50, \"REG_W\": 3.145868162616819, \"USE_RMS_SCALING\": true}"}}
{"op_code":5,"worker_id":"86193bcc-f5a2-46a5-8ade-5f95d247f06e-124152301159552","trial_id":140,"param_name":"RANK_REGRESS","param_value_internal":50.0,"distribution":"{\"name\": \"IntDistribution\", \"attributes\": {\"log\": false, \"step\": 1, \"low\": 5, \"high\": 80}}"}
{"op_code":5,"worker_id":"86193bcc-f5a2-46a5-8ade-5f95d247f06e-124152301159552","trial_id":140,"param_name":"REG_W","param_value_internal":3.145868162616819,"distribution":"{\"name\": \"FloatDistribution\", \"attributes\": {\"step\": null, \"low\": 1e-05, \"high\": 1000.0, \"log\": true}}"}
{"op_code":5,"worker_id":"86193bcc-f5a2-46a5-8ade-5f95d247f06e-124152301159552","trial_id":140,"param_name":"USE_RMS_SCALING","param_value_internal":0,"distribution":"{\"name\": \"CategoricalDistribution\", \"attributes\": {\"choices\": [true, false]}}"}
{"op_code":6,"worker_id":"64d0c31e-4352-414b-9e64-28830d3d07d7-125443874575488","trial_id":107,"state":1,"values":[-0.14468158631690373],"datetime_complete":"2026-05-05T23:37:36.981431"}
{"op_code":4,"worker_id":"64d0c31e-4352-414b-9e64-28830d3d07d7-125443874575488","study_id":0,"datetime_start":"2026-05-05T23:37:37.054610"}
{"op_code":9,"worker_id":"64d0c31e-4352-414b-9e64-28830d3d07d7-125443874575488","trial_id":141,"system_attr":{"tpe:relative_params:0":"{\"RANK_REGRESS\": 32, \"REG_W\": 13.980740165247896, \"USE_RMS_SCALING\": false}"}}
{"op_code":5,"worker_id":"64d0c31e-4352-414b-9e64-28830d3d07d7-125443874575488","trial_id":141,"param_name":"RANK_REGRESS","param_value_internal":32.0,"distribution":"{\"name\": \"IntDistribution\", \"attributes\": {\"log\": false, \"step\": 1, \"low\": 5, \"high\": 80}}"}
{"op_code":5,"worker_id":"64d0c31e-4352-414b-9e64-28830d3d07d7-125443874575488","trial_id":141,"param_name":"REG_W","param_value_internal":13.980740165247896,"distribution":"{\"name\": \"FloatDistribution\", \"attributes\": {\"step\": null, \"low\": 1e-05, \"high\": 1000.0, \"log\": true}}"}
{"op_code":5,"worker_id":"64d0c31e-4352-414b-9e64-28830d3d07d7-125443874575488","trial_id":141,"param_name":"USE_RMS_SCALING","param_value_internal":1,"distribution":"{\"name\": \"CategoricalDistribution\", \"attributes\": {\"choices\": [true, false]}}"}
{"op_code":6,"worker_id":"d640cb1c-5cb1-4309-9518-2df8907a601e-140673033888896","trial_id":109,"state":1,"values":[0.0],"datetime_complete":"2026-05-05T23:48:42.775610"}
{"op_code":4,"worker_id":"d640cb1c-5cb1-4309-9518-2df8907a601e-140673033888896","study_id":0,"datetime_start":"2026-05-05T23:48:42.825756"}
{"op_code":9,"worker_id":"d640cb1c-5cb1-4309-9518-2df8907a601e-140673033888896","trial_id":142,"system_attr":{"tpe:relative_params:0":"{\"RANK_REGRESS\": 53, \"REG_W\": 247.8583466304086, \"USE_RMS_SCALING\": false}"}}
{"op_code":5,"worker_id":"d640cb1c-5cb1-4309-9518-2df8907a601e-140673033888896","trial_id":142,"param_name":"RANK_REGRESS","param_value_internal":53.0,"distribution":"{\"name\": \"IntDistribution\", \"attributes\": {\"log\": false, \"step\": 1, \"low\": 5, \"high\": 80}}"}
{"op_code":5,"worker_id":"d640cb1c-5cb1-4309-9518-2df8907a601e-140673033888896","trial_id":142,"param_name":"REG_W","param_value_internal":247.8583466304086,"distribution":"{\"name\": \"FloatDistribution\", \"attributes\": {\"step\": null, \"low\": 1e-05, \"high\": 1000.0, \"log\": true}}"}
{"op_code":5,"worker_id":"d640cb1c-5cb1-4309-9518-2df8907a601e-140673033888896","trial_id":142,"param_name":"USE_RMS_SCALING","param_value_internal":1,"distribution":"{\"name\": \"CategoricalDistribution\", \"attributes\": {\"choices\": [true, false]}}"}
{"op_code":6,"worker_id":"78e752fc-ec52-41b1-bfce-8ea4dd25333d-124687696241792","trial_id":137,"state":1,"values":[-0.346106086492539],"datetime_complete":"2026-05-06T00:00:44.911664"}
{"op_code":4,"worker_id":"78e752fc-ec52-41b1-bfce-8ea4dd25333d-124687696241792","study_id":0,"datetime_start":"2026-05-06T00:00:44.980452"}
{"op_code":9,"worker_id":"78e752fc-ec52-41b1-bfce-8ea4dd25333d-124687696241792","trial_id":143,"system_attr":{"tpe:relative_params:0":"{\"RANK_REGRESS\": 25, \"REG_W\": 64.84775874963262, \"USE_RMS_SCALING\": true}"}}
{"op_code":5,"worker_id":"78e752fc-ec52-41b1-bfce-8ea4dd25333d-124687696241792","trial_id":143,"param_name":"RANK_REGRESS","param_value_internal":25.0,"distribution":"{\"name\": \"IntDistribution\", \"attributes\": {\"log\": false, \"step\": 1, \"low\": 5, \"high\": 80}}"}
{"op_code":5,"worker_id":"78e752fc-ec52-41b1-bfce-8ea4dd25333d-124687696241792","trial_id":143,"param_name":"REG_W","param_value_internal":64.84775874963262,"distribution":"{\"name\": \"FloatDistribution\", \"attributes\": {\"step\": null, \"low\": 1e-05, \"high\": 1000.0, \"log\": true}}"}
{"op_code":5,"worker_id":"78e752fc-ec52-41b1-bfce-8ea4dd25333d-124687696241792","trial_id":143,"param_name":"USE_RMS_SCALING","param_value_internal":0,"distribution":"{\"name\": \"CategoricalDistribution\", \"attributes\": {\"choices\": [true, false]}}"}
{"op_code":6,"worker_id":"98e48d44-d69b-4c37-b4f0-7015a3c6b6e4-124362341860480","trial_id":122,"state":1,"values":[-0.617964982207425],"datetime_complete":"2026-05-06T00:03:01.442277"}
{"op_code":4,"worker_id":"98e48d44-d69b-4c37-b4f0-7015a3c6b6e4-124362341860480","study_id":0,"datetime_start":"2026-05-06T00:03:01.523756"}
{"op_code":9,"worker_id":"98e48d44-d69b-4c37-b4f0-7015a3c6b6e4-124362341860480","trial_id":144,"system_attr":{"tpe:relative_params:0":"{\"RANK_REGRESS\": 29, \"REG_W\": 4.703011648521525, \"USE_RMS_SCALING\": true}"}}
{"op_code":5,"worker_id":"98e48d44-d69b-4c37-b4f0-7015a3c6b6e4-124362341860480","trial_id":144,"param_name":"RANK_REGRESS","param_value_internal":29.0,"distribution":"{\"name\": \"IntDistribution\", \"attributes\": {\"log\": false, \"step\": 1, \"low\": 5, \"high\": 80}}"}
{"op_code":5,"worker_id":"98e48d44-d69b-4c37-b4f0-7015a3c6b6e4-124362341860480","trial_id":144,"param_name":"REG_W","param_value_internal":4.703011648521525,"distribution":"{\"name\": \"FloatDistribution\", \"attributes\": {\"step\": null, \"low\": 1e-05, \"high\": 1000.0, \"log\": true}}"}
{"op_code":5,"worker_id":"98e48d44-d69b-4c37-b4f0-7015a3c6b6e4-124362341860480","trial_id":144,"param_name":"USE_RMS_SCALING","param_value_internal":0,"distribution":"{\"name\": \"CategoricalDistribution\", \"attributes\": {\"choices\": [true, false]}}"}
{"op_code":6,"worker_id":"daca670a-bc2d-4a3c-a417-0cf368ddd7eb-131044398851200","trial_id":132,"state":1,"values":[-0.4938616387480523],"datetime_complete":"2026-05-06T00:27:55.709556"}
{"op_code":4,"worker_id":"daca670a-bc2d-4a3c-a417-0cf368ddd7eb-131044398851200","study_id":0,"datetime_start":"2026-05-06T00:27:55.820343"}
{"op_code":9,"worker_id":"daca670a-bc2d-4a3c-a417-0cf368ddd7eb-131044398851200","trial_id":145,"system_attr":{"tpe:relative_params:0":"{\"RANK_REGRESS\": 40, \"REG_W\": 44.88048670248355, \"USE_RMS_SCALING\": true}"}}
{"op_code":5,"worker_id":"daca670a-bc2d-4a3c-a417-0cf368ddd7eb-131044398851200","trial_id":145,"param_name":"RANK_REGRESS","param_value_internal":40.0,"distribution":"{\"name\": \"IntDistribution\", \"attributes\": {\"log\": false, \"step\": 1, \"low\": 5, \"high\": 80}}"}
{"op_code":5,"worker_id":"daca670a-bc2d-4a3c-a417-0cf368ddd7eb-131044398851200","trial_id":145,"param_name":"REG_W","param_value_internal":44.88048670248355,"distribution":"{\"name\": \"FloatDistribution\", \"attributes\": {\"step\": null, \"low\": 1e-05, \"high\": 1000.0, \"log\": true}}"}
{"op_code":5,"worker_id":"daca670a-bc2d-4a3c-a417-0cf368ddd7eb-131044398851200","trial_id":145,"param_name":"USE_RMS_SCALING","param_value_internal":0,"distribution":"{\"name\": \"CategoricalDistribution\", \"attributes\": {\"choices\": [true, false]}}"}
{"op_code":6,"worker_id":"80eccb33-98be-4d0c-995c-1fa46f393b30-137367927161984","trial_id":106,"state":1,"values":[-0.04671070764013278],"datetime_complete":"2026-05-06T01:31:10.386177"}
{"op_code":4,"worker_id":"80eccb33-98be-4d0c-995c-1fa46f393b30-137367927161984","study_id":0,"datetime_start":"2026-05-06T01:31:10.454957"}
{"op_code":9,"worker_id":"80eccb33-98be-4d0c-995c-1fa46f393b30-137367927161984","trial_id":146,"system_attr":{"tpe:relative_params:0":"{\"RANK_REGRESS\": 21, \"REG_W\": 52.309327801637636, \"USE_RMS_SCALING\": true}"}}
{"op_code":5,"worker_id":"80eccb33-98be-4d0c-995c-1fa46f393b30-137367927161984","trial_id":146,"param_name":"RANK_REGRESS","param_value_internal":21.0,"distribution":"{\"name\": \"IntDistribution\", \"attributes\": {\"log\": false, \"step\": 1, \"low\": 5, \"high\": 80}}"}
{"op_code":5,"worker_id":"80eccb33-98be-4d0c-995c-1fa46f393b30-137367927161984","trial_id":146,"param_name":"REG_W","param_value_internal":52.309327801637636,"distribution":"{\"name\": \"FloatDistribution\", \"attributes\": {\"step\": null, \"low\": 1e-05, \"high\": 1000.0, \"log\": true}}"}
{"op_code":5,"worker_id":"80eccb33-98be-4d0c-995c-1fa46f393b30-137367927161984","trial_id":146,"param_name":"USE_RMS_SCALING","param_value_internal":0,"distribution":"{\"name\": \"CategoricalDistribution\", \"attributes\": {\"choices\": [true, false]}}"}
{"op_code":6,"worker_id":"7c35be7b-ece3-471f-ac7c-e497b727736c-133414160528512","trial_id":123,"state":1,"values":[-0.8803336428396368],"datetime_complete":"2026-05-06T01:31:27.546058"}
{"op_code":4,"worker_id":"7c35be7b-ece3-471f-ac7c-e497b727736c-133414160528512","study_id":0,"datetime_start":"2026-05-06T01:31:27.734166"}
{"op_code":9,"worker_id":"7c35be7b-ece3-471f-ac7c-e497b727736c-133414160528512","trial_id":147,"system_attr":{"tpe:relative_params:0":"{\"RANK_REGRESS\": 30, \"REG_W\": 115.9599274576938, \"USE_RMS_SCALING\": true}"}}
{"op_code":5,"worker_id":"7c35be7b-ece3-471f-ac7c-e497b727736c-133414160528512","trial_id":147,"param_name":"RANK_REGRESS","param_value_internal":30.0,"distribution":"{\"name\": \"IntDistribution\", \"attributes\": {\"log\": false, \"step\": 1, \"low\": 5, \"high\": 80}}"}
{"op_code":5,"worker_id":"7c35be7b-ece3-471f-ac7c-e497b727736c-133414160528512","trial_id":147,"param_name":"REG_W","param_value_internal":115.9599274576938,"distribution":"{\"name\": \"FloatDistribution\", \"attributes\": {\"step\": null, \"low\": 1e-05, \"high\": 1000.0, \"log\": true}}"}
{"op_code":5,"worker_id":"7c35be7b-ece3-471f-ac7c-e497b727736c-133414160528512","trial_id":147,"param_name":"USE_RMS_SCALING","param_value_internal":0,"distribution":"{\"name\": \"CategoricalDistribution\", \"attributes\": {\"choices\": [true, false]}}"}
{"op_code":6,"worker_id":"cd92d8d5-7210-4a44-b44c-b1abc979467f-134078400582784","trial_id":115,"state":1,"values":[-0.009327728235176433],"datetime_complete":"2026-05-06T01:36:17.522977"}
{"op_code":4,"worker_id":"cd92d8d5-7210-4a44-b44c-b1abc979467f-134078400582784","study_id":0,"datetime_start":"2026-05-06T01:36:17.630448"}
{"op_code":9,"worker_id":"cd92d8d5-7210-4a44-b44c-b1abc979467f-134078400582784","trial_id":148,"system_attr":{"tpe:relative_params:0":"{\"RANK_REGRESS\": 38, \"REG_W\": 2.373863638693706, \"USE_RMS_SCALING\": true}"}}
{"op_code":5,"worker_id":"cd92d8d5-7210-4a44-b44c-b1abc979467f-134078400582784","trial_id":148,"param_name":"RANK_REGRESS","param_value_internal":38.0,"distribution":"{\"name\": \"IntDistribution\", \"attributes\": {\"log\": false, \"step\": 1, \"low\": 5, \"high\": 80}}"}
{"op_code":5,"worker_id":"cd92d8d5-7210-4a44-b44c-b1abc979467f-134078400582784","trial_id":148,"param_name":"REG_W","param_value_internal":2.373863638693706,"distribution":"{\"name\": \"FloatDistribution\", \"attributes\": {\"step\": null, \"low\": 1e-05, \"high\": 1000.0, \"log\": true}}"}
{"op_code":5,"worker_id":"cd92d8d5-7210-4a44-b44c-b1abc979467f-134078400582784","trial_id":148,"param_name":"USE_RMS_SCALING","param_value_internal":0,"distribution":"{\"name\": \"CategoricalDistribution\", \"attributes\": {\"choices\": [true, false]}}"}
{"op_code":6,"worker_id":"ee6aa866-e34f-451d-a2d2-11e8e2a587eb-123337611764864","trial_id":111,"state":1,"values":[0.0],"datetime_complete":"2026-05-06T02:09:00.676203"}
{"op_code":4,"worker_id":"ee6aa866-e34f-451d-a2d2-11e8e2a587eb-123337611764864","study_id":0,"datetime_start":"2026-05-06T02:09:00.759682"}
{"op_code":9,"worker_id":"ee6aa866-e34f-451d-a2d2-11e8e2a587eb-123337611764864","trial_id":149,"system_attr":{"tpe:relative_params:0":"{\"RANK_REGRESS\": 18, \"REG_W\": 176.47913822448794, \"USE_RMS_SCALING\": false}"}}
{"op_code":5,"worker_id":"ee6aa866-e34f-451d-a2d2-11e8e2a587eb-123337611764864","trial_id":149,"param_name":"RANK_REGRESS","param_value_internal":18.0,"distribution":"{\"name\": \"IntDistribution\", \"attributes\": {\"log\": false, \"step\": 1, \"low\": 5, \"high\": 80}}"}
{"op_code":5,"worker_id":"ee6aa866-e34f-451d-a2d2-11e8e2a587eb-123337611764864","trial_id":149,"param_name":"REG_W","param_value_internal":176.47913822448794,"distribution":"{\"name\": \"FloatDistribution\", \"attributes\": {\"step\": null, \"low\": 1e-05, \"high\": 1000.0, \"log\": true}}"}
{"op_code":5,"worker_id":"ee6aa866-e34f-451d-a2d2-11e8e2a587eb-123337611764864","trial_id":149,"param_name":"USE_RMS_SCALING","param_value_internal":1,"distribution":"{\"name\": \"CategoricalDistribution\", \"attributes\": {\"choices\": [true, false]}}"}
{"op_code":6,"worker_id":"c4d80b5e-bab6-4014-9554-268278c776c0-135597231666304","trial_id":114,"state":1,"values":[-0.6157199519440034],"datetime_complete":"2026-05-06T02:17:31.530419"}
{"op_code":4,"worker_id":"c4d80b5e-bab6-4014-9554-268278c776c0-135597231666304","study_id":0,"datetime_start":"2026-05-06T02:17:31.595182"}
{"op_code":9,"worker_id":"c4d80b5e-bab6-4014-9554-268278c776c0-135597231666304","trial_id":150,"system_attr":{"tpe:relative_params:0":"{\"RANK_REGRESS\": 76, \"REG_W\": 6.357749613836789e-05, \"USE_RMS_SCALING\": true}"}}
{"op_code":5,"worker_id":"c4d80b5e-bab6-4014-9554-268278c776c0-135597231666304","trial_id":150,"param_name":"RANK_REGRESS","param_value_internal":76.0,"distribution":"{\"name\": \"IntDistribution\", \"attributes\": {\"log\": false, \"step\": 1, \"low\": 5, \"high\": 80}}"}
{"op_code":5,"worker_id":"c4d80b5e-bab6-4014-9554-268278c776c0-135597231666304","trial_id":150,"param_name":"REG_W","param_value_internal":6.357749613836789e-05,"distribution":"{\"name\": \"FloatDistribution\", \"attributes\": {\"step\": null, \"low\": 1e-05, \"high\": 1000.0, \"log\": true}}"}
{"op_code":5,"worker_id":"c4d80b5e-bab6-4014-9554-268278c776c0-135597231666304","trial_id":150,"param_name":"USE_RMS_SCALING","param_value_internal":0,"distribution":"{\"name\": \"CategoricalDistribution\", \"attributes\": {\"choices\": [true, false]}}"}
{"op_code":6,"worker_id":"78e752fc-ec52-41b1-bfce-8ea4dd25333d-124687696241792","trial_id":143,"state":1,"values":[0.0],"datetime_complete":"2026-05-06T03:58:37.405208"}
{"op_code":4,"worker_id":"78e752fc-ec52-41b1-bfce-8ea4dd25333d-124687696241792","study_id":0,"datetime_start":"2026-05-06T03:58:37.469077"}
{"op_code":9,"worker_id":"78e752fc-ec52-41b1-bfce-8ea4dd25333d-124687696241792","trial_id":151,"system_attr":{"tpe:relative_params:0":"{\"RANK_REGRESS\": 56, \"REG_W\": 386.60442957721756, \"USE_RMS_SCALING\": true}"}}
{"op_code":5,"worker_id":"78e752fc-ec52-41b1-bfce-8ea4dd25333d-124687696241792","trial_id":151,"param_name":"RANK_REGRESS","param_value_internal":56.0,"distribution":"{\"name\": \"IntDistribution\", \"attributes\": {\"log\": false, \"step\": 1, \"low\": 5, \"high\": 80}}"}
{"op_code":5,"worker_id":"78e752fc-ec52-41b1-bfce-8ea4dd25333d-124687696241792","trial_id":151,"param_name":"REG_W","param_value_internal":386.60442957721756,"distribution":"{\"name\": \"FloatDistribution\", \"attributes\": {\"step\": null, \"low\": 1e-05, \"high\": 1000.0, \"log\": true}}"}
{"op_code":5,"worker_id":"78e752fc-ec52-41b1-bfce-8ea4dd25333d-124687696241792","trial_id":151,"param_name":"USE_RMS_SCALING","param_value_internal":0,"distribution":"{\"name\": \"CategoricalDistribution\", \"attributes\": {\"choices\": [true, false]}}"}
{"op_code":6,"worker_id":"e736430e-7f31-486e-b16f-5afd818f54ac-136080463115392","trial_id":121,"state":1,"values":[0.0],"datetime_complete":"2026-05-06T04:07:50.059768"}
{"op_code":4,"worker_id":"e736430e-7f31-486e-b16f-5afd818f54ac-136080463115392","study_id":0,"datetime_start":"2026-05-06T04:07:50.171182"}
{"op_code":9,"worker_id":"e736430e-7f31-486e-b16f-5afd818f54ac-136080463115392","trial_id":152,"system_attr":{"tpe:relative_params:0":"{\"RANK_REGRESS\": 33, \"REG_W\": 478.7274493612491, \"USE_RMS_SCALING\": false}"}}
{"op_code":5,"worker_id":"e736430e-7f31-486e-b16f-5afd818f54ac-136080463115392","trial_id":152,"param_name":"RANK_REGRESS","param_value_internal":33.0,"distribution":"{\"name\": \"IntDistribution\", \"attributes\": {\"log\": false, \"step\": 1, \"low\": 5, \"high\": 80}}"}
{"op_code":5,"worker_id":"e736430e-7f31-486e-b16f-5afd818f54ac-136080463115392","trial_id":152,"param_name":"REG_W","param_value_internal":478.7274493612491,"distribution":"{\"name\": \"FloatDistribution\", \"attributes\": {\"step\": null, \"low\": 1e-05, \"high\": 1000.0, \"log\": true}}"}
{"op_code":5,"worker_id":"e736430e-7f31-486e-b16f-5afd818f54ac-136080463115392","trial_id":152,"param_name":"USE_RMS_SCALING","param_value_internal":1,"distribution":"{\"name\": \"CategoricalDistribution\", \"attributes\": {\"choices\": [true, false]}}"}
{"op_code":6,"worker_id":"cf3187a5-8719-470e-849f-8ce05547bef0-137018214442112","trial_id":120,"state":1,"values":[0.0],"datetime_complete":"2026-05-06T04:36:00.878458"}
{"op_code":4,"worker_id":"cf3187a5-8719-470e-849f-8ce05547bef0-137018214442112","study_id":0,"datetime_start":"2026-05-06T04:36:00.967901"}
{"op_code":9,"worker_id":"cf3187a5-8719-470e-849f-8ce05547bef0-137018214442112","trial_id":153,"system_attr":{"tpe:relative_params:0":"{\"RANK_REGRESS\": 23, \"REG_W\": 314.82738076945947, \"USE_RMS_SCALING\": true}"}}
{"op_code":5,"worker_id":"cf3187a5-8719-470e-849f-8ce05547bef0-137018214442112","trial_id":153,"param_name":"RANK_REGRESS","param_value_internal":23.0,"distribution":"{\"name\": \"IntDistribution\", \"attributes\": {\"log\": false, \"step\": 1, \"low\": 5, \"high\": 80}}"}
{"op_code":5,"worker_id":"cf3187a5-8719-470e-849f-8ce05547bef0-137018214442112","trial_id":153,"param_name":"REG_W","param_value_internal":314.82738076945947,"distribution":"{\"name\": \"FloatDistribution\", \"attributes\": {\"step\": null, \"low\": 1e-05, \"high\": 1000.0, \"log\": true}}"}
{"op_code":5,"worker_id":"cf3187a5-8719-470e-849f-8ce05547bef0-137018214442112","trial_id":153,"param_name":"USE_RMS_SCALING","param_value_internal":0,"distribution":"{\"name\": \"CategoricalDistribution\", \"attributes\": {\"choices\": [true, false]}}"}
{"op_code":6,"worker_id":"98e48d44-d69b-4c37-b4f0-7015a3c6b6e4-124362341860480","trial_id":144,"state":1,"values":[-0.18756915683242403],"datetime_complete":"2026-05-06T05:22:09.348211"}
{"op_code":4,"worker_id":"98e48d44-d69b-4c37-b4f0-7015a3c6b6e4-124362341860480","study_id":0,"datetime_start":"2026-05-06T05:22:09.494089"}
{"op_code":9,"worker_id":"98e48d44-d69b-4c37-b4f0-7015a3c6b6e4-124362341860480","trial_id":154,"system_attr":{"tpe:relative_params:0":"{\"RANK_REGRESS\": 16, \"REG_W\": 50.01464957739281, \"USE_RMS_SCALING\": true}"}}
{"op_code":5,"worker_id":"98e48d44-d69b-4c37-b4f0-7015a3c6b6e4-124362341860480","trial_id":154,"param_name":"RANK_REGRESS","param_value_internal":16.0,"distribution":"{\"name\": \"IntDistribution\", \"attributes\": {\"log\": false, \"step\": 1, \"low\": 5, \"high\": 80}}"}
{"op_code":5,"worker_id":"98e48d44-d69b-4c37-b4f0-7015a3c6b6e4-124362341860480","trial_id":154,"param_name":"REG_W","param_value_internal":50.01464957739281,"distribution":"{\"name\": \"FloatDistribution\", \"attributes\": {\"step\": null, \"low\": 1e-05, \"high\": 1000.0, \"log\": true}}"}
{"op_code":5,"worker_id":"98e48d44-d69b-4c37-b4f0-7015a3c6b6e4-124362341860480","trial_id":154,"param_name":"USE_RMS_SCALING","param_value_internal":0,"distribution":"{\"name\": \"CategoricalDistribution\", \"attributes\": {\"choices\": [true, false]}}"}
{"op_code":6,"worker_id":"80eccb33-98be-4d0c-995c-1fa46f393b30-137367927161984","trial_id":146,"state":1,"values":[0.0],"datetime_complete":"2026-05-06T05:32:50.670755"}
{"op_code":4,"worker_id":"80eccb33-98be-4d0c-995c-1fa46f393b30-137367927161984","study_id":0,"datetime_start":"2026-05-06T05:32:50.775695"}
{"op_code":9,"worker_id":"80eccb33-98be-4d0c-995c-1fa46f393b30-137367927161984","trial_id":155,"system_attr":{"tpe:relative_params:0":"{\"RANK_REGRESS\": 11, \"REG_W\": 285.795282416953, \"USE_RMS_SCALING\": true}"}}
{"op_code":5,"worker_id":"80eccb33-98be-4d0c-995c-1fa46f393b30-137367927161984","trial_id":155,"param_name":"RANK_REGRESS","param_value_internal":11.0,"distribution":"{\"name\": \"IntDistribution\", \"attributes\": {\"log\": false, \"step\": 1, \"low\": 5, \"high\": 80}}"}
{"op_code":5,"worker_id":"80eccb33-98be-4d0c-995c-1fa46f393b30-137367927161984","trial_id":155,"param_name":"REG_W","param_value_internal":285.795282416953,"distribution":"{\"name\": \"FloatDistribution\", \"attributes\": {\"step\": null, \"low\": 1e-05, \"high\": 1000.0, \"log\": true}}"}
{"op_code":5,"worker_id":"80eccb33-98be-4d0c-995c-1fa46f393b30-137367927161984","trial_id":155,"param_name":"USE_RMS_SCALING","param_value_internal":0,"distribution":"{\"name\": \"CategoricalDistribution\", \"attributes\": {\"choices\": [true, false]}}"}
{"op_code":6,"worker_id":"df95d927-b8d5-489f-8ec6-aa5c6f422124-128066685076608","trial_id":116,"state":1,"values":[0.0],"datetime_complete":"2026-05-06T05:52:22.684225"}
{"op_code":4,"worker_id":"df95d927-b8d5-489f-8ec6-aa5c6f422124-128066685076608","study_id":0,"datetime_start":"2026-05-06T05:52:22.752829"}
{"op_code":9,"worker_id":"df95d927-b8d5-489f-8ec6-aa5c6f422124-128066685076608","trial_id":156,"system_attr":{"tpe:relative_params:0":"{\"RANK_REGRESS\": 19, \"REG_W\": 578.8676545829757, \"USE_RMS_SCALING\": true}"}}
{"op_code":5,"worker_id":"df95d927-b8d5-489f-8ec6-aa5c6f422124-128066685076608","trial_id":156,"param_name":"RANK_REGRESS","param_value_internal":19.0,"distribution":"{\"name\": \"IntDistribution\", \"attributes\": {\"log\": false, \"step\": 1, \"low\": 5, \"high\": 80}}"}
{"op_code":5,"worker_id":"df95d927-b8d5-489f-8ec6-aa5c6f422124-128066685076608","trial_id":156,"param_name":"REG_W","param_value_internal":578.8676545829757,"distribution":"{\"name\": \"FloatDistribution\", \"attributes\": {\"step\": null, \"low\": 1e-05, \"high\": 1000.0, \"log\": true}}"}
{"op_code":5,"worker_id":"df95d927-b8d5-489f-8ec6-aa5c6f422124-128066685076608","trial_id":156,"param_name":"USE_RMS_SCALING","param_value_internal":0,"distribution":"{\"name\": \"CategoricalDistribution\", \"attributes\": {\"choices\": [true, false]}}"}
{"op_code":6,"worker_id":"7161d330-66f6-438c-9411-40bd45548d3e-123987045885056","trial_id":126,"state":1,"values":[-0.0026965179731509212],"datetime_complete":"2026-05-06T05:54:52.630343"}
{"op_code":4,"worker_id":"7161d330-66f6-438c-9411-40bd45548d3e-123987045885056","study_id":0,"datetime_start":"2026-05-06T05:54:52.729827"}
{"op_code":9,"worker_id":"7161d330-66f6-438c-9411-40bd45548d3e-123987045885056","trial_id":157,"system_attr":{"tpe:relative_params:0":"{\"RANK_REGRESS\": 30, \"REG_W\": 334.0332653206484, \"USE_RMS_SCALING\": true}"}}
{"op_code":5,"worker_id":"7161d330-66f6-438c-9411-40bd45548d3e-123987045885056","trial_id":157,"param_name":"RANK_REGRESS","param_value_internal":30.0,"distribution":"{\"name\": \"IntDistribution\", \"attributes\": {\"log\": false, \"step\": 1, \"low\": 5, \"high\": 80}}"}
{"op_code":5,"worker_id":"7161d330-66f6-438c-9411-40bd45548d3e-123987045885056","trial_id":157,"param_name":"REG_W","param_value_internal":334.0332653206484,"distribution":"{\"name\": \"FloatDistribution\", \"attributes\": {\"step\": null, \"low\": 1e-05, \"high\": 1000.0, \"log\": true}}"}
{"op_code":5,"worker_id":"7161d330-66f6-438c-9411-40bd45548d3e-123987045885056","trial_id":157,"param_name":"USE_RMS_SCALING","param_value_internal":0,"distribution":"{\"name\": \"CategoricalDistribution\", \"attributes\": {\"choices\": [true, false]}}"}
{"op_code":6,"worker_id":"ee6aa866-e34f-451d-a2d2-11e8e2a587eb-123337611764864","trial_id":149,"state":1,"values":[0.0],"datetime_complete":"2026-05-06T05:55:21.177892"}
{"op_code":4,"worker_id":"ee6aa866-e34f-451d-a2d2-11e8e2a587eb-123337611764864","study_id":0,"datetime_start":"2026-05-06T05:55:21.408965"}
{"op_code":9,"worker_id":"ee6aa866-e34f-451d-a2d2-11e8e2a587eb-123337611764864","trial_id":158,"system_attr":{"tpe:relative_params:0":"{\"RANK_REGRESS\": 5, \"REG_W\": 909.805535728247, \"USE_RMS_SCALING\": true}"}}
{"op_code":5,"worker_id":"ee6aa866-e34f-451d-a2d2-11e8e2a587eb-123337611764864","trial_id":158,"param_name":"RANK_REGRESS","param_value_internal":5.0,"distribution":"{\"name\": \"IntDistribution\", \"attributes\": {\"log\": false, \"step\": 1, \"low\": 5, \"high\": 80}}"}
{"op_code":5,"worker_id":"ee6aa866-e34f-451d-a2d2-11e8e2a587eb-123337611764864","trial_id":158,"param_name":"REG_W","param_value_internal":909.805535728247,"distribution":"{\"name\": \"FloatDistribution\", \"attributes\": {\"step\": null, \"low\": 1e-05, \"high\": 1000.0, \"log\": true}}"}
{"op_code":5,"worker_id":"ee6aa866-e34f-451d-a2d2-11e8e2a587eb-123337611764864","trial_id":158,"param_name":"USE_RMS_SCALING","param_value_internal":0,"distribution":"{\"name\": \"CategoricalDistribution\", \"attributes\": {\"choices\": [true, false]}}"}
{"op_code":6,"worker_id":"ee6aa866-e34f-451d-a2d2-11e8e2a587eb-123337611764864","trial_id":158,"state":1,"values":[0.0],"datetime_complete":"2026-05-06T07:23:39.037101"}
{"op_code":4,"worker_id":"ee6aa866-e34f-451d-a2d2-11e8e2a587eb-123337611764864","study_id":0,"datetime_start":"2026-05-06T07:23:39.149495"}
{"op_code":9,"worker_id":"ee6aa866-e34f-451d-a2d2-11e8e2a587eb-123337611764864","trial_id":159,"system_attr":{"tpe:relative_params:0":"{\"RANK_REGRESS\": 65, \"REG_W\": 35.189905427033864, \"USE_RMS_SCALING\": true}"}}
{"op_code":5,"worker_id":"ee6aa866-e34f-451d-a2d2-11e8e2a587eb-123337611764864","trial_id":159,"param_name":"RANK_REGRESS","param_value_internal":65.0,"distribution":"{\"name\": \"IntDistribution\", \"attributes\": {\"log\": false, \"step\": 1, \"low\": 5, \"high\": 80}}"}
{"op_code":5,"worker_id":"ee6aa866-e34f-451d-a2d2-11e8e2a587eb-123337611764864","trial_id":159,"param_name":"REG_W","param_value_internal":35.189905427033864,"distribution":"{\"name\": \"FloatDistribution\", \"attributes\": {\"step\": null, \"low\": 1e-05, \"high\": 1000.0, \"log\": true}}"}
{"op_code":5,"worker_id":"ee6aa866-e34f-451d-a2d2-11e8e2a587eb-123337611764864","trial_id":159,"param_name":"USE_RMS_SCALING","param_value_internal":0,"distribution":"{\"name\": \"CategoricalDistribution\", \"attributes\": {\"choices\": [true, false]}}"}
{"op_code":6,"worker_id":"7c35be7b-ece3-471f-ac7c-e497b727736c-133414160528512","trial_id":147,"state":1,"values":[0.0],"datetime_complete":"2026-05-06T07:26:28.714359"}
{"op_code":4,"worker_id":"7c35be7b-ece3-471f-ac7c-e497b727736c-133414160528512","study_id":0,"datetime_start":"2026-05-06T07:26:28.822995"}
{"op_code":9,"worker_id":"7c35be7b-ece3-471f-ac7c-e497b727736c-133414160528512","trial_id":160,"system_attr":{"tpe:relative_params:0":"{\"RANK_REGRESS\": 27, \"REG_W\": 5.8250247939180495, \"USE_RMS_SCALING\": true}"}}
{"op_code":5,"worker_id":"7c35be7b-ece3-471f-ac7c-e497b727736c-133414160528512","trial_id":160,"param_name":"RANK_REGRESS","param_value_internal":27.0,"distribution":"{\"name\": \"IntDistribution\", \"attributes\": {\"log\": false, \"step\": 1, \"low\": 5, \"high\": 80}}"}
{"op_code":5,"worker_id":"7c35be7b-ece3-471f-ac7c-e497b727736c-133414160528512","trial_id":160,"param_name":"REG_W","param_value_internal":5.8250247939180495,"distribution":"{\"name\": \"FloatDistribution\", \"attributes\": {\"step\": null, \"low\": 1e-05, \"high\": 1000.0, \"log\": true}}"}
{"op_code":5,"worker_id":"7c35be7b-ece3-471f-ac7c-e497b727736c-133414160528512","trial_id":160,"param_name":"USE_RMS_SCALING","param_value_internal":0,"distribution":"{\"name\": \"CategoricalDistribution\", \"attributes\": {\"choices\": [true, false]}}"}
{"op_code":6,"worker_id":"d113e1eb-6207-4b56-b24b-289a07d40b7e-130030948160640","trial_id":124,"state":1,"values":[-0.9176360180348958],"datetime_complete":"2026-05-06T07:28:03.986387"}
{"op_code":4,"worker_id":"d113e1eb-6207-4b56-b24b-289a07d40b7e-130030948160640","study_id":0,"datetime_start":"2026-05-06T07:28:04.087612"}
{"op_code":9,"worker_id":"d113e1eb-6207-4b56-b24b-289a07d40b7e-130030948160640","trial_id":161,"system_attr":{"tpe:relative_params:0":"{\"RANK_REGRESS\": 16, \"REG_W\": 981.7736858186439, \"USE_RMS_SCALING\": false}"}}
{"op_code":5,"worker_id":"d113e1eb-6207-4b56-b24b-289a07d40b7e-130030948160640","trial_id":161,"param_name":"RANK_REGRESS","param_value_internal":16.0,"distribution":"{\"name\": \"IntDistribution\", \"attributes\": {\"log\": false, \"step\": 1, \"low\": 5, \"high\": 80}}"}
{"op_code":5,"worker_id":"d113e1eb-6207-4b56-b24b-289a07d40b7e-130030948160640","trial_id":161,"param_name":"REG_W","param_value_internal":981.7736858186439,"distribution":"{\"name\": \"FloatDistribution\", \"attributes\": {\"step\": null, \"low\": 1e-05, \"high\": 1000.0, \"log\": true}}"}
{"op_code":5,"worker_id":"d113e1eb-6207-4b56-b24b-289a07d40b7e-130030948160640","trial_id":161,"param_name":"USE_RMS_SCALING","param_value_internal":1,"distribution":"{\"name\": \"CategoricalDistribution\", \"attributes\": {\"choices\": [true, false]}}"}
{"op_code":6,"worker_id":"80eccb33-98be-4d0c-995c-1fa46f393b30-137367927161984","trial_id":155,"state":1,"values":[0.0],"datetime_complete":"2026-05-06T07:48:48.226605"}
{"op_code":4,"worker_id":"80eccb33-98be-4d0c-995c-1fa46f393b30-137367927161984","study_id":0,"datetime_start":"2026-05-06T07:48:48.317144"}
{"op_code":9,"worker_id":"80eccb33-98be-4d0c-995c-1fa46f393b30-137367927161984","trial_id":162,"system_attr":{"tpe:relative_params:0":"{\"RANK_REGRESS\": 48, \"REG_W\": 34.0729851872109, \"USE_RMS_SCALING\": true}"}}
{"op_code":5,"worker_id":"80eccb33-98be-4d0c-995c-1fa46f393b30-137367927161984","trial_id":162,"param_name":"RANK_REGRESS","param_value_internal":48.0,"distribution":"{\"name\": \"IntDistribution\", \"attributes\": {\"log\": false, \"step\": 1, \"low\": 5, \"high\": 80}}"}
{"op_code":5,"worker_id":"80eccb33-98be-4d0c-995c-1fa46f393b30-137367927161984","trial_id":162,"param_name":"REG_W","param_value_internal":34.0729851872109,"distribution":"{\"name\": \"FloatDistribution\", \"attributes\": {\"step\": null, \"low\": 1e-05, \"high\": 1000.0, \"log\": true}}"}
{"op_code":5,"worker_id":"80eccb33-98be-4d0c-995c-1fa46f393b30-137367927161984","trial_id":162,"param_name":"USE_RMS_SCALING","param_value_internal":0,"distribution":"{\"name\": \"CategoricalDistribution\", \"attributes\": {\"choices\": [true, false]}}"}
{"op_code":6,"worker_id":"bd30f4e9-75db-4e95-a1d3-9b44f5a67f79-139432681796736","trial_id":138,"state":1,"values":[0.0],"datetime_complete":"2026-05-06T07:54:11.733557"}
{"op_code":4,"worker_id":"bd30f4e9-75db-4e95-a1d3-9b44f5a67f79-139432681796736","study_id":0,"datetime_start":"2026-05-06T07:54:11.824357"}
{"op_code":9,"worker_id":"bd30f4e9-75db-4e95-a1d3-9b44f5a67f79-139432681796736","trial_id":163,"system_attr":{"tpe:relative_params:0":"{\"RANK_REGRESS\": 61, \"REG_W\": 130.2217947577299, \"USE_RMS_SCALING\": true}"}}
{"op_code":5,"worker_id":"bd30f4e9-75db-4e95-a1d3-9b44f5a67f79-139432681796736","trial_id":163,"param_name":"RANK_REGRESS","param_value_internal":61.0,"distribution":"{\"name\": \"IntDistribution\", \"attributes\": {\"log\": false, \"step\": 1, \"low\": 5, \"high\": 80}}"}
{"op_code":5,"worker_id":"bd30f4e9-75db-4e95-a1d3-9b44f5a67f79-139432681796736","trial_id":163,"param_name":"REG_W","param_value_internal":130.2217947577299,"distribution":"{\"name\": \"FloatDistribution\", \"attributes\": {\"step\": null, \"low\": 1e-05, \"high\": 1000.0, \"log\": true}}"}
{"op_code":5,"worker_id":"bd30f4e9-75db-4e95-a1d3-9b44f5a67f79-139432681796736","trial_id":163,"param_name":"USE_RMS_SCALING","param_value_internal":0,"distribution":"{\"name\": \"CategoricalDistribution\", \"attributes\": {\"choices\": [true, false]}}"}
{"op_code":6,"worker_id":"daca670a-bc2d-4a3c-a417-0cf368ddd7eb-131044398851200","trial_id":145,"state":1,"values":[0.0],"datetime_complete":"2026-05-06T08:16:41.812313"}
{"op_code":4,"worker_id":"daca670a-bc2d-4a3c-a417-0cf368ddd7eb-131044398851200","study_id":0,"datetime_start":"2026-05-06T08:16:41.903834"}
{"op_code":9,"worker_id":"daca670a-bc2d-4a3c-a417-0cf368ddd7eb-131044398851200","trial_id":164,"system_attr":{"tpe:relative_params:0":"{\"RANK_REGRESS\": 56, \"REG_W\": 360.57582989224886, \"USE_RMS_SCALING\": true}"}}
{"op_code":5,"worker_id":"daca670a-bc2d-4a3c-a417-0cf368ddd7eb-131044398851200","trial_id":164,"param_name":"RANK_REGRESS","param_value_internal":56.0,"distribution":"{\"name\": \"IntDistribution\", \"attributes\": {\"log\": false, \"step\": 1, \"low\": 5, \"high\": 80}}"}
{"op_code":5,"worker_id":"daca670a-bc2d-4a3c-a417-0cf368ddd7eb-131044398851200","trial_id":164,"param_name":"REG_W","param_value_internal":360.57582989224886,"distribution":"{\"name\": \"FloatDistribution\", \"attributes\": {\"step\": null, \"low\": 1e-05, \"high\": 1000.0, \"log\": true}}"}
{"op_code":5,"worker_id":"daca670a-bc2d-4a3c-a417-0cf368ddd7eb-131044398851200","trial_id":164,"param_name":"USE_RMS_SCALING","param_value_internal":0,"distribution":"{\"name\": \"CategoricalDistribution\", \"attributes\": {\"choices\": [true, false]}}"}
{"op_code":6,"worker_id":"cd92d8d5-7210-4a44-b44c-b1abc979467f-134078400582784","trial_id":148,"state":1,"values":[-0.6977295389171148],"datetime_complete":"2026-05-06T08:39:59.052913"}
{"op_code":4,"worker_id":"cd92d8d5-7210-4a44-b44c-b1abc979467f-134078400582784","study_id":0,"datetime_start":"2026-05-06T08:39:59.144630"}
{"op_code":9,"worker_id":"cd92d8d5-7210-4a44-b44c-b1abc979467f-134078400582784","trial_id":165,"system_attr":{"tpe:relative_params:0":"{\"RANK_REGRESS\": 79, \"REG_W\": 180.90467156876085, \"USE_RMS_SCALING\": true}"}}
{"op_code":5,"worker_id":"cd92d8d5-7210-4a44-b44c-b1abc979467f-134078400582784","trial_id":165,"param_name":"RANK_REGRESS","param_value_internal":79.0,"distribution":"{\"name\": \"IntDistribution\", \"attributes\": {\"log\": false, \"step\": 1, \"low\": 5, \"high\": 80}}"}
{"op_code":5,"worker_id":"cd92d8d5-7210-4a44-b44c-b1abc979467f-134078400582784","trial_id":165,"param_name":"REG_W","param_value_internal":180.90467156876085,"distribution":"{\"name\": \"FloatDistribution\", \"attributes\": {\"step\": null, \"low\": 1e-05, \"high\": 1000.0, \"log\": true}}"}
{"op_code":5,"worker_id":"cd92d8d5-7210-4a44-b44c-b1abc979467f-134078400582784","trial_id":165,"param_name":"USE_RMS_SCALING","param_value_internal":0,"distribution":"{\"name\": \"CategoricalDistribution\", \"attributes\": {\"choices\": [true, false]}}"}
{"op_code":6,"worker_id":"cf3187a5-8719-470e-849f-8ce05547bef0-137018214442112","trial_id":153,"state":1,"values":[0.0],"datetime_complete":"2026-05-06T09:09:04.383291"}
{"op_code":4,"worker_id":"cf3187a5-8719-470e-849f-8ce05547bef0-137018214442112","study_id":0,"datetime_start":"2026-05-06T09:09:04.461012"}
{"op_code":9,"worker_id":"cf3187a5-8719-470e-849f-8ce05547bef0-137018214442112","trial_id":166,"system_attr":{"tpe:relative_params:0":"{\"RANK_REGRESS\": 64, \"REG_W\": 330.5725669654928, \"USE_RMS_SCALING\": true}"}}
{"op_code":5,"worker_id":"cf3187a5-8719-470e-849f-8ce05547bef0-137018214442112","trial_id":166,"param_name":"RANK_REGRESS","param_value_internal":64.0,"distribution":"{\"name\": \"IntDistribution\", \"attributes\": {\"log\": false, \"step\": 1, \"low\": 5, \"high\": 80}}"}
{"op_code":5,"worker_id":"cf3187a5-8719-470e-849f-8ce05547bef0-137018214442112","trial_id":166,"param_name":"REG_W","param_value_internal":330.5725669654928,"distribution":"{\"name\": \"FloatDistribution\", \"attributes\": {\"step\": null, \"low\": 1e-05, \"high\": 1000.0, \"log\": true}}"}
{"op_code":5,"worker_id":"cf3187a5-8719-470e-849f-8ce05547bef0-137018214442112","trial_id":166,"param_name":"USE_RMS_SCALING","param_value_internal":0,"distribution":"{\"name\": \"CategoricalDistribution\", \"attributes\": {\"choices\": [true, false]}}"}
{"op_code":6,"worker_id":"f2eb8945-3513-4d8c-9e1a-8b14808734f6-128217569571968","trial_id":134,"state":1,"values":[0.0],"datetime_complete":"2026-05-06T09:14:31.260435"}
{"op_code":4,"worker_id":"f2eb8945-3513-4d8c-9e1a-8b14808734f6-128217569571968","study_id":0,"datetime_start":"2026-05-06T09:14:31.368535"}
{"op_code":9,"worker_id":"f2eb8945-3513-4d8c-9e1a-8b14808734f6-128217569571968","trial_id":167,"system_attr":{"tpe:relative_params:0":"{\"RANK_REGRESS\": 8, \"REG_W\": 0.059100290715855985, \"USE_RMS_SCALING\": true}"}}
{"op_code":5,"worker_id":"f2eb8945-3513-4d8c-9e1a-8b14808734f6-128217569571968","trial_id":167,"param_name":"RANK_REGRESS","param_value_internal":8.0,"distribution":"{\"name\": \"IntDistribution\", \"attributes\": {\"log\": false, \"step\": 1, \"low\": 5, \"high\": 80}}"}
{"op_code":5,"worker_id":"f2eb8945-3513-4d8c-9e1a-8b14808734f6-128217569571968","trial_id":167,"param_name":"REG_W","param_value_internal":0.059100290715855985,"distribution":"{\"name\": \"FloatDistribution\", \"attributes\": {\"step\": null, \"low\": 1e-05, \"high\": 1000.0, \"log\": true}}"}
{"op_code":5,"worker_id":"f2eb8945-3513-4d8c-9e1a-8b14808734f6-128217569571968","trial_id":167,"param_name":"USE_RMS_SCALING","param_value_internal":0,"distribution":"{\"name\": \"CategoricalDistribution\", \"attributes\": {\"choices\": [true, false]}}"}
{"op_code":6,"worker_id":"df95d927-b8d5-489f-8ec6-aa5c6f422124-128066685076608","trial_id":156,"state":1,"values":[0.0],"datetime_complete":"2026-05-06T09:46:51.407832"}
{"op_code":4,"worker_id":"df95d927-b8d5-489f-8ec6-aa5c6f422124-128066685076608","study_id":0,"datetime_start":"2026-05-06T09:46:51.479703"}
{"op_code":9,"worker_id":"df95d927-b8d5-489f-8ec6-aa5c6f422124-128066685076608","trial_id":168,"system_attr":{"tpe:relative_params:0":"{\"RANK_REGRESS\": 50, \"REG_W\": 183.59803275247103, \"USE_RMS_SCALING\": true}"}}
{"op_code":5,"worker_id":"df95d927-b8d5-489f-8ec6-aa5c6f422124-128066685076608","trial_id":168,"param_name":"RANK_REGRESS","param_value_internal":50.0,"distribution":"{\"name\": \"IntDistribution\", \"attributes\": {\"log\": false, \"step\": 1, \"low\": 5, \"high\": 80}}"}
{"op_code":5,"worker_id":"df95d927-b8d5-489f-8ec6-aa5c6f422124-128066685076608","trial_id":168,"param_name":"REG_W","param_value_internal":183.59803275247103,"distribution":"{\"name\": \"FloatDistribution\", \"attributes\": {\"step\": null, \"low\": 1e-05, \"high\": 1000.0, \"log\": true}}"}
{"op_code":5,"worker_id":"df95d927-b8d5-489f-8ec6-aa5c6f422124-128066685076608","trial_id":168,"param_name":"USE_RMS_SCALING","param_value_internal":0,"distribution":"{\"name\": \"CategoricalDistribution\", \"attributes\": {\"choices\": [true, false]}}"}
{"op_code":6,"worker_id":"d640cb1c-5cb1-4309-9518-2df8907a601e-140673033888896","trial_id":142,"state":1,"values":[0.0],"datetime_complete":"2026-05-06T10:30:54.462556"}
{"op_code":4,"worker_id":"d640cb1c-5cb1-4309-9518-2df8907a601e-140673033888896","study_id":0,"datetime_start":"2026-05-06T10:30:54.555724"}
{"op_code":9,"worker_id":"d640cb1c-5cb1-4309-9518-2df8907a601e-140673033888896","trial_id":169,"system_attr":{"tpe:relative_params:0":"{\"RANK_REGRESS\": 35, \"REG_W\": 54.11637149502728, \"USE_RMS_SCALING\": true}"}}
{"op_code":5,"worker_id":"d640cb1c-5cb1-4309-9518-2df8907a601e-140673033888896","trial_id":169,"param_name":"RANK_REGRESS","param_value_internal":35.0,"distribution":"{\"name\": \"IntDistribution\", \"attributes\": {\"log\": false, \"step\": 1, \"low\": 5, \"high\": 80}}"}
{"op_code":5,"worker_id":"d640cb1c-5cb1-4309-9518-2df8907a601e-140673033888896","trial_id":169,"param_name":"REG_W","param_value_internal":54.11637149502728,"distribution":"{\"name\": \"FloatDistribution\", \"attributes\": {\"step\": null, \"low\": 1e-05, \"high\": 1000.0, \"log\": true}}"}
{"op_code":5,"worker_id":"d640cb1c-5cb1-4309-9518-2df8907a601e-140673033888896","trial_id":169,"param_name":"USE_RMS_SCALING","param_value_internal":0,"distribution":"{\"name\": \"CategoricalDistribution\", \"attributes\": {\"choices\": [true, false]}}"}
{"op_code":6,"worker_id":"98e48d44-d69b-4c37-b4f0-7015a3c6b6e4-124362341860480","trial_id":154,"state":1,"values":[0.0],"datetime_complete":"2026-05-06T11:03:17.138684"}
{"op_code":4,"worker_id":"98e48d44-d69b-4c37-b4f0-7015a3c6b6e4-124362341860480","study_id":0,"datetime_start":"2026-05-06T11:03:17.222282"}
{"op_code":9,"worker_id":"98e48d44-d69b-4c37-b4f0-7015a3c6b6e4-124362341860480","trial_id":170,"system_attr":{"tpe:relative_params:0":"{\"RANK_REGRESS\": 64, \"REG_W\": 779.0179679375136, \"USE_RMS_SCALING\": true}"}}
{"op_code":5,"worker_id":"98e48d44-d69b-4c37-b4f0-7015a3c6b6e4-124362341860480","trial_id":170,"param_name":"RANK_REGRESS","param_value_internal":64.0,"distribution":"{\"name\": \"IntDistribution\", \"attributes\": {\"log\": false, \"step\": 1, \"low\": 5, \"high\": 80}}"}
{"op_code":5,"worker_id":"98e48d44-d69b-4c37-b4f0-7015a3c6b6e4-124362341860480","trial_id":170,"param_name":"REG_W","param_value_internal":779.0179679375136,"distribution":"{\"name\": \"FloatDistribution\", \"attributes\": {\"step\": null, \"low\": 1e-05, \"high\": 1000.0, \"log\": true}}"}
{"op_code":5,"worker_id":"98e48d44-d69b-4c37-b4f0-7015a3c6b6e4-124362341860480","trial_id":170,"param_name":"USE_RMS_SCALING","param_value_internal":0,"distribution":"{\"name\": \"CategoricalDistribution\", \"attributes\": {\"choices\": [true, false]}}"}
{"op_code":6,"worker_id":"f2eb8945-3513-4d8c-9e1a-8b14808734f6-128217569571968","trial_id":167,"state":1,"values":[-0.3999581698578492],"datetime_complete":"2026-05-06T11:12:10.549167"}
{"op_code":4,"worker_id":"f2eb8945-3513-4d8c-9e1a-8b14808734f6-128217569571968","study_id":0,"datetime_start":"2026-05-06T11:12:10.658022"}
{"op_code":9,"worker_id":"f2eb8945-3513-4d8c-9e1a-8b14808734f6-128217569571968","trial_id":171,"system_attr":{"tpe:relative_params:0":"{\"RANK_REGRESS\": 18, \"REG_W\": 3.4168975556972114, \"USE_RMS_SCALING\": true}"}}
{"op_code":5,"worker_id":"f2eb8945-3513-4d8c-9e1a-8b14808734f6-128217569571968","trial_id":171,"param_name":"RANK_REGRESS","param_value_internal":18.0,"distribution":"{\"name\": \"IntDistribution\", \"attributes\": {\"log\": false, \"step\": 1, \"low\": 5, \"high\": 80}}"}
{"op_code":5,"worker_id":"f2eb8945-3513-4d8c-9e1a-8b14808734f6-128217569571968","trial_id":171,"param_name":"REG_W","param_value_internal":3.4168975556972114,"distribution":"{\"name\": \"FloatDistribution\", \"attributes\": {\"step\": null, \"low\": 1e-05, \"high\": 1000.0, \"log\": true}}"}
{"op_code":5,"worker_id":"f2eb8945-3513-4d8c-9e1a-8b14808734f6-128217569571968","trial_id":171,"param_name":"USE_RMS_SCALING","param_value_internal":0,"distribution":"{\"name\": \"CategoricalDistribution\", \"attributes\": {\"choices\": [true, false]}}"}
{"op_code":6,"worker_id":"cd41d7d5-18b9-433e-9d80-7dd128db8a45-125756409791616","trial_id":135,"state":1,"values":[0.0],"datetime_complete":"2026-05-06T11:14:12.155313"}
{"op_code":4,"worker_id":"cd41d7d5-18b9-433e-9d80-7dd128db8a45-125756409791616","study_id":0,"datetime_start":"2026-05-06T11:14:12.332269"}
{"op_code":9,"worker_id":"cd41d7d5-18b9-433e-9d80-7dd128db8a45-125756409791616","trial_id":172,"system_attr":{"tpe:relative_params:0":"{\"RANK_REGRESS\": 49, \"REG_W\": 683.5965734019024, \"USE_RMS_SCALING\": true}"}}
{"op_code":5,"worker_id":"cd41d7d5-18b9-433e-9d80-7dd128db8a45-125756409791616","trial_id":172,"param_name":"RANK_REGRESS","param_value_internal":49.0,"distribution":"{\"name\": \"IntDistribution\", \"attributes\": {\"log\": false, \"step\": 1, \"low\": 5, \"high\": 80}}"}
{"op_code":5,"worker_id":"cd41d7d5-18b9-433e-9d80-7dd128db8a45-125756409791616","trial_id":172,"param_name":"REG_W","param_value_internal":683.5965734019024,"distribution":"{\"name\": \"FloatDistribution\", \"attributes\": {\"step\": null, \"low\": 1e-05, \"high\": 1000.0, \"log\": true}}"}
{"op_code":5,"worker_id":"cd41d7d5-18b9-433e-9d80-7dd128db8a45-125756409791616","trial_id":172,"param_name":"USE_RMS_SCALING","param_value_internal":0,"distribution":"{\"name\": \"CategoricalDistribution\", \"attributes\": {\"choices\": [true, false]}}"}
{"op_code":6,"worker_id":"7161d330-66f6-438c-9411-40bd45548d3e-123987045885056","trial_id":157,"state":1,"values":[0.0],"datetime_complete":"2026-05-06T11:44:00.406206"}
{"op_code":4,"worker_id":"7161d330-66f6-438c-9411-40bd45548d3e-123987045885056","study_id":0,"datetime_start":"2026-05-06T11:44:00.511350"}
{"op_code":9,"worker_id":"7161d330-66f6-438c-9411-40bd45548d3e-123987045885056","trial_id":173,"system_attr":{"tpe:relative_params:0":"{\"RANK_REGRESS\": 6, \"REG_W\": 174.7821075317336, \"USE_RMS_SCALING\": false}"}}
{"op_code":5,"worker_id":"7161d330-66f6-438c-9411-40bd45548d3e-123987045885056","trial_id":173,"param_name":"RANK_REGRESS","param_value_internal":6.0,"distribution":"{\"name\": \"IntDistribution\", \"attributes\": {\"log\": false, \"step\": 1, \"low\": 5, \"high\": 80}}"}
{"op_code":5,"worker_id":"7161d330-66f6-438c-9411-40bd45548d3e-123987045885056","trial_id":173,"param_name":"REG_W","param_value_internal":174.7821075317336,"distribution":"{\"name\": \"FloatDistribution\", \"attributes\": {\"step\": null, \"low\": 1e-05, \"high\": 1000.0, \"log\": true}}"}
{"op_code":5,"worker_id":"7161d330-66f6-438c-9411-40bd45548d3e-123987045885056","trial_id":173,"param_name":"USE_RMS_SCALING","param_value_internal":1,"distribution":"{\"name\": \"CategoricalDistribution\", \"attributes\": {\"choices\": [true, false]}}"}
{"op_code":6,"worker_id":"86193bcc-f5a2-46a5-8ade-5f95d247f06e-124152301159552","trial_id":140,"state":1,"values":[-0.5448582961607009],"datetime_complete":"2026-05-06T11:47:29.657085"}
{"op_code":4,"worker_id":"86193bcc-f5a2-46a5-8ade-5f95d247f06e-124152301159552","study_id":0,"datetime_start":"2026-05-06T11:47:29.763977"}
{"op_code":9,"worker_id":"86193bcc-f5a2-46a5-8ade-5f95d247f06e-124152301159552","trial_id":174,"system_attr":{"tpe:relative_params:0":"{\"RANK_REGRESS\": 16, \"REG_W\": 71.28976959192346, \"USE_RMS_SCALING\": false}"}}
{"op_code":5,"worker_id":"86193bcc-f5a2-46a5-8ade-5f95d247f06e-124152301159552","trial_id":174,"param_name":"RANK_REGRESS","param_value_internal":16.0,"distribution":"{\"name\": \"IntDistribution\", \"attributes\": {\"log\": false, \"step\": 1, \"low\": 5, \"high\": 80}}"}
{"op_code":5,"worker_id":"86193bcc-f5a2-46a5-8ade-5f95d247f06e-124152301159552","trial_id":174,"param_name":"REG_W","param_value_internal":71.28976959192346,"distribution":"{\"name\": \"FloatDistribution\", \"attributes\": {\"step\": null, \"low\": 1e-05, \"high\": 1000.0, \"log\": true}}"}
{"op_code":5,"worker_id":"86193bcc-f5a2-46a5-8ade-5f95d247f06e-124152301159552","trial_id":174,"param_name":"USE_RMS_SCALING","param_value_internal":1,"distribution":"{\"name\": \"CategoricalDistribution\", \"attributes\": {\"choices\": [true, false]}}"}
{"op_code":6,"worker_id":"78e752fc-ec52-41b1-bfce-8ea4dd25333d-124687696241792","trial_id":151,"state":1,"values":[0.0],"datetime_complete":"2026-05-06T12:05:06.463655"}
{"op_code":4,"worker_id":"78e752fc-ec52-41b1-bfce-8ea4dd25333d-124687696241792","study_id":0,"datetime_start":"2026-05-06T12:05:06.526042"}
{"op_code":9,"worker_id":"78e752fc-ec52-41b1-bfce-8ea4dd25333d-124687696241792","trial_id":175,"system_attr":{"tpe:relative_params:0":"{\"RANK_REGRESS\": 17, \"REG_W\": 694.2036640708017, \"USE_RMS_SCALING\": false}"}}
{"op_code":5,"worker_id":"78e752fc-ec52-41b1-bfce-8ea4dd25333d-124687696241792","trial_id":175,"param_name":"RANK_REGRESS","param_value_internal":17.0,"distribution":"{\"name\": \"IntDistribution\", \"attributes\": {\"log\": false, \"step\": 1, \"low\": 5, \"high\": 80}}"}
{"op_code":5,"worker_id":"78e752fc-ec52-41b1-bfce-8ea4dd25333d-124687696241792","trial_id":175,"param_name":"REG_W","param_value_internal":694.2036640708017,"distribution":"{\"name\": \"FloatDistribution\", \"attributes\": {\"step\": null, \"low\": 1e-05, \"high\": 1000.0, \"log\": true}}"}
{"op_code":5,"worker_id":"78e752fc-ec52-41b1-bfce-8ea4dd25333d-124687696241792","trial_id":175,"param_name":"USE_RMS_SCALING","param_value_internal":1,"distribution":"{\"name\": \"CategoricalDistribution\", \"attributes\": {\"choices\": [true, false]}}"}
{"op_code":6,"worker_id":"e736430e-7f31-486e-b16f-5afd818f54ac-136080463115392","trial_id":152,"state":1,"values":[0.0],"datetime_complete":"2026-05-06T12:18:13.487378"}
{"op_code":4,"worker_id":"e736430e-7f31-486e-b16f-5afd818f54ac-136080463115392","study_id":0,"datetime_start":"2026-05-06T12:18:13.577070"}
{"op_code":9,"worker_id":"e736430e-7f31-486e-b16f-5afd818f54ac-136080463115392","trial_id":176,"system_attr":{"tpe:relative_params:0":"{\"RANK_REGRESS\": 5, \"REG_W\": 52.03799523032938, \"USE_RMS_SCALING\": false}"}}
{"op_code":5,"worker_id":"e736430e-7f31-486e-b16f-5afd818f54ac-136080463115392","trial_id":176,"param_name":"RANK_REGRESS","param_value_internal":5.0,"distribution":"{\"name\": \"IntDistribution\", \"attributes\": {\"log\": false, \"step\": 1, \"low\": 5, \"high\": 80}}"}
{"op_code":5,"worker_id":"e736430e-7f31-486e-b16f-5afd818f54ac-136080463115392","trial_id":176,"param_name":"REG_W","param_value_internal":52.03799523032938,"distribution":"{\"name\": \"FloatDistribution\", \"attributes\": {\"step\": null, \"low\": 1e-05, \"high\": 1000.0, \"log\": true}}"}
{"op_code":5,"worker_id":"e736430e-7f31-486e-b16f-5afd818f54ac-136080463115392","trial_id":176,"param_name":"USE_RMS_SCALING","param_value_internal":1,"distribution":"{\"name\": \"CategoricalDistribution\", \"attributes\": {\"choices\": [true, false]}}"}
{"op_code":6,"worker_id":"7c35be7b-ece3-471f-ac7c-e497b727736c-133414160528512","trial_id":160,"state":1,"values":[-0.1588962031988642],"datetime_complete":"2026-05-06T12:53:33.493258"}
{"op_code":4,"worker_id":"7c35be7b-ece3-471f-ac7c-e497b727736c-133414160528512","study_id":0,"datetime_start":"2026-05-06T12:53:33.596929"}
{"op_code":9,"worker_id":"7c35be7b-ece3-471f-ac7c-e497b727736c-133414160528512","trial_id":177,"system_attr":{"tpe:relative_params:0":"{\"RANK_REGRESS\": 18, \"REG_W\": 15.087450985366052, \"USE_RMS_SCALING\": false}"}}
{"op_code":5,"worker_id":"7c35be7b-ece3-471f-ac7c-e497b727736c-133414160528512","trial_id":177,"param_name":"RANK_REGRESS","param_value_internal":18.0,"distribution":"{\"name\": \"IntDistribution\", \"attributes\": {\"log\": false, \"step\": 1, \"low\": 5, \"high\": 80}}"}
{"op_code":5,"worker_id":"7c35be7b-ece3-471f-ac7c-e497b727736c-133414160528512","trial_id":177,"param_name":"REG_W","param_value_internal":15.087450985366052,"distribution":"{\"name\": \"FloatDistribution\", \"attributes\": {\"step\": null, \"low\": 1e-05, \"high\": 1000.0, \"log\": true}}"}
{"op_code":5,"worker_id":"7c35be7b-ece3-471f-ac7c-e497b727736c-133414160528512","trial_id":177,"param_name":"USE_RMS_SCALING","param_value_internal":1,"distribution":"{\"name\": \"CategoricalDistribution\", \"attributes\": {\"choices\": [true, false]}}"}
{"op_code":6,"worker_id":"7161d330-66f6-438c-9411-40bd45548d3e-123987045885056","trial_id":173,"state":1,"values":[0.0],"datetime_complete":"2026-05-06T13:12:43.688255"}
{"op_code":4,"worker_id":"7161d330-66f6-438c-9411-40bd45548d3e-123987045885056","study_id":0,"datetime_start":"2026-05-06T13:12:43.769775"}
{"op_code":9,"worker_id":"7161d330-66f6-438c-9411-40bd45548d3e-123987045885056","trial_id":178,"system_attr":{"tpe:relative_params:0":"{\"RANK_REGRESS\": 21, \"REG_W\": 993.4729333980384, \"USE_RMS_SCALING\": false}"}}
{"op_code":5,"worker_id":"7161d330-66f6-438c-9411-40bd45548d3e-123987045885056","trial_id":178,"param_name":"RANK_REGRESS","param_value_internal":21.0,"distribution":"{\"name\": \"IntDistribution\", \"attributes\": {\"log\": false, \"step\": 1, \"low\": 5, \"high\": 80}}"}
{"op_code":5,"worker_id":"7161d330-66f6-438c-9411-40bd45548d3e-123987045885056","trial_id":178,"param_name":"REG_W","param_value_internal":993.4729333980384,"distribution":"{\"name\": \"FloatDistribution\", \"attributes\": {\"step\": null, \"low\": 1e-05, \"high\": 1000.0, \"log\": true}}"}
{"op_code":5,"worker_id":"7161d330-66f6-438c-9411-40bd45548d3e-123987045885056","trial_id":178,"param_name":"USE_RMS_SCALING","param_value_internal":1,"distribution":"{\"name\": \"CategoricalDistribution\", \"attributes\": {\"choices\": [true, false]}}"}
{"op_code":6,"worker_id":"e736430e-7f31-486e-b16f-5afd818f54ac-136080463115392","trial_id":176,"state":1,"values":[0.002550792534360117],"datetime_complete":"2026-05-06T13:27:01.598775"}
{"op_code":4,"worker_id":"e736430e-7f31-486e-b16f-5afd818f54ac-136080463115392","study_id":0,"datetime_start":"2026-05-06T13:27:01.715659"}
{"op_code":9,"worker_id":"e736430e-7f31-486e-b16f-5afd818f54ac-136080463115392","trial_id":179,"system_attr":{"tpe:relative_params:0":"{\"RANK_REGRESS\": 51, \"REG_W\": 19.625494846053794, \"USE_RMS_SCALING\": false}"}}
{"op_code":5,"worker_id":"e736430e-7f31-486e-b16f-5afd818f54ac-136080463115392","trial_id":179,"param_name":"RANK_REGRESS","param_value_internal":51.0,"distribution":"{\"name\": \"IntDistribution\", \"attributes\": {\"log\": false, \"step\": 1, \"low\": 5, \"high\": 80}}"}
{"op_code":5,"worker_id":"e736430e-7f31-486e-b16f-5afd818f54ac-136080463115392","trial_id":179,"param_name":"REG_W","param_value_internal":19.625494846053794,"distribution":"{\"name\": \"FloatDistribution\", \"attributes\": {\"step\": null, \"low\": 1e-05, \"high\": 1000.0, \"log\": true}}"}
{"op_code":5,"worker_id":"e736430e-7f31-486e-b16f-5afd818f54ac-136080463115392","trial_id":179,"param_name":"USE_RMS_SCALING","param_value_internal":1,"distribution":"{\"name\": \"CategoricalDistribution\", \"attributes\": {\"choices\": [true, false]}}"}
{"op_code":6,"worker_id":"d113e1eb-6207-4b56-b24b-289a07d40b7e-130030948160640","trial_id":161,"state":1,"values":[0.0],"datetime_complete":"2026-05-06T13:28:22.405336"}
{"op_code":4,"worker_id":"d113e1eb-6207-4b56-b24b-289a07d40b7e-130030948160640","study_id":0,"datetime_start":"2026-05-06T13:28:22.634755"}
{"op_code":9,"worker_id":"d113e1eb-6207-4b56-b24b-289a07d40b7e-130030948160640","trial_id":180,"system_attr":{"tpe:relative_params:0":"{\"RANK_REGRESS\": 10, \"REG_W\": 971.6553853726782, \"USE_RMS_SCALING\": false}"}}
{"op_code":5,"worker_id":"d113e1eb-6207-4b56-b24b-289a07d40b7e-130030948160640","trial_id":180,"param_name":"RANK_REGRESS","param_value_internal":10.0,"distribution":"{\"name\": \"IntDistribution\", \"attributes\": {\"log\": false, \"step\": 1, \"low\": 5, \"high\": 80}}"}
{"op_code":5,"worker_id":"d113e1eb-6207-4b56-b24b-289a07d40b7e-130030948160640","trial_id":180,"param_name":"REG_W","param_value_internal":971.6553853726782,"distribution":"{\"name\": \"FloatDistribution\", \"attributes\": {\"step\": null, \"low\": 1e-05, \"high\": 1000.0, \"log\": true}}"}
{"op_code":5,"worker_id":"d113e1eb-6207-4b56-b24b-289a07d40b7e-130030948160640","trial_id":180,"param_name":"USE_RMS_SCALING","param_value_internal":1,"distribution":"{\"name\": \"CategoricalDistribution\", \"attributes\": {\"choices\": [true, false]}}"}
{"op_code":6,"worker_id":"64d0c31e-4352-414b-9e64-28830d3d07d7-125443874575488","trial_id":141,"state":1,"values":[-0.29632916185931163],"datetime_complete":"2026-05-06T13:41:58.976044"}
{"op_code":4,"worker_id":"64d0c31e-4352-414b-9e64-28830d3d07d7-125443874575488","study_id":0,"datetime_start":"2026-05-06T13:41:59.074396"}
{"op_code":9,"worker_id":"64d0c31e-4352-414b-9e64-28830d3d07d7-125443874575488","trial_id":181,"system_attr":{"tpe:relative_params:0":"{\"RANK_REGRESS\": 12, \"REG_W\": 17.052511645166238, \"USE_RMS_SCALING\": false}"}}
{"op_code":5,"worker_id":"64d0c31e-4352-414b-9e64-28830d3d07d7-125443874575488","trial_id":181,"param_name":"RANK_REGRESS","param_value_internal":12.0,"distribution":"{\"name\": \"IntDistribution\", \"attributes\": {\"log\": false, \"step\": 1, \"low\": 5, \"high\": 80}}"}
{"op_code":5,"worker_id":"64d0c31e-4352-414b-9e64-28830d3d07d7-125443874575488","trial_id":181,"param_name":"REG_W","param_value_internal":17.052511645166238,"distribution":"{\"name\": \"FloatDistribution\", \"attributes\": {\"step\": null, \"low\": 1e-05, \"high\": 1000.0, \"log\": true}}"}
{"op_code":5,"worker_id":"64d0c31e-4352-414b-9e64-28830d3d07d7-125443874575488","trial_id":181,"param_name":"USE_RMS_SCALING","param_value_internal":1,"distribution":"{\"name\": \"CategoricalDistribution\", \"attributes\": {\"choices\": [true, false]}}"}
{"op_code":6,"worker_id":"f2eb8945-3513-4d8c-9e1a-8b14808734f6-128217569571968","trial_id":171,"state":1,"values":[-0.1837255745893528],"datetime_complete":"2026-05-06T15:11:06.062820"}
{"op_code":4,"worker_id":"f2eb8945-3513-4d8c-9e1a-8b14808734f6-128217569571968","study_id":0,"datetime_start":"2026-05-06T15:11:06.134300"}
{"op_code":9,"worker_id":"f2eb8945-3513-4d8c-9e1a-8b14808734f6-128217569571968","trial_id":182,"system_attr":{"tpe:relative_params:0":"{\"RANK_REGRESS\": 24, \"REG_W\": 572.7236645616107, \"USE_RMS_SCALING\": true}"}}
{"op_code":5,"worker_id":"f2eb8945-3513-4d8c-9e1a-8b14808734f6-128217569571968","trial_id":182,"param_name":"RANK_REGRESS","param_value_internal":24.0,"distribution":"{\"name\": \"IntDistribution\", \"attributes\": {\"log\": false, \"step\": 1, \"low\": 5, \"high\": 80}}"}
{"op_code":5,"worker_id":"f2eb8945-3513-4d8c-9e1a-8b14808734f6-128217569571968","trial_id":182,"param_name":"REG_W","param_value_internal":572.7236645616107,"distribution":"{\"name\": \"FloatDistribution\", \"attributes\": {\"step\": null, \"low\": 1e-05, \"high\": 1000.0, \"log\": true}}"}
{"op_code":5,"worker_id":"f2eb8945-3513-4d8c-9e1a-8b14808734f6-128217569571968","trial_id":182,"param_name":"USE_RMS_SCALING","param_value_internal":0,"distribution":"{\"name\": \"CategoricalDistribution\", \"attributes\": {\"choices\": [true, false]}}"}
{"op_code":6,"worker_id":"d113e1eb-6207-4b56-b24b-289a07d40b7e-130030948160640","trial_id":180,"state":1,"values":[0.0],"datetime_complete":"2026-05-06T15:30:21.726992"}
{"op_code":6,"worker_id":"c4d80b5e-bab6-4014-9554-268278c776c0-135597231666304","trial_id":150,"state":1,"values":[-1.0],"datetime_complete":"2026-05-06T15:34:25.004366"}
{"op_code":6,"worker_id":"78e752fc-ec52-41b1-bfce-8ea4dd25333d-124687696241792","trial_id":175,"state":1,"values":[0.0],"datetime_complete":"2026-05-06T15:53:35.985672"}
{"op_code":6,"worker_id":"64d0c31e-4352-414b-9e64-28830d3d07d7-125443874575488","trial_id":181,"state":1,"values":[-0.07672774153935487],"datetime_complete":"2026-05-06T15:59:52.246825"}
{"op_code":6,"worker_id":"7c35be7b-ece3-471f-ac7c-e497b727736c-133414160528512","trial_id":177,"state":1,"values":[-0.20573390635487918],"datetime_complete":"2026-05-06T16:28:16.498282"}
{"op_code":6,"worker_id":"d640cb1c-5cb1-4309-9518-2df8907a601e-140673033888896","trial_id":169,"state":1,"values":[0.0],"datetime_complete":"2026-05-06T17:13:23.516552"}
{"op_code":6,"worker_id":"7161d330-66f6-438c-9411-40bd45548d3e-123987045885056","trial_id":178,"state":1,"values":[0.0],"datetime_complete":"2026-05-06T17:44:29.036532"}
{"op_code":6,"worker_id":"86193bcc-f5a2-46a5-8ade-5f95d247f06e-124152301159552","trial_id":174,"state":1,"values":[-0.014917803137149965],"datetime_complete":"2026-05-06T17:48:31.084715"}
{"op_code":6,"worker_id":"daca670a-bc2d-4a3c-a417-0cf368ddd7eb-131044398851200","trial_id":164,"state":1,"values":[0.0],"datetime_complete":"2026-05-06T18:26:16.726267"}
{"op_code":6,"worker_id":"d9ec8417-9753-455f-96ff-f13f3ecdeb7e-127693103027328","trial_id":110,"state":1,"values":[0.0],"datetime_complete":"2026-05-06T19:46:49.291137"}
{"op_code":6,"worker_id":"f2eb8945-3513-4d8c-9e1a-8b14808734f6-128217569571968","trial_id":182,"state":1,"values":[0.0],"datetime_complete":"2026-05-06T20:09:58.038976"}
{"op_code":6,"worker_id":"bd30f4e9-75db-4e95-a1d3-9b44f5a67f79-139432681796736","trial_id":163,"state":1,"values":[0.0],"datetime_complete":"2026-05-06T20:12:52.436546"}
{"op_code":6,"worker_id":"e736430e-7f31-486e-b16f-5afd818f54ac-136080463115392","trial_id":179,"state":1,"values":[-0.30956800272534496],"datetime_complete":"2026-05-06T20:40:50.428972"}
{"op_code":6,"worker_id":"377735f2-6f45-4e82-be09-49bf0b7abd02-130331823957120","trial_id":139,"state":1,"values":[-0.4746049074496154],"datetime_complete":"2026-05-06T21:05:49.587129"}
{"op_code":6,"worker_id":"df95d927-b8d5-489f-8ec6-aa5c6f422124-128066685076608","trial_id":168,"state":1,"values":[0.0],"datetime_complete":"2026-05-06T21:10:37.646555"}
{"op_code":6,"worker_id":"cd41d7d5-18b9-433e-9d80-7dd128db8a45-125756409791616","trial_id":172,"state":1,"values":[0.0],"datetime_complete":"2026-05-06T22:24:56.994396"}
{"op_code":6,"worker_id":"80eccb33-98be-4d0c-995c-1fa46f393b30-137367927161984","trial_id":162,"state":1,"values":[0.004836046337845475],"datetime_complete":"2026-05-06T22:44:37.131018"}
{"op_code":6,"worker_id":"ee6aa866-e34f-451d-a2d2-11e8e2a587eb-123337611764864","trial_id":159,"state":1,"values":[0.0],"datetime_complete":"2026-05-06T23:08:23.824075"}
{"op_code":6,"worker_id":"cd92d8d5-7210-4a44-b44c-b1abc979467f-134078400582784","trial_id":165,"state":1,"values":[0.0],"datetime_complete":"2026-05-07T00:58:37.267057"}
{"op_code":6,"worker_id":"cf3187a5-8719-470e-849f-8ce05547bef0-137018214442112","trial_id":166,"state":1,"values":[0.0],"datetime_complete":"2026-05-07T06:36:57.659607"}
{"op_code":6,"worker_id":"98e48d44-d69b-4c37-b4f0-7015a3c6b6e4-124362341860480","trial_id":170,"state":1,"values":[0.0],"datetime_complete":"2026-05-07T07:36:32.105457"}
