{"op_code":0,"worker_id":"ddf8fe39-aa73-4bd7-bdf7-ec8fcf1ecb3c-132366404723840","study_name":"cp_pred_surprise_L2","directions":[2]}
{"op_code":4,"worker_id":"ddf8fe39-aa73-4bd7-bdf7-ec8fcf1ecb3c-132366404723840","study_id":0,"datetime_start":null,"state":4,"value":null,"values":null,"distributions":{},"params":{},"user_attrs":{},"system_attrs":{"fixed_params":{"RANK_REGRESS":43,"REG_W":52.4373,"USE_RMS_SCALING":true}},"intermediate_values":{}}
{"op_code":6,"worker_id":"ddf8fe39-aa73-4bd7-bdf7-ec8fcf1ecb3c-132366404723840","trial_id":0,"state":0,"values":null,"datetime_start":"2026-04-29T20:43:59.661468"}
{"op_code":5,"worker_id":"ddf8fe39-aa73-4bd7-bdf7-ec8fcf1ecb3c-132366404723840","trial_id":0,"param_name":"RANK_REGRESS","param_value_internal":43.0,"distribution":"{\"name\": \"IntDistribution\", \"attributes\": {\"log\": false, \"step\": 1, \"low\": 5, \"high\": 80}}"}
{"op_code":5,"worker_id":"ddf8fe39-aa73-4bd7-bdf7-ec8fcf1ecb3c-132366404723840","trial_id":0,"param_name":"REG_W","param_value_internal":52.4373,"distribution":"{\"name\": \"FloatDistribution\", \"attributes\": {\"step\": null, \"low\": 1e-05, \"high\": 1000.0, \"log\": true}}"}
{"op_code":5,"worker_id":"ddf8fe39-aa73-4bd7-bdf7-ec8fcf1ecb3c-132366404723840","trial_id":0,"param_name":"USE_RMS_SCALING","param_value_internal":0,"distribution":"{\"name\": \"CategoricalDistribution\", \"attributes\": {\"choices\": [true, false]}}"}
{"op_code":0,"worker_id":"4bdbc84c-1ddf-49da-b115-2fac7faadb0c-138696283919488","study_name":"cp_pred_surprise_L2","directions":[2]}
{"op_code":4,"worker_id":"4bdbc84c-1ddf-49da-b115-2fac7faadb0c-138696283919488","study_id":0,"datetime_start":"2026-04-29T20:44:02.425150"}
{"op_code":5,"worker_id":"4bdbc84c-1ddf-49da-b115-2fac7faadb0c-138696283919488","trial_id":1,"param_name":"RANK_REGRESS","param_value_internal":33.0,"distribution":"{\"name\": \"IntDistribution\", \"attributes\": {\"log\": false, \"step\": 1, \"low\": 5, \"high\": 80}}"}
{"op_code":5,"worker_id":"4bdbc84c-1ddf-49da-b115-2fac7faadb0c-138696283919488","trial_id":1,"param_name":"REG_W","param_value_internal":403.3800832600389,"distribution":"{\"name\": \"FloatDistribution\", \"attributes\": {\"step\": null, \"low\": 1e-05, \"high\": 1000.0, \"log\": true}}"}
{"op_code":5,"worker_id":"4bdbc84c-1ddf-49da-b115-2fac7faadb0c-138696283919488","trial_id":1,"param_name":"USE_RMS_SCALING","param_value_internal":0,"distribution":"{\"name\": \"CategoricalDistribution\", \"attributes\": {\"choices\": [true, false]}}"}
{"op_code":0,"worker_id":"7ad944be-ce7b-4a15-9035-c39fa9529c5d-131090070185088","study_name":"cp_pred_surprise_L2","directions":[2]}
{"op_code":4,"worker_id":"7ad944be-ce7b-4a15-9035-c39fa9529c5d-131090070185088","study_id":0,"datetime_start":"2026-04-29T20:44:03.048808"}
{"op_code":5,"worker_id":"7ad944be-ce7b-4a15-9035-c39fa9529c5d-131090070185088","trial_id":2,"param_name":"RANK_REGRESS","param_value_internal":33.0,"distribution":"{\"name\": \"IntDistribution\", \"attributes\": {\"log\": false, \"step\": 1, \"low\": 5, \"high\": 80}}"}
{"op_code":5,"worker_id":"7ad944be-ce7b-4a15-9035-c39fa9529c5d-131090070185088","trial_id":2,"param_name":"REG_W","param_value_internal":403.3800832600389,"distribution":"{\"name\": \"FloatDistribution\", \"attributes\": {\"step\": null, \"low\": 1e-05, \"high\": 1000.0, \"log\": true}}"}
{"op_code":5,"worker_id":"7ad944be-ce7b-4a15-9035-c39fa9529c5d-131090070185088","trial_id":2,"param_name":"USE_RMS_SCALING","param_value_internal":0,"distribution":"{\"name\": \"CategoricalDistribution\", \"attributes\": {\"choices\": [true, false]}}"}
{"op_code":0,"worker_id":"1472fdc7-ce27-4224-b218-4adeef60b3f8-123817159214208","study_name":"cp_pred_surprise_L2","directions":[2]}
{"op_code":4,"worker_id":"1472fdc7-ce27-4224-b218-4adeef60b3f8-123817159214208","study_id":0,"datetime_start":"2026-04-29T20:44:03.771495"}
{"op_code":5,"worker_id":"1472fdc7-ce27-4224-b218-4adeef60b3f8-123817159214208","trial_id":3,"param_name":"RANK_REGRESS","param_value_internal":33.0,"distribution":"{\"name\": \"IntDistribution\", \"attributes\": {\"log\": false, \"step\": 1, \"low\": 5, \"high\": 80}}"}
{"op_code":5,"worker_id":"1472fdc7-ce27-4224-b218-4adeef60b3f8-123817159214208","trial_id":3,"param_name":"REG_W","param_value_internal":403.3800832600389,"distribution":"{\"name\": \"FloatDistribution\", \"attributes\": {\"step\": null, \"low\": 1e-05, \"high\": 1000.0, \"log\": true}}"}
{"op_code":5,"worker_id":"1472fdc7-ce27-4224-b218-4adeef60b3f8-123817159214208","trial_id":3,"param_name":"USE_RMS_SCALING","param_value_internal":0,"distribution":"{\"name\": \"CategoricalDistribution\", \"attributes\": {\"choices\": [true, false]}}"}
{"op_code":0,"worker_id":"3b84ff27-437d-4748-b468-71a38183c5f9-129568932631680","study_name":"cp_pred_surprise_L2","directions":[2]}
{"op_code":4,"worker_id":"3b84ff27-437d-4748-b468-71a38183c5f9-129568932631680","study_id":0,"datetime_start":"2026-04-29T20:44:04.288163"}
{"op_code":5,"worker_id":"3b84ff27-437d-4748-b468-71a38183c5f9-129568932631680","trial_id":4,"param_name":"RANK_REGRESS","param_value_internal":33.0,"distribution":"{\"name\": \"IntDistribution\", \"attributes\": {\"log\": false, \"step\": 1, \"low\": 5, \"high\": 80}}"}
{"op_code":5,"worker_id":"3b84ff27-437d-4748-b468-71a38183c5f9-129568932631680","trial_id":4,"param_name":"REG_W","param_value_internal":403.3800832600389,"distribution":"{\"name\": \"FloatDistribution\", \"attributes\": {\"step\": null, \"low\": 1e-05, \"high\": 1000.0, \"log\": true}}"}
{"op_code":0,"worker_id":"69b1bd28-f641-450a-9e37-1ade351a3934-133919689860224","study_name":"cp_pred_surprise_L2","directions":[2]}
{"op_code":5,"worker_id":"3b84ff27-437d-4748-b468-71a38183c5f9-129568932631680","trial_id":4,"param_name":"USE_RMS_SCALING","param_value_internal":0,"distribution":"{\"name\": \"CategoricalDistribution\", \"attributes\": {\"choices\": [true, false]}}"}
{"op_code":4,"worker_id":"69b1bd28-f641-450a-9e37-1ade351a3934-133919689860224","study_id":0,"datetime_start":"2026-04-29T20:44:04.477035"}
{"op_code":5,"worker_id":"69b1bd28-f641-450a-9e37-1ade351a3934-133919689860224","trial_id":5,"param_name":"RANK_REGRESS","param_value_internal":33.0,"distribution":"{\"name\": \"IntDistribution\", \"attributes\": {\"log\": false, \"step\": 1, \"low\": 5, \"high\": 80}}"}
{"op_code":5,"worker_id":"69b1bd28-f641-450a-9e37-1ade351a3934-133919689860224","trial_id":5,"param_name":"REG_W","param_value_internal":403.3800832600389,"distribution":"{\"name\": \"FloatDistribution\", \"attributes\": {\"step\": null, \"low\": 1e-05, \"high\": 1000.0, \"log\": true}}"}
{"op_code":5,"worker_id":"69b1bd28-f641-450a-9e37-1ade351a3934-133919689860224","trial_id":5,"param_name":"USE_RMS_SCALING","param_value_internal":0,"distribution":"{\"name\": \"CategoricalDistribution\", \"attributes\": {\"choices\": [true, false]}}"}
{"op_code":0,"worker_id":"91bf4aad-1f43-4f06-9946-b3e70497177f-133755725227136","study_name":"cp_pred_surprise_L2","directions":[2]}
{"op_code":4,"worker_id":"91bf4aad-1f43-4f06-9946-b3e70497177f-133755725227136","study_id":0,"datetime_start":"2026-04-29T20:44:04.889335"}
{"op_code":5,"worker_id":"91bf4aad-1f43-4f06-9946-b3e70497177f-133755725227136","trial_id":6,"param_name":"RANK_REGRESS","param_value_internal":33.0,"distribution":"{\"name\": \"IntDistribution\", \"attributes\": {\"log\": false, \"step\": 1, \"low\": 5, \"high\": 80}}"}
{"op_code":5,"worker_id":"91bf4aad-1f43-4f06-9946-b3e70497177f-133755725227136","trial_id":6,"param_name":"REG_W","param_value_internal":403.3800832600389,"distribution":"{\"name\": \"FloatDistribution\", \"attributes\": {\"step\": null, \"low\": 1e-05, \"high\": 1000.0, \"log\": true}}"}
{"op_code":5,"worker_id":"91bf4aad-1f43-4f06-9946-b3e70497177f-133755725227136","trial_id":6,"param_name":"USE_RMS_SCALING","param_value_internal":0,"distribution":"{\"name\": \"CategoricalDistribution\", \"attributes\": {\"choices\": [true, false]}}"}
{"op_code":0,"worker_id":"37cb84cc-a93b-4a24-885b-1d77b9c80b0c-140564883432576","study_name":"cp_pred_surprise_L2","directions":[2]}
{"op_code":4,"worker_id":"37cb84cc-a93b-4a24-885b-1d77b9c80b0c-140564883432576","study_id":0,"datetime_start":"2026-04-29T20:44:05.829657"}
{"op_code":0,"worker_id":"40328999-985d-42cf-bb52-a576b0804cd7-136499736581248","study_name":"cp_pred_surprise_L2","directions":[2]}
{"op_code":5,"worker_id":"37cb84cc-a93b-4a24-885b-1d77b9c80b0c-140564883432576","trial_id":7,"param_name":"RANK_REGRESS","param_value_internal":33.0,"distribution":"{\"name\": \"IntDistribution\", \"attributes\": {\"log\": false, \"step\": 1, \"low\": 5, \"high\": 80}}"}
{"op_code":5,"worker_id":"37cb84cc-a93b-4a24-885b-1d77b9c80b0c-140564883432576","trial_id":7,"param_name":"REG_W","param_value_internal":403.3800832600389,"distribution":"{\"name\": \"FloatDistribution\", \"attributes\": {\"step\": null, \"low\": 1e-05, \"high\": 1000.0, \"log\": true}}"}
{"op_code":5,"worker_id":"37cb84cc-a93b-4a24-885b-1d77b9c80b0c-140564883432576","trial_id":7,"param_name":"USE_RMS_SCALING","param_value_internal":0,"distribution":"{\"name\": \"CategoricalDistribution\", \"attributes\": {\"choices\": [true, false]}}"}
{"op_code":4,"worker_id":"40328999-985d-42cf-bb52-a576b0804cd7-136499736581248","study_id":0,"datetime_start":"2026-04-29T20:44:05.972605"}
{"op_code":5,"worker_id":"40328999-985d-42cf-bb52-a576b0804cd7-136499736581248","trial_id":8,"param_name":"RANK_REGRESS","param_value_internal":33.0,"distribution":"{\"name\": \"IntDistribution\", \"attributes\": {\"log\": false, \"step\": 1, \"low\": 5, \"high\": 80}}"}
{"op_code":5,"worker_id":"40328999-985d-42cf-bb52-a576b0804cd7-136499736581248","trial_id":8,"param_name":"REG_W","param_value_internal":403.3800832600389,"distribution":"{\"name\": \"FloatDistribution\", \"attributes\": {\"step\": null, \"low\": 1e-05, \"high\": 1000.0, \"log\": true}}"}
{"op_code":5,"worker_id":"40328999-985d-42cf-bb52-a576b0804cd7-136499736581248","trial_id":8,"param_name":"USE_RMS_SCALING","param_value_internal":0,"distribution":"{\"name\": \"CategoricalDistribution\", \"attributes\": {\"choices\": [true, false]}}"}
{"op_code":0,"worker_id":"8bc5137d-1802-4488-8c9b-e94759a3736a-139759730222208","study_name":"cp_pred_surprise_L2","directions":[2]}
{"op_code":4,"worker_id":"8bc5137d-1802-4488-8c9b-e94759a3736a-139759730222208","study_id":0,"datetime_start":"2026-04-29T20:44:06.984863"}
{"op_code":5,"worker_id":"8bc5137d-1802-4488-8c9b-e94759a3736a-139759730222208","trial_id":9,"param_name":"RANK_REGRESS","param_value_internal":33.0,"distribution":"{\"name\": \"IntDistribution\", \"attributes\": {\"log\": false, \"step\": 1, \"low\": 5, \"high\": 80}}"}
{"op_code":5,"worker_id":"8bc5137d-1802-4488-8c9b-e94759a3736a-139759730222208","trial_id":9,"param_name":"REG_W","param_value_internal":403.3800832600389,"distribution":"{\"name\": \"FloatDistribution\", \"attributes\": {\"step\": null, \"low\": 1e-05, \"high\": 1000.0, \"log\": true}}"}
{"op_code":5,"worker_id":"8bc5137d-1802-4488-8c9b-e94759a3736a-139759730222208","trial_id":9,"param_name":"USE_RMS_SCALING","param_value_internal":0,"distribution":"{\"name\": \"CategoricalDistribution\", \"attributes\": {\"choices\": [true, false]}}"}
{"op_code":0,"worker_id":"845e05a9-ca8f-474b-8582-2741ba6d2ce7-134904489555072","study_name":"cp_pred_surprise_L2","directions":[2]}
{"op_code":4,"worker_id":"845e05a9-ca8f-474b-8582-2741ba6d2ce7-134904489555072","study_id":0,"datetime_start":"2026-04-29T20:48:25.095349"}
{"op_code":5,"worker_id":"845e05a9-ca8f-474b-8582-2741ba6d2ce7-134904489555072","trial_id":10,"param_name":"RANK_REGRESS","param_value_internal":33.0,"distribution":"{\"name\": \"IntDistribution\", \"attributes\": {\"log\": false, \"step\": 1, \"low\": 5, \"high\": 80}}"}
{"op_code":5,"worker_id":"845e05a9-ca8f-474b-8582-2741ba6d2ce7-134904489555072","trial_id":10,"param_name":"REG_W","param_value_internal":403.3800832600389,"distribution":"{\"name\": \"FloatDistribution\", \"attributes\": {\"step\": null, \"low\": 1e-05, \"high\": 1000.0, \"log\": true}}"}
{"op_code":5,"worker_id":"845e05a9-ca8f-474b-8582-2741ba6d2ce7-134904489555072","trial_id":10,"param_name":"USE_RMS_SCALING","param_value_internal":0,"distribution":"{\"name\": \"CategoricalDistribution\", \"attributes\": {\"choices\": [true, false]}}"}
{"op_code":0,"worker_id":"44f8ebb6-8a2a-4539-bff6-bdac157fb7ef-137062091269248","study_name":"cp_pred_surprise_L2","directions":[2]}
{"op_code":4,"worker_id":"44f8ebb6-8a2a-4539-bff6-bdac157fb7ef-137062091269248","study_id":0,"datetime_start":"2026-04-29T20:48:26.673724"}
{"op_code":5,"worker_id":"44f8ebb6-8a2a-4539-bff6-bdac157fb7ef-137062091269248","trial_id":11,"param_name":"RANK_REGRESS","param_value_internal":33.0,"distribution":"{\"name\": \"IntDistribution\", \"attributes\": {\"log\": false, \"step\": 1, \"low\": 5, \"high\": 80}}"}
{"op_code":5,"worker_id":"44f8ebb6-8a2a-4539-bff6-bdac157fb7ef-137062091269248","trial_id":11,"param_name":"REG_W","param_value_internal":403.3800832600389,"distribution":"{\"name\": \"FloatDistribution\", \"attributes\": {\"step\": null, \"low\": 1e-05, \"high\": 1000.0, \"log\": true}}"}
{"op_code":0,"worker_id":"3916c87c-656e-4eb6-95ac-d51cb15ae606-128658439869568","study_name":"cp_pred_surprise_L2","directions":[2]}
{"op_code":5,"worker_id":"44f8ebb6-8a2a-4539-bff6-bdac157fb7ef-137062091269248","trial_id":11,"param_name":"USE_RMS_SCALING","param_value_internal":0,"distribution":"{\"name\": \"CategoricalDistribution\", \"attributes\": {\"choices\": [true, false]}}"}
{"op_code":4,"worker_id":"3916c87c-656e-4eb6-95ac-d51cb15ae606-128658439869568","study_id":0,"datetime_start":"2026-04-29T20:48:26.793257"}
{"op_code":5,"worker_id":"3916c87c-656e-4eb6-95ac-d51cb15ae606-128658439869568","trial_id":12,"param_name":"RANK_REGRESS","param_value_internal":33.0,"distribution":"{\"name\": \"IntDistribution\", \"attributes\": {\"log\": false, \"step\": 1, \"low\": 5, \"high\": 80}}"}
{"op_code":5,"worker_id":"3916c87c-656e-4eb6-95ac-d51cb15ae606-128658439869568","trial_id":12,"param_name":"REG_W","param_value_internal":403.3800832600389,"distribution":"{\"name\": \"FloatDistribution\", \"attributes\": {\"step\": null, \"low\": 1e-05, \"high\": 1000.0, \"log\": true}}"}
{"op_code":5,"worker_id":"3916c87c-656e-4eb6-95ac-d51cb15ae606-128658439869568","trial_id":12,"param_name":"USE_RMS_SCALING","param_value_internal":0,"distribution":"{\"name\": \"CategoricalDistribution\", \"attributes\": {\"choices\": [true, false]}}"}
{"op_code":0,"worker_id":"ab642a7a-fd3c-499b-a865-6fb5c290e55d-125140094665856","study_name":"cp_pred_surprise_L2","directions":[2]}
{"op_code":4,"worker_id":"ab642a7a-fd3c-499b-a865-6fb5c290e55d-125140094665856","study_id":0,"datetime_start":"2026-04-29T20:48:27.201883"}
{"op_code":5,"worker_id":"ab642a7a-fd3c-499b-a865-6fb5c290e55d-125140094665856","trial_id":13,"param_name":"RANK_REGRESS","param_value_internal":33.0,"distribution":"{\"name\": \"IntDistribution\", \"attributes\": {\"log\": false, \"step\": 1, \"low\": 5, \"high\": 80}}"}
{"op_code":5,"worker_id":"ab642a7a-fd3c-499b-a865-6fb5c290e55d-125140094665856","trial_id":13,"param_name":"REG_W","param_value_internal":403.3800832600389,"distribution":"{\"name\": \"FloatDistribution\", \"attributes\": {\"step\": null, \"low\": 1e-05, \"high\": 1000.0, \"log\": true}}"}
{"op_code":5,"worker_id":"ab642a7a-fd3c-499b-a865-6fb5c290e55d-125140094665856","trial_id":13,"param_name":"USE_RMS_SCALING","param_value_internal":0,"distribution":"{\"name\": \"CategoricalDistribution\", \"attributes\": {\"choices\": [true, false]}}"}
{"op_code":0,"worker_id":"1fcb419e-1743-4e24-9fcc-ae1f6f2530ab-126889565381760","study_name":"cp_pred_surprise_L2","directions":[2]}
{"op_code":4,"worker_id":"1fcb419e-1743-4e24-9fcc-ae1f6f2530ab-126889565381760","study_id":0,"datetime_start":"2026-04-29T20:48:27.609138"}
{"op_code":5,"worker_id":"1fcb419e-1743-4e24-9fcc-ae1f6f2530ab-126889565381760","trial_id":14,"param_name":"RANK_REGRESS","param_value_internal":33.0,"distribution":"{\"name\": \"IntDistribution\", \"attributes\": {\"log\": false, \"step\": 1, \"low\": 5, \"high\": 80}}"}
{"op_code":5,"worker_id":"1fcb419e-1743-4e24-9fcc-ae1f6f2530ab-126889565381760","trial_id":14,"param_name":"REG_W","param_value_internal":403.3800832600389,"distribution":"{\"name\": \"FloatDistribution\", \"attributes\": {\"step\": null, \"low\": 1e-05, \"high\": 1000.0, \"log\": true}}"}
{"op_code":5,"worker_id":"1fcb419e-1743-4e24-9fcc-ae1f6f2530ab-126889565381760","trial_id":14,"param_name":"USE_RMS_SCALING","param_value_internal":0,"distribution":"{\"name\": \"CategoricalDistribution\", \"attributes\": {\"choices\": [true, false]}}"}
{"op_code":0,"worker_id":"77d864e0-089f-49aa-a626-ffc1b33d5d14-129849441256576","study_name":"cp_pred_surprise_L2","directions":[2]}
{"op_code":4,"worker_id":"77d864e0-089f-49aa-a626-ffc1b33d5d14-129849441256576","study_id":0,"datetime_start":"2026-04-29T20:48:27.752429"}
{"op_code":5,"worker_id":"77d864e0-089f-49aa-a626-ffc1b33d5d14-129849441256576","trial_id":15,"param_name":"RANK_REGRESS","param_value_internal":33.0,"distribution":"{\"name\": \"IntDistribution\", \"attributes\": {\"log\": false, \"step\": 1, \"low\": 5, \"high\": 80}}"}
{"op_code":5,"worker_id":"77d864e0-089f-49aa-a626-ffc1b33d5d14-129849441256576","trial_id":15,"param_name":"REG_W","param_value_internal":403.3800832600389,"distribution":"{\"name\": \"FloatDistribution\", \"attributes\": {\"step\": null, \"low\": 1e-05, \"high\": 1000.0, \"log\": true}}"}
{"op_code":5,"worker_id":"77d864e0-089f-49aa-a626-ffc1b33d5d14-129849441256576","trial_id":15,"param_name":"USE_RMS_SCALING","param_value_internal":0,"distribution":"{\"name\": \"CategoricalDistribution\", \"attributes\": {\"choices\": [true, false]}}"}
{"op_code":0,"worker_id":"5a25921c-2628-4e50-b67f-491bd64d8187-125196345803904","study_name":"cp_pred_surprise_L2","directions":[2]}
{"op_code":4,"worker_id":"5a25921c-2628-4e50-b67f-491bd64d8187-125196345803904","study_id":0,"datetime_start":"2026-04-29T20:48:28.324141"}
{"op_code":5,"worker_id":"5a25921c-2628-4e50-b67f-491bd64d8187-125196345803904","trial_id":16,"param_name":"RANK_REGRESS","param_value_internal":33.0,"distribution":"{\"name\": \"IntDistribution\", \"attributes\": {\"log\": false, \"step\": 1, \"low\": 5, \"high\": 80}}"}
{"op_code":5,"worker_id":"5a25921c-2628-4e50-b67f-491bd64d8187-125196345803904","trial_id":16,"param_name":"REG_W","param_value_internal":403.3800832600389,"distribution":"{\"name\": \"FloatDistribution\", \"attributes\": {\"step\": null, \"low\": 1e-05, \"high\": 1000.0, \"log\": true}}"}
{"op_code":0,"worker_id":"a9616c36-217d-4564-b1aa-36e677bd43cf-123490399589504","study_name":"cp_pred_surprise_L2","directions":[2]}
{"op_code":5,"worker_id":"5a25921c-2628-4e50-b67f-491bd64d8187-125196345803904","trial_id":16,"param_name":"USE_RMS_SCALING","param_value_internal":0,"distribution":"{\"name\": \"CategoricalDistribution\", \"attributes\": {\"choices\": [true, false]}}"}
{"op_code":4,"worker_id":"a9616c36-217d-4564-b1aa-36e677bd43cf-123490399589504","study_id":0,"datetime_start":"2026-04-29T20:48:28.442729"}
{"op_code":5,"worker_id":"a9616c36-217d-4564-b1aa-36e677bd43cf-123490399589504","trial_id":17,"param_name":"RANK_REGRESS","param_value_internal":33.0,"distribution":"{\"name\": \"IntDistribution\", \"attributes\": {\"log\": false, \"step\": 1, \"low\": 5, \"high\": 80}}"}
{"op_code":5,"worker_id":"a9616c36-217d-4564-b1aa-36e677bd43cf-123490399589504","trial_id":17,"param_name":"REG_W","param_value_internal":403.3800832600389,"distribution":"{\"name\": \"FloatDistribution\", \"attributes\": {\"step\": null, \"low\": 1e-05, \"high\": 1000.0, \"log\": true}}"}
{"op_code":5,"worker_id":"a9616c36-217d-4564-b1aa-36e677bd43cf-123490399589504","trial_id":17,"param_name":"USE_RMS_SCALING","param_value_internal":0,"distribution":"{\"name\": \"CategoricalDistribution\", \"attributes\": {\"choices\": [true, false]}}"}
{"op_code":0,"worker_id":"bc559501-4e1f-4115-8de4-83efc80c9e65-134595067450496","study_name":"cp_pred_surprise_L2","directions":[2]}
{"op_code":4,"worker_id":"bc559501-4e1f-4115-8de4-83efc80c9e65-134595067450496","study_id":0,"datetime_start":"2026-04-29T20:48:28.795204"}
{"op_code":5,"worker_id":"bc559501-4e1f-4115-8de4-83efc80c9e65-134595067450496","trial_id":18,"param_name":"RANK_REGRESS","param_value_internal":33.0,"distribution":"{\"name\": \"IntDistribution\", \"attributes\": {\"log\": false, \"step\": 1, \"low\": 5, \"high\": 80}}"}
{"op_code":0,"worker_id":"72d6bde6-b4d2-4dfd-bd9a-6c006c3a4b60-140427962532992","study_name":"cp_pred_surprise_L2","directions":[2]}
{"op_code":5,"worker_id":"bc559501-4e1f-4115-8de4-83efc80c9e65-134595067450496","trial_id":18,"param_name":"REG_W","param_value_internal":403.3800832600389,"distribution":"{\"name\": \"FloatDistribution\", \"attributes\": {\"step\": null, \"low\": 1e-05, \"high\": 1000.0, \"log\": true}}"}
{"op_code":5,"worker_id":"bc559501-4e1f-4115-8de4-83efc80c9e65-134595067450496","trial_id":18,"param_name":"USE_RMS_SCALING","param_value_internal":0,"distribution":"{\"name\": \"CategoricalDistribution\", \"attributes\": {\"choices\": [true, false]}}"}
{"op_code":4,"worker_id":"72d6bde6-b4d2-4dfd-bd9a-6c006c3a4b60-140427962532992","study_id":0,"datetime_start":"2026-04-29T20:48:28.925718"}
{"op_code":5,"worker_id":"72d6bde6-b4d2-4dfd-bd9a-6c006c3a4b60-140427962532992","trial_id":19,"param_name":"RANK_REGRESS","param_value_internal":33.0,"distribution":"{\"name\": \"IntDistribution\", \"attributes\": {\"log\": false, \"step\": 1, \"low\": 5, \"high\": 80}}"}
{"op_code":5,"worker_id":"72d6bde6-b4d2-4dfd-bd9a-6c006c3a4b60-140427962532992","trial_id":19,"param_name":"REG_W","param_value_internal":403.3800832600389,"distribution":"{\"name\": \"FloatDistribution\", \"attributes\": {\"step\": null, \"low\": 1e-05, \"high\": 1000.0, \"log\": true}}"}
{"op_code":5,"worker_id":"72d6bde6-b4d2-4dfd-bd9a-6c006c3a4b60-140427962532992","trial_id":19,"param_name":"USE_RMS_SCALING","param_value_internal":0,"distribution":"{\"name\": \"CategoricalDistribution\", \"attributes\": {\"choices\": [true, false]}}"}
{"op_code":0,"worker_id":"964c0ec9-8cc0-487d-adb7-4ac896e589a3-123607776044160","study_name":"cp_pred_surprise_L2","directions":[2]}
{"op_code":4,"worker_id":"964c0ec9-8cc0-487d-adb7-4ac896e589a3-123607776044160","study_id":0,"datetime_start":"2026-04-29T20:48:29.311504"}
{"op_code":5,"worker_id":"964c0ec9-8cc0-487d-adb7-4ac896e589a3-123607776044160","trial_id":20,"param_name":"RANK_REGRESS","param_value_internal":33.0,"distribution":"{\"name\": \"IntDistribution\", \"attributes\": {\"log\": false, \"step\": 1, \"low\": 5, \"high\": 80}}"}
{"op_code":5,"worker_id":"964c0ec9-8cc0-487d-adb7-4ac896e589a3-123607776044160","trial_id":20,"param_name":"REG_W","param_value_internal":403.3800832600389,"distribution":"{\"name\": \"FloatDistribution\", \"attributes\": {\"step\": null, \"low\": 1e-05, \"high\": 1000.0, \"log\": true}}"}
{"op_code":5,"worker_id":"964c0ec9-8cc0-487d-adb7-4ac896e589a3-123607776044160","trial_id":20,"param_name":"USE_RMS_SCALING","param_value_internal":0,"distribution":"{\"name\": \"CategoricalDistribution\", \"attributes\": {\"choices\": [true, false]}}"}
{"op_code":0,"worker_id":"f1a9b471-635e-400e-8688-8a0068003b41-127102378165376","study_name":"cp_pred_surprise_L2","directions":[2]}
{"op_code":4,"worker_id":"f1a9b471-635e-400e-8688-8a0068003b41-127102378165376","study_id":0,"datetime_start":"2026-04-29T20:58:41.181075"}
{"op_code":5,"worker_id":"f1a9b471-635e-400e-8688-8a0068003b41-127102378165376","trial_id":21,"param_name":"RANK_REGRESS","param_value_internal":33.0,"distribution":"{\"name\": \"IntDistribution\", \"attributes\": {\"log\": false, \"step\": 1, \"low\": 5, \"high\": 80}}"}
{"op_code":5,"worker_id":"f1a9b471-635e-400e-8688-8a0068003b41-127102378165376","trial_id":21,"param_name":"REG_W","param_value_internal":403.3800832600389,"distribution":"{\"name\": \"FloatDistribution\", \"attributes\": {\"step\": null, \"low\": 1e-05, \"high\": 1000.0, \"log\": true}}"}
{"op_code":5,"worker_id":"f1a9b471-635e-400e-8688-8a0068003b41-127102378165376","trial_id":21,"param_name":"USE_RMS_SCALING","param_value_internal":0,"distribution":"{\"name\": \"CategoricalDistribution\", \"attributes\": {\"choices\": [true, false]}}"}
{"op_code":0,"worker_id":"3242263c-18ee-44e6-b0e5-8a96fc5758f9-131692880446592","study_name":"cp_pred_surprise_L2","directions":[2]}
{"op_code":4,"worker_id":"3242263c-18ee-44e6-b0e5-8a96fc5758f9-131692880446592","study_id":0,"datetime_start":"2026-04-29T20:58:42.940487"}
{"op_code":5,"worker_id":"3242263c-18ee-44e6-b0e5-8a96fc5758f9-131692880446592","trial_id":22,"param_name":"RANK_REGRESS","param_value_internal":33.0,"distribution":"{\"name\": \"IntDistribution\", \"attributes\": {\"log\": false, \"step\": 1, \"low\": 5, \"high\": 80}}"}
{"op_code":5,"worker_id":"3242263c-18ee-44e6-b0e5-8a96fc5758f9-131692880446592","trial_id":22,"param_name":"REG_W","param_value_internal":403.3800832600389,"distribution":"{\"name\": \"FloatDistribution\", \"attributes\": {\"step\": null, \"low\": 1e-05, \"high\": 1000.0, \"log\": true}}"}
{"op_code":0,"worker_id":"cf7a9500-2439-46c4-8e33-31733787129e-125443350303872","study_name":"cp_pred_surprise_L2","directions":[2]}
{"op_code":5,"worker_id":"3242263c-18ee-44e6-b0e5-8a96fc5758f9-131692880446592","trial_id":22,"param_name":"USE_RMS_SCALING","param_value_internal":0,"distribution":"{\"name\": \"CategoricalDistribution\", \"attributes\": {\"choices\": [true, false]}}"}
{"op_code":4,"worker_id":"cf7a9500-2439-46c4-8e33-31733787129e-125443350303872","study_id":0,"datetime_start":"2026-04-29T20:58:43.063518"}
{"op_code":5,"worker_id":"cf7a9500-2439-46c4-8e33-31733787129e-125443350303872","trial_id":23,"param_name":"RANK_REGRESS","param_value_internal":33.0,"distribution":"{\"name\": \"IntDistribution\", \"attributes\": {\"log\": false, \"step\": 1, \"low\": 5, \"high\": 80}}"}
{"op_code":5,"worker_id":"cf7a9500-2439-46c4-8e33-31733787129e-125443350303872","trial_id":23,"param_name":"REG_W","param_value_internal":403.3800832600389,"distribution":"{\"name\": \"FloatDistribution\", \"attributes\": {\"step\": null, \"low\": 1e-05, \"high\": 1000.0, \"log\": true}}"}
{"op_code":5,"worker_id":"cf7a9500-2439-46c4-8e33-31733787129e-125443350303872","trial_id":23,"param_name":"USE_RMS_SCALING","param_value_internal":0,"distribution":"{\"name\": \"CategoricalDistribution\", \"attributes\": {\"choices\": [true, false]}}"}
{"op_code":0,"worker_id":"c2b9e38f-4188-4a8d-a22d-e3eb3726bab7-134951084143744","study_name":"cp_pred_surprise_L2","directions":[2]}
{"op_code":4,"worker_id":"c2b9e38f-4188-4a8d-a22d-e3eb3726bab7-134951084143744","study_id":0,"datetime_start":"2026-04-29T20:58:43.710561"}
{"op_code":5,"worker_id":"c2b9e38f-4188-4a8d-a22d-e3eb3726bab7-134951084143744","trial_id":24,"param_name":"RANK_REGRESS","param_value_internal":33.0,"distribution":"{\"name\": \"IntDistribution\", \"attributes\": {\"log\": false, \"step\": 1, \"low\": 5, \"high\": 80}}"}
{"op_code":5,"worker_id":"c2b9e38f-4188-4a8d-a22d-e3eb3726bab7-134951084143744","trial_id":24,"param_name":"REG_W","param_value_internal":403.3800832600389,"distribution":"{\"name\": \"FloatDistribution\", \"attributes\": {\"step\": null, \"low\": 1e-05, \"high\": 1000.0, \"log\": true}}"}
{"op_code":5,"worker_id":"c2b9e38f-4188-4a8d-a22d-e3eb3726bab7-134951084143744","trial_id":24,"param_name":"USE_RMS_SCALING","param_value_internal":0,"distribution":"{\"name\": \"CategoricalDistribution\", \"attributes\": {\"choices\": [true, false]}}"}
{"op_code":0,"worker_id":"342057c7-7baf-45df-bb43-d88a2733cc2c-136119460533376","study_name":"cp_pred_surprise_L2","directions":[2]}
{"op_code":4,"worker_id":"342057c7-7baf-45df-bb43-d88a2733cc2c-136119460533376","study_id":0,"datetime_start":"2026-04-29T20:58:44.691724"}
{"op_code":5,"worker_id":"342057c7-7baf-45df-bb43-d88a2733cc2c-136119460533376","trial_id":25,"param_name":"RANK_REGRESS","param_value_internal":33.0,"distribution":"{\"name\": \"IntDistribution\", \"attributes\": {\"log\": false, \"step\": 1, \"low\": 5, \"high\": 80}}"}
{"op_code":5,"worker_id":"342057c7-7baf-45df-bb43-d88a2733cc2c-136119460533376","trial_id":25,"param_name":"REG_W","param_value_internal":403.3800832600389,"distribution":"{\"name\": \"FloatDistribution\", \"attributes\": {\"step\": null, \"low\": 1e-05, \"high\": 1000.0, \"log\": true}}"}
{"op_code":5,"worker_id":"342057c7-7baf-45df-bb43-d88a2733cc2c-136119460533376","trial_id":25,"param_name":"USE_RMS_SCALING","param_value_internal":0,"distribution":"{\"name\": \"CategoricalDistribution\", \"attributes\": {\"choices\": [true, false]}}"}
{"op_code":0,"worker_id":"1c6a927e-f752-4df9-b460-d48485a36e9d-127344978678912","study_name":"cp_pred_surprise_L2","directions":[2]}
{"op_code":0,"worker_id":"03d1cb37-767a-4aef-866e-d43b9f1b7625-126065865000064","study_name":"cp_pred_surprise_L2","directions":[2]}
{"op_code":4,"worker_id":"1c6a927e-f752-4df9-b460-d48485a36e9d-127344978678912","study_id":0,"datetime_start":"2026-04-29T20:58:45.601510"}
{"op_code":4,"worker_id":"03d1cb37-767a-4aef-866e-d43b9f1b7625-126065865000064","study_id":0,"datetime_start":"2026-04-29T20:58:45.618106"}
{"op_code":5,"worker_id":"1c6a927e-f752-4df9-b460-d48485a36e9d-127344978678912","trial_id":26,"param_name":"RANK_REGRESS","param_value_internal":33.0,"distribution":"{\"name\": \"IntDistribution\", \"attributes\": {\"log\": false, \"step\": 1, \"low\": 5, \"high\": 80}}"}
{"op_code":5,"worker_id":"03d1cb37-767a-4aef-866e-d43b9f1b7625-126065865000064","trial_id":27,"param_name":"RANK_REGRESS","param_value_internal":33.0,"distribution":"{\"name\": \"IntDistribution\", \"attributes\": {\"log\": false, \"step\": 1, \"low\": 5, \"high\": 80}}"}
{"op_code":5,"worker_id":"1c6a927e-f752-4df9-b460-d48485a36e9d-127344978678912","trial_id":26,"param_name":"REG_W","param_value_internal":403.3800832600389,"distribution":"{\"name\": \"FloatDistribution\", \"attributes\": {\"step\": null, \"low\": 1e-05, \"high\": 1000.0, \"log\": true}}"}
{"op_code":5,"worker_id":"03d1cb37-767a-4aef-866e-d43b9f1b7625-126065865000064","trial_id":27,"param_name":"REG_W","param_value_internal":403.3800832600389,"distribution":"{\"name\": \"FloatDistribution\", \"attributes\": {\"step\": null, \"low\": 1e-05, \"high\": 1000.0, \"log\": true}}"}
{"op_code":5,"worker_id":"1c6a927e-f752-4df9-b460-d48485a36e9d-127344978678912","trial_id":26,"param_name":"USE_RMS_SCALING","param_value_internal":0,"distribution":"{\"name\": \"CategoricalDistribution\", \"attributes\": {\"choices\": [true, false]}}"}
{"op_code":5,"worker_id":"03d1cb37-767a-4aef-866e-d43b9f1b7625-126065865000064","trial_id":27,"param_name":"USE_RMS_SCALING","param_value_internal":0,"distribution":"{\"name\": \"CategoricalDistribution\", \"attributes\": {\"choices\": [true, false]}}"}
{"op_code":0,"worker_id":"9b0a5292-4e36-4cf7-bdf1-523caa8d6d53-139596813845632","study_name":"cp_pred_surprise_L2","directions":[2]}
{"op_code":4,"worker_id":"9b0a5292-4e36-4cf7-bdf1-523caa8d6d53-139596813845632","study_id":0,"datetime_start":"2026-04-29T20:58:45.895918"}
{"op_code":5,"worker_id":"9b0a5292-4e36-4cf7-bdf1-523caa8d6d53-139596813845632","trial_id":28,"param_name":"RANK_REGRESS","param_value_internal":33.0,"distribution":"{\"name\": \"IntDistribution\", \"attributes\": {\"log\": false, \"step\": 1, \"low\": 5, \"high\": 80}}"}
{"op_code":5,"worker_id":"9b0a5292-4e36-4cf7-bdf1-523caa8d6d53-139596813845632","trial_id":28,"param_name":"REG_W","param_value_internal":403.3800832600389,"distribution":"{\"name\": \"FloatDistribution\", \"attributes\": {\"step\": null, \"low\": 1e-05, \"high\": 1000.0, \"log\": true}}"}
{"op_code":5,"worker_id":"9b0a5292-4e36-4cf7-bdf1-523caa8d6d53-139596813845632","trial_id":28,"param_name":"USE_RMS_SCALING","param_value_internal":0,"distribution":"{\"name\": \"CategoricalDistribution\", \"attributes\": {\"choices\": [true, false]}}"}
{"op_code":0,"worker_id":"69405c19-6af5-44c4-9fa6-c2c61b977928-127804967904384","study_name":"cp_pred_surprise_L2","directions":[2]}
{"op_code":4,"worker_id":"69405c19-6af5-44c4-9fa6-c2c61b977928-127804967904384","study_id":0,"datetime_start":"2026-04-29T20:58:46.234664"}
{"op_code":5,"worker_id":"69405c19-6af5-44c4-9fa6-c2c61b977928-127804967904384","trial_id":29,"param_name":"RANK_REGRESS","param_value_internal":33.0,"distribution":"{\"name\": \"IntDistribution\", \"attributes\": {\"log\": false, \"step\": 1, \"low\": 5, \"high\": 80}}"}
{"op_code":5,"worker_id":"69405c19-6af5-44c4-9fa6-c2c61b977928-127804967904384","trial_id":29,"param_name":"REG_W","param_value_internal":403.3800832600389,"distribution":"{\"name\": \"FloatDistribution\", \"attributes\": {\"step\": null, \"low\": 1e-05, \"high\": 1000.0, \"log\": true}}"}
{"op_code":5,"worker_id":"69405c19-6af5-44c4-9fa6-c2c61b977928-127804967904384","trial_id":29,"param_name":"USE_RMS_SCALING","param_value_internal":0,"distribution":"{\"name\": \"CategoricalDistribution\", \"attributes\": {\"choices\": [true, false]}}"}
{"op_code":0,"worker_id":"4fc366e3-d0d5-40e8-8696-58d84393ff43-123779847484544","study_name":"cp_pred_surprise_L2","directions":[2]}
{"op_code":4,"worker_id":"4fc366e3-d0d5-40e8-8696-58d84393ff43-123779847484544","study_id":0,"datetime_start":"2026-04-29T20:58:49.197888"}
{"op_code":5,"worker_id":"4fc366e3-d0d5-40e8-8696-58d84393ff43-123779847484544","trial_id":30,"param_name":"RANK_REGRESS","param_value_internal":33.0,"distribution":"{\"name\": \"IntDistribution\", \"attributes\": {\"log\": false, \"step\": 1, \"low\": 5, \"high\": 80}}"}
{"op_code":5,"worker_id":"4fc366e3-d0d5-40e8-8696-58d84393ff43-123779847484544","trial_id":30,"param_name":"REG_W","param_value_internal":403.3800832600389,"distribution":"{\"name\": \"FloatDistribution\", \"attributes\": {\"step\": null, \"low\": 1e-05, \"high\": 1000.0, \"log\": true}}"}
{"op_code":5,"worker_id":"4fc366e3-d0d5-40e8-8696-58d84393ff43-123779847484544","trial_id":30,"param_name":"USE_RMS_SCALING","param_value_internal":0,"distribution":"{\"name\": \"CategoricalDistribution\", \"attributes\": {\"choices\": [true, false]}}"}
{"op_code":0,"worker_id":"000ab29f-9486-493d-8591-f11db971334a-137878715171968","study_name":"cp_pred_surprise_L2","directions":[2]}
{"op_code":4,"worker_id":"000ab29f-9486-493d-8591-f11db971334a-137878715171968","study_id":0,"datetime_start":"2026-04-29T20:58:50.386074"}
{"op_code":5,"worker_id":"000ab29f-9486-493d-8591-f11db971334a-137878715171968","trial_id":31,"param_name":"RANK_REGRESS","param_value_internal":33.0,"distribution":"{\"name\": \"IntDistribution\", \"attributes\": {\"log\": false, \"step\": 1, \"low\": 5, \"high\": 80}}"}
{"op_code":5,"worker_id":"000ab29f-9486-493d-8591-f11db971334a-137878715171968","trial_id":31,"param_name":"REG_W","param_value_internal":403.3800832600389,"distribution":"{\"name\": \"FloatDistribution\", \"attributes\": {\"step\": null, \"low\": 1e-05, \"high\": 1000.0, \"log\": true}}"}
{"op_code":5,"worker_id":"000ab29f-9486-493d-8591-f11db971334a-137878715171968","trial_id":31,"param_name":"USE_RMS_SCALING","param_value_internal":0,"distribution":"{\"name\": \"CategoricalDistribution\", \"attributes\": {\"choices\": [true, false]}}"}
{"op_code":0,"worker_id":"19b21a62-c150-49ec-8981-6d503fd03fe5-130752812323968","study_name":"cp_pred_surprise_L2","directions":[2]}
{"op_code":0,"worker_id":"c1531469-e92a-4cd1-9fa7-e7d4735aee44-126297946633344","study_name":"cp_pred_surprise_L2","directions":[2]}
{"op_code":4,"worker_id":"19b21a62-c150-49ec-8981-6d503fd03fe5-130752812323968","study_id":0,"datetime_start":"2026-04-29T21:17:44.792555"}
{"op_code":4,"worker_id":"c1531469-e92a-4cd1-9fa7-e7d4735aee44-126297946633344","study_id":0,"datetime_start":"2026-04-29T21:17:44.853549"}
{"op_code":5,"worker_id":"19b21a62-c150-49ec-8981-6d503fd03fe5-130752812323968","trial_id":32,"param_name":"RANK_REGRESS","param_value_internal":33.0,"distribution":"{\"name\": \"IntDistribution\", \"attributes\": {\"log\": false, \"step\": 1, \"low\": 5, \"high\": 80}}"}
{"op_code":5,"worker_id":"c1531469-e92a-4cd1-9fa7-e7d4735aee44-126297946633344","trial_id":33,"param_name":"RANK_REGRESS","param_value_internal":33.0,"distribution":"{\"name\": \"IntDistribution\", \"attributes\": {\"log\": false, \"step\": 1, \"low\": 5, \"high\": 80}}"}
{"op_code":5,"worker_id":"19b21a62-c150-49ec-8981-6d503fd03fe5-130752812323968","trial_id":32,"param_name":"REG_W","param_value_internal":403.3800832600389,"distribution":"{\"name\": \"FloatDistribution\", \"attributes\": {\"step\": null, \"low\": 1e-05, \"high\": 1000.0, \"log\": true}}"}
{"op_code":5,"worker_id":"c1531469-e92a-4cd1-9fa7-e7d4735aee44-126297946633344","trial_id":33,"param_name":"REG_W","param_value_internal":403.3800832600389,"distribution":"{\"name\": \"FloatDistribution\", \"attributes\": {\"step\": null, \"low\": 1e-05, \"high\": 1000.0, \"log\": true}}"}
{"op_code":5,"worker_id":"19b21a62-c150-49ec-8981-6d503fd03fe5-130752812323968","trial_id":32,"param_name":"USE_RMS_SCALING","param_value_internal":0,"distribution":"{\"name\": \"CategoricalDistribution\", \"attributes\": {\"choices\": [true, false]}}"}
{"op_code":5,"worker_id":"c1531469-e92a-4cd1-9fa7-e7d4735aee44-126297946633344","trial_id":33,"param_name":"USE_RMS_SCALING","param_value_internal":0,"distribution":"{\"name\": \"CategoricalDistribution\", \"attributes\": {\"choices\": [true, false]}}"}
{"op_code":0,"worker_id":"a6ce76af-81f0-4191-b5e9-ad3bda40cc9e-140281791693952","study_name":"cp_pred_surprise_L2","directions":[2]}
{"op_code":0,"worker_id":"36b5d76e-2142-47ef-a5db-58d3833838b1-136505332270208","study_name":"cp_pred_surprise_L2","directions":[2]}
{"op_code":4,"worker_id":"a6ce76af-81f0-4191-b5e9-ad3bda40cc9e-140281791693952","study_id":0,"datetime_start":"2026-04-29T21:17:45.537150"}
{"op_code":5,"worker_id":"a6ce76af-81f0-4191-b5e9-ad3bda40cc9e-140281791693952","trial_id":34,"param_name":"RANK_REGRESS","param_value_internal":33.0,"distribution":"{\"name\": \"IntDistribution\", \"attributes\": {\"log\": false, \"step\": 1, \"low\": 5, \"high\": 80}}"}
{"op_code":4,"worker_id":"36b5d76e-2142-47ef-a5db-58d3833838b1-136505332270208","study_id":0,"datetime_start":"2026-04-29T21:17:45.571528"}
{"op_code":5,"worker_id":"a6ce76af-81f0-4191-b5e9-ad3bda40cc9e-140281791693952","trial_id":34,"param_name":"REG_W","param_value_internal":403.3800832600389,"distribution":"{\"name\": \"FloatDistribution\", \"attributes\": {\"step\": null, \"low\": 1e-05, \"high\": 1000.0, \"log\": true}}"}
{"op_code":5,"worker_id":"36b5d76e-2142-47ef-a5db-58d3833838b1-136505332270208","trial_id":35,"param_name":"RANK_REGRESS","param_value_internal":33.0,"distribution":"{\"name\": \"IntDistribution\", \"attributes\": {\"log\": false, \"step\": 1, \"low\": 5, \"high\": 80}}"}
{"op_code":5,"worker_id":"a6ce76af-81f0-4191-b5e9-ad3bda40cc9e-140281791693952","trial_id":34,"param_name":"USE_RMS_SCALING","param_value_internal":0,"distribution":"{\"name\": \"CategoricalDistribution\", \"attributes\": {\"choices\": [true, false]}}"}
{"op_code":5,"worker_id":"36b5d76e-2142-47ef-a5db-58d3833838b1-136505332270208","trial_id":35,"param_name":"REG_W","param_value_internal":403.3800832600389,"distribution":"{\"name\": \"FloatDistribution\", \"attributes\": {\"step\": null, \"low\": 1e-05, \"high\": 1000.0, \"log\": true}}"}
{"op_code":5,"worker_id":"36b5d76e-2142-47ef-a5db-58d3833838b1-136505332270208","trial_id":35,"param_name":"USE_RMS_SCALING","param_value_internal":0,"distribution":"{\"name\": \"CategoricalDistribution\", \"attributes\": {\"choices\": [true, false]}}"}
{"op_code":0,"worker_id":"797681db-53e2-4f8f-b6ff-d4de079bf423-134703252038784","study_name":"cp_pred_surprise_L2","directions":[2]}
{"op_code":4,"worker_id":"797681db-53e2-4f8f-b6ff-d4de079bf423-134703252038784","study_id":0,"datetime_start":"2026-04-29T21:17:45.914745"}
{"op_code":5,"worker_id":"797681db-53e2-4f8f-b6ff-d4de079bf423-134703252038784","trial_id":36,"param_name":"RANK_REGRESS","param_value_internal":33.0,"distribution":"{\"name\": \"IntDistribution\", \"attributes\": {\"log\": false, \"step\": 1, \"low\": 5, \"high\": 80}}"}
{"op_code":5,"worker_id":"797681db-53e2-4f8f-b6ff-d4de079bf423-134703252038784","trial_id":36,"param_name":"REG_W","param_value_internal":403.3800832600389,"distribution":"{\"name\": \"FloatDistribution\", \"attributes\": {\"step\": null, \"low\": 1e-05, \"high\": 1000.0, \"log\": true}}"}
{"op_code":5,"worker_id":"797681db-53e2-4f8f-b6ff-d4de079bf423-134703252038784","trial_id":36,"param_name":"USE_RMS_SCALING","param_value_internal":0,"distribution":"{\"name\": \"CategoricalDistribution\", \"attributes\": {\"choices\": [true, false]}}"}
{"op_code":0,"worker_id":"c232ebc4-6e04-441c-b75f-b69380045e73-126006344557696","study_name":"cp_pred_surprise_L2","directions":[2]}
{"op_code":0,"worker_id":"82d7917d-34de-46bc-aa59-2d7baf83c349-134997338199168","study_name":"cp_pred_surprise_L2","directions":[2]}
{"op_code":0,"worker_id":"f58dbc17-29a6-4aad-b7d7-cdd6c61c7269-133521764983936","study_name":"cp_pred_surprise_L2","directions":[2]}
{"op_code":4,"worker_id":"c232ebc4-6e04-441c-b75f-b69380045e73-126006344557696","study_id":0,"datetime_start":"2026-04-29T21:17:46.266641"}
{"op_code":4,"worker_id":"82d7917d-34de-46bc-aa59-2d7baf83c349-134997338199168","study_id":0,"datetime_start":"2026-04-29T21:17:46.269921"}
{"op_code":5,"worker_id":"c232ebc4-6e04-441c-b75f-b69380045e73-126006344557696","trial_id":37,"param_name":"RANK_REGRESS","param_value_internal":33.0,"distribution":"{\"name\": \"IntDistribution\", \"attributes\": {\"log\": false, \"step\": 1, \"low\": 5, \"high\": 80}}"}
{"op_code":5,"worker_id":"82d7917d-34de-46bc-aa59-2d7baf83c349-134997338199168","trial_id":38,"param_name":"RANK_REGRESS","param_value_internal":33.0,"distribution":"{\"name\": \"IntDistribution\", \"attributes\": {\"log\": false, \"step\": 1, \"low\": 5, \"high\": 80}}"}
{"op_code":5,"worker_id":"c232ebc4-6e04-441c-b75f-b69380045e73-126006344557696","trial_id":37,"param_name":"REG_W","param_value_internal":403.3800832600389,"distribution":"{\"name\": \"FloatDistribution\", \"attributes\": {\"step\": null, \"low\": 1e-05, \"high\": 1000.0, \"log\": true}}"}
{"op_code":5,"worker_id":"82d7917d-34de-46bc-aa59-2d7baf83c349-134997338199168","trial_id":38,"param_name":"REG_W","param_value_internal":403.3800832600389,"distribution":"{\"name\": \"FloatDistribution\", \"attributes\": {\"step\": null, \"low\": 1e-05, \"high\": 1000.0, \"log\": true}}"}
{"op_code":5,"worker_id":"c232ebc4-6e04-441c-b75f-b69380045e73-126006344557696","trial_id":37,"param_name":"USE_RMS_SCALING","param_value_internal":0,"distribution":"{\"name\": \"CategoricalDistribution\", \"attributes\": {\"choices\": [true, false]}}"}
{"op_code":5,"worker_id":"82d7917d-34de-46bc-aa59-2d7baf83c349-134997338199168","trial_id":38,"param_name":"USE_RMS_SCALING","param_value_internal":0,"distribution":"{\"name\": \"CategoricalDistribution\", \"attributes\": {\"choices\": [true, false]}}"}
{"op_code":4,"worker_id":"f58dbc17-29a6-4aad-b7d7-cdd6c61c7269-133521764983936","study_id":0,"datetime_start":"2026-04-29T21:17:46.306904"}
{"op_code":5,"worker_id":"f58dbc17-29a6-4aad-b7d7-cdd6c61c7269-133521764983936","trial_id":39,"param_name":"RANK_REGRESS","param_value_internal":33.0,"distribution":"{\"name\": \"IntDistribution\", \"attributes\": {\"log\": false, \"step\": 1, \"low\": 5, \"high\": 80}}"}
{"op_code":5,"worker_id":"f58dbc17-29a6-4aad-b7d7-cdd6c61c7269-133521764983936","trial_id":39,"param_name":"REG_W","param_value_internal":403.3800832600389,"distribution":"{\"name\": \"FloatDistribution\", \"attributes\": {\"step\": null, \"low\": 1e-05, \"high\": 1000.0, \"log\": true}}"}
{"op_code":5,"worker_id":"f58dbc17-29a6-4aad-b7d7-cdd6c61c7269-133521764983936","trial_id":39,"param_name":"USE_RMS_SCALING","param_value_internal":0,"distribution":"{\"name\": \"CategoricalDistribution\", \"attributes\": {\"choices\": [true, false]}}"}
{"op_code":0,"worker_id":"98fc5069-3767-45a9-9ffe-2a251c987d15-123777260864640","study_name":"cp_pred_surprise_L2","directions":[2]}
{"op_code":4,"worker_id":"98fc5069-3767-45a9-9ffe-2a251c987d15-123777260864640","study_id":0,"datetime_start":"2026-04-29T21:17:46.959398"}
{"op_code":5,"worker_id":"98fc5069-3767-45a9-9ffe-2a251c987d15-123777260864640","trial_id":40,"param_name":"RANK_REGRESS","param_value_internal":33.0,"distribution":"{\"name\": \"IntDistribution\", \"attributes\": {\"log\": false, \"step\": 1, \"low\": 5, \"high\": 80}}"}
{"op_code":5,"worker_id":"98fc5069-3767-45a9-9ffe-2a251c987d15-123777260864640","trial_id":40,"param_name":"REG_W","param_value_internal":403.3800832600389,"distribution":"{\"name\": \"FloatDistribution\", \"attributes\": {\"step\": null, \"low\": 1e-05, \"high\": 1000.0, \"log\": true}}"}
{"op_code":5,"worker_id":"98fc5069-3767-45a9-9ffe-2a251c987d15-123777260864640","trial_id":40,"param_name":"USE_RMS_SCALING","param_value_internal":0,"distribution":"{\"name\": \"CategoricalDistribution\", \"attributes\": {\"choices\": [true, false]}}"}
{"op_code":0,"worker_id":"1f72968a-c648-4148-93e8-c05f8f3a9ebd-138863288689792","study_name":"cp_pred_surprise_L2","directions":[2]}
{"op_code":0,"worker_id":"58bb1959-9daa-49f5-880d-bd8948a46ff2-132007456986240","study_name":"cp_pred_surprise_L2","directions":[2]}
{"op_code":0,"worker_id":"82791a26-964c-461e-8c87-6fe72a0cca93-131863522358400","study_name":"cp_pred_surprise_L2","directions":[2]}
{"op_code":4,"worker_id":"58bb1959-9daa-49f5-880d-bd8948a46ff2-132007456986240","study_id":0,"datetime_start":"2026-04-29T22:01:19.270284"}
{"op_code":4,"worker_id":"1f72968a-c648-4148-93e8-c05f8f3a9ebd-138863288689792","study_id":0,"datetime_start":"2026-04-29T22:01:19.238405"}
{"op_code":5,"worker_id":"58bb1959-9daa-49f5-880d-bd8948a46ff2-132007456986240","trial_id":41,"param_name":"RANK_REGRESS","param_value_internal":33.0,"distribution":"{\"name\": \"IntDistribution\", \"attributes\": {\"log\": false, \"step\": 1, \"low\": 5, \"high\": 80}}"}
{"op_code":5,"worker_id":"1f72968a-c648-4148-93e8-c05f8f3a9ebd-138863288689792","trial_id":42,"param_name":"RANK_REGRESS","param_value_internal":33.0,"distribution":"{\"name\": \"IntDistribution\", \"attributes\": {\"log\": false, \"step\": 1, \"low\": 5, \"high\": 80}}"}
{"op_code":5,"worker_id":"58bb1959-9daa-49f5-880d-bd8948a46ff2-132007456986240","trial_id":41,"param_name":"REG_W","param_value_internal":403.3800832600389,"distribution":"{\"name\": \"FloatDistribution\", \"attributes\": {\"step\": null, \"low\": 1e-05, \"high\": 1000.0, \"log\": true}}"}
{"op_code":5,"worker_id":"1f72968a-c648-4148-93e8-c05f8f3a9ebd-138863288689792","trial_id":42,"param_name":"REG_W","param_value_internal":403.3800832600389,"distribution":"{\"name\": \"FloatDistribution\", \"attributes\": {\"step\": null, \"low\": 1e-05, \"high\": 1000.0, \"log\": true}}"}
{"op_code":5,"worker_id":"58bb1959-9daa-49f5-880d-bd8948a46ff2-132007456986240","trial_id":41,"param_name":"USE_RMS_SCALING","param_value_internal":0,"distribution":"{\"name\": \"CategoricalDistribution\", \"attributes\": {\"choices\": [true, false]}}"}
{"op_code":4,"worker_id":"82791a26-964c-461e-8c87-6fe72a0cca93-131863522358400","study_id":0,"datetime_start":"2026-04-29T22:01:19.297999"}
{"op_code":5,"worker_id":"1f72968a-c648-4148-93e8-c05f8f3a9ebd-138863288689792","trial_id":42,"param_name":"USE_RMS_SCALING","param_value_internal":0,"distribution":"{\"name\": \"CategoricalDistribution\", \"attributes\": {\"choices\": [true, false]}}"}
{"op_code":5,"worker_id":"82791a26-964c-461e-8c87-6fe72a0cca93-131863522358400","trial_id":43,"param_name":"RANK_REGRESS","param_value_internal":33.0,"distribution":"{\"name\": \"IntDistribution\", \"attributes\": {\"log\": false, \"step\": 1, \"low\": 5, \"high\": 80}}"}
{"op_code":5,"worker_id":"82791a26-964c-461e-8c87-6fe72a0cca93-131863522358400","trial_id":43,"param_name":"REG_W","param_value_internal":403.3800832600389,"distribution":"{\"name\": \"FloatDistribution\", \"attributes\": {\"step\": null, \"low\": 1e-05, \"high\": 1000.0, \"log\": true}}"}
{"op_code":5,"worker_id":"82791a26-964c-461e-8c87-6fe72a0cca93-131863522358400","trial_id":43,"param_name":"USE_RMS_SCALING","param_value_internal":0,"distribution":"{\"name\": \"CategoricalDistribution\", \"attributes\": {\"choices\": [true, false]}}"}
{"op_code":0,"worker_id":"1c8719b0-41fe-4137-a6ec-63eca5b8b1de-129553051763840","study_name":"cp_pred_surprise_L2","directions":[2]}
{"op_code":0,"worker_id":"b7804972-9bee-476a-aef3-143d4b2b0658-128416975389824","study_name":"cp_pred_surprise_L2","directions":[2]}
{"op_code":4,"worker_id":"1c8719b0-41fe-4137-a6ec-63eca5b8b1de-129553051763840","study_id":0,"datetime_start":"2026-04-29T22:01:19.969167"}
{"op_code":4,"worker_id":"b7804972-9bee-476a-aef3-143d4b2b0658-128416975389824","study_id":0,"datetime_start":"2026-04-29T22:01:19.993186"}
{"op_code":5,"worker_id":"1c8719b0-41fe-4137-a6ec-63eca5b8b1de-129553051763840","trial_id":44,"param_name":"RANK_REGRESS","param_value_internal":33.0,"distribution":"{\"name\": \"IntDistribution\", \"attributes\": {\"log\": false, \"step\": 1, \"low\": 5, \"high\": 80}}"}
{"op_code":0,"worker_id":"ab1e7f8d-8841-4582-9769-0ce946dfb455-129806875882624","study_name":"cp_pred_surprise_L2","directions":[2]}
{"op_code":5,"worker_id":"1c8719b0-41fe-4137-a6ec-63eca5b8b1de-129553051763840","trial_id":44,"param_name":"REG_W","param_value_internal":403.3800832600389,"distribution":"{\"name\": \"FloatDistribution\", \"attributes\": {\"step\": null, \"low\": 1e-05, \"high\": 1000.0, \"log\": true}}"}
{"op_code":4,"worker_id":"ab1e7f8d-8841-4582-9769-0ce946dfb455-129806875882624","study_id":0,"datetime_start":"2026-04-29T22:01:20.117382"}
{"op_code":5,"worker_id":"1c8719b0-41fe-4137-a6ec-63eca5b8b1de-129553051763840","trial_id":44,"param_name":"USE_RMS_SCALING","param_value_internal":0,"distribution":"{\"name\": \"CategoricalDistribution\", \"attributes\": {\"choices\": [true, false]}}"}
{"op_code":5,"worker_id":"ab1e7f8d-8841-4582-9769-0ce946dfb455-129806875882624","trial_id":46,"param_name":"RANK_REGRESS","param_value_internal":33.0,"distribution":"{\"name\": \"IntDistribution\", \"attributes\": {\"log\": false, \"step\": 1, \"low\": 5, \"high\": 80}}"}
{"op_code":5,"worker_id":"b7804972-9bee-476a-aef3-143d4b2b0658-128416975389824","trial_id":45,"param_name":"RANK_REGRESS","param_value_internal":33.0,"distribution":"{\"name\": \"IntDistribution\", \"attributes\": {\"log\": false, \"step\": 1, \"low\": 5, \"high\": 80}}"}
{"op_code":5,"worker_id":"ab1e7f8d-8841-4582-9769-0ce946dfb455-129806875882624","trial_id":46,"param_name":"REG_W","param_value_internal":403.3800832600389,"distribution":"{\"name\": \"FloatDistribution\", \"attributes\": {\"step\": null, \"low\": 1e-05, \"high\": 1000.0, \"log\": true}}"}
{"op_code":5,"worker_id":"b7804972-9bee-476a-aef3-143d4b2b0658-128416975389824","trial_id":45,"param_name":"REG_W","param_value_internal":403.3800832600389,"distribution":"{\"name\": \"FloatDistribution\", \"attributes\": {\"step\": null, \"low\": 1e-05, \"high\": 1000.0, \"log\": true}}"}
{"op_code":5,"worker_id":"ab1e7f8d-8841-4582-9769-0ce946dfb455-129806875882624","trial_id":46,"param_name":"USE_RMS_SCALING","param_value_internal":0,"distribution":"{\"name\": \"CategoricalDistribution\", \"attributes\": {\"choices\": [true, false]}}"}
{"op_code":5,"worker_id":"b7804972-9bee-476a-aef3-143d4b2b0658-128416975389824","trial_id":45,"param_name":"USE_RMS_SCALING","param_value_internal":0,"distribution":"{\"name\": \"CategoricalDistribution\", \"attributes\": {\"choices\": [true, false]}}"}
{"op_code":6,"worker_id":"4bdbc84c-1ddf-49da-b115-2fac7faadb0c-138696283919488","trial_id":1,"state":1,"values":[0.7318296596109586],"datetime_complete":"2026-04-30T03:37:57.344994"}
{"op_code":4,"worker_id":"4bdbc84c-1ddf-49da-b115-2fac7faadb0c-138696283919488","study_id":0,"datetime_start":"2026-04-30T03:37:57.412463"}
{"op_code":5,"worker_id":"4bdbc84c-1ddf-49da-b115-2fac7faadb0c-138696283919488","trial_id":47,"param_name":"RANK_REGRESS","param_value_internal":16.0,"distribution":"{\"name\": \"IntDistribution\", \"attributes\": {\"log\": false, \"step\": 1, \"low\": 5, \"high\": 80}}"}
{"op_code":5,"worker_id":"4bdbc84c-1ddf-49da-b115-2fac7faadb0c-138696283919488","trial_id":47,"param_name":"REG_W","param_value_internal":0.00017699302940633337,"distribution":"{\"name\": \"FloatDistribution\", \"attributes\": {\"step\": null, \"low\": 1e-05, \"high\": 1000.0, \"log\": true}}"}
{"op_code":5,"worker_id":"4bdbc84c-1ddf-49da-b115-2fac7faadb0c-138696283919488","trial_id":47,"param_name":"USE_RMS_SCALING","param_value_internal":1,"distribution":"{\"name\": \"CategoricalDistribution\", \"attributes\": {\"choices\": [true, false]}}"}
{"op_code":6,"worker_id":"69b1bd28-f641-450a-9e37-1ade351a3934-133919689860224","trial_id":5,"state":1,"values":[0.7318296596109586],"datetime_complete":"2026-04-30T03:40:39.478305"}
{"op_code":4,"worker_id":"69b1bd28-f641-450a-9e37-1ade351a3934-133919689860224","study_id":0,"datetime_start":"2026-04-30T03:40:39.543057"}
{"op_code":5,"worker_id":"69b1bd28-f641-450a-9e37-1ade351a3934-133919689860224","trial_id":48,"param_name":"RANK_REGRESS","param_value_internal":16.0,"distribution":"{\"name\": \"IntDistribution\", \"attributes\": {\"log\": false, \"step\": 1, \"low\": 5, \"high\": 80}}"}
{"op_code":5,"worker_id":"69b1bd28-f641-450a-9e37-1ade351a3934-133919689860224","trial_id":48,"param_name":"REG_W","param_value_internal":0.00017699302940633337,"distribution":"{\"name\": \"FloatDistribution\", \"attributes\": {\"step\": null, \"low\": 1e-05, \"high\": 1000.0, \"log\": true}}"}
{"op_code":5,"worker_id":"69b1bd28-f641-450a-9e37-1ade351a3934-133919689860224","trial_id":48,"param_name":"USE_RMS_SCALING","param_value_internal":1,"distribution":"{\"name\": \"CategoricalDistribution\", \"attributes\": {\"choices\": [true, false]}}"}
{"op_code":6,"worker_id":"845e05a9-ca8f-474b-8582-2741ba6d2ce7-134904489555072","trial_id":10,"state":1,"values":[0.7318296596109586],"datetime_complete":"2026-04-30T03:43:16.557804"}
{"op_code":4,"worker_id":"845e05a9-ca8f-474b-8582-2741ba6d2ce7-134904489555072","study_id":0,"datetime_start":"2026-04-30T03:43:16.639236"}
{"op_code":5,"worker_id":"845e05a9-ca8f-474b-8582-2741ba6d2ce7-134904489555072","trial_id":49,"param_name":"RANK_REGRESS","param_value_internal":16.0,"distribution":"{\"name\": \"IntDistribution\", \"attributes\": {\"log\": false, \"step\": 1, \"low\": 5, \"high\": 80}}"}
{"op_code":5,"worker_id":"845e05a9-ca8f-474b-8582-2741ba6d2ce7-134904489555072","trial_id":49,"param_name":"REG_W","param_value_internal":0.00017699302940633337,"distribution":"{\"name\": \"FloatDistribution\", \"attributes\": {\"step\": null, \"low\": 1e-05, \"high\": 1000.0, \"log\": true}}"}
{"op_code":5,"worker_id":"845e05a9-ca8f-474b-8582-2741ba6d2ce7-134904489555072","trial_id":49,"param_name":"USE_RMS_SCALING","param_value_internal":1,"distribution":"{\"name\": \"CategoricalDistribution\", \"attributes\": {\"choices\": [true, false]}}"}
{"op_code":6,"worker_id":"3916c87c-656e-4eb6-95ac-d51cb15ae606-128658439869568","trial_id":12,"state":1,"values":[0.7318296596109586],"datetime_complete":"2026-04-30T03:49:35.264548"}
{"op_code":4,"worker_id":"3916c87c-656e-4eb6-95ac-d51cb15ae606-128658439869568","study_id":0,"datetime_start":"2026-04-30T03:49:35.341265"}
{"op_code":5,"worker_id":"3916c87c-656e-4eb6-95ac-d51cb15ae606-128658439869568","trial_id":50,"param_name":"RANK_REGRESS","param_value_internal":16.0,"distribution":"{\"name\": \"IntDistribution\", \"attributes\": {\"log\": false, \"step\": 1, \"low\": 5, \"high\": 80}}"}
{"op_code":5,"worker_id":"3916c87c-656e-4eb6-95ac-d51cb15ae606-128658439869568","trial_id":50,"param_name":"REG_W","param_value_internal":0.00017699302940633337,"distribution":"{\"name\": \"FloatDistribution\", \"attributes\": {\"step\": null, \"low\": 1e-05, \"high\": 1000.0, \"log\": true}}"}
{"op_code":5,"worker_id":"3916c87c-656e-4eb6-95ac-d51cb15ae606-128658439869568","trial_id":50,"param_name":"USE_RMS_SCALING","param_value_internal":1,"distribution":"{\"name\": \"CategoricalDistribution\", \"attributes\": {\"choices\": [true, false]}}"}
{"op_code":6,"worker_id":"cf7a9500-2439-46c4-8e33-31733787129e-125443350303872","trial_id":23,"state":1,"values":[0.7318296596109586],"datetime_complete":"2026-04-30T03:58:08.907378"}
{"op_code":4,"worker_id":"cf7a9500-2439-46c4-8e33-31733787129e-125443350303872","study_id":0,"datetime_start":"2026-04-30T03:58:08.983424"}
{"op_code":5,"worker_id":"cf7a9500-2439-46c4-8e33-31733787129e-125443350303872","trial_id":51,"param_name":"RANK_REGRESS","param_value_internal":16.0,"distribution":"{\"name\": \"IntDistribution\", \"attributes\": {\"log\": false, \"step\": 1, \"low\": 5, \"high\": 80}}"}
{"op_code":5,"worker_id":"cf7a9500-2439-46c4-8e33-31733787129e-125443350303872","trial_id":51,"param_name":"REG_W","param_value_internal":0.00017699302940633337,"distribution":"{\"name\": \"FloatDistribution\", \"attributes\": {\"step\": null, \"low\": 1e-05, \"high\": 1000.0, \"log\": true}}"}
{"op_code":5,"worker_id":"cf7a9500-2439-46c4-8e33-31733787129e-125443350303872","trial_id":51,"param_name":"USE_RMS_SCALING","param_value_internal":1,"distribution":"{\"name\": \"CategoricalDistribution\", \"attributes\": {\"choices\": [true, false]}}"}
{"op_code":6,"worker_id":"f1a9b471-635e-400e-8688-8a0068003b41-127102378165376","trial_id":21,"state":1,"values":[0.7318296596109586],"datetime_complete":"2026-04-30T03:58:40.667869"}
{"op_code":4,"worker_id":"f1a9b471-635e-400e-8688-8a0068003b41-127102378165376","study_id":0,"datetime_start":"2026-04-30T03:58:40.851834"}
{"op_code":5,"worker_id":"f1a9b471-635e-400e-8688-8a0068003b41-127102378165376","trial_id":52,"param_name":"RANK_REGRESS","param_value_internal":16.0,"distribution":"{\"name\": \"IntDistribution\", \"attributes\": {\"log\": false, \"step\": 1, \"low\": 5, \"high\": 80}}"}
{"op_code":5,"worker_id":"f1a9b471-635e-400e-8688-8a0068003b41-127102378165376","trial_id":52,"param_name":"REG_W","param_value_internal":0.00017699302940633337,"distribution":"{\"name\": \"FloatDistribution\", \"attributes\": {\"step\": null, \"low\": 1e-05, \"high\": 1000.0, \"log\": true}}"}
{"op_code":5,"worker_id":"f1a9b471-635e-400e-8688-8a0068003b41-127102378165376","trial_id":52,"param_name":"USE_RMS_SCALING","param_value_internal":1,"distribution":"{\"name\": \"CategoricalDistribution\", \"attributes\": {\"choices\": [true, false]}}"}
{"op_code":6,"worker_id":"8bc5137d-1802-4488-8c9b-e94759a3736a-139759730222208","trial_id":9,"state":1,"values":[0.7318296596109586],"datetime_complete":"2026-04-30T04:04:31.522196"}
{"op_code":4,"worker_id":"8bc5137d-1802-4488-8c9b-e94759a3736a-139759730222208","study_id":0,"datetime_start":"2026-04-30T04:04:31.601942"}
{"op_code":5,"worker_id":"8bc5137d-1802-4488-8c9b-e94759a3736a-139759730222208","trial_id":53,"param_name":"RANK_REGRESS","param_value_internal":16.0,"distribution":"{\"name\": \"IntDistribution\", \"attributes\": {\"log\": false, \"step\": 1, \"low\": 5, \"high\": 80}}"}
{"op_code":5,"worker_id":"8bc5137d-1802-4488-8c9b-e94759a3736a-139759730222208","trial_id":53,"param_name":"REG_W","param_value_internal":0.00017699302940633337,"distribution":"{\"name\": \"FloatDistribution\", \"attributes\": {\"step\": null, \"low\": 1e-05, \"high\": 1000.0, \"log\": true}}"}
{"op_code":5,"worker_id":"8bc5137d-1802-4488-8c9b-e94759a3736a-139759730222208","trial_id":53,"param_name":"USE_RMS_SCALING","param_value_internal":1,"distribution":"{\"name\": \"CategoricalDistribution\", \"attributes\": {\"choices\": [true, false]}}"}
{"op_code":6,"worker_id":"3b84ff27-437d-4748-b468-71a38183c5f9-129568932631680","trial_id":4,"state":1,"values":[0.7318296596109586],"datetime_complete":"2026-04-30T04:08:54.789062"}
{"op_code":4,"worker_id":"3b84ff27-437d-4748-b468-71a38183c5f9-129568932631680","study_id":0,"datetime_start":"2026-04-30T04:08:54.852058"}
{"op_code":5,"worker_id":"3b84ff27-437d-4748-b468-71a38183c5f9-129568932631680","trial_id":54,"param_name":"RANK_REGRESS","param_value_internal":16.0,"distribution":"{\"name\": \"IntDistribution\", \"attributes\": {\"log\": false, \"step\": 1, \"low\": 5, \"high\": 80}}"}
{"op_code":5,"worker_id":"3b84ff27-437d-4748-b468-71a38183c5f9-129568932631680","trial_id":54,"param_name":"REG_W","param_value_internal":0.00017699302940633337,"distribution":"{\"name\": \"FloatDistribution\", \"attributes\": {\"step\": null, \"low\": 1e-05, \"high\": 1000.0, \"log\": true}}"}
{"op_code":5,"worker_id":"3b84ff27-437d-4748-b468-71a38183c5f9-129568932631680","trial_id":54,"param_name":"USE_RMS_SCALING","param_value_internal":1,"distribution":"{\"name\": \"CategoricalDistribution\", \"attributes\": {\"choices\": [true, false]}}"}
{"op_code":6,"worker_id":"44f8ebb6-8a2a-4539-bff6-bdac157fb7ef-137062091269248","trial_id":11,"state":1,"values":[0.7318296596109586],"datetime_complete":"2026-04-30T04:10:14.402696"}
{"op_code":4,"worker_id":"44f8ebb6-8a2a-4539-bff6-bdac157fb7ef-137062091269248","study_id":0,"datetime_start":"2026-04-30T04:10:14.608884"}
{"op_code":5,"worker_id":"44f8ebb6-8a2a-4539-bff6-bdac157fb7ef-137062091269248","trial_id":55,"param_name":"RANK_REGRESS","param_value_internal":16.0,"distribution":"{\"name\": \"IntDistribution\", \"attributes\": {\"log\": false, \"step\": 1, \"low\": 5, \"high\": 80}}"}
{"op_code":5,"worker_id":"44f8ebb6-8a2a-4539-bff6-bdac157fb7ef-137062091269248","trial_id":55,"param_name":"REG_W","param_value_internal":0.00017699302940633337,"distribution":"{\"name\": \"FloatDistribution\", \"attributes\": {\"step\": null, \"low\": 1e-05, \"high\": 1000.0, \"log\": true}}"}
{"op_code":5,"worker_id":"44f8ebb6-8a2a-4539-bff6-bdac157fb7ef-137062091269248","trial_id":55,"param_name":"USE_RMS_SCALING","param_value_internal":1,"distribution":"{\"name\": \"CategoricalDistribution\", \"attributes\": {\"choices\": [true, false]}}"}
{"op_code":6,"worker_id":"000ab29f-9486-493d-8591-f11db971334a-137878715171968","trial_id":31,"state":1,"values":[0.7318296596109586],"datetime_complete":"2026-04-30T04:18:59.941774"}
{"op_code":4,"worker_id":"000ab29f-9486-493d-8591-f11db971334a-137878715171968","study_id":0,"datetime_start":"2026-04-30T04:18:59.993585"}
{"op_code":5,"worker_id":"000ab29f-9486-493d-8591-f11db971334a-137878715171968","trial_id":56,"param_name":"RANK_REGRESS","param_value_internal":77.0,"distribution":"{\"name\": \"IntDistribution\", \"attributes\": {\"log\": false, \"step\": 1, \"low\": 5, \"high\": 80}}"}
{"op_code":5,"worker_id":"000ab29f-9486-493d-8591-f11db971334a-137878715171968","trial_id":56,"param_name":"REG_W","param_value_internal":20.794381024860815,"distribution":"{\"name\": \"FloatDistribution\", \"attributes\": {\"step\": null, \"low\": 1e-05, \"high\": 1000.0, \"log\": true}}"}
{"op_code":5,"worker_id":"000ab29f-9486-493d-8591-f11db971334a-137878715171968","trial_id":56,"param_name":"USE_RMS_SCALING","param_value_internal":0,"distribution":"{\"name\": \"CategoricalDistribution\", \"attributes\": {\"choices\": [true, false]}}"}
{"op_code":6,"worker_id":"1fcb419e-1743-4e24-9fcc-ae1f6f2530ab-126889565381760","trial_id":14,"state":1,"values":[0.7318296596109586],"datetime_complete":"2026-04-30T04:19:08.576856"}
{"op_code":4,"worker_id":"1fcb419e-1743-4e24-9fcc-ae1f6f2530ab-126889565381760","study_id":0,"datetime_start":"2026-04-30T04:19:08.747843"}
{"op_code":5,"worker_id":"1fcb419e-1743-4e24-9fcc-ae1f6f2530ab-126889565381760","trial_id":57,"param_name":"RANK_REGRESS","param_value_internal":73.0,"distribution":"{\"name\": \"IntDistribution\", \"attributes\": {\"log\": false, \"step\": 1, \"low\": 5, \"high\": 80}}"}
{"op_code":5,"worker_id":"1fcb419e-1743-4e24-9fcc-ae1f6f2530ab-126889565381760","trial_id":57,"param_name":"REG_W","param_value_internal":49.61054047358705,"distribution":"{\"name\": \"FloatDistribution\", \"attributes\": {\"step\": null, \"low\": 1e-05, \"high\": 1000.0, \"log\": true}}"}
{"op_code":5,"worker_id":"1fcb419e-1743-4e24-9fcc-ae1f6f2530ab-126889565381760","trial_id":57,"param_name":"USE_RMS_SCALING","param_value_internal":0,"distribution":"{\"name\": \"CategoricalDistribution\", \"attributes\": {\"choices\": [true, false]}}"}
{"op_code":6,"worker_id":"4fc366e3-d0d5-40e8-8696-58d84393ff43-123779847484544","trial_id":30,"state":1,"values":[0.7318296596109586],"datetime_complete":"2026-04-30T04:20:05.320382"}
{"op_code":4,"worker_id":"4fc366e3-d0d5-40e8-8696-58d84393ff43-123779847484544","study_id":0,"datetime_start":"2026-04-30T04:20:05.417686"}
{"op_code":5,"worker_id":"4fc366e3-d0d5-40e8-8696-58d84393ff43-123779847484544","trial_id":58,"param_name":"RANK_REGRESS","param_value_internal":73.0,"distribution":"{\"name\": \"IntDistribution\", \"attributes\": {\"log\": false, \"step\": 1, \"low\": 5, \"high\": 80}}"}
{"op_code":5,"worker_id":"4fc366e3-d0d5-40e8-8696-58d84393ff43-123779847484544","trial_id":58,"param_name":"REG_W","param_value_internal":49.61054047358705,"distribution":"{\"name\": \"FloatDistribution\", \"attributes\": {\"step\": null, \"low\": 1e-05, \"high\": 1000.0, \"log\": true}}"}
{"op_code":5,"worker_id":"4fc366e3-d0d5-40e8-8696-58d84393ff43-123779847484544","trial_id":58,"param_name":"USE_RMS_SCALING","param_value_internal":0,"distribution":"{\"name\": \"CategoricalDistribution\", \"attributes\": {\"choices\": [true, false]}}"}
{"op_code":6,"worker_id":"91bf4aad-1f43-4f06-9946-b3e70497177f-133755725227136","trial_id":6,"state":1,"values":[0.7318296596109586],"datetime_complete":"2026-04-30T04:21:18.287276"}
{"op_code":4,"worker_id":"91bf4aad-1f43-4f06-9946-b3e70497177f-133755725227136","study_id":0,"datetime_start":"2026-04-30T04:21:18.369282"}
{"op_code":5,"worker_id":"91bf4aad-1f43-4f06-9946-b3e70497177f-133755725227136","trial_id":59,"param_name":"RANK_REGRESS","param_value_internal":73.0,"distribution":"{\"name\": \"IntDistribution\", \"attributes\": {\"log\": false, \"step\": 1, \"low\": 5, \"high\": 80}}"}
{"op_code":5,"worker_id":"91bf4aad-1f43-4f06-9946-b3e70497177f-133755725227136","trial_id":59,"param_name":"REG_W","param_value_internal":49.61054047358705,"distribution":"{\"name\": \"FloatDistribution\", \"attributes\": {\"step\": null, \"low\": 1e-05, \"high\": 1000.0, \"log\": true}}"}
{"op_code":5,"worker_id":"91bf4aad-1f43-4f06-9946-b3e70497177f-133755725227136","trial_id":59,"param_name":"USE_RMS_SCALING","param_value_internal":0,"distribution":"{\"name\": \"CategoricalDistribution\", \"attributes\": {\"choices\": [true, false]}}"}
{"op_code":6,"worker_id":"72d6bde6-b4d2-4dfd-bd9a-6c006c3a4b60-140427962532992","trial_id":19,"state":1,"values":[0.7318296596109586],"datetime_complete":"2026-04-30T04:24:06.055907"}
{"op_code":4,"worker_id":"72d6bde6-b4d2-4dfd-bd9a-6c006c3a4b60-140427962532992","study_id":0,"datetime_start":"2026-04-30T04:24:06.100835"}
{"op_code":5,"worker_id":"72d6bde6-b4d2-4dfd-bd9a-6c006c3a4b60-140427962532992","trial_id":60,"param_name":"RANK_REGRESS","param_value_internal":73.0,"distribution":"{\"name\": \"IntDistribution\", \"attributes\": {\"log\": false, \"step\": 1, \"low\": 5, \"high\": 80}}"}
{"op_code":5,"worker_id":"72d6bde6-b4d2-4dfd-bd9a-6c006c3a4b60-140427962532992","trial_id":60,"param_name":"REG_W","param_value_internal":49.61054047358705,"distribution":"{\"name\": \"FloatDistribution\", \"attributes\": {\"step\": null, \"low\": 1e-05, \"high\": 1000.0, \"log\": true}}"}
{"op_code":5,"worker_id":"72d6bde6-b4d2-4dfd-bd9a-6c006c3a4b60-140427962532992","trial_id":60,"param_name":"USE_RMS_SCALING","param_value_internal":0,"distribution":"{\"name\": \"CategoricalDistribution\", \"attributes\": {\"choices\": [true, false]}}"}
{"op_code":6,"worker_id":"3242263c-18ee-44e6-b0e5-8a96fc5758f9-131692880446592","trial_id":22,"state":1,"values":[0.7318296596109586],"datetime_complete":"2026-04-30T04:24:36.822009"}
{"op_code":4,"worker_id":"3242263c-18ee-44e6-b0e5-8a96fc5758f9-131692880446592","study_id":0,"datetime_start":"2026-04-30T04:24:37.015888"}
{"op_code":5,"worker_id":"3242263c-18ee-44e6-b0e5-8a96fc5758f9-131692880446592","trial_id":61,"param_name":"RANK_REGRESS","param_value_internal":73.0,"distribution":"{\"name\": \"IntDistribution\", \"attributes\": {\"log\": false, \"step\": 1, \"low\": 5, \"high\": 80}}"}
{"op_code":5,"worker_id":"3242263c-18ee-44e6-b0e5-8a96fc5758f9-131692880446592","trial_id":61,"param_name":"REG_W","param_value_internal":49.61054047358705,"distribution":"{\"name\": \"FloatDistribution\", \"attributes\": {\"step\": null, \"low\": 1e-05, \"high\": 1000.0, \"log\": true}}"}
{"op_code":5,"worker_id":"3242263c-18ee-44e6-b0e5-8a96fc5758f9-131692880446592","trial_id":61,"param_name":"USE_RMS_SCALING","param_value_internal":0,"distribution":"{\"name\": \"CategoricalDistribution\", \"attributes\": {\"choices\": [true, false]}}"}
{"op_code":6,"worker_id":"77d864e0-089f-49aa-a626-ffc1b33d5d14-129849441256576","trial_id":15,"state":1,"values":[0.7318296596109586],"datetime_complete":"2026-04-30T04:25:05.372865"}
{"op_code":4,"worker_id":"77d864e0-089f-49aa-a626-ffc1b33d5d14-129849441256576","study_id":0,"datetime_start":"2026-04-30T04:25:05.439286"}
{"op_code":5,"worker_id":"77d864e0-089f-49aa-a626-ffc1b33d5d14-129849441256576","trial_id":62,"param_name":"RANK_REGRESS","param_value_internal":73.0,"distribution":"{\"name\": \"IntDistribution\", \"attributes\": {\"log\": false, \"step\": 1, \"low\": 5, \"high\": 80}}"}
{"op_code":5,"worker_id":"77d864e0-089f-49aa-a626-ffc1b33d5d14-129849441256576","trial_id":62,"param_name":"REG_W","param_value_internal":49.61054047358705,"distribution":"{\"name\": \"FloatDistribution\", \"attributes\": {\"step\": null, \"low\": 1e-05, \"high\": 1000.0, \"log\": true}}"}
{"op_code":5,"worker_id":"77d864e0-089f-49aa-a626-ffc1b33d5d14-129849441256576","trial_id":62,"param_name":"USE_RMS_SCALING","param_value_internal":0,"distribution":"{\"name\": \"CategoricalDistribution\", \"attributes\": {\"choices\": [true, false]}}"}
{"op_code":6,"worker_id":"40328999-985d-42cf-bb52-a576b0804cd7-136499736581248","trial_id":8,"state":1,"values":[0.7318296596109586],"datetime_complete":"2026-04-30T04:27:08.735757"}
{"op_code":4,"worker_id":"40328999-985d-42cf-bb52-a576b0804cd7-136499736581248","study_id":0,"datetime_start":"2026-04-30T04:27:08.809579"}
{"op_code":5,"worker_id":"40328999-985d-42cf-bb52-a576b0804cd7-136499736581248","trial_id":63,"param_name":"RANK_REGRESS","param_value_internal":73.0,"distribution":"{\"name\": \"IntDistribution\", \"attributes\": {\"log\": false, \"step\": 1, \"low\": 5, \"high\": 80}}"}
{"op_code":5,"worker_id":"40328999-985d-42cf-bb52-a576b0804cd7-136499736581248","trial_id":63,"param_name":"REG_W","param_value_internal":49.61054047358705,"distribution":"{\"name\": \"FloatDistribution\", \"attributes\": {\"step\": null, \"low\": 1e-05, \"high\": 1000.0, \"log\": true}}"}
{"op_code":5,"worker_id":"40328999-985d-42cf-bb52-a576b0804cd7-136499736581248","trial_id":63,"param_name":"USE_RMS_SCALING","param_value_internal":0,"distribution":"{\"name\": \"CategoricalDistribution\", \"attributes\": {\"choices\": [true, false]}}"}
{"op_code":6,"worker_id":"37cb84cc-a93b-4a24-885b-1d77b9c80b0c-140564883432576","trial_id":7,"state":1,"values":[0.7318296596109586],"datetime_complete":"2026-04-30T04:31:35.801150"}
{"op_code":4,"worker_id":"37cb84cc-a93b-4a24-885b-1d77b9c80b0c-140564883432576","study_id":0,"datetime_start":"2026-04-30T04:31:35.895300"}
{"op_code":5,"worker_id":"37cb84cc-a93b-4a24-885b-1d77b9c80b0c-140564883432576","trial_id":64,"param_name":"RANK_REGRESS","param_value_internal":73.0,"distribution":"{\"name\": \"IntDistribution\", \"attributes\": {\"log\": false, \"step\": 1, \"low\": 5, \"high\": 80}}"}
{"op_code":5,"worker_id":"37cb84cc-a93b-4a24-885b-1d77b9c80b0c-140564883432576","trial_id":64,"param_name":"REG_W","param_value_internal":49.61054047358705,"distribution":"{\"name\": \"FloatDistribution\", \"attributes\": {\"step\": null, \"low\": 1e-05, \"high\": 1000.0, \"log\": true}}"}
{"op_code":5,"worker_id":"37cb84cc-a93b-4a24-885b-1d77b9c80b0c-140564883432576","trial_id":64,"param_name":"USE_RMS_SCALING","param_value_internal":0,"distribution":"{\"name\": \"CategoricalDistribution\", \"attributes\": {\"choices\": [true, false]}}"}
{"op_code":6,"worker_id":"bc559501-4e1f-4115-8de4-83efc80c9e65-134595067450496","trial_id":18,"state":1,"values":[0.7318296596109586],"datetime_complete":"2026-04-30T04:35:23.666501"}
{"op_code":4,"worker_id":"bc559501-4e1f-4115-8de4-83efc80c9e65-134595067450496","study_id":0,"datetime_start":"2026-04-30T04:35:23.714447"}
{"op_code":5,"worker_id":"bc559501-4e1f-4115-8de4-83efc80c9e65-134595067450496","trial_id":65,"param_name":"RANK_REGRESS","param_value_internal":73.0,"distribution":"{\"name\": \"IntDistribution\", \"attributes\": {\"log\": false, \"step\": 1, \"low\": 5, \"high\": 80}}"}
{"op_code":5,"worker_id":"bc559501-4e1f-4115-8de4-83efc80c9e65-134595067450496","trial_id":65,"param_name":"REG_W","param_value_internal":49.61054047358705,"distribution":"{\"name\": \"FloatDistribution\", \"attributes\": {\"step\": null, \"low\": 1e-05, \"high\": 1000.0, \"log\": true}}"}
{"op_code":5,"worker_id":"bc559501-4e1f-4115-8de4-83efc80c9e65-134595067450496","trial_id":65,"param_name":"USE_RMS_SCALING","param_value_internal":0,"distribution":"{\"name\": \"CategoricalDistribution\", \"attributes\": {\"choices\": [true, false]}}"}
{"op_code":6,"worker_id":"ddf8fe39-aa73-4bd7-bdf7-ec8fcf1ecb3c-132366404723840","trial_id":0,"state":1,"values":[0.7318296596109586],"datetime_complete":"2026-04-30T04:35:59.417611"}
{"op_code":4,"worker_id":"ddf8fe39-aa73-4bd7-bdf7-ec8fcf1ecb3c-132366404723840","study_id":0,"datetime_start":"2026-04-30T04:35:59.630049"}
{"op_code":5,"worker_id":"ddf8fe39-aa73-4bd7-bdf7-ec8fcf1ecb3c-132366404723840","trial_id":66,"param_name":"RANK_REGRESS","param_value_internal":69.0,"distribution":"{\"name\": \"IntDistribution\", \"attributes\": {\"log\": false, \"step\": 1, \"low\": 5, \"high\": 80}}"}
{"op_code":5,"worker_id":"ddf8fe39-aa73-4bd7-bdf7-ec8fcf1ecb3c-132366404723840","trial_id":66,"param_name":"REG_W","param_value_internal":118.18831582701614,"distribution":"{\"name\": \"FloatDistribution\", \"attributes\": {\"step\": null, \"low\": 1e-05, \"high\": 1000.0, \"log\": true}}"}
{"op_code":5,"worker_id":"ddf8fe39-aa73-4bd7-bdf7-ec8fcf1ecb3c-132366404723840","trial_id":66,"param_name":"USE_RMS_SCALING","param_value_internal":0,"distribution":"{\"name\": \"CategoricalDistribution\", \"attributes\": {\"choices\": [true, false]}}"}
{"op_code":6,"worker_id":"a9616c36-217d-4564-b1aa-36e677bd43cf-123490399589504","trial_id":17,"state":1,"values":[0.7318296596109586],"datetime_complete":"2026-04-30T04:40:33.079355"}
{"op_code":4,"worker_id":"a9616c36-217d-4564-b1aa-36e677bd43cf-123490399589504","study_id":0,"datetime_start":"2026-04-30T04:40:33.136821"}
{"op_code":5,"worker_id":"a9616c36-217d-4564-b1aa-36e677bd43cf-123490399589504","trial_id":67,"param_name":"RANK_REGRESS","param_value_internal":74.0,"distribution":"{\"name\": \"IntDistribution\", \"attributes\": {\"log\": false, \"step\": 1, \"low\": 5, \"high\": 80}}"}
{"op_code":5,"worker_id":"a9616c36-217d-4564-b1aa-36e677bd43cf-123490399589504","trial_id":67,"param_name":"REG_W","param_value_internal":30.75115817971485,"distribution":"{\"name\": \"FloatDistribution\", \"attributes\": {\"step\": null, \"low\": 1e-05, \"high\": 1000.0, \"log\": true}}"}
{"op_code":5,"worker_id":"a9616c36-217d-4564-b1aa-36e677bd43cf-123490399589504","trial_id":67,"param_name":"USE_RMS_SCALING","param_value_internal":0,"distribution":"{\"name\": \"CategoricalDistribution\", \"attributes\": {\"choices\": [true, false]}}"}
{"op_code":6,"worker_id":"342057c7-7baf-45df-bb43-d88a2733cc2c-136119460533376","trial_id":25,"state":1,"values":[0.7318296596109586],"datetime_complete":"2026-04-30T04:41:12.262920"}
{"op_code":4,"worker_id":"342057c7-7baf-45df-bb43-d88a2733cc2c-136119460533376","study_id":0,"datetime_start":"2026-04-30T04:41:12.470160"}
{"op_code":5,"worker_id":"342057c7-7baf-45df-bb43-d88a2733cc2c-136119460533376","trial_id":68,"param_name":"RANK_REGRESS","param_value_internal":74.0,"distribution":"{\"name\": \"IntDistribution\", \"attributes\": {\"log\": false, \"step\": 1, \"low\": 5, \"high\": 80}}"}
{"op_code":5,"worker_id":"342057c7-7baf-45df-bb43-d88a2733cc2c-136119460533376","trial_id":68,"param_name":"REG_W","param_value_internal":30.75115817971485,"distribution":"{\"name\": \"FloatDistribution\", \"attributes\": {\"step\": null, \"low\": 1e-05, \"high\": 1000.0, \"log\": true}}"}
{"op_code":5,"worker_id":"342057c7-7baf-45df-bb43-d88a2733cc2c-136119460533376","trial_id":68,"param_name":"USE_RMS_SCALING","param_value_internal":0,"distribution":"{\"name\": \"CategoricalDistribution\", \"attributes\": {\"choices\": [true, false]}}"}
{"op_code":6,"worker_id":"98fc5069-3767-45a9-9ffe-2a251c987d15-123777260864640","trial_id":40,"state":1,"values":[0.7318296596109586],"datetime_complete":"2026-04-30T04:43:19.830738"}
{"op_code":4,"worker_id":"98fc5069-3767-45a9-9ffe-2a251c987d15-123777260864640","study_id":0,"datetime_start":"2026-04-30T04:43:19.885507"}
{"op_code":5,"worker_id":"98fc5069-3767-45a9-9ffe-2a251c987d15-123777260864640","trial_id":69,"param_name":"RANK_REGRESS","param_value_internal":74.0,"distribution":"{\"name\": \"IntDistribution\", \"attributes\": {\"log\": false, \"step\": 1, \"low\": 5, \"high\": 80}}"}
{"op_code":5,"worker_id":"98fc5069-3767-45a9-9ffe-2a251c987d15-123777260864640","trial_id":69,"param_name":"REG_W","param_value_internal":30.75115817971485,"distribution":"{\"name\": \"FloatDistribution\", \"attributes\": {\"step\": null, \"low\": 1e-05, \"high\": 1000.0, \"log\": true}}"}
{"op_code":5,"worker_id":"98fc5069-3767-45a9-9ffe-2a251c987d15-123777260864640","trial_id":69,"param_name":"USE_RMS_SCALING","param_value_internal":0,"distribution":"{\"name\": \"CategoricalDistribution\", \"attributes\": {\"choices\": [true, false]}}"}
{"op_code":6,"worker_id":"19b21a62-c150-49ec-8981-6d503fd03fe5-130752812323968","trial_id":32,"state":1,"values":[0.7318296596109586],"datetime_complete":"2026-04-30T04:44:17.432993"}
{"op_code":4,"worker_id":"19b21a62-c150-49ec-8981-6d503fd03fe5-130752812323968","study_id":0,"datetime_start":"2026-04-30T04:44:17.483713"}
{"op_code":5,"worker_id":"19b21a62-c150-49ec-8981-6d503fd03fe5-130752812323968","trial_id":70,"param_name":"RANK_REGRESS","param_value_internal":74.0,"distribution":"{\"name\": \"IntDistribution\", \"attributes\": {\"log\": false, \"step\": 1, \"low\": 5, \"high\": 80}}"}
{"op_code":5,"worker_id":"19b21a62-c150-49ec-8981-6d503fd03fe5-130752812323968","trial_id":70,"param_name":"REG_W","param_value_internal":30.75115817971485,"distribution":"{\"name\": \"FloatDistribution\", \"attributes\": {\"step\": null, \"low\": 1e-05, \"high\": 1000.0, \"log\": true}}"}
{"op_code":5,"worker_id":"19b21a62-c150-49ec-8981-6d503fd03fe5-130752812323968","trial_id":70,"param_name":"USE_RMS_SCALING","param_value_internal":0,"distribution":"{\"name\": \"CategoricalDistribution\", \"attributes\": {\"choices\": [true, false]}}"}
{"op_code":6,"worker_id":"c1531469-e92a-4cd1-9fa7-e7d4735aee44-126297946633344","trial_id":33,"state":1,"values":[0.7318296596109586],"datetime_complete":"2026-04-30T04:45:49.759661"}
{"op_code":4,"worker_id":"c1531469-e92a-4cd1-9fa7-e7d4735aee44-126297946633344","study_id":0,"datetime_start":"2026-04-30T04:45:49.845364"}
{"op_code":5,"worker_id":"c1531469-e92a-4cd1-9fa7-e7d4735aee44-126297946633344","trial_id":71,"param_name":"RANK_REGRESS","param_value_internal":74.0,"distribution":"{\"name\": \"IntDistribution\", \"attributes\": {\"log\": false, \"step\": 1, \"low\": 5, \"high\": 80}}"}
{"op_code":5,"worker_id":"c1531469-e92a-4cd1-9fa7-e7d4735aee44-126297946633344","trial_id":71,"param_name":"REG_W","param_value_internal":30.75115817971485,"distribution":"{\"name\": \"FloatDistribution\", \"attributes\": {\"step\": null, \"low\": 1e-05, \"high\": 1000.0, \"log\": true}}"}
{"op_code":5,"worker_id":"c1531469-e92a-4cd1-9fa7-e7d4735aee44-126297946633344","trial_id":71,"param_name":"USE_RMS_SCALING","param_value_internal":0,"distribution":"{\"name\": \"CategoricalDistribution\", \"attributes\": {\"choices\": [true, false]}}"}
{"op_code":6,"worker_id":"36b5d76e-2142-47ef-a5db-58d3833838b1-136505332270208","trial_id":35,"state":1,"values":[0.7318296596109586],"datetime_complete":"2026-04-30T04:45:57.251668"}
{"op_code":4,"worker_id":"36b5d76e-2142-47ef-a5db-58d3833838b1-136505332270208","study_id":0,"datetime_start":"2026-04-30T04:45:57.449060"}
{"op_code":5,"worker_id":"36b5d76e-2142-47ef-a5db-58d3833838b1-136505332270208","trial_id":72,"param_name":"RANK_REGRESS","param_value_internal":74.0,"distribution":"{\"name\": \"IntDistribution\", \"attributes\": {\"log\": false, \"step\": 1, \"low\": 5, \"high\": 80}}"}
{"op_code":5,"worker_id":"36b5d76e-2142-47ef-a5db-58d3833838b1-136505332270208","trial_id":72,"param_name":"REG_W","param_value_internal":30.75115817971485,"distribution":"{\"name\": \"FloatDistribution\", \"attributes\": {\"step\": null, \"low\": 1e-05, \"high\": 1000.0, \"log\": true}}"}
{"op_code":5,"worker_id":"36b5d76e-2142-47ef-a5db-58d3833838b1-136505332270208","trial_id":72,"param_name":"USE_RMS_SCALING","param_value_internal":0,"distribution":"{\"name\": \"CategoricalDistribution\", \"attributes\": {\"choices\": [true, false]}}"}
{"op_code":6,"worker_id":"1c6a927e-f752-4df9-b460-d48485a36e9d-127344978678912","trial_id":26,"state":1,"values":[0.7318296596109586],"datetime_complete":"2026-04-30T04:46:32.827589"}
{"op_code":4,"worker_id":"1c6a927e-f752-4df9-b460-d48485a36e9d-127344978678912","study_id":0,"datetime_start":"2026-04-30T04:46:32.922749"}
{"op_code":5,"worker_id":"1c6a927e-f752-4df9-b460-d48485a36e9d-127344978678912","trial_id":73,"param_name":"RANK_REGRESS","param_value_internal":74.0,"distribution":"{\"name\": \"IntDistribution\", \"attributes\": {\"log\": false, \"step\": 1, \"low\": 5, \"high\": 80}}"}
{"op_code":5,"worker_id":"1c6a927e-f752-4df9-b460-d48485a36e9d-127344978678912","trial_id":73,"param_name":"REG_W","param_value_internal":30.75115817971485,"distribution":"{\"name\": \"FloatDistribution\", \"attributes\": {\"step\": null, \"low\": 1e-05, \"high\": 1000.0, \"log\": true}}"}
{"op_code":5,"worker_id":"1c6a927e-f752-4df9-b460-d48485a36e9d-127344978678912","trial_id":73,"param_name":"USE_RMS_SCALING","param_value_internal":0,"distribution":"{\"name\": \"CategoricalDistribution\", \"attributes\": {\"choices\": [true, false]}}"}
{"op_code":6,"worker_id":"69405c19-6af5-44c4-9fa6-c2c61b977928-127804967904384","trial_id":29,"state":1,"values":[0.7318296596109586],"datetime_complete":"2026-04-30T04:48:27.304811"}
{"op_code":4,"worker_id":"69405c19-6af5-44c4-9fa6-c2c61b977928-127804967904384","study_id":0,"datetime_start":"2026-04-30T04:48:27.397677"}
{"op_code":5,"worker_id":"69405c19-6af5-44c4-9fa6-c2c61b977928-127804967904384","trial_id":74,"param_name":"RANK_REGRESS","param_value_internal":74.0,"distribution":"{\"name\": \"IntDistribution\", \"attributes\": {\"log\": false, \"step\": 1, \"low\": 5, \"high\": 80}}"}
{"op_code":5,"worker_id":"69405c19-6af5-44c4-9fa6-c2c61b977928-127804967904384","trial_id":74,"param_name":"REG_W","param_value_internal":30.75115817971485,"distribution":"{\"name\": \"FloatDistribution\", \"attributes\": {\"step\": null, \"low\": 1e-05, \"high\": 1000.0, \"log\": true}}"}
{"op_code":5,"worker_id":"69405c19-6af5-44c4-9fa6-c2c61b977928-127804967904384","trial_id":74,"param_name":"USE_RMS_SCALING","param_value_internal":0,"distribution":"{\"name\": \"CategoricalDistribution\", \"attributes\": {\"choices\": [true, false]}}"}
{"op_code":6,"worker_id":"a6ce76af-81f0-4191-b5e9-ad3bda40cc9e-140281791693952","trial_id":34,"state":1,"values":[0.7318296596109586],"datetime_complete":"2026-04-30T04:51:33.381761"}
{"op_code":4,"worker_id":"a6ce76af-81f0-4191-b5e9-ad3bda40cc9e-140281791693952","study_id":0,"datetime_start":"2026-04-30T04:51:33.446255"}
{"op_code":5,"worker_id":"a6ce76af-81f0-4191-b5e9-ad3bda40cc9e-140281791693952","trial_id":75,"param_name":"RANK_REGRESS","param_value_internal":74.0,"distribution":"{\"name\": \"IntDistribution\", \"attributes\": {\"log\": false, \"step\": 1, \"low\": 5, \"high\": 80}}"}
{"op_code":5,"worker_id":"a6ce76af-81f0-4191-b5e9-ad3bda40cc9e-140281791693952","trial_id":75,"param_name":"REG_W","param_value_internal":30.75115817971485,"distribution":"{\"name\": \"FloatDistribution\", \"attributes\": {\"step\": null, \"low\": 1e-05, \"high\": 1000.0, \"log\": true}}"}
{"op_code":5,"worker_id":"a6ce76af-81f0-4191-b5e9-ad3bda40cc9e-140281791693952","trial_id":75,"param_name":"USE_RMS_SCALING","param_value_internal":0,"distribution":"{\"name\": \"CategoricalDistribution\", \"attributes\": {\"choices\": [true, false]}}"}
{"op_code":6,"worker_id":"797681db-53e2-4f8f-b6ff-d4de079bf423-134703252038784","trial_id":36,"state":1,"values":[0.7318296596109586],"datetime_complete":"2026-04-30T04:51:37.708685"}
{"op_code":4,"worker_id":"797681db-53e2-4f8f-b6ff-d4de079bf423-134703252038784","study_id":0,"datetime_start":"2026-04-30T04:51:37.783585"}
{"op_code":5,"worker_id":"797681db-53e2-4f8f-b6ff-d4de079bf423-134703252038784","trial_id":76,"param_name":"RANK_REGRESS","param_value_internal":74.0,"distribution":"{\"name\": \"IntDistribution\", \"attributes\": {\"log\": false, \"step\": 1, \"low\": 5, \"high\": 80}}"}
{"op_code":5,"worker_id":"797681db-53e2-4f8f-b6ff-d4de079bf423-134703252038784","trial_id":76,"param_name":"REG_W","param_value_internal":30.75115817971485,"distribution":"{\"name\": \"FloatDistribution\", \"attributes\": {\"step\": null, \"low\": 1e-05, \"high\": 1000.0, \"log\": true}}"}
{"op_code":5,"worker_id":"797681db-53e2-4f8f-b6ff-d4de079bf423-134703252038784","trial_id":76,"param_name":"USE_RMS_SCALING","param_value_internal":0,"distribution":"{\"name\": \"CategoricalDistribution\", \"attributes\": {\"choices\": [true, false]}}"}
{"op_code":6,"worker_id":"ab642a7a-fd3c-499b-a865-6fb5c290e55d-125140094665856","trial_id":13,"state":1,"values":[0.7318296596109586],"datetime_complete":"2026-04-30T04:54:36.848350"}
{"op_code":4,"worker_id":"ab642a7a-fd3c-499b-a865-6fb5c290e55d-125140094665856","study_id":0,"datetime_start":"2026-04-30T04:54:36.943606"}
{"op_code":5,"worker_id":"ab642a7a-fd3c-499b-a865-6fb5c290e55d-125140094665856","trial_id":77,"param_name":"RANK_REGRESS","param_value_internal":59.0,"distribution":"{\"name\": \"IntDistribution\", \"attributes\": {\"log\": false, \"step\": 1, \"low\": 5, \"high\": 80}}"}
{"op_code":5,"worker_id":"ab642a7a-fd3c-499b-a865-6fb5c290e55d-125140094665856","trial_id":77,"param_name":"REG_W","param_value_internal":0.46133791092377724,"distribution":"{\"name\": \"FloatDistribution\", \"attributes\": {\"step\": null, \"low\": 1e-05, \"high\": 1000.0, \"log\": true}}"}
{"op_code":5,"worker_id":"ab642a7a-fd3c-499b-a865-6fb5c290e55d-125140094665856","trial_id":77,"param_name":"USE_RMS_SCALING","param_value_internal":0,"distribution":"{\"name\": \"CategoricalDistribution\", \"attributes\": {\"choices\": [true, false]}}"}
{"op_code":6,"worker_id":"1472fdc7-ce27-4224-b218-4adeef60b3f8-123817159214208","trial_id":3,"state":1,"values":[0.7318296596109586],"datetime_complete":"2026-04-30T04:56:58.327596"}
{"op_code":4,"worker_id":"1472fdc7-ce27-4224-b218-4adeef60b3f8-123817159214208","study_id":0,"datetime_start":"2026-04-30T04:56:58.406647"}
{"op_code":5,"worker_id":"1472fdc7-ce27-4224-b218-4adeef60b3f8-123817159214208","trial_id":78,"param_name":"RANK_REGRESS","param_value_internal":59.0,"distribution":"{\"name\": \"IntDistribution\", \"attributes\": {\"log\": false, \"step\": 1, \"low\": 5, \"high\": 80}}"}
{"op_code":5,"worker_id":"1472fdc7-ce27-4224-b218-4adeef60b3f8-123817159214208","trial_id":78,"param_name":"REG_W","param_value_internal":0.46133791092377724,"distribution":"{\"name\": \"FloatDistribution\", \"attributes\": {\"step\": null, \"low\": 1e-05, \"high\": 1000.0, \"log\": true}}"}
{"op_code":5,"worker_id":"1472fdc7-ce27-4224-b218-4adeef60b3f8-123817159214208","trial_id":78,"param_name":"USE_RMS_SCALING","param_value_internal":0,"distribution":"{\"name\": \"CategoricalDistribution\", \"attributes\": {\"choices\": [true, false]}}"}
{"op_code":6,"worker_id":"f58dbc17-29a6-4aad-b7d7-cdd6c61c7269-133521764983936","trial_id":39,"state":1,"values":[0.7318296596109586],"datetime_complete":"2026-04-30T04:59:54.652383"}
{"op_code":4,"worker_id":"f58dbc17-29a6-4aad-b7d7-cdd6c61c7269-133521764983936","study_id":0,"datetime_start":"2026-04-30T04:59:54.744257"}
{"op_code":5,"worker_id":"f58dbc17-29a6-4aad-b7d7-cdd6c61c7269-133521764983936","trial_id":79,"param_name":"RANK_REGRESS","param_value_internal":59.0,"distribution":"{\"name\": \"IntDistribution\", \"attributes\": {\"log\": false, \"step\": 1, \"low\": 5, \"high\": 80}}"}
{"op_code":5,"worker_id":"f58dbc17-29a6-4aad-b7d7-cdd6c61c7269-133521764983936","trial_id":79,"param_name":"REG_W","param_value_internal":0.46133791092377724,"distribution":"{\"name\": \"FloatDistribution\", \"attributes\": {\"step\": null, \"low\": 1e-05, \"high\": 1000.0, \"log\": true}}"}
{"op_code":5,"worker_id":"f58dbc17-29a6-4aad-b7d7-cdd6c61c7269-133521764983936","trial_id":79,"param_name":"USE_RMS_SCALING","param_value_internal":0,"distribution":"{\"name\": \"CategoricalDistribution\", \"attributes\": {\"choices\": [true, false]}}"}
{"op_code":6,"worker_id":"c232ebc4-6e04-441c-b75f-b69380045e73-126006344557696","trial_id":37,"state":1,"values":[0.7318296596109586],"datetime_complete":"2026-04-30T05:01:51.484176"}
{"op_code":4,"worker_id":"c232ebc4-6e04-441c-b75f-b69380045e73-126006344557696","study_id":0,"datetime_start":"2026-04-30T05:01:51.563626"}
{"op_code":5,"worker_id":"c232ebc4-6e04-441c-b75f-b69380045e73-126006344557696","trial_id":80,"param_name":"RANK_REGRESS","param_value_internal":59.0,"distribution":"{\"name\": \"IntDistribution\", \"attributes\": {\"log\": false, \"step\": 1, \"low\": 5, \"high\": 80}}"}
{"op_code":5,"worker_id":"c232ebc4-6e04-441c-b75f-b69380045e73-126006344557696","trial_id":80,"param_name":"REG_W","param_value_internal":0.46133791092377724,"distribution":"{\"name\": \"FloatDistribution\", \"attributes\": {\"step\": null, \"low\": 1e-05, \"high\": 1000.0, \"log\": true}}"}
{"op_code":5,"worker_id":"c232ebc4-6e04-441c-b75f-b69380045e73-126006344557696","trial_id":80,"param_name":"USE_RMS_SCALING","param_value_internal":0,"distribution":"{\"name\": \"CategoricalDistribution\", \"attributes\": {\"choices\": [true, false]}}"}
{"op_code":6,"worker_id":"82d7917d-34de-46bc-aa59-2d7baf83c349-134997338199168","trial_id":38,"state":1,"values":[0.7318296596109586],"datetime_complete":"2026-04-30T05:06:15.512102"}
{"op_code":4,"worker_id":"82d7917d-34de-46bc-aa59-2d7baf83c349-134997338199168","study_id":0,"datetime_start":"2026-04-30T05:06:15.600726"}
{"op_code":5,"worker_id":"82d7917d-34de-46bc-aa59-2d7baf83c349-134997338199168","trial_id":81,"param_name":"RANK_REGRESS","param_value_internal":59.0,"distribution":"{\"name\": \"IntDistribution\", \"attributes\": {\"log\": false, \"step\": 1, \"low\": 5, \"high\": 80}}"}
{"op_code":5,"worker_id":"82d7917d-34de-46bc-aa59-2d7baf83c349-134997338199168","trial_id":81,"param_name":"REG_W","param_value_internal":0.46133791092377724,"distribution":"{\"name\": \"FloatDistribution\", \"attributes\": {\"step\": null, \"low\": 1e-05, \"high\": 1000.0, \"log\": true}}"}
{"op_code":5,"worker_id":"82d7917d-34de-46bc-aa59-2d7baf83c349-134997338199168","trial_id":81,"param_name":"USE_RMS_SCALING","param_value_internal":0,"distribution":"{\"name\": \"CategoricalDistribution\", \"attributes\": {\"choices\": [true, false]}}"}
{"op_code":6,"worker_id":"c2b9e38f-4188-4a8d-a22d-e3eb3726bab7-134951084143744","trial_id":24,"state":1,"values":[0.7318296596109586],"datetime_complete":"2026-04-30T05:18:13.535359"}
{"op_code":4,"worker_id":"c2b9e38f-4188-4a8d-a22d-e3eb3726bab7-134951084143744","study_id":0,"datetime_start":"2026-04-30T05:18:13.631649"}
{"op_code":5,"worker_id":"c2b9e38f-4188-4a8d-a22d-e3eb3726bab7-134951084143744","trial_id":82,"param_name":"RANK_REGRESS","param_value_internal":59.0,"distribution":"{\"name\": \"IntDistribution\", \"attributes\": {\"log\": false, \"step\": 1, \"low\": 5, \"high\": 80}}"}
{"op_code":5,"worker_id":"c2b9e38f-4188-4a8d-a22d-e3eb3726bab7-134951084143744","trial_id":82,"param_name":"REG_W","param_value_internal":0.46133791092377724,"distribution":"{\"name\": \"FloatDistribution\", \"attributes\": {\"step\": null, \"low\": 1e-05, \"high\": 1000.0, \"log\": true}}"}
{"op_code":5,"worker_id":"c2b9e38f-4188-4a8d-a22d-e3eb3726bab7-134951084143744","trial_id":82,"param_name":"USE_RMS_SCALING","param_value_internal":0,"distribution":"{\"name\": \"CategoricalDistribution\", \"attributes\": {\"choices\": [true, false]}}"}
{"op_code":6,"worker_id":"b7804972-9bee-476a-aef3-143d4b2b0658-128416975389824","trial_id":45,"state":1,"values":[0.7318296596109586],"datetime_complete":"2026-04-30T05:40:50.558942"}
{"op_code":4,"worker_id":"b7804972-9bee-476a-aef3-143d4b2b0658-128416975389824","study_id":0,"datetime_start":"2026-04-30T05:40:50.644274"}
{"op_code":5,"worker_id":"b7804972-9bee-476a-aef3-143d4b2b0658-128416975389824","trial_id":83,"param_name":"RANK_REGRESS","param_value_internal":59.0,"distribution":"{\"name\": \"IntDistribution\", \"attributes\": {\"log\": false, \"step\": 1, \"low\": 5, \"high\": 80}}"}
{"op_code":5,"worker_id":"b7804972-9bee-476a-aef3-143d4b2b0658-128416975389824","trial_id":83,"param_name":"REG_W","param_value_internal":0.46133791092377724,"distribution":"{\"name\": \"FloatDistribution\", \"attributes\": {\"step\": null, \"low\": 1e-05, \"high\": 1000.0, \"log\": true}}"}
{"op_code":5,"worker_id":"b7804972-9bee-476a-aef3-143d4b2b0658-128416975389824","trial_id":83,"param_name":"USE_RMS_SCALING","param_value_internal":0,"distribution":"{\"name\": \"CategoricalDistribution\", \"attributes\": {\"choices\": [true, false]}}"}
{"op_code":6,"worker_id":"1c8719b0-41fe-4137-a6ec-63eca5b8b1de-129553051763840","trial_id":44,"state":1,"values":[0.7318296596109586],"datetime_complete":"2026-04-30T05:44:41.816161"}
{"op_code":4,"worker_id":"1c8719b0-41fe-4137-a6ec-63eca5b8b1de-129553051763840","study_id":0,"datetime_start":"2026-04-30T05:44:41.904785"}
{"op_code":5,"worker_id":"1c8719b0-41fe-4137-a6ec-63eca5b8b1de-129553051763840","trial_id":84,"param_name":"RANK_REGRESS","param_value_internal":59.0,"distribution":"{\"name\": \"IntDistribution\", \"attributes\": {\"log\": false, \"step\": 1, \"low\": 5, \"high\": 80}}"}
{"op_code":5,"worker_id":"1c8719b0-41fe-4137-a6ec-63eca5b8b1de-129553051763840","trial_id":84,"param_name":"REG_W","param_value_internal":0.46133791092377724,"distribution":"{\"name\": \"FloatDistribution\", \"attributes\": {\"step\": null, \"low\": 1e-05, \"high\": 1000.0, \"log\": true}}"}
{"op_code":5,"worker_id":"1c8719b0-41fe-4137-a6ec-63eca5b8b1de-129553051763840","trial_id":84,"param_name":"USE_RMS_SCALING","param_value_internal":0,"distribution":"{\"name\": \"CategoricalDistribution\", \"attributes\": {\"choices\": [true, false]}}"}
{"op_code":6,"worker_id":"ab1e7f8d-8841-4582-9769-0ce946dfb455-129806875882624","trial_id":46,"state":1,"values":[0.7318296596109586],"datetime_complete":"2026-04-30T05:45:04.389612"}
{"op_code":4,"worker_id":"ab1e7f8d-8841-4582-9769-0ce946dfb455-129806875882624","study_id":0,"datetime_start":"2026-04-30T05:45:04.480336"}
{"op_code":5,"worker_id":"ab1e7f8d-8841-4582-9769-0ce946dfb455-129806875882624","trial_id":85,"param_name":"RANK_REGRESS","param_value_internal":59.0,"distribution":"{\"name\": \"IntDistribution\", \"attributes\": {\"log\": false, \"step\": 1, \"low\": 5, \"high\": 80}}"}
{"op_code":5,"worker_id":"ab1e7f8d-8841-4582-9769-0ce946dfb455-129806875882624","trial_id":85,"param_name":"REG_W","param_value_internal":0.46133791092377724,"distribution":"{\"name\": \"FloatDistribution\", \"attributes\": {\"step\": null, \"low\": 1e-05, \"high\": 1000.0, \"log\": true}}"}
{"op_code":5,"worker_id":"ab1e7f8d-8841-4582-9769-0ce946dfb455-129806875882624","trial_id":85,"param_name":"USE_RMS_SCALING","param_value_internal":0,"distribution":"{\"name\": \"CategoricalDistribution\", \"attributes\": {\"choices\": [true, false]}}"}
{"op_code":6,"worker_id":"82791a26-964c-461e-8c87-6fe72a0cca93-131863522358400","trial_id":43,"state":1,"values":[0.7318296596109586],"datetime_complete":"2026-04-30T05:51:00.691303"}
{"op_code":4,"worker_id":"82791a26-964c-461e-8c87-6fe72a0cca93-131863522358400","study_id":0,"datetime_start":"2026-04-30T05:51:00.760252"}
{"op_code":5,"worker_id":"82791a26-964c-461e-8c87-6fe72a0cca93-131863522358400","trial_id":86,"param_name":"RANK_REGRESS","param_value_internal":59.0,"distribution":"{\"name\": \"IntDistribution\", \"attributes\": {\"log\": false, \"step\": 1, \"low\": 5, \"high\": 80}}"}
{"op_code":5,"worker_id":"82791a26-964c-461e-8c87-6fe72a0cca93-131863522358400","trial_id":86,"param_name":"REG_W","param_value_internal":0.46133791092377724,"distribution":"{\"name\": \"FloatDistribution\", \"attributes\": {\"step\": null, \"low\": 1e-05, \"high\": 1000.0, \"log\": true}}"}
{"op_code":5,"worker_id":"82791a26-964c-461e-8c87-6fe72a0cca93-131863522358400","trial_id":86,"param_name":"USE_RMS_SCALING","param_value_internal":0,"distribution":"{\"name\": \"CategoricalDistribution\", \"attributes\": {\"choices\": [true, false]}}"}
{"op_code":6,"worker_id":"58bb1959-9daa-49f5-880d-bd8948a46ff2-132007456986240","trial_id":41,"state":1,"values":[0.7318296596109586],"datetime_complete":"2026-04-30T05:51:55.793086"}
{"op_code":4,"worker_id":"58bb1959-9daa-49f5-880d-bd8948a46ff2-132007456986240","study_id":0,"datetime_start":"2026-04-30T05:51:55.849284"}
{"op_code":5,"worker_id":"58bb1959-9daa-49f5-880d-bd8948a46ff2-132007456986240","trial_id":87,"param_name":"RANK_REGRESS","param_value_internal":58.0,"distribution":"{\"name\": \"IntDistribution\", \"attributes\": {\"log\": false, \"step\": 1, \"low\": 5, \"high\": 80}}"}
{"op_code":5,"worker_id":"58bb1959-9daa-49f5-880d-bd8948a46ff2-132007456986240","trial_id":87,"param_name":"REG_W","param_value_internal":0.5867279322020124,"distribution":"{\"name\": \"FloatDistribution\", \"attributes\": {\"step\": null, \"low\": 1e-05, \"high\": 1000.0, \"log\": true}}"}
{"op_code":5,"worker_id":"58bb1959-9daa-49f5-880d-bd8948a46ff2-132007456986240","trial_id":87,"param_name":"USE_RMS_SCALING","param_value_internal":0,"distribution":"{\"name\": \"CategoricalDistribution\", \"attributes\": {\"choices\": [true, false]}}"}
{"op_code":6,"worker_id":"1f72968a-c648-4148-93e8-c05f8f3a9ebd-138863288689792","trial_id":42,"state":1,"values":[0.7318296596109586],"datetime_complete":"2026-04-30T05:54:39.734339"}
{"op_code":4,"worker_id":"1f72968a-c648-4148-93e8-c05f8f3a9ebd-138863288689792","study_id":0,"datetime_start":"2026-04-30T05:54:39.820806"}
{"op_code":5,"worker_id":"1f72968a-c648-4148-93e8-c05f8f3a9ebd-138863288689792","trial_id":88,"param_name":"RANK_REGRESS","param_value_internal":58.0,"distribution":"{\"name\": \"IntDistribution\", \"attributes\": {\"log\": false, \"step\": 1, \"low\": 5, \"high\": 80}}"}
{"op_code":5,"worker_id":"1f72968a-c648-4148-93e8-c05f8f3a9ebd-138863288689792","trial_id":88,"param_name":"REG_W","param_value_internal":0.5867279322020124,"distribution":"{\"name\": \"FloatDistribution\", \"attributes\": {\"step\": null, \"low\": 1e-05, \"high\": 1000.0, \"log\": true}}"}
{"op_code":5,"worker_id":"1f72968a-c648-4148-93e8-c05f8f3a9ebd-138863288689792","trial_id":88,"param_name":"USE_RMS_SCALING","param_value_internal":0,"distribution":"{\"name\": \"CategoricalDistribution\", \"attributes\": {\"choices\": [true, false]}}"}
{"op_code":6,"worker_id":"3916c87c-656e-4eb6-95ac-d51cb15ae606-128658439869568","trial_id":50,"state":1,"values":[-0.25247914791123094],"datetime_complete":"2026-04-30T08:01:15.385357"}
{"op_code":6,"worker_id":"4bdbc84c-1ddf-49da-b115-2fac7faadb0c-138696283919488","trial_id":47,"state":1,"values":[-0.25247914791123094],"datetime_complete":"2026-04-30T08:21:42.441127"}
{"op_code":6,"worker_id":"69b1bd28-f641-450a-9e37-1ade351a3934-133919689860224","trial_id":48,"state":1,"values":[-0.25247914791123094],"datetime_complete":"2026-04-30T08:25:33.609000"}
{"op_code":6,"worker_id":"f1a9b471-635e-400e-8688-8a0068003b41-127102378165376","trial_id":52,"state":1,"values":[-0.25247914791123094],"datetime_complete":"2026-04-30T08:35:03.520697"}
{"op_code":6,"worker_id":"845e05a9-ca8f-474b-8582-2741ba6d2ce7-134904489555072","trial_id":49,"state":1,"values":[-0.25247914791123094],"datetime_complete":"2026-04-30T08:39:44.082735"}
{"op_code":6,"worker_id":"cf7a9500-2439-46c4-8e33-31733787129e-125443350303872","trial_id":51,"state":1,"values":[-0.25247914791123094],"datetime_complete":"2026-04-30T08:40:17.149639"}
{"op_code":6,"worker_id":"44f8ebb6-8a2a-4539-bff6-bdac157fb7ef-137062091269248","trial_id":55,"state":1,"values":[-0.25247914791123094],"datetime_complete":"2026-04-30T08:58:01.563852"}
{"op_code":6,"worker_id":"8bc5137d-1802-4488-8c9b-e94759a3736a-139759730222208","trial_id":53,"state":1,"values":[-0.25247914791123094],"datetime_complete":"2026-04-30T09:26:48.069048"}
{"op_code":6,"worker_id":"3b84ff27-437d-4748-b468-71a38183c5f9-129568932631680","trial_id":54,"state":1,"values":[-0.25247914791123094],"datetime_complete":"2026-04-30T09:35:23.240576"}
{"op_code":6,"worker_id":"9b0a5292-4e36-4cf7-bdf1-523caa8d6d53-139596813845632","trial_id":28,"state":1,"values":[0.7318296596109586],"datetime_complete":"2026-04-30T14:01:18.126300"}
{"op_code":6,"worker_id":"7ad944be-ce7b-4a15-9035-c39fa9529c5d-131090070185088","trial_id":2,"state":1,"values":[0.7318296596109586],"datetime_complete":"2026-04-30T14:01:19.260862"}
{"op_code":6,"worker_id":"964c0ec9-8cc0-487d-adb7-4ac896e589a3-123607776044160","trial_id":20,"state":1,"values":[0.7318296596109586],"datetime_complete":"2026-04-30T14:02:21.806722"}
{"op_code":6,"worker_id":"ddf8fe39-aa73-4bd7-bdf7-ec8fcf1ecb3c-132366404723840","trial_id":66,"state":1,"values":[0.7318296596109586],"datetime_complete":"2026-04-30T14:33:08.046462"}
