{"op_code":0,"worker_id":"e44fbe30-2868-4f17-b16f-8dca627d6bbd-126694737949824","study_name":"cp_pred_levels_L4_residual_delta","directions":[2]}
{"op_code":0,"worker_id":"3ffab1d0-304b-4876-9f01-db2398e7931b-132147282928768","study_name":"cp_pred_levels_L4_residual_delta","directions":[2]}
{"op_code":4,"worker_id":"e44fbe30-2868-4f17-b16f-8dca627d6bbd-126694737949824","study_id":0,"datetime_start":"2026-04-30T15:43:57.878017"}
{"op_code":4,"worker_id":"3ffab1d0-304b-4876-9f01-db2398e7931b-132147282928768","study_id":0,"datetime_start":"2026-04-30T15:43:57.894730"}
{"op_code":5,"worker_id":"e44fbe30-2868-4f17-b16f-8dca627d6bbd-126694737949824","trial_id":0,"param_name":"RANK_REGRESS","param_value_internal":22.0,"distribution":"{\"name\": \"IntDistribution\", \"attributes\": {\"log\": false, \"step\": 1, \"low\": 5, \"high\": 80}}"}
{"op_code":5,"worker_id":"3ffab1d0-304b-4876-9f01-db2398e7931b-132147282928768","trial_id":1,"param_name":"RANK_REGRESS","param_value_internal":12.0,"distribution":"{\"name\": \"IntDistribution\", \"attributes\": {\"log\": false, \"step\": 1, \"low\": 5, \"high\": 80}}"}
{"op_code":5,"worker_id":"e44fbe30-2868-4f17-b16f-8dca627d6bbd-126694737949824","trial_id":0,"param_name":"REG_W","param_value_internal":67.18689859020903,"distribution":"{\"name\": \"FloatDistribution\", \"attributes\": {\"step\": null, \"low\": 1e-05, \"high\": 1000.0, \"log\": true}}"}
{"op_code":5,"worker_id":"3ffab1d0-304b-4876-9f01-db2398e7931b-132147282928768","trial_id":1,"param_name":"REG_W","param_value_internal":0.000653583861065128,"distribution":"{\"name\": \"FloatDistribution\", \"attributes\": {\"step\": null, \"low\": 1e-05, \"high\": 1000.0, \"log\": true}}"}
{"op_code":5,"worker_id":"e44fbe30-2868-4f17-b16f-8dca627d6bbd-126694737949824","trial_id":0,"param_name":"USE_RMS_SCALING","param_value_internal":1,"distribution":"{\"name\": \"CategoricalDistribution\", \"attributes\": {\"choices\": [true, false]}}"}
{"op_code":5,"worker_id":"3ffab1d0-304b-4876-9f01-db2398e7931b-132147282928768","trial_id":1,"param_name":"USE_RMS_SCALING","param_value_internal":1,"distribution":"{\"name\": \"CategoricalDistribution\", \"attributes\": {\"choices\": [true, false]}}"}
{"op_code":0,"worker_id":"1f95d8a2-893d-405f-9456-7b9299e6e8ac-132141935551616","study_name":"cp_pred_levels_L4_residual_delta","directions":[2]}
{"op_code":4,"worker_id":"1f95d8a2-893d-405f-9456-7b9299e6e8ac-132141935551616","study_id":0,"datetime_start":"2026-04-30T15:43:59.584572"}
{"op_code":5,"worker_id":"1f95d8a2-893d-405f-9456-7b9299e6e8ac-132141935551616","trial_id":2,"param_name":"RANK_REGRESS","param_value_internal":42.0,"distribution":"{\"name\": \"IntDistribution\", \"attributes\": {\"log\": false, \"step\": 1, \"low\": 5, \"high\": 80}}"}
{"op_code":5,"worker_id":"1f95d8a2-893d-405f-9456-7b9299e6e8ac-132141935551616","trial_id":2,"param_name":"REG_W","param_value_internal":0.0006783187466682529,"distribution":"{\"name\": \"FloatDistribution\", \"attributes\": {\"step\": null, \"low\": 1e-05, \"high\": 1000.0, \"log\": true}}"}
{"op_code":5,"worker_id":"1f95d8a2-893d-405f-9456-7b9299e6e8ac-132141935551616","trial_id":2,"param_name":"USE_RMS_SCALING","param_value_internal":1,"distribution":"{\"name\": \"CategoricalDistribution\", \"attributes\": {\"choices\": [true, false]}}"}
{"op_code":0,"worker_id":"438442d6-41a2-4f1a-9fdc-4a26267b6c1f-128550485595264","study_name":"cp_pred_levels_L4_residual_delta","directions":[2]}
{"op_code":4,"worker_id":"438442d6-41a2-4f1a-9fdc-4a26267b6c1f-128550485595264","study_id":0,"datetime_start":"2026-04-30T15:43:59.773614"}
{"op_code":5,"worker_id":"438442d6-41a2-4f1a-9fdc-4a26267b6c1f-128550485595264","trial_id":3,"param_name":"RANK_REGRESS","param_value_internal":29.0,"distribution":"{\"name\": \"IntDistribution\", \"attributes\": {\"log\": false, \"step\": 1, \"low\": 5, \"high\": 80}}"}
{"op_code":5,"worker_id":"438442d6-41a2-4f1a-9fdc-4a26267b6c1f-128550485595264","trial_id":3,"param_name":"REG_W","param_value_internal":0.0006093649201736427,"distribution":"{\"name\": \"FloatDistribution\", \"attributes\": {\"step\": null, \"low\": 1e-05, \"high\": 1000.0, \"log\": true}}"}
{"op_code":5,"worker_id":"438442d6-41a2-4f1a-9fdc-4a26267b6c1f-128550485595264","trial_id":3,"param_name":"USE_RMS_SCALING","param_value_internal":1,"distribution":"{\"name\": \"CategoricalDistribution\", \"attributes\": {\"choices\": [true, false]}}"}
{"op_code":0,"worker_id":"7f283b53-2703-46a7-bf58-f7cf732b2918-130320949384320","study_name":"cp_pred_levels_L4_residual_delta","directions":[2]}
{"op_code":4,"worker_id":"7f283b53-2703-46a7-bf58-f7cf732b2918-130320949384320","study_id":0,"datetime_start":"2026-04-30T15:44:00.026867"}
{"op_code":5,"worker_id":"7f283b53-2703-46a7-bf58-f7cf732b2918-130320949384320","trial_id":4,"param_name":"RANK_REGRESS","param_value_internal":21.0,"distribution":"{\"name\": \"IntDistribution\", \"attributes\": {\"log\": false, \"step\": 1, \"low\": 5, \"high\": 80}}"}
{"op_code":5,"worker_id":"7f283b53-2703-46a7-bf58-f7cf732b2918-130320949384320","trial_id":4,"param_name":"REG_W","param_value_internal":0.00014546469566250388,"distribution":"{\"name\": \"FloatDistribution\", \"attributes\": {\"step\": null, \"low\": 1e-05, \"high\": 1000.0, \"log\": true}}"}
{"op_code":5,"worker_id":"7f283b53-2703-46a7-bf58-f7cf732b2918-130320949384320","trial_id":4,"param_name":"USE_RMS_SCALING","param_value_internal":0,"distribution":"{\"name\": \"CategoricalDistribution\", \"attributes\": {\"choices\": [true, false]}}"}
{"op_code":0,"worker_id":"22f60642-956b-4600-92c7-78a420f0f060-133092320269440","study_name":"cp_pred_levels_L4_residual_delta","directions":[2]}
{"op_code":0,"worker_id":"aacd1106-6a20-45aa-ab0f-c95bfa7c0262-139402643416192","study_name":"cp_pred_levels_L4_residual_delta","directions":[2]}
{"op_code":4,"worker_id":"22f60642-956b-4600-92c7-78a420f0f060-133092320269440","study_id":0,"datetime_start":"2026-04-30T15:44:01.746848"}
{"op_code":4,"worker_id":"aacd1106-6a20-45aa-ab0f-c95bfa7c0262-139402643416192","study_id":0,"datetime_start":"2026-04-30T15:44:01.787932"}
{"op_code":5,"worker_id":"22f60642-956b-4600-92c7-78a420f0f060-133092320269440","trial_id":5,"param_name":"RANK_REGRESS","param_value_internal":45.0,"distribution":"{\"name\": \"IntDistribution\", \"attributes\": {\"log\": false, \"step\": 1, \"low\": 5, \"high\": 80}}"}
{"op_code":5,"worker_id":"aacd1106-6a20-45aa-ab0f-c95bfa7c0262-139402643416192","trial_id":6,"param_name":"RANK_REGRESS","param_value_internal":5.0,"distribution":"{\"name\": \"IntDistribution\", \"attributes\": {\"log\": false, \"step\": 1, \"low\": 5, \"high\": 80}}"}
{"op_code":5,"worker_id":"22f60642-956b-4600-92c7-78a420f0f060-133092320269440","trial_id":5,"param_name":"REG_W","param_value_internal":159.9131920084165,"distribution":"{\"name\": \"FloatDistribution\", \"attributes\": {\"step\": null, \"low\": 1e-05, \"high\": 1000.0, \"log\": true}}"}
{"op_code":0,"worker_id":"e817c007-b2b7-4ac5-b75d-310b2af44cf1-131795426972800","study_name":"cp_pred_levels_L4_residual_delta","directions":[2]}
{"op_code":0,"worker_id":"15c1b053-25eb-487b-8d3d-73128133a60b-131750371927168","study_name":"cp_pred_levels_L4_residual_delta","directions":[2]}
{"op_code":5,"worker_id":"aacd1106-6a20-45aa-ab0f-c95bfa7c0262-139402643416192","trial_id":6,"param_name":"REG_W","param_value_internal":14.650338466460221,"distribution":"{\"name\": \"FloatDistribution\", \"attributes\": {\"step\": null, \"low\": 1e-05, \"high\": 1000.0, \"log\": true}}"}
{"op_code":5,"worker_id":"22f60642-956b-4600-92c7-78a420f0f060-133092320269440","trial_id":5,"param_name":"USE_RMS_SCALING","param_value_internal":0,"distribution":"{\"name\": \"CategoricalDistribution\", \"attributes\": {\"choices\": [true, false]}}"}
{"op_code":5,"worker_id":"aacd1106-6a20-45aa-ab0f-c95bfa7c0262-139402643416192","trial_id":6,"param_name":"USE_RMS_SCALING","param_value_internal":0,"distribution":"{\"name\": \"CategoricalDistribution\", \"attributes\": {\"choices\": [true, false]}}"}
{"op_code":4,"worker_id":"15c1b053-25eb-487b-8d3d-73128133a60b-131750371927168","study_id":0,"datetime_start":"2026-04-30T15:44:01.990525"}
{"op_code":0,"worker_id":"3c899597-dc6c-4a43-b33f-77f9fdbb5bae-133980334208128","study_name":"cp_pred_levels_L4_residual_delta","directions":[2]}
{"op_code":5,"worker_id":"15c1b053-25eb-487b-8d3d-73128133a60b-131750371927168","trial_id":7,"param_name":"RANK_REGRESS","param_value_internal":10.0,"distribution":"{\"name\": \"IntDistribution\", \"attributes\": {\"log\": false, \"step\": 1, \"low\": 5, \"high\": 80}}"}
{"op_code":4,"worker_id":"e817c007-b2b7-4ac5-b75d-310b2af44cf1-131795426972800","study_id":0,"datetime_start":"2026-04-30T15:44:01.962216"}
{"op_code":5,"worker_id":"15c1b053-25eb-487b-8d3d-73128133a60b-131750371927168","trial_id":7,"param_name":"REG_W","param_value_internal":6.439409855143365e-05,"distribution":"{\"name\": \"FloatDistribution\", \"attributes\": {\"step\": null, \"low\": 1e-05, \"high\": 1000.0, \"log\": true}}"}
{"op_code":5,"worker_id":"e817c007-b2b7-4ac5-b75d-310b2af44cf1-131795426972800","trial_id":8,"param_name":"RANK_REGRESS","param_value_internal":37.0,"distribution":"{\"name\": \"IntDistribution\", \"attributes\": {\"log\": false, \"step\": 1, \"low\": 5, \"high\": 80}}"}
{"op_code":5,"worker_id":"15c1b053-25eb-487b-8d3d-73128133a60b-131750371927168","trial_id":7,"param_name":"USE_RMS_SCALING","param_value_internal":1,"distribution":"{\"name\": \"CategoricalDistribution\", \"attributes\": {\"choices\": [true, false]}}"}
{"op_code":4,"worker_id":"3c899597-dc6c-4a43-b33f-77f9fdbb5bae-133980334208128","study_id":0,"datetime_start":"2026-04-30T15:44:02.161851"}
{"op_code":5,"worker_id":"e817c007-b2b7-4ac5-b75d-310b2af44cf1-131795426972800","trial_id":8,"param_name":"REG_W","param_value_internal":6.0770997421423404e-05,"distribution":"{\"name\": \"FloatDistribution\", \"attributes\": {\"step\": null, \"low\": 1e-05, \"high\": 1000.0, \"log\": true}}"}
{"op_code":5,"worker_id":"3c899597-dc6c-4a43-b33f-77f9fdbb5bae-133980334208128","trial_id":9,"param_name":"RANK_REGRESS","param_value_internal":29.0,"distribution":"{\"name\": \"IntDistribution\", \"attributes\": {\"log\": false, \"step\": 1, \"low\": 5, \"high\": 80}}"}
{"op_code":5,"worker_id":"e817c007-b2b7-4ac5-b75d-310b2af44cf1-131795426972800","trial_id":8,"param_name":"USE_RMS_SCALING","param_value_internal":0,"distribution":"{\"name\": \"CategoricalDistribution\", \"attributes\": {\"choices\": [true, false]}}"}
{"op_code":5,"worker_id":"3c899597-dc6c-4a43-b33f-77f9fdbb5bae-133980334208128","trial_id":9,"param_name":"REG_W","param_value_internal":616.3056181852285,"distribution":"{\"name\": \"FloatDistribution\", \"attributes\": {\"step\": null, \"low\": 1e-05, \"high\": 1000.0, \"log\": true}}"}
{"op_code":5,"worker_id":"3c899597-dc6c-4a43-b33f-77f9fdbb5bae-133980334208128","trial_id":9,"param_name":"USE_RMS_SCALING","param_value_internal":0,"distribution":"{\"name\": \"CategoricalDistribution\", \"attributes\": {\"choices\": [true, false]}}"}
{"op_code":0,"worker_id":"1a0e3897-5854-42b2-87b2-294a5ea3ac4e-138671643563136","study_name":"cp_pred_levels_L4_residual_delta","directions":[2]}
{"op_code":4,"worker_id":"1a0e3897-5854-42b2-87b2-294a5ea3ac4e-138671643563136","study_id":0,"datetime_start":"2026-04-30T15:44:02.347244"}
{"op_code":5,"worker_id":"1a0e3897-5854-42b2-87b2-294a5ea3ac4e-138671643563136","trial_id":10,"param_name":"RANK_REGRESS","param_value_internal":78.0,"distribution":"{\"name\": \"IntDistribution\", \"attributes\": {\"log\": false, \"step\": 1, \"low\": 5, \"high\": 80}}"}
{"op_code":5,"worker_id":"1a0e3897-5854-42b2-87b2-294a5ea3ac4e-138671643563136","trial_id":10,"param_name":"REG_W","param_value_internal":1.7282988677812956,"distribution":"{\"name\": \"FloatDistribution\", \"attributes\": {\"step\": null, \"low\": 1e-05, \"high\": 1000.0, \"log\": true}}"}
{"op_code":5,"worker_id":"1a0e3897-5854-42b2-87b2-294a5ea3ac4e-138671643563136","trial_id":10,"param_name":"USE_RMS_SCALING","param_value_internal":1,"distribution":"{\"name\": \"CategoricalDistribution\", \"attributes\": {\"choices\": [true, false]}}"}
{"op_code":0,"worker_id":"bc50b597-8ece-48db-a19a-3a2ddadbd10c-138946707743872","study_name":"cp_pred_levels_L4_residual_delta","directions":[2]}
{"op_code":4,"worker_id":"bc50b597-8ece-48db-a19a-3a2ddadbd10c-138946707743872","study_id":0,"datetime_start":"2026-04-30T15:44:02.606391"}
{"op_code":5,"worker_id":"bc50b597-8ece-48db-a19a-3a2ddadbd10c-138946707743872","trial_id":11,"param_name":"RANK_REGRESS","param_value_internal":10.0,"distribution":"{\"name\": \"IntDistribution\", \"attributes\": {\"log\": false, \"step\": 1, \"low\": 5, \"high\": 80}}"}
{"op_code":5,"worker_id":"bc50b597-8ece-48db-a19a-3a2ddadbd10c-138946707743872","trial_id":11,"param_name":"REG_W","param_value_internal":3.701489022384719e-05,"distribution":"{\"name\": \"FloatDistribution\", \"attributes\": {\"step\": null, \"low\": 1e-05, \"high\": 1000.0, \"log\": true}}"}
{"op_code":5,"worker_id":"bc50b597-8ece-48db-a19a-3a2ddadbd10c-138946707743872","trial_id":11,"param_name":"USE_RMS_SCALING","param_value_internal":0,"distribution":"{\"name\": \"CategoricalDistribution\", \"attributes\": {\"choices\": [true, false]}}"}
{"op_code":0,"worker_id":"fc7e5fe4-cf7e-4093-96b1-c83320d7b207-123895581787264","study_name":"cp_pred_levels_L4_residual_delta","directions":[2]}
{"op_code":0,"worker_id":"24472dda-5cb7-4720-b4c0-09e9c71b7898-138076296803456","study_name":"cp_pred_levels_L4_residual_delta","directions":[2]}
{"op_code":4,"worker_id":"fc7e5fe4-cf7e-4093-96b1-c83320d7b207-123895581787264","study_id":0,"datetime_start":"2026-04-30T15:44:03.205753"}
{"op_code":4,"worker_id":"24472dda-5cb7-4720-b4c0-09e9c71b7898-138076296803456","study_id":0,"datetime_start":"2026-04-30T15:44:03.228372"}
{"op_code":5,"worker_id":"fc7e5fe4-cf7e-4093-96b1-c83320d7b207-123895581787264","trial_id":12,"param_name":"RANK_REGRESS","param_value_internal":45.0,"distribution":"{\"name\": \"IntDistribution\", \"attributes\": {\"log\": false, \"step\": 1, \"low\": 5, \"high\": 80}}"}
{"op_code":5,"worker_id":"24472dda-5cb7-4720-b4c0-09e9c71b7898-138076296803456","trial_id":13,"param_name":"RANK_REGRESS","param_value_internal":74.0,"distribution":"{\"name\": \"IntDistribution\", \"attributes\": {\"log\": false, \"step\": 1, \"low\": 5, \"high\": 80}}"}
{"op_code":5,"worker_id":"fc7e5fe4-cf7e-4093-96b1-c83320d7b207-123895581787264","trial_id":12,"param_name":"REG_W","param_value_internal":0.000884902637468836,"distribution":"{\"name\": \"FloatDistribution\", \"attributes\": {\"step\": null, \"low\": 1e-05, \"high\": 1000.0, \"log\": true}}"}
{"op_code":5,"worker_id":"24472dda-5cb7-4720-b4c0-09e9c71b7898-138076296803456","trial_id":13,"param_name":"REG_W","param_value_internal":0.008712003620330979,"distribution":"{\"name\": \"FloatDistribution\", \"attributes\": {\"step\": null, \"low\": 1e-05, \"high\": 1000.0, \"log\": true}}"}
{"op_code":5,"worker_id":"fc7e5fe4-cf7e-4093-96b1-c83320d7b207-123895581787264","trial_id":12,"param_name":"USE_RMS_SCALING","param_value_internal":0,"distribution":"{\"name\": \"CategoricalDistribution\", \"attributes\": {\"choices\": [true, false]}}"}
{"op_code":5,"worker_id":"24472dda-5cb7-4720-b4c0-09e9c71b7898-138076296803456","trial_id":13,"param_name":"USE_RMS_SCALING","param_value_internal":0,"distribution":"{\"name\": \"CategoricalDistribution\", \"attributes\": {\"choices\": [true, false]}}"}
{"op_code":0,"worker_id":"852c9068-9ab6-48e6-aa0d-5434518bde31-126029361034368","study_name":"cp_pred_levels_L4_residual_delta","directions":[2]}
{"op_code":4,"worker_id":"852c9068-9ab6-48e6-aa0d-5434518bde31-126029361034368","study_id":0,"datetime_start":"2026-04-30T15:44:03.479747"}
{"op_code":5,"worker_id":"852c9068-9ab6-48e6-aa0d-5434518bde31-126029361034368","trial_id":14,"param_name":"RANK_REGRESS","param_value_internal":43.0,"distribution":"{\"name\": \"IntDistribution\", \"attributes\": {\"log\": false, \"step\": 1, \"low\": 5, \"high\": 80}}"}
{"op_code":5,"worker_id":"852c9068-9ab6-48e6-aa0d-5434518bde31-126029361034368","trial_id":14,"param_name":"REG_W","param_value_internal":4.7205181669552793e-05,"distribution":"{\"name\": \"FloatDistribution\", \"attributes\": {\"step\": null, \"low\": 1e-05, \"high\": 1000.0, \"log\": true}}"}
{"op_code":5,"worker_id":"852c9068-9ab6-48e6-aa0d-5434518bde31-126029361034368","trial_id":14,"param_name":"USE_RMS_SCALING","param_value_internal":1,"distribution":"{\"name\": \"CategoricalDistribution\", \"attributes\": {\"choices\": [true, false]}}"}
{"op_code":0,"worker_id":"64cc4541-175d-46fb-9738-8746985de065-130598312256640","study_name":"cp_pred_levels_L4_residual_delta","directions":[2]}
{"op_code":0,"worker_id":"f19ad04d-a302-4054-b428-9611e838b5a2-135708955206784","study_name":"cp_pred_levels_L4_residual_delta","directions":[2]}
{"op_code":4,"worker_id":"64cc4541-175d-46fb-9738-8746985de065-130598312256640","study_id":0,"datetime_start":"2026-04-30T15:44:04.947148"}
{"op_code":4,"worker_id":"f19ad04d-a302-4054-b428-9611e838b5a2-135708955206784","study_id":0,"datetime_start":"2026-04-30T15:44:04.966552"}
{"op_code":5,"worker_id":"64cc4541-175d-46fb-9738-8746985de065-130598312256640","trial_id":15,"param_name":"RANK_REGRESS","param_value_internal":33.0,"distribution":"{\"name\": \"IntDistribution\", \"attributes\": {\"log\": false, \"step\": 1, \"low\": 5, \"high\": 80}}"}
{"op_code":5,"worker_id":"f19ad04d-a302-4054-b428-9611e838b5a2-135708955206784","trial_id":16,"param_name":"RANK_REGRESS","param_value_internal":17.0,"distribution":"{\"name\": \"IntDistribution\", \"attributes\": {\"log\": false, \"step\": 1, \"low\": 5, \"high\": 80}}"}
{"op_code":5,"worker_id":"64cc4541-175d-46fb-9738-8746985de065-130598312256640","trial_id":15,"param_name":"REG_W","param_value_internal":5.081922667029151,"distribution":"{\"name\": \"FloatDistribution\", \"attributes\": {\"step\": null, \"low\": 1e-05, \"high\": 1000.0, \"log\": true}}"}
{"op_code":5,"worker_id":"f19ad04d-a302-4054-b428-9611e838b5a2-135708955206784","trial_id":16,"param_name":"REG_W","param_value_internal":235.27023336908144,"distribution":"{\"name\": \"FloatDistribution\", \"attributes\": {\"step\": null, \"low\": 1e-05, \"high\": 1000.0, \"log\": true}}"}
{"op_code":5,"worker_id":"64cc4541-175d-46fb-9738-8746985de065-130598312256640","trial_id":15,"param_name":"USE_RMS_SCALING","param_value_internal":1,"distribution":"{\"name\": \"CategoricalDistribution\", \"attributes\": {\"choices\": [true, false]}}"}
{"op_code":5,"worker_id":"f19ad04d-a302-4054-b428-9611e838b5a2-135708955206784","trial_id":16,"param_name":"USE_RMS_SCALING","param_value_internal":1,"distribution":"{\"name\": \"CategoricalDistribution\", \"attributes\": {\"choices\": [true, false]}}"}
{"op_code":0,"worker_id":"6c474054-efa2-4b05-8060-388e32a410a5-126067965351040","study_name":"cp_pred_levels_L4_residual_delta","directions":[2]}
{"op_code":4,"worker_id":"6c474054-efa2-4b05-8060-388e32a410a5-126067965351040","study_id":0,"datetime_start":"2026-04-30T15:44:05.523315"}
{"op_code":5,"worker_id":"6c474054-efa2-4b05-8060-388e32a410a5-126067965351040","trial_id":17,"param_name":"RANK_REGRESS","param_value_internal":10.0,"distribution":"{\"name\": \"IntDistribution\", \"attributes\": {\"log\": false, \"step\": 1, \"low\": 5, \"high\": 80}}"}
{"op_code":5,"worker_id":"6c474054-efa2-4b05-8060-388e32a410a5-126067965351040","trial_id":17,"param_name":"REG_W","param_value_internal":3.9243743383744885e-05,"distribution":"{\"name\": \"FloatDistribution\", \"attributes\": {\"step\": null, \"low\": 1e-05, \"high\": 1000.0, \"log\": true}}"}
{"op_code":5,"worker_id":"6c474054-efa2-4b05-8060-388e32a410a5-126067965351040","trial_id":17,"param_name":"USE_RMS_SCALING","param_value_internal":1,"distribution":"{\"name\": \"CategoricalDistribution\", \"attributes\": {\"choices\": [true, false]}}"}
{"op_code":0,"worker_id":"4f7dfe84-8782-4f6c-bebf-018bfd656835-132358000997504","study_name":"cp_pred_levels_L4_residual_delta","directions":[2]}
{"op_code":0,"worker_id":"5ffd5772-a9b2-460a-ba56-f1e2fbeadbcb-135667208967296","study_name":"cp_pred_levels_L4_residual_delta","directions":[2]}
{"op_code":0,"worker_id":"872b2f8f-bbaf-4e73-a347-670d73d1ceaa-137902508954752","study_name":"cp_pred_levels_L4_residual_delta","directions":[2]}
{"op_code":4,"worker_id":"4f7dfe84-8782-4f6c-bebf-018bfd656835-132358000997504","study_id":0,"datetime_start":"2026-04-30T15:44:06.807253"}
{"op_code":4,"worker_id":"872b2f8f-bbaf-4e73-a347-670d73d1ceaa-137902508954752","study_id":0,"datetime_start":"2026-04-30T15:44:06.846410"}
{"op_code":5,"worker_id":"4f7dfe84-8782-4f6c-bebf-018bfd656835-132358000997504","trial_id":18,"param_name":"RANK_REGRESS","param_value_internal":64.0,"distribution":"{\"name\": \"IntDistribution\", \"attributes\": {\"log\": false, \"step\": 1, \"low\": 5, \"high\": 80}}"}
{"op_code":4,"worker_id":"5ffd5772-a9b2-460a-ba56-f1e2fbeadbcb-135667208967296","study_id":0,"datetime_start":"2026-04-30T15:44:06.824312"}
{"op_code":5,"worker_id":"4f7dfe84-8782-4f6c-bebf-018bfd656835-132358000997504","trial_id":18,"param_name":"REG_W","param_value_internal":0.001474689029865866,"distribution":"{\"name\": \"FloatDistribution\", \"attributes\": {\"step\": null, \"low\": 1e-05, \"high\": 1000.0, \"log\": true}}"}
{"op_code":5,"worker_id":"5ffd5772-a9b2-460a-ba56-f1e2fbeadbcb-135667208967296","trial_id":20,"param_name":"RANK_REGRESS","param_value_internal":29.0,"distribution":"{\"name\": \"IntDistribution\", \"attributes\": {\"log\": false, \"step\": 1, \"low\": 5, \"high\": 80}}"}
{"op_code":5,"worker_id":"4f7dfe84-8782-4f6c-bebf-018bfd656835-132358000997504","trial_id":18,"param_name":"USE_RMS_SCALING","param_value_internal":0,"distribution":"{\"name\": \"CategoricalDistribution\", \"attributes\": {\"choices\": [true, false]}}"}
{"op_code":5,"worker_id":"872b2f8f-bbaf-4e73-a347-670d73d1ceaa-137902508954752","trial_id":19,"param_name":"RANK_REGRESS","param_value_internal":22.0,"distribution":"{\"name\": \"IntDistribution\", \"attributes\": {\"log\": false, \"step\": 1, \"low\": 5, \"high\": 80}}"}
{"op_code":5,"worker_id":"5ffd5772-a9b2-460a-ba56-f1e2fbeadbcb-135667208967296","trial_id":20,"param_name":"REG_W","param_value_internal":5.648719117822602,"distribution":"{\"name\": \"FloatDistribution\", \"attributes\": {\"step\": null, \"low\": 1e-05, \"high\": 1000.0, \"log\": true}}"}
{"op_code":5,"worker_id":"872b2f8f-bbaf-4e73-a347-670d73d1ceaa-137902508954752","trial_id":19,"param_name":"REG_W","param_value_internal":0.1704489419635752,"distribution":"{\"name\": \"FloatDistribution\", \"attributes\": {\"step\": null, \"low\": 1e-05, \"high\": 1000.0, \"log\": true}}"}
{"op_code":5,"worker_id":"5ffd5772-a9b2-460a-ba56-f1e2fbeadbcb-135667208967296","trial_id":20,"param_name":"USE_RMS_SCALING","param_value_internal":1,"distribution":"{\"name\": \"CategoricalDistribution\", \"attributes\": {\"choices\": [true, false]}}"}
{"op_code":5,"worker_id":"872b2f8f-bbaf-4e73-a347-670d73d1ceaa-137902508954752","trial_id":19,"param_name":"USE_RMS_SCALING","param_value_internal":0,"distribution":"{\"name\": \"CategoricalDistribution\", \"attributes\": {\"choices\": [true, false]}}"}
{"op_code":0,"worker_id":"e1f65e19-2323-4253-894e-4e746cb37b76-127530210571392","study_name":"cp_pred_levels_L4_residual_delta","directions":[2]}
{"op_code":0,"worker_id":"07ae2337-aa2e-42bd-8bfb-c780ce4cd916-134966490477696","study_name":"cp_pred_levels_L4_residual_delta","directions":[2]}
{"op_code":4,"worker_id":"e1f65e19-2323-4253-894e-4e746cb37b76-127530210571392","study_id":0,"datetime_start":"2026-04-30T15:44:07.994949"}
{"op_code":4,"worker_id":"07ae2337-aa2e-42bd-8bfb-c780ce4cd916-134966490477696","study_id":0,"datetime_start":"2026-04-30T15:44:08.010855"}
{"op_code":5,"worker_id":"e1f65e19-2323-4253-894e-4e746cb37b76-127530210571392","trial_id":21,"param_name":"RANK_REGRESS","param_value_internal":70.0,"distribution":"{\"name\": \"IntDistribution\", \"attributes\": {\"log\": false, \"step\": 1, \"low\": 5, \"high\": 80}}"}
{"op_code":5,"worker_id":"07ae2337-aa2e-42bd-8bfb-c780ce4cd916-134966490477696","trial_id":22,"param_name":"RANK_REGRESS","param_value_internal":10.0,"distribution":"{\"name\": \"IntDistribution\", \"attributes\": {\"log\": false, \"step\": 1, \"low\": 5, \"high\": 80}}"}
{"op_code":5,"worker_id":"e1f65e19-2323-4253-894e-4e746cb37b76-127530210571392","trial_id":21,"param_name":"REG_W","param_value_internal":0.0001547184141405839,"distribution":"{\"name\": \"FloatDistribution\", \"attributes\": {\"step\": null, \"low\": 1e-05, \"high\": 1000.0, \"log\": true}}"}
{"op_code":5,"worker_id":"07ae2337-aa2e-42bd-8bfb-c780ce4cd916-134966490477696","trial_id":22,"param_name":"REG_W","param_value_internal":275.46360096940293,"distribution":"{\"name\": \"FloatDistribution\", \"attributes\": {\"step\": null, \"low\": 1e-05, \"high\": 1000.0, \"log\": true}}"}
{"op_code":5,"worker_id":"e1f65e19-2323-4253-894e-4e746cb37b76-127530210571392","trial_id":21,"param_name":"USE_RMS_SCALING","param_value_internal":0,"distribution":"{\"name\": \"CategoricalDistribution\", \"attributes\": {\"choices\": [true, false]}}"}
{"op_code":5,"worker_id":"07ae2337-aa2e-42bd-8bfb-c780ce4cd916-134966490477696","trial_id":22,"param_name":"USE_RMS_SCALING","param_value_internal":1,"distribution":"{\"name\": \"CategoricalDistribution\", \"attributes\": {\"choices\": [true, false]}}"}
{"op_code":0,"worker_id":"669d1c48-c54a-4756-8ed1-a7a3a4942346-136964718711936","study_name":"cp_pred_levels_L4_residual_delta","directions":[2]}
{"op_code":4,"worker_id":"669d1c48-c54a-4756-8ed1-a7a3a4942346-136964718711936","study_id":0,"datetime_start":"2026-04-30T15:44:08.268842"}
{"op_code":5,"worker_id":"669d1c48-c54a-4756-8ed1-a7a3a4942346-136964718711936","trial_id":23,"param_name":"RANK_REGRESS","param_value_internal":55.0,"distribution":"{\"name\": \"IntDistribution\", \"attributes\": {\"log\": false, \"step\": 1, \"low\": 5, \"high\": 80}}"}
{"op_code":5,"worker_id":"669d1c48-c54a-4756-8ed1-a7a3a4942346-136964718711936","trial_id":23,"param_name":"REG_W","param_value_internal":487.634914922449,"distribution":"{\"name\": \"FloatDistribution\", \"attributes\": {\"step\": null, \"low\": 1e-05, \"high\": 1000.0, \"log\": true}}"}
{"op_code":5,"worker_id":"669d1c48-c54a-4756-8ed1-a7a3a4942346-136964718711936","trial_id":23,"param_name":"USE_RMS_SCALING","param_value_internal":1,"distribution":"{\"name\": \"CategoricalDistribution\", \"attributes\": {\"choices\": [true, false]}}"}
{"op_code":0,"worker_id":"03e6e216-2c0b-48f6-aba6-827a756160ac-132650895971456","study_name":"cp_pred_levels_L4_residual_delta","directions":[2]}
{"op_code":0,"worker_id":"a985501d-1c61-4656-8bdc-ce038cf55dfc-127314333815936","study_name":"cp_pred_levels_L4_residual_delta","directions":[2]}
{"op_code":4,"worker_id":"03e6e216-2c0b-48f6-aba6-827a756160ac-132650895971456","study_id":0,"datetime_start":"2026-04-30T15:44:08.738179"}
{"op_code":4,"worker_id":"a985501d-1c61-4656-8bdc-ce038cf55dfc-127314333815936","study_id":0,"datetime_start":"2026-04-30T15:44:08.757718"}
{"op_code":0,"worker_id":"5183882d-c936-41b0-becb-7bd543a1ac60-129309588165760","study_name":"cp_pred_levels_L4_residual_delta","directions":[2]}
{"op_code":5,"worker_id":"a985501d-1c61-4656-8bdc-ce038cf55dfc-127314333815936","trial_id":25,"param_name":"RANK_REGRESS","param_value_internal":5.0,"distribution":"{\"name\": \"IntDistribution\", \"attributes\": {\"log\": false, \"step\": 1, \"low\": 5, \"high\": 80}}"}
{"op_code":4,"worker_id":"5183882d-c936-41b0-becb-7bd543a1ac60-129309588165760","study_id":0,"datetime_start":"2026-04-30T15:44:08.856473"}
{"op_code":5,"worker_id":"a985501d-1c61-4656-8bdc-ce038cf55dfc-127314333815936","trial_id":25,"param_name":"REG_W","param_value_internal":27.4402949931819,"distribution":"{\"name\": \"FloatDistribution\", \"attributes\": {\"step\": null, \"low\": 1e-05, \"high\": 1000.0, \"log\": true}}"}
{"op_code":5,"worker_id":"5183882d-c936-41b0-becb-7bd543a1ac60-129309588165760","trial_id":26,"param_name":"RANK_REGRESS","param_value_internal":12.0,"distribution":"{\"name\": \"IntDistribution\", \"attributes\": {\"log\": false, \"step\": 1, \"low\": 5, \"high\": 80}}"}
{"op_code":5,"worker_id":"a985501d-1c61-4656-8bdc-ce038cf55dfc-127314333815936","trial_id":25,"param_name":"USE_RMS_SCALING","param_value_internal":1,"distribution":"{\"name\": \"CategoricalDistribution\", \"attributes\": {\"choices\": [true, false]}}"}
{"op_code":5,"worker_id":"5183882d-c936-41b0-becb-7bd543a1ac60-129309588165760","trial_id":26,"param_name":"REG_W","param_value_internal":0.6078529900774922,"distribution":"{\"name\": \"FloatDistribution\", \"attributes\": {\"step\": null, \"low\": 1e-05, \"high\": 1000.0, \"log\": true}}"}
{"op_code":5,"worker_id":"5183882d-c936-41b0-becb-7bd543a1ac60-129309588165760","trial_id":26,"param_name":"USE_RMS_SCALING","param_value_internal":1,"distribution":"{\"name\": \"CategoricalDistribution\", \"attributes\": {\"choices\": [true, false]}}"}
{"op_code":5,"worker_id":"03e6e216-2c0b-48f6-aba6-827a756160ac-132650895971456","trial_id":24,"param_name":"RANK_REGRESS","param_value_internal":66.0,"distribution":"{\"name\": \"IntDistribution\", \"attributes\": {\"log\": false, \"step\": 1, \"low\": 5, \"high\": 80}}"}
{"op_code":5,"worker_id":"03e6e216-2c0b-48f6-aba6-827a756160ac-132650895971456","trial_id":24,"param_name":"REG_W","param_value_internal":0.03303697990910611,"distribution":"{\"name\": \"FloatDistribution\", \"attributes\": {\"step\": null, \"low\": 1e-05, \"high\": 1000.0, \"log\": true}}"}
{"op_code":5,"worker_id":"03e6e216-2c0b-48f6-aba6-827a756160ac-132650895971456","trial_id":24,"param_name":"USE_RMS_SCALING","param_value_internal":1,"distribution":"{\"name\": \"CategoricalDistribution\", \"attributes\": {\"choices\": [true, false]}}"}
{"op_code":0,"worker_id":"7d152f28-2eb0-439c-b826-c4e68c6726b1-138489977365632","study_name":"cp_pred_levels_L4_residual_delta","directions":[2]}
{"op_code":0,"worker_id":"13c1e139-ba51-4820-aadd-13eb700cc679-126897209885824","study_name":"cp_pred_levels_L4_residual_delta","directions":[2]}
{"op_code":4,"worker_id":"7d152f28-2eb0-439c-b826-c4e68c6726b1-138489977365632","study_id":0,"datetime_start":"2026-04-30T15:44:09.333855"}
{"op_code":0,"worker_id":"2dd49ed5-eb63-42da-9136-4ddb1b2f6542-126878542685312","study_name":"cp_pred_levels_L4_residual_delta","directions":[2]}
{"op_code":4,"worker_id":"13c1e139-ba51-4820-aadd-13eb700cc679-126897209885824","study_id":0,"datetime_start":"2026-04-30T15:44:09.377359"}
{"op_code":4,"worker_id":"2dd49ed5-eb63-42da-9136-4ddb1b2f6542-126878542685312","study_id":0,"datetime_start":"2026-04-30T15:44:09.418329"}
{"op_code":5,"worker_id":"13c1e139-ba51-4820-aadd-13eb700cc679-126897209885824","trial_id":28,"param_name":"RANK_REGRESS","param_value_internal":52.0,"distribution":"{\"name\": \"IntDistribution\", \"attributes\": {\"log\": false, \"step\": 1, \"low\": 5, \"high\": 80}}"}
{"op_code":5,"worker_id":"2dd49ed5-eb63-42da-9136-4ddb1b2f6542-126878542685312","trial_id":29,"param_name":"RANK_REGRESS","param_value_internal":53.0,"distribution":"{\"name\": \"IntDistribution\", \"attributes\": {\"log\": false, \"step\": 1, \"low\": 5, \"high\": 80}}"}
{"op_code":5,"worker_id":"13c1e139-ba51-4820-aadd-13eb700cc679-126897209885824","trial_id":28,"param_name":"REG_W","param_value_internal":1.869474424147231,"distribution":"{\"name\": \"FloatDistribution\", \"attributes\": {\"step\": null, \"low\": 1e-05, \"high\": 1000.0, \"log\": true}}"}
{"op_code":5,"worker_id":"2dd49ed5-eb63-42da-9136-4ddb1b2f6542-126878542685312","trial_id":29,"param_name":"REG_W","param_value_internal":8.160268976142031e-05,"distribution":"{\"name\": \"FloatDistribution\", \"attributes\": {\"step\": null, \"low\": 1e-05, \"high\": 1000.0, \"log\": true}}"}
{"op_code":5,"worker_id":"13c1e139-ba51-4820-aadd-13eb700cc679-126897209885824","trial_id":28,"param_name":"USE_RMS_SCALING","param_value_internal":0,"distribution":"{\"name\": \"CategoricalDistribution\", \"attributes\": {\"choices\": [true, false]}}"}
{"op_code":5,"worker_id":"2dd49ed5-eb63-42da-9136-4ddb1b2f6542-126878542685312","trial_id":29,"param_name":"USE_RMS_SCALING","param_value_internal":0,"distribution":"{\"name\": \"CategoricalDistribution\", \"attributes\": {\"choices\": [true, false]}}"}
{"op_code":5,"worker_id":"7d152f28-2eb0-439c-b826-c4e68c6726b1-138489977365632","trial_id":27,"param_name":"RANK_REGRESS","param_value_internal":67.0,"distribution":"{\"name\": \"IntDistribution\", \"attributes\": {\"log\": false, \"step\": 1, \"low\": 5, \"high\": 80}}"}
{"op_code":5,"worker_id":"7d152f28-2eb0-439c-b826-c4e68c6726b1-138489977365632","trial_id":27,"param_name":"REG_W","param_value_internal":0.0002341330909163056,"distribution":"{\"name\": \"FloatDistribution\", \"attributes\": {\"step\": null, \"low\": 1e-05, \"high\": 1000.0, \"log\": true}}"}
{"op_code":5,"worker_id":"7d152f28-2eb0-439c-b826-c4e68c6726b1-138489977365632","trial_id":27,"param_name":"USE_RMS_SCALING","param_value_internal":0,"distribution":"{\"name\": \"CategoricalDistribution\", \"attributes\": {\"choices\": [true, false]}}"}
{"op_code":0,"worker_id":"ed776db6-2a52-4553-a984-16dd443b33be-140200052397184","study_name":"cp_pred_levels_L4_residual_delta","directions":[2]}
{"op_code":0,"worker_id":"96494760-4a07-4d9d-a1ce-b3beec49883c-130834864415872","study_name":"cp_pred_levels_L4_residual_delta","directions":[2]}
{"op_code":4,"worker_id":"ed776db6-2a52-4553-a984-16dd443b33be-140200052397184","study_id":0,"datetime_start":"2026-04-30T15:44:10.791335"}
{"op_code":4,"worker_id":"96494760-4a07-4d9d-a1ce-b3beec49883c-130834864415872","study_id":0,"datetime_start":"2026-04-30T15:44:10.807049"}
{"op_code":5,"worker_id":"ed776db6-2a52-4553-a984-16dd443b33be-140200052397184","trial_id":30,"param_name":"RANK_REGRESS","param_value_internal":26.0,"distribution":"{\"name\": \"IntDistribution\", \"attributes\": {\"log\": false, \"step\": 1, \"low\": 5, \"high\": 80}}"}
{"op_code":5,"worker_id":"96494760-4a07-4d9d-a1ce-b3beec49883c-130834864415872","trial_id":31,"param_name":"RANK_REGRESS","param_value_internal":61.0,"distribution":"{\"name\": \"IntDistribution\", \"attributes\": {\"log\": false, \"step\": 1, \"low\": 5, \"high\": 80}}"}
{"op_code":5,"worker_id":"ed776db6-2a52-4553-a984-16dd443b33be-140200052397184","trial_id":30,"param_name":"REG_W","param_value_internal":0.0005519939117410385,"distribution":"{\"name\": \"FloatDistribution\", \"attributes\": {\"step\": null, \"low\": 1e-05, \"high\": 1000.0, \"log\": true}}"}
{"op_code":5,"worker_id":"96494760-4a07-4d9d-a1ce-b3beec49883c-130834864415872","trial_id":31,"param_name":"REG_W","param_value_internal":0.0001413625089603329,"distribution":"{\"name\": \"FloatDistribution\", \"attributes\": {\"step\": null, \"low\": 1e-05, \"high\": 1000.0, \"log\": true}}"}
{"op_code":5,"worker_id":"ed776db6-2a52-4553-a984-16dd443b33be-140200052397184","trial_id":30,"param_name":"USE_RMS_SCALING","param_value_internal":1,"distribution":"{\"name\": \"CategoricalDistribution\", \"attributes\": {\"choices\": [true, false]}}"}
{"op_code":5,"worker_id":"96494760-4a07-4d9d-a1ce-b3beec49883c-130834864415872","trial_id":31,"param_name":"USE_RMS_SCALING","param_value_internal":1,"distribution":"{\"name\": \"CategoricalDistribution\", \"attributes\": {\"choices\": [true, false]}}"}
{"op_code":0,"worker_id":"41c969e9-5fb6-4aa7-b418-b73816491501-128017812595840","study_name":"cp_pred_levels_L4_residual_delta","directions":[2]}
{"op_code":4,"worker_id":"41c969e9-5fb6-4aa7-b418-b73816491501-128017812595840","study_id":0,"datetime_start":"2026-04-30T15:44:11.085596"}
{"op_code":5,"worker_id":"41c969e9-5fb6-4aa7-b418-b73816491501-128017812595840","trial_id":32,"param_name":"RANK_REGRESS","param_value_internal":8.0,"distribution":"{\"name\": \"IntDistribution\", \"attributes\": {\"log\": false, \"step\": 1, \"low\": 5, \"high\": 80}}"}
{"op_code":5,"worker_id":"41c969e9-5fb6-4aa7-b418-b73816491501-128017812595840","trial_id":32,"param_name":"REG_W","param_value_internal":85.81556357967634,"distribution":"{\"name\": \"FloatDistribution\", \"attributes\": {\"step\": null, \"low\": 1e-05, \"high\": 1000.0, \"log\": true}}"}
{"op_code":5,"worker_id":"41c969e9-5fb6-4aa7-b418-b73816491501-128017812595840","trial_id":32,"param_name":"USE_RMS_SCALING","param_value_internal":1,"distribution":"{\"name\": \"CategoricalDistribution\", \"attributes\": {\"choices\": [true, false]}}"}
{"op_code":0,"worker_id":"160f5a4c-fedb-4317-8f31-335296433a86-136556962837632","study_name":"cp_pred_levels_L4_residual_delta","directions":[2]}
{"op_code":0,"worker_id":"7e253238-2b0c-44d6-9ca2-24457080ab98-131247366886528","study_name":"cp_pred_levels_L4_residual_delta","directions":[2]}
{"op_code":0,"worker_id":"71d75b26-5b14-43aa-acb7-9023281955ad-133480281285760","study_name":"cp_pred_levels_L4_residual_delta","directions":[2]}
{"op_code":4,"worker_id":"160f5a4c-fedb-4317-8f31-335296433a86-136556962837632","study_id":0,"datetime_start":"2026-04-30T15:44:11.665669"}
{"op_code":4,"worker_id":"7e253238-2b0c-44d6-9ca2-24457080ab98-131247366886528","study_id":0,"datetime_start":"2026-04-30T15:44:11.685327"}
{"op_code":5,"worker_id":"160f5a4c-fedb-4317-8f31-335296433a86-136556962837632","trial_id":33,"param_name":"RANK_REGRESS","param_value_internal":36.0,"distribution":"{\"name\": \"IntDistribution\", \"attributes\": {\"log\": false, \"step\": 1, \"low\": 5, \"high\": 80}}"}
{"op_code":5,"worker_id":"7e253238-2b0c-44d6-9ca2-24457080ab98-131247366886528","trial_id":34,"param_name":"RANK_REGRESS","param_value_internal":57.0,"distribution":"{\"name\": \"IntDistribution\", \"attributes\": {\"log\": false, \"step\": 1, \"low\": 5, \"high\": 80}}"}
{"op_code":4,"worker_id":"71d75b26-5b14-43aa-acb7-9023281955ad-133480281285760","study_id":0,"datetime_start":"2026-04-30T15:44:11.703436"}
{"op_code":5,"worker_id":"7e253238-2b0c-44d6-9ca2-24457080ab98-131247366886528","trial_id":34,"param_name":"REG_W","param_value_internal":0.002559825130339226,"distribution":"{\"name\": \"FloatDistribution\", \"attributes\": {\"step\": null, \"low\": 1e-05, \"high\": 1000.0, \"log\": true}}"}
{"op_code":5,"worker_id":"160f5a4c-fedb-4317-8f31-335296433a86-136556962837632","trial_id":33,"param_name":"REG_W","param_value_internal":1.2253766323876417e-05,"distribution":"{\"name\": \"FloatDistribution\", \"attributes\": {\"step\": null, \"low\": 1e-05, \"high\": 1000.0, \"log\": true}}"}
{"op_code":5,"worker_id":"7e253238-2b0c-44d6-9ca2-24457080ab98-131247366886528","trial_id":34,"param_name":"USE_RMS_SCALING","param_value_internal":0,"distribution":"{\"name\": \"CategoricalDistribution\", \"attributes\": {\"choices\": [true, false]}}"}
{"op_code":5,"worker_id":"71d75b26-5b14-43aa-acb7-9023281955ad-133480281285760","trial_id":35,"param_name":"RANK_REGRESS","param_value_internal":67.0,"distribution":"{\"name\": \"IntDistribution\", \"attributes\": {\"log\": false, \"step\": 1, \"low\": 5, \"high\": 80}}"}
{"op_code":5,"worker_id":"160f5a4c-fedb-4317-8f31-335296433a86-136556962837632","trial_id":33,"param_name":"USE_RMS_SCALING","param_value_internal":1,"distribution":"{\"name\": \"CategoricalDistribution\", \"attributes\": {\"choices\": [true, false]}}"}
{"op_code":5,"worker_id":"71d75b26-5b14-43aa-acb7-9023281955ad-133480281285760","trial_id":35,"param_name":"REG_W","param_value_internal":878.6349128753691,"distribution":"{\"name\": \"FloatDistribution\", \"attributes\": {\"step\": null, \"low\": 1e-05, \"high\": 1000.0, \"log\": true}}"}
{"op_code":5,"worker_id":"71d75b26-5b14-43aa-acb7-9023281955ad-133480281285760","trial_id":35,"param_name":"USE_RMS_SCALING","param_value_internal":0,"distribution":"{\"name\": \"CategoricalDistribution\", \"attributes\": {\"choices\": [true, false]}}"}
{"op_code":0,"worker_id":"10518df6-b28c-4145-9b01-db67a631b3a7-135039786001536","study_name":"cp_pred_levels_L4_residual_delta","directions":[2]}
{"op_code":0,"worker_id":"a01e2493-c25b-455c-bac1-97bd443fa386-139322541532288","study_name":"cp_pred_levels_L4_residual_delta","directions":[2]}
{"op_code":4,"worker_id":"10518df6-b28c-4145-9b01-db67a631b3a7-135039786001536","study_id":0,"datetime_start":"2026-04-30T15:44:13.434559"}
{"op_code":4,"worker_id":"a01e2493-c25b-455c-bac1-97bd443fa386-139322541532288","study_id":0,"datetime_start":"2026-04-30T15:44:13.449125"}
{"op_code":5,"worker_id":"10518df6-b28c-4145-9b01-db67a631b3a7-135039786001536","trial_id":36,"param_name":"RANK_REGRESS","param_value_internal":52.0,"distribution":"{\"name\": \"IntDistribution\", \"attributes\": {\"log\": false, \"step\": 1, \"low\": 5, \"high\": 80}}"}
{"op_code":5,"worker_id":"a01e2493-c25b-455c-bac1-97bd443fa386-139322541532288","trial_id":37,"param_name":"RANK_REGRESS","param_value_internal":22.0,"distribution":"{\"name\": \"IntDistribution\", \"attributes\": {\"log\": false, \"step\": 1, \"low\": 5, \"high\": 80}}"}
{"op_code":5,"worker_id":"10518df6-b28c-4145-9b01-db67a631b3a7-135039786001536","trial_id":36,"param_name":"REG_W","param_value_internal":3.309687380441346,"distribution":"{\"name\": \"FloatDistribution\", \"attributes\": {\"step\": null, \"low\": 1e-05, \"high\": 1000.0, \"log\": true}}"}
{"op_code":5,"worker_id":"a01e2493-c25b-455c-bac1-97bd443fa386-139322541532288","trial_id":37,"param_name":"REG_W","param_value_internal":0.041102116028018,"distribution":"{\"name\": \"FloatDistribution\", \"attributes\": {\"step\": null, \"low\": 1e-05, \"high\": 1000.0, \"log\": true}}"}
{"op_code":5,"worker_id":"10518df6-b28c-4145-9b01-db67a631b3a7-135039786001536","trial_id":36,"param_name":"USE_RMS_SCALING","param_value_internal":1,"distribution":"{\"name\": \"CategoricalDistribution\", \"attributes\": {\"choices\": [true, false]}}"}
{"op_code":5,"worker_id":"a01e2493-c25b-455c-bac1-97bd443fa386-139322541532288","trial_id":37,"param_name":"USE_RMS_SCALING","param_value_internal":1,"distribution":"{\"name\": \"CategoricalDistribution\", \"attributes\": {\"choices\": [true, false]}}"}
{"op_code":0,"worker_id":"ead744e4-e36e-4a08-87d0-deac46f6a477-137515373122688","study_name":"cp_pred_levels_L4_residual_delta","directions":[2]}
{"op_code":0,"worker_id":"bdf77552-467d-47b9-8505-c2cc4d8e041e-129734331040896","study_name":"cp_pred_levels_L4_residual_delta","directions":[2]}
{"op_code":4,"worker_id":"ead744e4-e36e-4a08-87d0-deac46f6a477-137515373122688","study_id":0,"datetime_start":"2026-04-30T15:44:13.946233"}
{"op_code":4,"worker_id":"bdf77552-467d-47b9-8505-c2cc4d8e041e-129734331040896","study_id":0,"datetime_start":"2026-04-30T15:44:13.973515"}
{"op_code":5,"worker_id":"ead744e4-e36e-4a08-87d0-deac46f6a477-137515373122688","trial_id":38,"param_name":"RANK_REGRESS","param_value_internal":35.0,"distribution":"{\"name\": \"IntDistribution\", \"attributes\": {\"log\": false, \"step\": 1, \"low\": 5, \"high\": 80}}"}
{"op_code":5,"worker_id":"bdf77552-467d-47b9-8505-c2cc4d8e041e-129734331040896","trial_id":39,"param_name":"RANK_REGRESS","param_value_internal":8.0,"distribution":"{\"name\": \"IntDistribution\", \"attributes\": {\"log\": false, \"step\": 1, \"low\": 5, \"high\": 80}}"}
{"op_code":5,"worker_id":"ead744e4-e36e-4a08-87d0-deac46f6a477-137515373122688","trial_id":38,"param_name":"REG_W","param_value_internal":0.0020158865230622595,"distribution":"{\"name\": \"FloatDistribution\", \"attributes\": {\"step\": null, \"low\": 1e-05, \"high\": 1000.0, \"log\": true}}"}
{"op_code":5,"worker_id":"bdf77552-467d-47b9-8505-c2cc4d8e041e-129734331040896","trial_id":39,"param_name":"REG_W","param_value_internal":0.0009616864789760372,"distribution":"{\"name\": \"FloatDistribution\", \"attributes\": {\"step\": null, \"low\": 1e-05, \"high\": 1000.0, \"log\": true}}"}
{"op_code":5,"worker_id":"ead744e4-e36e-4a08-87d0-deac46f6a477-137515373122688","trial_id":38,"param_name":"USE_RMS_SCALING","param_value_internal":0,"distribution":"{\"name\": \"CategoricalDistribution\", \"attributes\": {\"choices\": [true, false]}}"}
{"op_code":5,"worker_id":"bdf77552-467d-47b9-8505-c2cc4d8e041e-129734331040896","trial_id":39,"param_name":"USE_RMS_SCALING","param_value_internal":1,"distribution":"{\"name\": \"CategoricalDistribution\", \"attributes\": {\"choices\": [true, false]}}"}
{"op_code":0,"worker_id":"49befd17-6a70-4dbc-ba3d-4a8cccda8273-132713203115136","study_name":"cp_pred_levels_L4_residual_delta","directions":[2]}
{"op_code":4,"worker_id":"49befd17-6a70-4dbc-ba3d-4a8cccda8273-132713203115136","study_id":0,"datetime_start":"2026-04-30T15:44:14.262876"}
{"op_code":5,"worker_id":"49befd17-6a70-4dbc-ba3d-4a8cccda8273-132713203115136","trial_id":40,"param_name":"RANK_REGRESS","param_value_internal":77.0,"distribution":"{\"name\": \"IntDistribution\", \"attributes\": {\"log\": false, \"step\": 1, \"low\": 5, \"high\": 80}}"}
{"op_code":5,"worker_id":"49befd17-6a70-4dbc-ba3d-4a8cccda8273-132713203115136","trial_id":40,"param_name":"REG_W","param_value_internal":389.8233143424576,"distribution":"{\"name\": \"FloatDistribution\", \"attributes\": {\"step\": null, \"low\": 1e-05, \"high\": 1000.0, \"log\": true}}"}
{"op_code":5,"worker_id":"49befd17-6a70-4dbc-ba3d-4a8cccda8273-132713203115136","trial_id":40,"param_name":"USE_RMS_SCALING","param_value_internal":0,"distribution":"{\"name\": \"CategoricalDistribution\", \"attributes\": {\"choices\": [true, false]}}"}
{"op_code":0,"worker_id":"46514df5-d6dd-4069-834c-99f1cefef984-123901072565376","study_name":"cp_pred_levels_L4_residual_delta","directions":[2]}
{"op_code":0,"worker_id":"1c22f830-9ee7-41ca-835b-56c432ec3bba-127495636755584","study_name":"cp_pred_levels_L4_residual_delta","directions":[2]}
{"op_code":0,"worker_id":"44ca42ff-4b45-4ef3-be80-bc8c227d1325-134602342868096","study_name":"cp_pred_levels_L4_residual_delta","directions":[2]}
{"op_code":4,"worker_id":"46514df5-d6dd-4069-834c-99f1cefef984-123901072565376","study_id":0,"datetime_start":"2026-04-30T15:44:15.601705"}
{"op_code":4,"worker_id":"1c22f830-9ee7-41ca-835b-56c432ec3bba-127495636755584","study_id":0,"datetime_start":"2026-04-30T15:44:15.617959"}
{"op_code":5,"worker_id":"46514df5-d6dd-4069-834c-99f1cefef984-123901072565376","trial_id":41,"param_name":"RANK_REGRESS","param_value_internal":25.0,"distribution":"{\"name\": \"IntDistribution\", \"attributes\": {\"log\": false, \"step\": 1, \"low\": 5, \"high\": 80}}"}
{"op_code":4,"worker_id":"44ca42ff-4b45-4ef3-be80-bc8c227d1325-134602342868096","study_id":0,"datetime_start":"2026-04-30T15:44:15.653241"}
{"op_code":5,"worker_id":"1c22f830-9ee7-41ca-835b-56c432ec3bba-127495636755584","trial_id":42,"param_name":"RANK_REGRESS","param_value_internal":24.0,"distribution":"{\"name\": \"IntDistribution\", \"attributes\": {\"log\": false, \"step\": 1, \"low\": 5, \"high\": 80}}"}
{"op_code":5,"worker_id":"44ca42ff-4b45-4ef3-be80-bc8c227d1325-134602342868096","trial_id":43,"param_name":"RANK_REGRESS","param_value_internal":74.0,"distribution":"{\"name\": \"IntDistribution\", \"attributes\": {\"log\": false, \"step\": 1, \"low\": 5, \"high\": 80}}"}
{"op_code":5,"worker_id":"1c22f830-9ee7-41ca-835b-56c432ec3bba-127495636755584","trial_id":42,"param_name":"REG_W","param_value_internal":0.7713539342602186,"distribution":"{\"name\": \"FloatDistribution\", \"attributes\": {\"step\": null, \"low\": 1e-05, \"high\": 1000.0, \"log\": true}}"}
{"op_code":5,"worker_id":"44ca42ff-4b45-4ef3-be80-bc8c227d1325-134602342868096","trial_id":43,"param_name":"REG_W","param_value_internal":48.08244178439676,"distribution":"{\"name\": \"FloatDistribution\", \"attributes\": {\"step\": null, \"low\": 1e-05, \"high\": 1000.0, \"log\": true}}"}
{"op_code":5,"worker_id":"1c22f830-9ee7-41ca-835b-56c432ec3bba-127495636755584","trial_id":42,"param_name":"USE_RMS_SCALING","param_value_internal":1,"distribution":"{\"name\": \"CategoricalDistribution\", \"attributes\": {\"choices\": [true, false]}}"}
{"op_code":5,"worker_id":"44ca42ff-4b45-4ef3-be80-bc8c227d1325-134602342868096","trial_id":43,"param_name":"USE_RMS_SCALING","param_value_internal":1,"distribution":"{\"name\": \"CategoricalDistribution\", \"attributes\": {\"choices\": [true, false]}}"}
{"op_code":5,"worker_id":"46514df5-d6dd-4069-834c-99f1cefef984-123901072565376","trial_id":41,"param_name":"REG_W","param_value_internal":0.307770361644992,"distribution":"{\"name\": \"FloatDistribution\", \"attributes\": {\"step\": null, \"low\": 1e-05, \"high\": 1000.0, \"log\": true}}"}
{"op_code":5,"worker_id":"46514df5-d6dd-4069-834c-99f1cefef984-123901072565376","trial_id":41,"param_name":"USE_RMS_SCALING","param_value_internal":0,"distribution":"{\"name\": \"CategoricalDistribution\", \"attributes\": {\"choices\": [true, false]}}"}
{"op_code":0,"worker_id":"9e110a0b-5f45-47c2-bcbc-1def83495cf0-123606775112832","study_name":"cp_pred_levels_L4_residual_delta","directions":[2]}
{"op_code":0,"worker_id":"0697df96-487a-4b24-8456-2acf81865a6b-136774534820992","study_name":"cp_pred_levels_L4_residual_delta","directions":[2]}
{"op_code":4,"worker_id":"9e110a0b-5f45-47c2-bcbc-1def83495cf0-123606775112832","study_id":0,"datetime_start":"2026-04-30T15:44:16.509626"}
{"op_code":4,"worker_id":"0697df96-487a-4b24-8456-2acf81865a6b-136774534820992","study_id":0,"datetime_start":"2026-04-30T15:44:16.516772"}
{"op_code":5,"worker_id":"9e110a0b-5f45-47c2-bcbc-1def83495cf0-123606775112832","trial_id":44,"param_name":"RANK_REGRESS","param_value_internal":22.0,"distribution":"{\"name\": \"IntDistribution\", \"attributes\": {\"log\": false, \"step\": 1, \"low\": 5, \"high\": 80}}"}
{"op_code":5,"worker_id":"0697df96-487a-4b24-8456-2acf81865a6b-136774534820992","trial_id":45,"param_name":"RANK_REGRESS","param_value_internal":66.0,"distribution":"{\"name\": \"IntDistribution\", \"attributes\": {\"log\": false, \"step\": 1, \"low\": 5, \"high\": 80}}"}
{"op_code":5,"worker_id":"9e110a0b-5f45-47c2-bcbc-1def83495cf0-123606775112832","trial_id":44,"param_name":"REG_W","param_value_internal":0.18631375199988096,"distribution":"{\"name\": \"FloatDistribution\", \"attributes\": {\"step\": null, \"low\": 1e-05, \"high\": 1000.0, \"log\": true}}"}
{"op_code":5,"worker_id":"0697df96-487a-4b24-8456-2acf81865a6b-136774534820992","trial_id":45,"param_name":"REG_W","param_value_internal":0.20127024349828454,"distribution":"{\"name\": \"FloatDistribution\", \"attributes\": {\"step\": null, \"low\": 1e-05, \"high\": 1000.0, \"log\": true}}"}
{"op_code":5,"worker_id":"9e110a0b-5f45-47c2-bcbc-1def83495cf0-123606775112832","trial_id":44,"param_name":"USE_RMS_SCALING","param_value_internal":0,"distribution":"{\"name\": \"CategoricalDistribution\", \"attributes\": {\"choices\": [true, false]}}"}
{"op_code":5,"worker_id":"0697df96-487a-4b24-8456-2acf81865a6b-136774534820992","trial_id":45,"param_name":"USE_RMS_SCALING","param_value_internal":1,"distribution":"{\"name\": \"CategoricalDistribution\", \"attributes\": {\"choices\": [true, false]}}"}
{"op_code":0,"worker_id":"7f51ac6f-ef34-4ef5-b803-6db1740e1a3d-125119572743296","study_name":"cp_pred_levels_L4_residual_delta","directions":[2]}
{"op_code":0,"worker_id":"853603c9-90bc-4b1e-8620-25fc98efae05-134950430393472","study_name":"cp_pred_levels_L4_residual_delta","directions":[2]}
{"op_code":0,"worker_id":"76e64801-2a50-4f7c-83c5-63553e86fcce-125219636565120","study_name":"cp_pred_levels_L4_residual_delta","directions":[2]}
{"op_code":4,"worker_id":"7f51ac6f-ef34-4ef5-b803-6db1740e1a3d-125119572743296","study_id":0,"datetime_start":"2026-04-30T15:44:18.255533"}
{"op_code":4,"worker_id":"853603c9-90bc-4b1e-8620-25fc98efae05-134950430393472","study_id":0,"datetime_start":"2026-04-30T15:44:18.266412"}
{"op_code":4,"worker_id":"76e64801-2a50-4f7c-83c5-63553e86fcce-125219636565120","study_id":0,"datetime_start":"2026-04-30T15:44:18.283463"}
{"op_code":0,"worker_id":"f7da3102-4495-46ed-8977-6870f54184f3-125598980109440","study_name":"cp_pred_levels_L4_residual_delta","directions":[2]}
{"op_code":5,"worker_id":"853603c9-90bc-4b1e-8620-25fc98efae05-134950430393472","trial_id":47,"param_name":"RANK_REGRESS","param_value_internal":47.0,"distribution":"{\"name\": \"IntDistribution\", \"attributes\": {\"log\": false, \"step\": 1, \"low\": 5, \"high\": 80}}"}
{"op_code":4,"worker_id":"f7da3102-4495-46ed-8977-6870f54184f3-125598980109440","study_id":0,"datetime_start":"2026-04-30T15:44:18.374915"}
{"op_code":5,"worker_id":"7f51ac6f-ef34-4ef5-b803-6db1740e1a3d-125119572743296","trial_id":46,"param_name":"RANK_REGRESS","param_value_internal":9.0,"distribution":"{\"name\": \"IntDistribution\", \"attributes\": {\"log\": false, \"step\": 1, \"low\": 5, \"high\": 80}}"}
{"op_code":5,"worker_id":"853603c9-90bc-4b1e-8620-25fc98efae05-134950430393472","trial_id":47,"param_name":"REG_W","param_value_internal":0.00010059344160991939,"distribution":"{\"name\": \"FloatDistribution\", \"attributes\": {\"step\": null, \"low\": 1e-05, \"high\": 1000.0, \"log\": true}}"}
{"op_code":5,"worker_id":"7f51ac6f-ef34-4ef5-b803-6db1740e1a3d-125119572743296","trial_id":46,"param_name":"REG_W","param_value_internal":0.0009813796614233875,"distribution":"{\"name\": \"FloatDistribution\", \"attributes\": {\"step\": null, \"low\": 1e-05, \"high\": 1000.0, \"log\": true}}"}
{"op_code":5,"worker_id":"853603c9-90bc-4b1e-8620-25fc98efae05-134950430393472","trial_id":47,"param_name":"USE_RMS_SCALING","param_value_internal":0,"distribution":"{\"name\": \"CategoricalDistribution\", \"attributes\": {\"choices\": [true, false]}}"}
{"op_code":5,"worker_id":"7f51ac6f-ef34-4ef5-b803-6db1740e1a3d-125119572743296","trial_id":46,"param_name":"USE_RMS_SCALING","param_value_internal":1,"distribution":"{\"name\": \"CategoricalDistribution\", \"attributes\": {\"choices\": [true, false]}}"}
{"op_code":5,"worker_id":"f7da3102-4495-46ed-8977-6870f54184f3-125598980109440","trial_id":49,"param_name":"RANK_REGRESS","param_value_internal":5.0,"distribution":"{\"name\": \"IntDistribution\", \"attributes\": {\"log\": false, \"step\": 1, \"low\": 5, \"high\": 80}}"}
{"op_code":5,"worker_id":"f7da3102-4495-46ed-8977-6870f54184f3-125598980109440","trial_id":49,"param_name":"REG_W","param_value_internal":245.83796926973656,"distribution":"{\"name\": \"FloatDistribution\", \"attributes\": {\"step\": null, \"low\": 1e-05, \"high\": 1000.0, \"log\": true}}"}
{"op_code":5,"worker_id":"f7da3102-4495-46ed-8977-6870f54184f3-125598980109440","trial_id":49,"param_name":"USE_RMS_SCALING","param_value_internal":1,"distribution":"{\"name\": \"CategoricalDistribution\", \"attributes\": {\"choices\": [true, false]}}"}
{"op_code":5,"worker_id":"76e64801-2a50-4f7c-83c5-63553e86fcce-125219636565120","trial_id":48,"param_name":"RANK_REGRESS","param_value_internal":22.0,"distribution":"{\"name\": \"IntDistribution\", \"attributes\": {\"log\": false, \"step\": 1, \"low\": 5, \"high\": 80}}"}
{"op_code":5,"worker_id":"76e64801-2a50-4f7c-83c5-63553e86fcce-125219636565120","trial_id":48,"param_name":"REG_W","param_value_internal":0.0001547631363457516,"distribution":"{\"name\": \"FloatDistribution\", \"attributes\": {\"step\": null, \"low\": 1e-05, \"high\": 1000.0, \"log\": true}}"}
{"op_code":5,"worker_id":"76e64801-2a50-4f7c-83c5-63553e86fcce-125219636565120","trial_id":48,"param_name":"USE_RMS_SCALING","param_value_internal":1,"distribution":"{\"name\": \"CategoricalDistribution\", \"attributes\": {\"choices\": [true, false]}}"}
{"op_code":0,"worker_id":"2860b089-19a5-4a43-b086-835de65c335c-128840446104704","study_name":"cp_pred_levels_L4_residual_delta","directions":[2]}
{"op_code":0,"worker_id":"724b3adb-5c58-451b-b159-25cd96d799db-125452425921664","study_name":"cp_pred_levels_L4_residual_delta","directions":[2]}
{"op_code":0,"worker_id":"67a3eb55-3512-4546-bbd2-855110331764-126907950052480","study_name":"cp_pred_levels_L4_residual_delta","directions":[2]}
{"op_code":4,"worker_id":"2860b089-19a5-4a43-b086-835de65c335c-128840446104704","study_id":0,"datetime_start":"2026-04-30T15:44:19.567947"}
{"op_code":4,"worker_id":"724b3adb-5c58-451b-b159-25cd96d799db-125452425921664","study_id":0,"datetime_start":"2026-04-30T15:44:19.579761"}
{"op_code":4,"worker_id":"67a3eb55-3512-4546-bbd2-855110331764-126907950052480","study_id":0,"datetime_start":"2026-04-30T15:44:19.602457"}
{"op_code":5,"worker_id":"2860b089-19a5-4a43-b086-835de65c335c-128840446104704","trial_id":50,"param_name":"RANK_REGRESS","param_value_internal":64.0,"distribution":"{\"name\": \"IntDistribution\", \"attributes\": {\"log\": false, \"step\": 1, \"low\": 5, \"high\": 80}}"}
{"op_code":5,"worker_id":"724b3adb-5c58-451b-b159-25cd96d799db-125452425921664","trial_id":51,"param_name":"RANK_REGRESS","param_value_internal":45.0,"distribution":"{\"name\": \"IntDistribution\", \"attributes\": {\"log\": false, \"step\": 1, \"low\": 5, \"high\": 80}}"}
{"op_code":5,"worker_id":"2860b089-19a5-4a43-b086-835de65c335c-128840446104704","trial_id":50,"param_name":"REG_W","param_value_internal":2.1751728310783838,"distribution":"{\"name\": \"FloatDistribution\", \"attributes\": {\"step\": null, \"low\": 1e-05, \"high\": 1000.0, \"log\": true}}"}
{"op_code":5,"worker_id":"724b3adb-5c58-451b-b159-25cd96d799db-125452425921664","trial_id":51,"param_name":"REG_W","param_value_internal":30.02158606303889,"distribution":"{\"name\": \"FloatDistribution\", \"attributes\": {\"step\": null, \"low\": 1e-05, \"high\": 1000.0, \"log\": true}}"}
{"op_code":5,"worker_id":"2860b089-19a5-4a43-b086-835de65c335c-128840446104704","trial_id":50,"param_name":"USE_RMS_SCALING","param_value_internal":0,"distribution":"{\"name\": \"CategoricalDistribution\", \"attributes\": {\"choices\": [true, false]}}"}
{"op_code":5,"worker_id":"724b3adb-5c58-451b-b159-25cd96d799db-125452425921664","trial_id":51,"param_name":"USE_RMS_SCALING","param_value_internal":0,"distribution":"{\"name\": \"CategoricalDistribution\", \"attributes\": {\"choices\": [true, false]}}"}
{"op_code":5,"worker_id":"67a3eb55-3512-4546-bbd2-855110331764-126907950052480","trial_id":52,"param_name":"RANK_REGRESS","param_value_internal":54.0,"distribution":"{\"name\": \"IntDistribution\", \"attributes\": {\"log\": false, \"step\": 1, \"low\": 5, \"high\": 80}}"}
{"op_code":5,"worker_id":"67a3eb55-3512-4546-bbd2-855110331764-126907950052480","trial_id":52,"param_name":"REG_W","param_value_internal":1.9137601837063054,"distribution":"{\"name\": \"FloatDistribution\", \"attributes\": {\"step\": null, \"low\": 1e-05, \"high\": 1000.0, \"log\": true}}"}
{"op_code":5,"worker_id":"67a3eb55-3512-4546-bbd2-855110331764-126907950052480","trial_id":52,"param_name":"USE_RMS_SCALING","param_value_internal":1,"distribution":"{\"name\": \"CategoricalDistribution\", \"attributes\": {\"choices\": [true, false]}}"}
{"op_code":0,"worker_id":"9079b7c5-b38d-4ff1-83d5-52ef3e365191-133338933855360","study_name":"cp_pred_levels_L4_residual_delta","directions":[2]}
{"op_code":4,"worker_id":"9079b7c5-b38d-4ff1-83d5-52ef3e365191-133338933855360","study_id":0,"datetime_start":"2026-04-30T15:44:20.696862"}
{"op_code":5,"worker_id":"9079b7c5-b38d-4ff1-83d5-52ef3e365191-133338933855360","trial_id":53,"param_name":"RANK_REGRESS","param_value_internal":32.0,"distribution":"{\"name\": \"IntDistribution\", \"attributes\": {\"log\": false, \"step\": 1, \"low\": 5, \"high\": 80}}"}
{"op_code":5,"worker_id":"9079b7c5-b38d-4ff1-83d5-52ef3e365191-133338933855360","trial_id":53,"param_name":"REG_W","param_value_internal":17.682952022793422,"distribution":"{\"name\": \"FloatDistribution\", \"attributes\": {\"step\": null, \"low\": 1e-05, \"high\": 1000.0, \"log\": true}}"}
{"op_code":5,"worker_id":"9079b7c5-b38d-4ff1-83d5-52ef3e365191-133338933855360","trial_id":53,"param_name":"USE_RMS_SCALING","param_value_internal":1,"distribution":"{\"name\": \"CategoricalDistribution\", \"attributes\": {\"choices\": [true, false]}}"}
{"op_code":0,"worker_id":"20c74bba-412e-49a5-ae27-e6a3e768841e-130520513000576","study_name":"cp_pred_levels_L4_residual_delta","directions":[2]}
{"op_code":0,"worker_id":"e8c36640-937f-4f58-b3be-17354642d2b8-131976471585920","study_name":"cp_pred_levels_L4_residual_delta","directions":[2]}
{"op_code":0,"worker_id":"c37292b7-68a3-442d-9419-a26191900207-128374978466944","study_name":"cp_pred_levels_L4_residual_delta","directions":[2]}
{"op_code":0,"worker_id":"7f08b574-4198-4e98-a8be-6cf9f647d76d-140677436662912","study_name":"cp_pred_levels_L4_residual_delta","directions":[2]}
{"op_code":0,"worker_id":"b9515166-4f40-416b-b7a3-baca94e14fcb-134068548953216","study_name":"cp_pred_levels_L4_residual_delta","directions":[2]}
{"op_code":4,"worker_id":"c37292b7-68a3-442d-9419-a26191900207-128374978466944","study_id":0,"datetime_start":"2026-04-30T15:44:23.603509"}
{"op_code":0,"worker_id":"2043f5ee-cbd0-4724-9f03-0ae179937a8e-139497981928576","study_name":"cp_pred_levels_L4_residual_delta","directions":[2]}
{"op_code":0,"worker_id":"6670d736-618a-4d20-8f75-fcbb48aa885b-139071986611328","study_name":"cp_pred_levels_L4_residual_delta","directions":[2]}
{"op_code":4,"worker_id":"b9515166-4f40-416b-b7a3-baca94e14fcb-134068548953216","study_id":0,"datetime_start":"2026-04-30T15:44:23.673879"}
{"op_code":4,"worker_id":"7f08b574-4198-4e98-a8be-6cf9f647d76d-140677436662912","study_id":0,"datetime_start":"2026-04-30T15:44:23.677320"}
{"op_code":5,"worker_id":"c37292b7-68a3-442d-9419-a26191900207-128374978466944","trial_id":54,"param_name":"RANK_REGRESS","param_value_internal":75.0,"distribution":"{\"name\": \"IntDistribution\", \"attributes\": {\"log\": false, \"step\": 1, \"low\": 5, \"high\": 80}}"}
{"op_code":4,"worker_id":"2043f5ee-cbd0-4724-9f03-0ae179937a8e-139497981928576","study_id":0,"datetime_start":"2026-04-30T15:44:23.755862"}
{"op_code":4,"worker_id":"6670d736-618a-4d20-8f75-fcbb48aa885b-139071986611328","study_id":0,"datetime_start":"2026-04-30T15:44:23.761679"}
{"op_code":5,"worker_id":"2043f5ee-cbd0-4724-9f03-0ae179937a8e-139497981928576","trial_id":57,"param_name":"RANK_REGRESS","param_value_internal":40.0,"distribution":"{\"name\": \"IntDistribution\", \"attributes\": {\"log\": false, \"step\": 1, \"low\": 5, \"high\": 80}}"}
{"op_code":5,"worker_id":"c37292b7-68a3-442d-9419-a26191900207-128374978466944","trial_id":54,"param_name":"REG_W","param_value_internal":63.433107886548335,"distribution":"{\"name\": \"FloatDistribution\", \"attributes\": {\"step\": null, \"low\": 1e-05, \"high\": 1000.0, \"log\": true}}"}
{"op_code":5,"worker_id":"7f08b574-4198-4e98-a8be-6cf9f647d76d-140677436662912","trial_id":56,"param_name":"RANK_REGRESS","param_value_internal":18.0,"distribution":"{\"name\": \"IntDistribution\", \"attributes\": {\"log\": false, \"step\": 1, \"low\": 5, \"high\": 80}}"}
{"op_code":5,"worker_id":"c37292b7-68a3-442d-9419-a26191900207-128374978466944","trial_id":54,"param_name":"USE_RMS_SCALING","param_value_internal":1,"distribution":"{\"name\": \"CategoricalDistribution\", \"attributes\": {\"choices\": [true, false]}}"}
{"op_code":5,"worker_id":"7f08b574-4198-4e98-a8be-6cf9f647d76d-140677436662912","trial_id":56,"param_name":"REG_W","param_value_internal":2.780503019565978,"distribution":"{\"name\": \"FloatDistribution\", \"attributes\": {\"step\": null, \"low\": 1e-05, \"high\": 1000.0, \"log\": true}}"}
{"op_code":5,"worker_id":"2043f5ee-cbd0-4724-9f03-0ae179937a8e-139497981928576","trial_id":57,"param_name":"REG_W","param_value_internal":35.809284211031766,"distribution":"{\"name\": \"FloatDistribution\", \"attributes\": {\"step\": null, \"low\": 1e-05, \"high\": 1000.0, \"log\": true}}"}
{"op_code":5,"worker_id":"7f08b574-4198-4e98-a8be-6cf9f647d76d-140677436662912","trial_id":56,"param_name":"USE_RMS_SCALING","param_value_internal":1,"distribution":"{\"name\": \"CategoricalDistribution\", \"attributes\": {\"choices\": [true, false]}}"}
{"op_code":5,"worker_id":"2043f5ee-cbd0-4724-9f03-0ae179937a8e-139497981928576","trial_id":57,"param_name":"USE_RMS_SCALING","param_value_internal":1,"distribution":"{\"name\": \"CategoricalDistribution\", \"attributes\": {\"choices\": [true, false]}}"}
{"op_code":5,"worker_id":"6670d736-618a-4d20-8f75-fcbb48aa885b-139071986611328","trial_id":58,"param_name":"RANK_REGRESS","param_value_internal":43.0,"distribution":"{\"name\": \"IntDistribution\", \"attributes\": {\"log\": false, \"step\": 1, \"low\": 5, \"high\": 80}}"}
{"op_code":5,"worker_id":"6670d736-618a-4d20-8f75-fcbb48aa885b-139071986611328","trial_id":58,"param_name":"REG_W","param_value_internal":6.384474929271837e-05,"distribution":"{\"name\": \"FloatDistribution\", \"attributes\": {\"step\": null, \"low\": 1e-05, \"high\": 1000.0, \"log\": true}}"}
{"op_code":5,"worker_id":"6670d736-618a-4d20-8f75-fcbb48aa885b-139071986611328","trial_id":58,"param_name":"USE_RMS_SCALING","param_value_internal":1,"distribution":"{\"name\": \"CategoricalDistribution\", \"attributes\": {\"choices\": [true, false]}}"}
{"op_code":5,"worker_id":"b9515166-4f40-416b-b7a3-baca94e14fcb-134068548953216","trial_id":55,"param_name":"RANK_REGRESS","param_value_internal":31.0,"distribution":"{\"name\": \"IntDistribution\", \"attributes\": {\"log\": false, \"step\": 1, \"low\": 5, \"high\": 80}}"}
{"op_code":5,"worker_id":"b9515166-4f40-416b-b7a3-baca94e14fcb-134068548953216","trial_id":55,"param_name":"REG_W","param_value_internal":0.013202455760482554,"distribution":"{\"name\": \"FloatDistribution\", \"attributes\": {\"step\": null, \"low\": 1e-05, \"high\": 1000.0, \"log\": true}}"}
{"op_code":5,"worker_id":"b9515166-4f40-416b-b7a3-baca94e14fcb-134068548953216","trial_id":55,"param_name":"USE_RMS_SCALING","param_value_internal":1,"distribution":"{\"name\": \"CategoricalDistribution\", \"attributes\": {\"choices\": [true, false]}}"}
{"op_code":4,"worker_id":"e8c36640-937f-4f58-b3be-17354642d2b8-131976471585920","study_id":0,"datetime_start":"2026-04-30T15:44:23.604230"}
{"op_code":5,"worker_id":"e8c36640-937f-4f58-b3be-17354642d2b8-131976471585920","trial_id":59,"param_name":"RANK_REGRESS","param_value_internal":57.0,"distribution":"{\"name\": \"IntDistribution\", \"attributes\": {\"log\": false, \"step\": 1, \"low\": 5, \"high\": 80}}"}
{"op_code":5,"worker_id":"e8c36640-937f-4f58-b3be-17354642d2b8-131976471585920","trial_id":59,"param_name":"REG_W","param_value_internal":0.0014575297959371616,"distribution":"{\"name\": \"FloatDistribution\", \"attributes\": {\"step\": null, \"low\": 1e-05, \"high\": 1000.0, \"log\": true}}"}
{"op_code":5,"worker_id":"e8c36640-937f-4f58-b3be-17354642d2b8-131976471585920","trial_id":59,"param_name":"USE_RMS_SCALING","param_value_internal":1,"distribution":"{\"name\": \"CategoricalDistribution\", \"attributes\": {\"choices\": [true, false]}}"}
{"op_code":0,"worker_id":"62af2da0-4e4c-4e41-ae3f-e3fce1cfb027-130450578252928","study_name":"cp_pred_levels_L4_residual_delta","directions":[2]}
{"op_code":4,"worker_id":"62af2da0-4e4c-4e41-ae3f-e3fce1cfb027-130450578252928","study_id":0,"datetime_start":"2026-04-30T15:44:24.273020"}
{"op_code":5,"worker_id":"62af2da0-4e4c-4e41-ae3f-e3fce1cfb027-130450578252928","trial_id":60,"param_name":"RANK_REGRESS","param_value_internal":34.0,"distribution":"{\"name\": \"IntDistribution\", \"attributes\": {\"log\": false, \"step\": 1, \"low\": 5, \"high\": 80}}"}
{"op_code":5,"worker_id":"62af2da0-4e4c-4e41-ae3f-e3fce1cfb027-130450578252928","trial_id":60,"param_name":"REG_W","param_value_internal":0.33930374792387474,"distribution":"{\"name\": \"FloatDistribution\", \"attributes\": {\"step\": null, \"low\": 1e-05, \"high\": 1000.0, \"log\": true}}"}
{"op_code":5,"worker_id":"62af2da0-4e4c-4e41-ae3f-e3fce1cfb027-130450578252928","trial_id":60,"param_name":"USE_RMS_SCALING","param_value_internal":1,"distribution":"{\"name\": \"CategoricalDistribution\", \"attributes\": {\"choices\": [true, false]}}"}
{"op_code":4,"worker_id":"20c74bba-412e-49a5-ae27-e6a3e768841e-130520513000576","study_id":0,"datetime_start":"2026-04-30T15:44:23.604585"}
{"op_code":5,"worker_id":"20c74bba-412e-49a5-ae27-e6a3e768841e-130520513000576","trial_id":61,"param_name":"RANK_REGRESS","param_value_internal":28.0,"distribution":"{\"name\": \"IntDistribution\", \"attributes\": {\"log\": false, \"step\": 1, \"low\": 5, \"high\": 80}}"}
{"op_code":5,"worker_id":"20c74bba-412e-49a5-ae27-e6a3e768841e-130520513000576","trial_id":61,"param_name":"REG_W","param_value_internal":0.00029307287040484625,"distribution":"{\"name\": \"FloatDistribution\", \"attributes\": {\"step\": null, \"low\": 1e-05, \"high\": 1000.0, \"log\": true}}"}
{"op_code":5,"worker_id":"20c74bba-412e-49a5-ae27-e6a3e768841e-130520513000576","trial_id":61,"param_name":"USE_RMS_SCALING","param_value_internal":1,"distribution":"{\"name\": \"CategoricalDistribution\", \"attributes\": {\"choices\": [true, false]}}"}
{"op_code":0,"worker_id":"d4cf78cd-c630-4057-ae4f-98b1c57e52bd-136217436583040","study_name":"cp_pred_levels_L4_residual_delta","directions":[2]}
{"op_code":4,"worker_id":"d4cf78cd-c630-4057-ae4f-98b1c57e52bd-136217436583040","study_id":0,"datetime_start":"2026-04-30T15:44:25.782944"}
{"op_code":5,"worker_id":"d4cf78cd-c630-4057-ae4f-98b1c57e52bd-136217436583040","trial_id":62,"param_name":"RANK_REGRESS","param_value_internal":29.0,"distribution":"{\"name\": \"IntDistribution\", \"attributes\": {\"log\": false, \"step\": 1, \"low\": 5, \"high\": 80}}"}
{"op_code":5,"worker_id":"d4cf78cd-c630-4057-ae4f-98b1c57e52bd-136217436583040","trial_id":62,"param_name":"REG_W","param_value_internal":2.5425631042943353,"distribution":"{\"name\": \"FloatDistribution\", \"attributes\": {\"step\": null, \"low\": 1e-05, \"high\": 1000.0, \"log\": true}}"}
{"op_code":5,"worker_id":"d4cf78cd-c630-4057-ae4f-98b1c57e52bd-136217436583040","trial_id":62,"param_name":"USE_RMS_SCALING","param_value_internal":0,"distribution":"{\"name\": \"CategoricalDistribution\", \"attributes\": {\"choices\": [true, false]}}"}
{"op_code":6,"worker_id":"aacd1106-6a20-45aa-ab0f-c95bfa7c0262-139402643416192","trial_id":6,"state":1,"values":[0.0020023916629305916],"datetime_complete":"2026-04-30T17:24:02.214943"}
{"op_code":4,"worker_id":"aacd1106-6a20-45aa-ab0f-c95bfa7c0262-139402643416192","study_id":0,"datetime_start":"2026-04-30T17:24:02.256443"}
{"op_code":5,"worker_id":"aacd1106-6a20-45aa-ab0f-c95bfa7c0262-139402643416192","trial_id":63,"param_name":"RANK_REGRESS","param_value_internal":52.0,"distribution":"{\"name\": \"IntDistribution\", \"attributes\": {\"log\": false, \"step\": 1, \"low\": 5, \"high\": 80}}"}
{"op_code":5,"worker_id":"aacd1106-6a20-45aa-ab0f-c95bfa7c0262-139402643416192","trial_id":63,"param_name":"REG_W","param_value_internal":267.2941595388931,"distribution":"{\"name\": \"FloatDistribution\", \"attributes\": {\"step\": null, \"low\": 1e-05, \"high\": 1000.0, \"log\": true}}"}
{"op_code":5,"worker_id":"aacd1106-6a20-45aa-ab0f-c95bfa7c0262-139402643416192","trial_id":63,"param_name":"USE_RMS_SCALING","param_value_internal":0,"distribution":"{\"name\": \"CategoricalDistribution\", \"attributes\": {\"choices\": [true, false]}}"}
{"op_code":6,"worker_id":"a985501d-1c61-4656-8bdc-ce038cf55dfc-127314333815936","trial_id":25,"state":1,"values":[-0.005970075809570874],"datetime_complete":"2026-04-30T17:35:54.719190"}
{"op_code":4,"worker_id":"a985501d-1c61-4656-8bdc-ce038cf55dfc-127314333815936","study_id":0,"datetime_start":"2026-04-30T17:35:54.757915"}
{"op_code":5,"worker_id":"a985501d-1c61-4656-8bdc-ce038cf55dfc-127314333815936","trial_id":64,"param_name":"RANK_REGRESS","param_value_internal":52.0,"distribution":"{\"name\": \"IntDistribution\", \"attributes\": {\"log\": false, \"step\": 1, \"low\": 5, \"high\": 80}}"}
{"op_code":5,"worker_id":"a985501d-1c61-4656-8bdc-ce038cf55dfc-127314333815936","trial_id":64,"param_name":"REG_W","param_value_internal":0.00031309997683295367,"distribution":"{\"name\": \"FloatDistribution\", \"attributes\": {\"step\": null, \"low\": 1e-05, \"high\": 1000.0, \"log\": true}}"}
{"op_code":5,"worker_id":"a985501d-1c61-4656-8bdc-ce038cf55dfc-127314333815936","trial_id":64,"param_name":"USE_RMS_SCALING","param_value_internal":0,"distribution":"{\"name\": \"CategoricalDistribution\", \"attributes\": {\"choices\": [true, false]}}"}
{"op_code":6,"worker_id":"f7da3102-4495-46ed-8977-6870f54184f3-125598980109440","trial_id":49,"state":1,"values":[0.0],"datetime_complete":"2026-04-30T17:36:40.520949"}
{"op_code":4,"worker_id":"f7da3102-4495-46ed-8977-6870f54184f3-125598980109440","study_id":0,"datetime_start":"2026-04-30T17:36:40.691424"}
{"op_code":5,"worker_id":"f7da3102-4495-46ed-8977-6870f54184f3-125598980109440","trial_id":65,"param_name":"RANK_REGRESS","param_value_internal":71.0,"distribution":"{\"name\": \"IntDistribution\", \"attributes\": {\"log\": false, \"step\": 1, \"low\": 5, \"high\": 80}}"}
{"op_code":5,"worker_id":"f7da3102-4495-46ed-8977-6870f54184f3-125598980109440","trial_id":65,"param_name":"REG_W","param_value_internal":186.52845256328933,"distribution":"{\"name\": \"FloatDistribution\", \"attributes\": {\"step\": null, \"low\": 1e-05, \"high\": 1000.0, \"log\": true}}"}
{"op_code":5,"worker_id":"f7da3102-4495-46ed-8977-6870f54184f3-125598980109440","trial_id":65,"param_name":"USE_RMS_SCALING","param_value_internal":1,"distribution":"{\"name\": \"CategoricalDistribution\", \"attributes\": {\"choices\": [true, false]}}"}
{"op_code":6,"worker_id":"bdf77552-467d-47b9-8505-c2cc4d8e041e-129734331040896","trial_id":39,"state":1,"values":[-0.5761759166453756],"datetime_complete":"2026-04-30T18:54:20.566709"}
{"op_code":4,"worker_id":"bdf77552-467d-47b9-8505-c2cc4d8e041e-129734331040896","study_id":0,"datetime_start":"2026-04-30T18:54:20.608869"}
{"op_code":5,"worker_id":"bdf77552-467d-47b9-8505-c2cc4d8e041e-129734331040896","trial_id":66,"param_name":"RANK_REGRESS","param_value_internal":10.0,"distribution":"{\"name\": \"IntDistribution\", \"attributes\": {\"log\": false, \"step\": 1, \"low\": 5, \"high\": 80}}"}
{"op_code":5,"worker_id":"bdf77552-467d-47b9-8505-c2cc4d8e041e-129734331040896","trial_id":66,"param_name":"REG_W","param_value_internal":0.021125725752920852,"distribution":"{\"name\": \"FloatDistribution\", \"attributes\": {\"step\": null, \"low\": 1e-05, \"high\": 1000.0, \"log\": true}}"}
{"op_code":5,"worker_id":"bdf77552-467d-47b9-8505-c2cc4d8e041e-129734331040896","trial_id":66,"param_name":"USE_RMS_SCALING","param_value_internal":1,"distribution":"{\"name\": \"CategoricalDistribution\", \"attributes\": {\"choices\": [true, false]}}"}
{"op_code":6,"worker_id":"41c969e9-5fb6-4aa7-b418-b73816491501-128017812595840","trial_id":32,"state":1,"values":[0.0],"datetime_complete":"2026-04-30T18:57:13.906779"}
{"op_code":4,"worker_id":"41c969e9-5fb6-4aa7-b418-b73816491501-128017812595840","study_id":0,"datetime_start":"2026-04-30T18:57:13.944737"}
{"op_code":5,"worker_id":"41c969e9-5fb6-4aa7-b418-b73816491501-128017812595840","trial_id":67,"param_name":"RANK_REGRESS","param_value_internal":24.0,"distribution":"{\"name\": \"IntDistribution\", \"attributes\": {\"log\": false, \"step\": 1, \"low\": 5, \"high\": 80}}"}
{"op_code":5,"worker_id":"41c969e9-5fb6-4aa7-b418-b73816491501-128017812595840","trial_id":67,"param_name":"REG_W","param_value_internal":0.0006282449482778473,"distribution":"{\"name\": \"FloatDistribution\", \"attributes\": {\"step\": null, \"low\": 1e-05, \"high\": 1000.0, \"log\": true}}"}
{"op_code":5,"worker_id":"41c969e9-5fb6-4aa7-b418-b73816491501-128017812595840","trial_id":67,"param_name":"USE_RMS_SCALING","param_value_internal":0,"distribution":"{\"name\": \"CategoricalDistribution\", \"attributes\": {\"choices\": [true, false]}}"}
{"op_code":6,"worker_id":"3ffab1d0-304b-4876-9f01-db2398e7931b-132147282928768","trial_id":1,"state":1,"values":[-0.5808832516524447],"datetime_complete":"2026-04-30T19:09:00.084279"}
{"op_code":4,"worker_id":"3ffab1d0-304b-4876-9f01-db2398e7931b-132147282928768","study_id":0,"datetime_start":"2026-04-30T19:09:00.135818"}
{"op_code":5,"worker_id":"3ffab1d0-304b-4876-9f01-db2398e7931b-132147282928768","trial_id":68,"param_name":"RANK_REGRESS","param_value_internal":6.0,"distribution":"{\"name\": \"IntDistribution\", \"attributes\": {\"log\": false, \"step\": 1, \"low\": 5, \"high\": 80}}"}
{"op_code":5,"worker_id":"3ffab1d0-304b-4876-9f01-db2398e7931b-132147282928768","trial_id":68,"param_name":"REG_W","param_value_internal":0.0008086332894385109,"distribution":"{\"name\": \"FloatDistribution\", \"attributes\": {\"step\": null, \"low\": 1e-05, \"high\": 1000.0, \"log\": true}}"}
{"op_code":5,"worker_id":"3ffab1d0-304b-4876-9f01-db2398e7931b-132147282928768","trial_id":68,"param_name":"USE_RMS_SCALING","param_value_internal":0,"distribution":"{\"name\": \"CategoricalDistribution\", \"attributes\": {\"choices\": [true, false]}}"}
{"op_code":6,"worker_id":"5183882d-c936-41b0-becb-7bd543a1ac60-129309588165760","trial_id":26,"state":1,"values":[-0.4741123142464189],"datetime_complete":"2026-04-30T19:38:12.793353"}
{"op_code":4,"worker_id":"5183882d-c936-41b0-becb-7bd543a1ac60-129309588165760","study_id":0,"datetime_start":"2026-04-30T19:38:12.856591"}
{"op_code":5,"worker_id":"5183882d-c936-41b0-becb-7bd543a1ac60-129309588165760","trial_id":69,"param_name":"RANK_REGRESS","param_value_internal":33.0,"distribution":"{\"name\": \"IntDistribution\", \"attributes\": {\"log\": false, \"step\": 1, \"low\": 5, \"high\": 80}}"}
{"op_code":5,"worker_id":"5183882d-c936-41b0-becb-7bd543a1ac60-129309588165760","trial_id":69,"param_name":"REG_W","param_value_internal":0.9301627287905047,"distribution":"{\"name\": \"FloatDistribution\", \"attributes\": {\"step\": null, \"low\": 1e-05, \"high\": 1000.0, \"log\": true}}"}
{"op_code":5,"worker_id":"5183882d-c936-41b0-becb-7bd543a1ac60-129309588165760","trial_id":69,"param_name":"USE_RMS_SCALING","param_value_internal":0,"distribution":"{\"name\": \"CategoricalDistribution\", \"attributes\": {\"choices\": [true, false]}}"}
{"op_code":6,"worker_id":"7f51ac6f-ef34-4ef5-b803-6db1740e1a3d-125119572743296","trial_id":46,"state":1,"values":[-0.560923695209056],"datetime_complete":"2026-04-30T19:40:23.216042"}
{"op_code":4,"worker_id":"7f51ac6f-ef34-4ef5-b803-6db1740e1a3d-125119572743296","study_id":0,"datetime_start":"2026-04-30T19:40:23.269733"}
{"op_code":5,"worker_id":"7f51ac6f-ef34-4ef5-b803-6db1740e1a3d-125119572743296","trial_id":70,"param_name":"RANK_REGRESS","param_value_internal":14.0,"distribution":"{\"name\": \"IntDistribution\", \"attributes\": {\"log\": false, \"step\": 1, \"low\": 5, \"high\": 80}}"}
{"op_code":5,"worker_id":"7f51ac6f-ef34-4ef5-b803-6db1740e1a3d-125119572743296","trial_id":70,"param_name":"REG_W","param_value_internal":7.40223349830026e-05,"distribution":"{\"name\": \"FloatDistribution\", \"attributes\": {\"step\": null, \"low\": 1e-05, \"high\": 1000.0, \"log\": true}}"}
{"op_code":5,"worker_id":"7f51ac6f-ef34-4ef5-b803-6db1740e1a3d-125119572743296","trial_id":70,"param_name":"USE_RMS_SCALING","param_value_internal":1,"distribution":"{\"name\": \"CategoricalDistribution\", \"attributes\": {\"choices\": [true, false]}}"}
{"op_code":6,"worker_id":"15c1b053-25eb-487b-8d3d-73128133a60b-131750371927168","trial_id":7,"state":1,"values":[-0.7292269567365749],"datetime_complete":"2026-04-30T19:56:18.604288"}
{"op_code":4,"worker_id":"15c1b053-25eb-487b-8d3d-73128133a60b-131750371927168","study_id":0,"datetime_start":"2026-04-30T19:56:18.653614"}
{"op_code":5,"worker_id":"15c1b053-25eb-487b-8d3d-73128133a60b-131750371927168","trial_id":71,"param_name":"RANK_REGRESS","param_value_internal":74.0,"distribution":"{\"name\": \"IntDistribution\", \"attributes\": {\"log\": false, \"step\": 1, \"low\": 5, \"high\": 80}}"}
{"op_code":5,"worker_id":"15c1b053-25eb-487b-8d3d-73128133a60b-131750371927168","trial_id":71,"param_name":"REG_W","param_value_internal":0.07344863692358088,"distribution":"{\"name\": \"FloatDistribution\", \"attributes\": {\"step\": null, \"low\": 1e-05, \"high\": 1000.0, \"log\": true}}"}
{"op_code":5,"worker_id":"15c1b053-25eb-487b-8d3d-73128133a60b-131750371927168","trial_id":71,"param_name":"USE_RMS_SCALING","param_value_internal":1,"distribution":"{\"name\": \"CategoricalDistribution\", \"attributes\": {\"choices\": [true, false]}}"}
{"op_code":6,"worker_id":"07ae2337-aa2e-42bd-8bfb-c780ce4cd916-134966490477696","trial_id":22,"state":1,"values":[0.0],"datetime_complete":"2026-04-30T20:05:51.250769"}
{"op_code":4,"worker_id":"07ae2337-aa2e-42bd-8bfb-c780ce4cd916-134966490477696","study_id":0,"datetime_start":"2026-04-30T20:05:51.297187"}
{"op_code":5,"worker_id":"07ae2337-aa2e-42bd-8bfb-c780ce4cd916-134966490477696","trial_id":72,"param_name":"RANK_REGRESS","param_value_internal":14.0,"distribution":"{\"name\": \"IntDistribution\", \"attributes\": {\"log\": false, \"step\": 1, \"low\": 5, \"high\": 80}}"}
{"op_code":5,"worker_id":"07ae2337-aa2e-42bd-8bfb-c780ce4cd916-134966490477696","trial_id":72,"param_name":"REG_W","param_value_internal":8.929213693252164,"distribution":"{\"name\": \"FloatDistribution\", \"attributes\": {\"step\": null, \"low\": 1e-05, \"high\": 1000.0, \"log\": true}}"}
{"op_code":5,"worker_id":"07ae2337-aa2e-42bd-8bfb-c780ce4cd916-134966490477696","trial_id":72,"param_name":"USE_RMS_SCALING","param_value_internal":0,"distribution":"{\"name\": \"CategoricalDistribution\", \"attributes\": {\"choices\": [true, false]}}"}
{"op_code":6,"worker_id":"6c474054-efa2-4b05-8060-388e32a410a5-126067965351040","trial_id":17,"state":1,"values":[-0.7109131075613825],"datetime_complete":"2026-04-30T20:14:37.603250"}
{"op_code":4,"worker_id":"6c474054-efa2-4b05-8060-388e32a410a5-126067965351040","study_id":0,"datetime_start":"2026-04-30T20:14:37.659627"}
{"op_code":5,"worker_id":"6c474054-efa2-4b05-8060-388e32a410a5-126067965351040","trial_id":73,"param_name":"RANK_REGRESS","param_value_internal":80.0,"distribution":"{\"name\": \"IntDistribution\", \"attributes\": {\"log\": false, \"step\": 1, \"low\": 5, \"high\": 80}}"}
{"op_code":5,"worker_id":"6c474054-efa2-4b05-8060-388e32a410a5-126067965351040","trial_id":73,"param_name":"REG_W","param_value_internal":0.0006718847404208327,"distribution":"{\"name\": \"FloatDistribution\", \"attributes\": {\"step\": null, \"low\": 1e-05, \"high\": 1000.0, \"log\": true}}"}
{"op_code":5,"worker_id":"6c474054-efa2-4b05-8060-388e32a410a5-126067965351040","trial_id":73,"param_name":"USE_RMS_SCALING","param_value_internal":1,"distribution":"{\"name\": \"CategoricalDistribution\", \"attributes\": {\"choices\": [true, false]}}"}
{"op_code":6,"worker_id":"3ffab1d0-304b-4876-9f01-db2398e7931b-132147282928768","trial_id":68,"state":1,"values":[-0.5500337083579586],"datetime_complete":"2026-04-30T21:10:24.702182"}
{"op_code":4,"worker_id":"3ffab1d0-304b-4876-9f01-db2398e7931b-132147282928768","study_id":0,"datetime_start":"2026-04-30T21:10:24.760089"}
{"op_code":5,"worker_id":"3ffab1d0-304b-4876-9f01-db2398e7931b-132147282928768","trial_id":74,"param_name":"RANK_REGRESS","param_value_internal":34.0,"distribution":"{\"name\": \"IntDistribution\", \"attributes\": {\"log\": false, \"step\": 1, \"low\": 5, \"high\": 80}}"}
{"op_code":5,"worker_id":"3ffab1d0-304b-4876-9f01-db2398e7931b-132147282928768","trial_id":74,"param_name":"REG_W","param_value_internal":0.11235035687770892,"distribution":"{\"name\": \"FloatDistribution\", \"attributes\": {\"step\": null, \"low\": 1e-05, \"high\": 1000.0, \"log\": true}}"}
{"op_code":5,"worker_id":"3ffab1d0-304b-4876-9f01-db2398e7931b-132147282928768","trial_id":74,"param_name":"USE_RMS_SCALING","param_value_internal":1,"distribution":"{\"name\": \"CategoricalDistribution\", \"attributes\": {\"choices\": [true, false]}}"}
{"op_code":6,"worker_id":"07ae2337-aa2e-42bd-8bfb-c780ce4cd916-134966490477696","trial_id":72,"state":1,"values":[-0.029136430833530864],"datetime_complete":"2026-04-30T23:11:42.688763"}
{"op_code":4,"worker_id":"07ae2337-aa2e-42bd-8bfb-c780ce4cd916-134966490477696","study_id":0,"datetime_start":"2026-04-30T23:11:42.729878"}
{"op_code":5,"worker_id":"07ae2337-aa2e-42bd-8bfb-c780ce4cd916-134966490477696","trial_id":75,"param_name":"RANK_REGRESS","param_value_internal":10.0,"distribution":"{\"name\": \"IntDistribution\", \"attributes\": {\"log\": false, \"step\": 1, \"low\": 5, \"high\": 80}}"}
{"op_code":5,"worker_id":"07ae2337-aa2e-42bd-8bfb-c780ce4cd916-134966490477696","trial_id":75,"param_name":"REG_W","param_value_internal":0.04009148513125556,"distribution":"{\"name\": \"FloatDistribution\", \"attributes\": {\"step\": null, \"low\": 1e-05, \"high\": 1000.0, \"log\": true}}"}
{"op_code":5,"worker_id":"07ae2337-aa2e-42bd-8bfb-c780ce4cd916-134966490477696","trial_id":75,"param_name":"USE_RMS_SCALING","param_value_internal":0,"distribution":"{\"name\": \"CategoricalDistribution\", \"attributes\": {\"choices\": [true, false]}}"}
{"op_code":6,"worker_id":"bdf77552-467d-47b9-8505-c2cc4d8e041e-129734331040896","trial_id":66,"state":1,"values":[-0.49694107138372834],"datetime_complete":"2026-04-30T23:26:03.303881"}
{"op_code":4,"worker_id":"bdf77552-467d-47b9-8505-c2cc4d8e041e-129734331040896","study_id":0,"datetime_start":"2026-04-30T23:26:03.339179"}
{"op_code":5,"worker_id":"bdf77552-467d-47b9-8505-c2cc4d8e041e-129734331040896","trial_id":76,"param_name":"RANK_REGRESS","param_value_internal":18.0,"distribution":"{\"name\": \"IntDistribution\", \"attributes\": {\"log\": false, \"step\": 1, \"low\": 5, \"high\": 80}}"}
{"op_code":5,"worker_id":"bdf77552-467d-47b9-8505-c2cc4d8e041e-129734331040896","trial_id":76,"param_name":"REG_W","param_value_internal":0.6104231670785951,"distribution":"{\"name\": \"FloatDistribution\", \"attributes\": {\"step\": null, \"low\": 1e-05, \"high\": 1000.0, \"log\": true}}"}
{"op_code":5,"worker_id":"bdf77552-467d-47b9-8505-c2cc4d8e041e-129734331040896","trial_id":76,"param_name":"USE_RMS_SCALING","param_value_internal":0,"distribution":"{\"name\": \"CategoricalDistribution\", \"attributes\": {\"choices\": [true, false]}}"}
{"op_code":6,"worker_id":"7f08b574-4198-4e98-a8be-6cf9f647d76d-140677436662912","trial_id":56,"state":1,"values":[-0.7232039394598558],"datetime_complete":"2026-05-01T00:01:18.315787"}
{"op_code":4,"worker_id":"7f08b574-4198-4e98-a8be-6cf9f647d76d-140677436662912","study_id":0,"datetime_start":"2026-05-01T00:01:18.364087"}
{"op_code":5,"worker_id":"7f08b574-4198-4e98-a8be-6cf9f647d76d-140677436662912","trial_id":77,"param_name":"RANK_REGRESS","param_value_internal":19.0,"distribution":"{\"name\": \"IntDistribution\", \"attributes\": {\"log\": false, \"step\": 1, \"low\": 5, \"high\": 80}}"}
{"op_code":5,"worker_id":"7f08b574-4198-4e98-a8be-6cf9f647d76d-140677436662912","trial_id":77,"param_name":"REG_W","param_value_internal":0.017806746493975716,"distribution":"{\"name\": \"FloatDistribution\", \"attributes\": {\"step\": null, \"low\": 1e-05, \"high\": 1000.0, \"log\": true}}"}
{"op_code":5,"worker_id":"7f08b574-4198-4e98-a8be-6cf9f647d76d-140677436662912","trial_id":77,"param_name":"USE_RMS_SCALING","param_value_internal":0,"distribution":"{\"name\": \"CategoricalDistribution\", \"attributes\": {\"choices\": [true, false]}}"}
{"op_code":6,"worker_id":"e44fbe30-2868-4f17-b16f-8dca627d6bbd-126694737949824","trial_id":0,"state":1,"values":[-0.010574819712513358],"datetime_complete":"2026-05-01T00:04:23.267940"}
{"op_code":4,"worker_id":"e44fbe30-2868-4f17-b16f-8dca627d6bbd-126694737949824","study_id":0,"datetime_start":"2026-05-01T00:04:23.323670"}
{"op_code":5,"worker_id":"e44fbe30-2868-4f17-b16f-8dca627d6bbd-126694737949824","trial_id":78,"param_name":"RANK_REGRESS","param_value_internal":38.0,"distribution":"{\"name\": \"IntDistribution\", \"attributes\": {\"log\": false, \"step\": 1, \"low\": 5, \"high\": 80}}"}
{"op_code":5,"worker_id":"e44fbe30-2868-4f17-b16f-8dca627d6bbd-126694737949824","trial_id":78,"param_name":"REG_W","param_value_internal":0.13758413837365385,"distribution":"{\"name\": \"FloatDistribution\", \"attributes\": {\"step\": null, \"low\": 1e-05, \"high\": 1000.0, \"log\": true}}"}
{"op_code":5,"worker_id":"e44fbe30-2868-4f17-b16f-8dca627d6bbd-126694737949824","trial_id":78,"param_name":"USE_RMS_SCALING","param_value_internal":0,"distribution":"{\"name\": \"CategoricalDistribution\", \"attributes\": {\"choices\": [true, false]}}"}
{"op_code":6,"worker_id":"bc50b597-8ece-48db-a19a-3a2ddadbd10c-138946707743872","trial_id":11,"state":1,"values":[-0.6140966217872625],"datetime_complete":"2026-05-01T00:11:05.444883"}
{"op_code":4,"worker_id":"bc50b597-8ece-48db-a19a-3a2ddadbd10c-138946707743872","study_id":0,"datetime_start":"2026-05-01T00:11:05.527137"}
{"op_code":5,"worker_id":"bc50b597-8ece-48db-a19a-3a2ddadbd10c-138946707743872","trial_id":79,"param_name":"RANK_REGRESS","param_value_internal":63.0,"distribution":"{\"name\": \"IntDistribution\", \"attributes\": {\"log\": false, \"step\": 1, \"low\": 5, \"high\": 80}}"}
{"op_code":5,"worker_id":"bc50b597-8ece-48db-a19a-3a2ddadbd10c-138946707743872","trial_id":79,"param_name":"REG_W","param_value_internal":0.005579001772487041,"distribution":"{\"name\": \"FloatDistribution\", \"attributes\": {\"step\": null, \"low\": 1e-05, \"high\": 1000.0, \"log\": true}}"}
{"op_code":5,"worker_id":"bc50b597-8ece-48db-a19a-3a2ddadbd10c-138946707743872","trial_id":79,"param_name":"USE_RMS_SCALING","param_value_internal":0,"distribution":"{\"name\": \"CategoricalDistribution\", \"attributes\": {\"choices\": [true, false]}}"}
{"op_code":6,"worker_id":"f19ad04d-a302-4054-b428-9611e838b5a2-135708955206784","trial_id":16,"state":1,"values":[0.0],"datetime_complete":"2026-05-01T00:13:27.877803"}
{"op_code":4,"worker_id":"f19ad04d-a302-4054-b428-9611e838b5a2-135708955206784","study_id":0,"datetime_start":"2026-05-01T00:13:27.920942"}
{"op_code":5,"worker_id":"f19ad04d-a302-4054-b428-9611e838b5a2-135708955206784","trial_id":80,"param_name":"RANK_REGRESS","param_value_internal":77.0,"distribution":"{\"name\": \"IntDistribution\", \"attributes\": {\"log\": false, \"step\": 1, \"low\": 5, \"high\": 80}}"}
{"op_code":5,"worker_id":"f19ad04d-a302-4054-b428-9611e838b5a2-135708955206784","trial_id":80,"param_name":"REG_W","param_value_internal":0.0013930869605082328,"distribution":"{\"name\": \"FloatDistribution\", \"attributes\": {\"step\": null, \"low\": 1e-05, \"high\": 1000.0, \"log\": true}}"}
{"op_code":5,"worker_id":"f19ad04d-a302-4054-b428-9611e838b5a2-135708955206784","trial_id":80,"param_name":"USE_RMS_SCALING","param_value_internal":0,"distribution":"{\"name\": \"CategoricalDistribution\", \"attributes\": {\"choices\": [true, false]}}"}
{"op_code":6,"worker_id":"7f283b53-2703-46a7-bf58-f7cf732b2918-130320949384320","trial_id":4,"state":1,"values":[-1.0],"datetime_complete":"2026-05-01T00:41:19.579384"}
{"op_code":4,"worker_id":"7f283b53-2703-46a7-bf58-f7cf732b2918-130320949384320","study_id":0,"datetime_start":"2026-05-01T00:41:19.646183"}
{"op_code":5,"worker_id":"7f283b53-2703-46a7-bf58-f7cf732b2918-130320949384320","trial_id":81,"param_name":"RANK_REGRESS","param_value_internal":32.0,"distribution":"{\"name\": \"IntDistribution\", \"attributes\": {\"log\": false, \"step\": 1, \"low\": 5, \"high\": 80}}"}
{"op_code":5,"worker_id":"7f283b53-2703-46a7-bf58-f7cf732b2918-130320949384320","trial_id":81,"param_name":"REG_W","param_value_internal":144.3162666392237,"distribution":"{\"name\": \"FloatDistribution\", \"attributes\": {\"step\": null, \"low\": 1e-05, \"high\": 1000.0, \"log\": true}}"}
{"op_code":5,"worker_id":"7f283b53-2703-46a7-bf58-f7cf732b2918-130320949384320","trial_id":81,"param_name":"USE_RMS_SCALING","param_value_internal":0,"distribution":"{\"name\": \"CategoricalDistribution\", \"attributes\": {\"choices\": [true, false]}}"}
{"op_code":6,"worker_id":"872b2f8f-bbaf-4e73-a347-670d73d1ceaa-137902508954752","trial_id":19,"state":1,"values":[-0.6765359952451743],"datetime_complete":"2026-05-01T01:32:33.612173"}
{"op_code":4,"worker_id":"872b2f8f-bbaf-4e73-a347-670d73d1ceaa-137902508954752","study_id":0,"datetime_start":"2026-05-01T01:32:33.648882"}
{"op_code":5,"worker_id":"872b2f8f-bbaf-4e73-a347-670d73d1ceaa-137902508954752","trial_id":82,"param_name":"RANK_REGRESS","param_value_internal":68.0,"distribution":"{\"name\": \"IntDistribution\", \"attributes\": {\"log\": false, \"step\": 1, \"low\": 5, \"high\": 80}}"}
{"op_code":5,"worker_id":"872b2f8f-bbaf-4e73-a347-670d73d1ceaa-137902508954752","trial_id":82,"param_name":"REG_W","param_value_internal":4.42741114372734e-05,"distribution":"{\"name\": \"FloatDistribution\", \"attributes\": {\"step\": null, \"low\": 1e-05, \"high\": 1000.0, \"log\": true}}"}
{"op_code":5,"worker_id":"872b2f8f-bbaf-4e73-a347-670d73d1ceaa-137902508954752","trial_id":82,"param_name":"USE_RMS_SCALING","param_value_internal":1,"distribution":"{\"name\": \"CategoricalDistribution\", \"attributes\": {\"choices\": [true, false]}}"}
{"op_code":6,"worker_id":"76e64801-2a50-4f7c-83c5-63553e86fcce-125219636565120","trial_id":48,"state":1,"values":[-1.0],"datetime_complete":"2026-05-01T01:43:48.196179"}
{"op_code":4,"worker_id":"76e64801-2a50-4f7c-83c5-63553e86fcce-125219636565120","study_id":0,"datetime_start":"2026-05-01T01:43:48.236374"}
{"op_code":5,"worker_id":"76e64801-2a50-4f7c-83c5-63553e86fcce-125219636565120","trial_id":83,"param_name":"RANK_REGRESS","param_value_internal":64.0,"distribution":"{\"name\": \"IntDistribution\", \"attributes\": {\"log\": false, \"step\": 1, \"low\": 5, \"high\": 80}}"}
{"op_code":5,"worker_id":"76e64801-2a50-4f7c-83c5-63553e86fcce-125219636565120","trial_id":83,"param_name":"REG_W","param_value_internal":49.02455987640038,"distribution":"{\"name\": \"FloatDistribution\", \"attributes\": {\"step\": null, \"low\": 1e-05, \"high\": 1000.0, \"log\": true}}"}
{"op_code":5,"worker_id":"76e64801-2a50-4f7c-83c5-63553e86fcce-125219636565120","trial_id":83,"param_name":"USE_RMS_SCALING","param_value_internal":0,"distribution":"{\"name\": \"CategoricalDistribution\", \"attributes\": {\"choices\": [true, false]}}"}
{"op_code":6,"worker_id":"20c74bba-412e-49a5-ae27-e6a3e768841e-130520513000576","trial_id":61,"state":1,"values":[-1.0],"datetime_complete":"2026-05-01T01:45:45.385773"}
{"op_code":4,"worker_id":"20c74bba-412e-49a5-ae27-e6a3e768841e-130520513000576","study_id":0,"datetime_start":"2026-05-01T01:45:45.444714"}
{"op_code":5,"worker_id":"20c74bba-412e-49a5-ae27-e6a3e768841e-130520513000576","trial_id":84,"param_name":"RANK_REGRESS","param_value_internal":5.0,"distribution":"{\"name\": \"IntDistribution\", \"attributes\": {\"log\": false, \"step\": 1, \"low\": 5, \"high\": 80}}"}
{"op_code":5,"worker_id":"20c74bba-412e-49a5-ae27-e6a3e768841e-130520513000576","trial_id":84,"param_name":"REG_W","param_value_internal":77.22665250021106,"distribution":"{\"name\": \"FloatDistribution\", \"attributes\": {\"step\": null, \"low\": 1e-05, \"high\": 1000.0, \"log\": true}}"}
{"op_code":5,"worker_id":"20c74bba-412e-49a5-ae27-e6a3e768841e-130520513000576","trial_id":84,"param_name":"USE_RMS_SCALING","param_value_internal":1,"distribution":"{\"name\": \"CategoricalDistribution\", \"attributes\": {\"choices\": [true, false]}}"}
{"op_code":6,"worker_id":"a01e2493-c25b-455c-bac1-97bd443fa386-139322541532288","trial_id":37,"state":1,"values":[-0.8221079850262657],"datetime_complete":"2026-05-01T01:47:13.085198"}
{"op_code":4,"worker_id":"a01e2493-c25b-455c-bac1-97bd443fa386-139322541532288","study_id":0,"datetime_start":"2026-05-01T01:47:13.164980"}
{"op_code":5,"worker_id":"a01e2493-c25b-455c-bac1-97bd443fa386-139322541532288","trial_id":85,"param_name":"RANK_REGRESS","param_value_internal":26.0,"distribution":"{\"name\": \"IntDistribution\", \"attributes\": {\"log\": false, \"step\": 1, \"low\": 5, \"high\": 80}}"}
{"op_code":5,"worker_id":"a01e2493-c25b-455c-bac1-97bd443fa386-139322541532288","trial_id":85,"param_name":"REG_W","param_value_internal":13.899360386679499,"distribution":"{\"name\": \"FloatDistribution\", \"attributes\": {\"step\": null, \"low\": 1e-05, \"high\": 1000.0, \"log\": true}}"}
{"op_code":5,"worker_id":"a01e2493-c25b-455c-bac1-97bd443fa386-139322541532288","trial_id":85,"param_name":"USE_RMS_SCALING","param_value_internal":0,"distribution":"{\"name\": \"CategoricalDistribution\", \"attributes\": {\"choices\": [true, false]}}"}
{"op_code":6,"worker_id":"9e110a0b-5f45-47c2-bcbc-1def83495cf0-123606775112832","trial_id":44,"state":1,"values":[-0.7507011373709848],"datetime_complete":"2026-05-01T01:47:33.165171"}
{"op_code":4,"worker_id":"9e110a0b-5f45-47c2-bcbc-1def83495cf0-123606775112832","study_id":0,"datetime_start":"2026-05-01T01:47:33.327438"}
{"op_code":5,"worker_id":"9e110a0b-5f45-47c2-bcbc-1def83495cf0-123606775112832","trial_id":86,"param_name":"RANK_REGRESS","param_value_internal":13.0,"distribution":"{\"name\": \"IntDistribution\", \"attributes\": {\"log\": false, \"step\": 1, \"low\": 5, \"high\": 80}}"}
{"op_code":5,"worker_id":"9e110a0b-5f45-47c2-bcbc-1def83495cf0-123606775112832","trial_id":86,"param_name":"REG_W","param_value_internal":0.0013636992726711393,"distribution":"{\"name\": \"FloatDistribution\", \"attributes\": {\"step\": null, \"low\": 1e-05, \"high\": 1000.0, \"log\": true}}"}
{"op_code":5,"worker_id":"9e110a0b-5f45-47c2-bcbc-1def83495cf0-123606775112832","trial_id":86,"param_name":"USE_RMS_SCALING","param_value_internal":0,"distribution":"{\"name\": \"CategoricalDistribution\", \"attributes\": {\"choices\": [true, false]}}"}
{"op_code":6,"worker_id":"7f51ac6f-ef34-4ef5-b803-6db1740e1a3d-125119572743296","trial_id":70,"state":1,"values":[-0.8070284537391069],"datetime_complete":"2026-05-01T01:52:01.668031"}
{"op_code":4,"worker_id":"7f51ac6f-ef34-4ef5-b803-6db1740e1a3d-125119572743296","study_id":0,"datetime_start":"2026-05-01T01:52:01.707125"}
{"op_code":5,"worker_id":"7f51ac6f-ef34-4ef5-b803-6db1740e1a3d-125119572743296","trial_id":87,"param_name":"RANK_REGRESS","param_value_internal":22.0,"distribution":"{\"name\": \"IntDistribution\", \"attributes\": {\"log\": false, \"step\": 1, \"low\": 5, \"high\": 80}}"}
{"op_code":5,"worker_id":"7f51ac6f-ef34-4ef5-b803-6db1740e1a3d-125119572743296","trial_id":87,"param_name":"REG_W","param_value_internal":698.207976908572,"distribution":"{\"name\": \"FloatDistribution\", \"attributes\": {\"step\": null, \"low\": 1e-05, \"high\": 1000.0, \"log\": true}}"}
{"op_code":5,"worker_id":"7f51ac6f-ef34-4ef5-b803-6db1740e1a3d-125119572743296","trial_id":87,"param_name":"USE_RMS_SCALING","param_value_internal":1,"distribution":"{\"name\": \"CategoricalDistribution\", \"attributes\": {\"choices\": [true, false]}}"}
{"op_code":6,"worker_id":"1c22f830-9ee7-41ca-835b-56c432ec3bba-127495636755584","trial_id":42,"state":1,"values":[-0.7849094230464667],"datetime_complete":"2026-05-01T02:57:21.600139"}
{"op_code":4,"worker_id":"1c22f830-9ee7-41ca-835b-56c432ec3bba-127495636755584","study_id":0,"datetime_start":"2026-05-01T02:57:21.649362"}
{"op_code":5,"worker_id":"1c22f830-9ee7-41ca-835b-56c432ec3bba-127495636755584","trial_id":88,"param_name":"RANK_REGRESS","param_value_internal":23.0,"distribution":"{\"name\": \"IntDistribution\", \"attributes\": {\"log\": false, \"step\": 1, \"low\": 5, \"high\": 80}}"}
{"op_code":5,"worker_id":"1c22f830-9ee7-41ca-835b-56c432ec3bba-127495636755584","trial_id":88,"param_name":"REG_W","param_value_internal":0.00014836911638555777,"distribution":"{\"name\": \"FloatDistribution\", \"attributes\": {\"step\": null, \"low\": 1e-05, \"high\": 1000.0, \"log\": true}}"}
{"op_code":5,"worker_id":"1c22f830-9ee7-41ca-835b-56c432ec3bba-127495636755584","trial_id":88,"param_name":"USE_RMS_SCALING","param_value_internal":0,"distribution":"{\"name\": \"CategoricalDistribution\", \"attributes\": {\"choices\": [true, false]}}"}
{"op_code":6,"worker_id":"07ae2337-aa2e-42bd-8bfb-c780ce4cd916-134966490477696","trial_id":75,"state":1,"values":[-0.44303995900745075],"datetime_complete":"2026-05-01T03:13:26.898666"}
{"op_code":4,"worker_id":"07ae2337-aa2e-42bd-8bfb-c780ce4cd916-134966490477696","study_id":0,"datetime_start":"2026-05-01T03:13:26.954567"}
{"op_code":5,"worker_id":"07ae2337-aa2e-42bd-8bfb-c780ce4cd916-134966490477696","trial_id":89,"param_name":"RANK_REGRESS","param_value_internal":49.0,"distribution":"{\"name\": \"IntDistribution\", \"attributes\": {\"log\": false, \"step\": 1, \"low\": 5, \"high\": 80}}"}
{"op_code":5,"worker_id":"07ae2337-aa2e-42bd-8bfb-c780ce4cd916-134966490477696","trial_id":89,"param_name":"REG_W","param_value_internal":10.012012962687413,"distribution":"{\"name\": \"FloatDistribution\", \"attributes\": {\"step\": null, \"low\": 1e-05, \"high\": 1000.0, \"log\": true}}"}
{"op_code":5,"worker_id":"07ae2337-aa2e-42bd-8bfb-c780ce4cd916-134966490477696","trial_id":89,"param_name":"USE_RMS_SCALING","param_value_internal":1,"distribution":"{\"name\": \"CategoricalDistribution\", \"attributes\": {\"choices\": [true, false]}}"}
{"op_code":6,"worker_id":"5ffd5772-a9b2-460a-ba56-f1e2fbeadbcb-135667208967296","trial_id":20,"state":1,"values":[-0.525218011238815],"datetime_complete":"2026-05-01T03:16:01.933172"}
{"op_code":4,"worker_id":"5ffd5772-a9b2-460a-ba56-f1e2fbeadbcb-135667208967296","study_id":0,"datetime_start":"2026-05-01T03:16:02.003293"}
{"op_code":5,"worker_id":"5ffd5772-a9b2-460a-ba56-f1e2fbeadbcb-135667208967296","trial_id":90,"param_name":"RANK_REGRESS","param_value_internal":59.0,"distribution":"{\"name\": \"IntDistribution\", \"attributes\": {\"log\": false, \"step\": 1, \"low\": 5, \"high\": 80}}"}
{"op_code":5,"worker_id":"5ffd5772-a9b2-460a-ba56-f1e2fbeadbcb-135667208967296","trial_id":90,"param_name":"REG_W","param_value_internal":46.684132684191994,"distribution":"{\"name\": \"FloatDistribution\", \"attributes\": {\"step\": null, \"low\": 1e-05, \"high\": 1000.0, \"log\": true}}"}
{"op_code":5,"worker_id":"5ffd5772-a9b2-460a-ba56-f1e2fbeadbcb-135667208967296","trial_id":90,"param_name":"USE_RMS_SCALING","param_value_internal":0,"distribution":"{\"name\": \"CategoricalDistribution\", \"attributes\": {\"choices\": [true, false]}}"}
{"op_code":6,"worker_id":"46514df5-d6dd-4069-834c-99f1cefef984-123901072565376","trial_id":41,"state":1,"values":[-0.7555133466572928],"datetime_complete":"2026-05-01T03:29:09.423778"}
{"op_code":4,"worker_id":"46514df5-d6dd-4069-834c-99f1cefef984-123901072565376","study_id":0,"datetime_start":"2026-05-01T03:29:09.476267"}
{"op_code":5,"worker_id":"46514df5-d6dd-4069-834c-99f1cefef984-123901072565376","trial_id":91,"param_name":"RANK_REGRESS","param_value_internal":65.0,"distribution":"{\"name\": \"IntDistribution\", \"attributes\": {\"log\": false, \"step\": 1, \"low\": 5, \"high\": 80}}"}
{"op_code":5,"worker_id":"46514df5-d6dd-4069-834c-99f1cefef984-123901072565376","trial_id":91,"param_name":"REG_W","param_value_internal":0.545425950175081,"distribution":"{\"name\": \"FloatDistribution\", \"attributes\": {\"step\": null, \"low\": 1e-05, \"high\": 1000.0, \"log\": true}}"}
{"op_code":5,"worker_id":"46514df5-d6dd-4069-834c-99f1cefef984-123901072565376","trial_id":91,"param_name":"USE_RMS_SCALING","param_value_internal":1,"distribution":"{\"name\": \"CategoricalDistribution\", \"attributes\": {\"choices\": [true, false]}}"}
{"op_code":6,"worker_id":"20c74bba-412e-49a5-ae27-e6a3e768841e-130520513000576","trial_id":84,"state":1,"values":[0.002545371800134847],"datetime_complete":"2026-05-01T03:43:30.639951"}
{"op_code":4,"worker_id":"20c74bba-412e-49a5-ae27-e6a3e768841e-130520513000576","study_id":0,"datetime_start":"2026-05-01T03:43:30.705804"}
{"op_code":5,"worker_id":"20c74bba-412e-49a5-ae27-e6a3e768841e-130520513000576","trial_id":92,"param_name":"RANK_REGRESS","param_value_internal":33.0,"distribution":"{\"name\": \"IntDistribution\", \"attributes\": {\"log\": false, \"step\": 1, \"low\": 5, \"high\": 80}}"}
{"op_code":5,"worker_id":"20c74bba-412e-49a5-ae27-e6a3e768841e-130520513000576","trial_id":92,"param_name":"REG_W","param_value_internal":3.094215309055777e-05,"distribution":"{\"name\": \"FloatDistribution\", \"attributes\": {\"step\": null, \"low\": 1e-05, \"high\": 1000.0, \"log\": true}}"}
{"op_code":5,"worker_id":"20c74bba-412e-49a5-ae27-e6a3e768841e-130520513000576","trial_id":92,"param_name":"USE_RMS_SCALING","param_value_internal":0,"distribution":"{\"name\": \"CategoricalDistribution\", \"attributes\": {\"choices\": [true, false]}}"}
{"op_code":6,"worker_id":"ed776db6-2a52-4553-a984-16dd443b33be-140200052397184","trial_id":30,"state":1,"values":[-1.0],"datetime_complete":"2026-05-01T03:49:50.166985"}
{"op_code":4,"worker_id":"ed776db6-2a52-4553-a984-16dd443b33be-140200052397184","study_id":0,"datetime_start":"2026-05-01T03:49:50.208484"}
{"op_code":5,"worker_id":"ed776db6-2a52-4553-a984-16dd443b33be-140200052397184","trial_id":93,"param_name":"RANK_REGRESS","param_value_internal":26.0,"distribution":"{\"name\": \"IntDistribution\", \"attributes\": {\"log\": false, \"step\": 1, \"low\": 5, \"high\": 80}}"}
{"op_code":5,"worker_id":"ed776db6-2a52-4553-a984-16dd443b33be-140200052397184","trial_id":93,"param_name":"REG_W","param_value_internal":0.8738010946151735,"distribution":"{\"name\": \"FloatDistribution\", \"attributes\": {\"step\": null, \"low\": 1e-05, \"high\": 1000.0, \"log\": true}}"}
{"op_code":5,"worker_id":"ed776db6-2a52-4553-a984-16dd443b33be-140200052397184","trial_id":93,"param_name":"USE_RMS_SCALING","param_value_internal":0,"distribution":"{\"name\": \"CategoricalDistribution\", \"attributes\": {\"choices\": [true, false]}}"}
{"op_code":6,"worker_id":"2043f5ee-cbd0-4724-9f03-0ae179937a8e-139497981928576","trial_id":57,"state":1,"values":[-0.09501367952986894],"datetime_complete":"2026-05-01T04:08:41.411490"}
{"op_code":4,"worker_id":"2043f5ee-cbd0-4724-9f03-0ae179937a8e-139497981928576","study_id":0,"datetime_start":"2026-05-01T04:08:41.465002"}
{"op_code":5,"worker_id":"2043f5ee-cbd0-4724-9f03-0ae179937a8e-139497981928576","trial_id":94,"param_name":"RANK_REGRESS","param_value_internal":35.0,"distribution":"{\"name\": \"IntDistribution\", \"attributes\": {\"log\": false, \"step\": 1, \"low\": 5, \"high\": 80}}"}
{"op_code":5,"worker_id":"2043f5ee-cbd0-4724-9f03-0ae179937a8e-139497981928576","trial_id":94,"param_name":"REG_W","param_value_internal":56.04732278753717,"distribution":"{\"name\": \"FloatDistribution\", \"attributes\": {\"step\": null, \"low\": 1e-05, \"high\": 1000.0, \"log\": true}}"}
{"op_code":5,"worker_id":"2043f5ee-cbd0-4724-9f03-0ae179937a8e-139497981928576","trial_id":94,"param_name":"USE_RMS_SCALING","param_value_internal":1,"distribution":"{\"name\": \"CategoricalDistribution\", \"attributes\": {\"choices\": [true, false]}}"}
{"op_code":6,"worker_id":"160f5a4c-fedb-4317-8f31-335296433a86-136556962837632","trial_id":33,"state":1,"values":[-1.0],"datetime_complete":"2026-05-01T04:09:27.868300"}
{"op_code":4,"worker_id":"160f5a4c-fedb-4317-8f31-335296433a86-136556962837632","study_id":0,"datetime_start":"2026-05-01T04:09:28.056117"}
{"op_code":5,"worker_id":"160f5a4c-fedb-4317-8f31-335296433a86-136556962837632","trial_id":95,"param_name":"RANK_REGRESS","param_value_internal":5.0,"distribution":"{\"name\": \"IntDistribution\", \"attributes\": {\"log\": false, \"step\": 1, \"low\": 5, \"high\": 80}}"}
{"op_code":5,"worker_id":"160f5a4c-fedb-4317-8f31-335296433a86-136556962837632","trial_id":95,"param_name":"REG_W","param_value_internal":8.968707891338148,"distribution":"{\"name\": \"FloatDistribution\", \"attributes\": {\"step\": null, \"low\": 1e-05, \"high\": 1000.0, \"log\": true}}"}
{"op_code":5,"worker_id":"160f5a4c-fedb-4317-8f31-335296433a86-136556962837632","trial_id":95,"param_name":"USE_RMS_SCALING","param_value_internal":0,"distribution":"{\"name\": \"CategoricalDistribution\", \"attributes\": {\"choices\": [true, false]}}"}
{"op_code":6,"worker_id":"438442d6-41a2-4f1a-9fdc-4a26267b6c1f-128550485595264","trial_id":3,"state":1,"values":[-1.0],"datetime_complete":"2026-05-01T04:23:26.148006"}
{"op_code":4,"worker_id":"438442d6-41a2-4f1a-9fdc-4a26267b6c1f-128550485595264","study_id":0,"datetime_start":"2026-05-01T04:23:26.202723"}
{"op_code":5,"worker_id":"438442d6-41a2-4f1a-9fdc-4a26267b6c1f-128550485595264","trial_id":96,"param_name":"RANK_REGRESS","param_value_internal":47.0,"distribution":"{\"name\": \"IntDistribution\", \"attributes\": {\"log\": false, \"step\": 1, \"low\": 5, \"high\": 80}}"}
{"op_code":5,"worker_id":"438442d6-41a2-4f1a-9fdc-4a26267b6c1f-128550485595264","trial_id":96,"param_name":"REG_W","param_value_internal":4.2770654261322825e-05,"distribution":"{\"name\": \"FloatDistribution\", \"attributes\": {\"step\": null, \"low\": 1e-05, \"high\": 1000.0, \"log\": true}}"}
{"op_code":5,"worker_id":"438442d6-41a2-4f1a-9fdc-4a26267b6c1f-128550485595264","trial_id":96,"param_name":"USE_RMS_SCALING","param_value_internal":0,"distribution":"{\"name\": \"CategoricalDistribution\", \"attributes\": {\"choices\": [true, false]}}"}
{"op_code":6,"worker_id":"d4cf78cd-c630-4057-ae4f-98b1c57e52bd-136217436583040","trial_id":62,"state":1,"values":[-0.41972366802436306],"datetime_complete":"2026-05-01T05:05:32.780978"}
{"op_code":4,"worker_id":"d4cf78cd-c630-4057-ae4f-98b1c57e52bd-136217436583040","study_id":0,"datetime_start":"2026-05-01T05:05:32.818284"}
{"op_code":5,"worker_id":"d4cf78cd-c630-4057-ae4f-98b1c57e52bd-136217436583040","trial_id":97,"param_name":"RANK_REGRESS","param_value_internal":14.0,"distribution":"{\"name\": \"IntDistribution\", \"attributes\": {\"log\": false, \"step\": 1, \"low\": 5, \"high\": 80}}"}
{"op_code":5,"worker_id":"d4cf78cd-c630-4057-ae4f-98b1c57e52bd-136217436583040","trial_id":97,"param_name":"REG_W","param_value_internal":0.13938541802991203,"distribution":"{\"name\": \"FloatDistribution\", \"attributes\": {\"step\": null, \"low\": 1e-05, \"high\": 1000.0, \"log\": true}}"}
{"op_code":5,"worker_id":"d4cf78cd-c630-4057-ae4f-98b1c57e52bd-136217436583040","trial_id":97,"param_name":"USE_RMS_SCALING","param_value_internal":1,"distribution":"{\"name\": \"CategoricalDistribution\", \"attributes\": {\"choices\": [true, false]}}"}
{"op_code":6,"worker_id":"e817c007-b2b7-4ac5-b75d-310b2af44cf1-131795426972800","trial_id":8,"state":1,"values":[-1.0],"datetime_complete":"2026-05-01T05:49:28.107329"}
{"op_code":4,"worker_id":"e817c007-b2b7-4ac5-b75d-310b2af44cf1-131795426972800","study_id":0,"datetime_start":"2026-05-01T05:49:28.176753"}
{"op_code":5,"worker_id":"e817c007-b2b7-4ac5-b75d-310b2af44cf1-131795426972800","trial_id":98,"param_name":"RANK_REGRESS","param_value_internal":29.0,"distribution":"{\"name\": \"IntDistribution\", \"attributes\": {\"log\": false, \"step\": 1, \"low\": 5, \"high\": 80}}"}
{"op_code":5,"worker_id":"e817c007-b2b7-4ac5-b75d-310b2af44cf1-131795426972800","trial_id":98,"param_name":"REG_W","param_value_internal":0.0005366610237392127,"distribution":"{\"name\": \"FloatDistribution\", \"attributes\": {\"step\": null, \"low\": 1e-05, \"high\": 1000.0, \"log\": true}}"}
{"op_code":5,"worker_id":"e817c007-b2b7-4ac5-b75d-310b2af44cf1-131795426972800","trial_id":98,"param_name":"USE_RMS_SCALING","param_value_internal":0,"distribution":"{\"name\": \"CategoricalDistribution\", \"attributes\": {\"choices\": [true, false]}}"}
{"op_code":6,"worker_id":"160f5a4c-fedb-4317-8f31-335296433a86-136556962837632","trial_id":95,"state":1,"values":[-0.006555131815035716],"datetime_complete":"2026-05-01T06:03:52.336182"}
{"op_code":4,"worker_id":"160f5a4c-fedb-4317-8f31-335296433a86-136556962837632","study_id":0,"datetime_start":"2026-05-01T06:03:52.389947"}
{"op_code":5,"worker_id":"160f5a4c-fedb-4317-8f31-335296433a86-136556962837632","trial_id":99,"param_name":"RANK_REGRESS","param_value_internal":39.0,"distribution":"{\"name\": \"IntDistribution\", \"attributes\": {\"log\": false, \"step\": 1, \"low\": 5, \"high\": 80}}"}
{"op_code":5,"worker_id":"160f5a4c-fedb-4317-8f31-335296433a86-136556962837632","trial_id":99,"param_name":"REG_W","param_value_internal":0.8662501754478408,"distribution":"{\"name\": \"FloatDistribution\", \"attributes\": {\"step\": null, \"low\": 1e-05, \"high\": 1000.0, \"log\": true}}"}
{"op_code":5,"worker_id":"160f5a4c-fedb-4317-8f31-335296433a86-136556962837632","trial_id":99,"param_name":"USE_RMS_SCALING","param_value_internal":0,"distribution":"{\"name\": \"CategoricalDistribution\", \"attributes\": {\"choices\": [true, false]}}"}
{"op_code":6,"worker_id":"b9515166-4f40-416b-b7a3-baca94e14fcb-134068548953216","trial_id":55,"state":1,"values":[-1.0],"datetime_complete":"2026-05-01T06:15:56.901387"}
{"op_code":4,"worker_id":"b9515166-4f40-416b-b7a3-baca94e14fcb-134068548953216","study_id":0,"datetime_start":"2026-05-01T06:15:56.942858"}
{"op_code":5,"worker_id":"b9515166-4f40-416b-b7a3-baca94e14fcb-134068548953216","trial_id":100,"param_name":"RANK_REGRESS","param_value_internal":50.0,"distribution":"{\"name\": \"IntDistribution\", \"attributes\": {\"log\": false, \"step\": 1, \"low\": 5, \"high\": 80}}"}
{"op_code":5,"worker_id":"b9515166-4f40-416b-b7a3-baca94e14fcb-134068548953216","trial_id":100,"param_name":"REG_W","param_value_internal":0.0010785523151681192,"distribution":"{\"name\": \"FloatDistribution\", \"attributes\": {\"step\": null, \"low\": 1e-05, \"high\": 1000.0, \"log\": true}}"}
{"op_code":5,"worker_id":"b9515166-4f40-416b-b7a3-baca94e14fcb-134068548953216","trial_id":100,"param_name":"USE_RMS_SCALING","param_value_internal":1,"distribution":"{\"name\": \"CategoricalDistribution\", \"attributes\": {\"choices\": [true, false]}}"}
{"op_code":6,"worker_id":"41c969e9-5fb6-4aa7-b418-b73816491501-128017812595840","trial_id":67,"state":1,"values":[-1.0],"datetime_complete":"2026-05-01T06:22:01.110100"}
{"op_code":4,"worker_id":"41c969e9-5fb6-4aa7-b418-b73816491501-128017812595840","study_id":0,"datetime_start":"2026-05-01T06:22:01.162066"}
{"op_code":5,"worker_id":"41c969e9-5fb6-4aa7-b418-b73816491501-128017812595840","trial_id":101,"param_name":"RANK_REGRESS","param_value_internal":76.0,"distribution":"{\"name\": \"IntDistribution\", \"attributes\": {\"log\": false, \"step\": 1, \"low\": 5, \"high\": 80}}"}
{"op_code":5,"worker_id":"41c969e9-5fb6-4aa7-b418-b73816491501-128017812595840","trial_id":101,"param_name":"REG_W","param_value_internal":1.0779527699319708e-05,"distribution":"{\"name\": \"FloatDistribution\", \"attributes\": {\"step\": null, \"low\": 1e-05, \"high\": 1000.0, \"log\": true}}"}
{"op_code":5,"worker_id":"41c969e9-5fb6-4aa7-b418-b73816491501-128017812595840","trial_id":101,"param_name":"USE_RMS_SCALING","param_value_internal":1,"distribution":"{\"name\": \"CategoricalDistribution\", \"attributes\": {\"choices\": [true, false]}}"}
{"op_code":6,"worker_id":"64cc4541-175d-46fb-9738-8746985de065-130598312256640","trial_id":15,"state":1,"values":[-0.6681114560875431],"datetime_complete":"2026-05-01T06:27:27.388367"}
{"op_code":4,"worker_id":"64cc4541-175d-46fb-9738-8746985de065-130598312256640","study_id":0,"datetime_start":"2026-05-01T06:27:27.432393"}
{"op_code":9,"worker_id":"64cc4541-175d-46fb-9738-8746985de065-130598312256640","trial_id":102,"system_attr":{"tpe:relative_params:0":"{\"RANK_REGRESS\": 15, \"REG_W\": 240.50285840074358, \"USE_RMS_SCALING\": true}"}}
{"op_code":5,"worker_id":"64cc4541-175d-46fb-9738-8746985de065-130598312256640","trial_id":102,"param_name":"RANK_REGRESS","param_value_internal":15.0,"distribution":"{\"name\": \"IntDistribution\", \"attributes\": {\"log\": false, \"step\": 1, \"low\": 5, \"high\": 80}}"}
{"op_code":5,"worker_id":"64cc4541-175d-46fb-9738-8746985de065-130598312256640","trial_id":102,"param_name":"REG_W","param_value_internal":240.50285840074358,"distribution":"{\"name\": \"FloatDistribution\", \"attributes\": {\"step\": null, \"low\": 1e-05, \"high\": 1000.0, \"log\": true}}"}
{"op_code":5,"worker_id":"64cc4541-175d-46fb-9738-8746985de065-130598312256640","trial_id":102,"param_name":"USE_RMS_SCALING","param_value_internal":0,"distribution":"{\"name\": \"CategoricalDistribution\", \"attributes\": {\"choices\": [true, false]}}"}
{"op_code":0,"worker_id":"159accca-c6e1-41ad-98f3-bdae8381aef4-132310348166272","study_name":"cp_pred_levels_L4_residual_delta","directions":[2]}
{"op_code":4,"worker_id":"159accca-c6e1-41ad-98f3-bdae8381aef4-132310348166272","study_id":0,"datetime_start":"2026-05-02T11:56:29.091964"}
{"op_code":9,"worker_id":"159accca-c6e1-41ad-98f3-bdae8381aef4-132310348166272","trial_id":103,"system_attr":{"tpe:relative_params:0":"{\"RANK_REGRESS\": 6, \"REG_W\": 5.138698584558158, \"USE_RMS_SCALING\": false}"}}
{"op_code":5,"worker_id":"159accca-c6e1-41ad-98f3-bdae8381aef4-132310348166272","trial_id":103,"param_name":"RANK_REGRESS","param_value_internal":6.0,"distribution":"{\"name\": \"IntDistribution\", \"attributes\": {\"log\": false, \"step\": 1, \"low\": 5, \"high\": 80}}"}
{"op_code":5,"worker_id":"159accca-c6e1-41ad-98f3-bdae8381aef4-132310348166272","trial_id":103,"param_name":"REG_W","param_value_internal":5.138698584558158,"distribution":"{\"name\": \"FloatDistribution\", \"attributes\": {\"step\": null, \"low\": 1e-05, \"high\": 1000.0, \"log\": true}}"}
{"op_code":5,"worker_id":"159accca-c6e1-41ad-98f3-bdae8381aef4-132310348166272","trial_id":103,"param_name":"USE_RMS_SCALING","param_value_internal":1,"distribution":"{\"name\": \"CategoricalDistribution\", \"attributes\": {\"choices\": [true, false]}}"}
{"op_code":0,"worker_id":"eb6a6df7-b8ff-4cc5-b997-2ffa20104c3e-135809937060992","study_name":"cp_pred_levels_L4_residual_delta","directions":[2]}
{"op_code":4,"worker_id":"eb6a6df7-b8ff-4cc5-b997-2ffa20104c3e-135809937060992","study_id":0,"datetime_start":"2026-05-02T11:56:30.802017"}
{"op_code":9,"worker_id":"eb6a6df7-b8ff-4cc5-b997-2ffa20104c3e-135809937060992","trial_id":104,"system_attr":{"tpe:relative_params:0":"{\"RANK_REGRESS\": 14, \"REG_W\": 57.43190751891542, \"USE_RMS_SCALING\": false}"}}
{"op_code":5,"worker_id":"eb6a6df7-b8ff-4cc5-b997-2ffa20104c3e-135809937060992","trial_id":104,"param_name":"RANK_REGRESS","param_value_internal":14.0,"distribution":"{\"name\": \"IntDistribution\", \"attributes\": {\"log\": false, \"step\": 1, \"low\": 5, \"high\": 80}}"}
{"op_code":5,"worker_id":"eb6a6df7-b8ff-4cc5-b997-2ffa20104c3e-135809937060992","trial_id":104,"param_name":"REG_W","param_value_internal":57.43190751891542,"distribution":"{\"name\": \"FloatDistribution\", \"attributes\": {\"step\": null, \"low\": 1e-05, \"high\": 1000.0, \"log\": true}}"}
{"op_code":5,"worker_id":"eb6a6df7-b8ff-4cc5-b997-2ffa20104c3e-135809937060992","trial_id":104,"param_name":"USE_RMS_SCALING","param_value_internal":1,"distribution":"{\"name\": \"CategoricalDistribution\", \"attributes\": {\"choices\": [true, false]}}"}
{"op_code":0,"worker_id":"3727983b-830a-4f48-a006-02e0e0962b0b-126378049827968","study_name":"cp_pred_levels_L4_residual_delta","directions":[2]}
{"op_code":4,"worker_id":"3727983b-830a-4f48-a006-02e0e0962b0b-126378049827968","study_id":0,"datetime_start":"2026-05-02T11:56:32.946631"}
{"op_code":9,"worker_id":"3727983b-830a-4f48-a006-02e0e0962b0b-126378049827968","trial_id":105,"system_attr":{"tpe:relative_params:0":"{\"RANK_REGRESS\": 14, \"REG_W\": 360.52454924692836, \"USE_RMS_SCALING\": false}"}}
{"op_code":5,"worker_id":"3727983b-830a-4f48-a006-02e0e0962b0b-126378049827968","trial_id":105,"param_name":"RANK_REGRESS","param_value_internal":14.0,"distribution":"{\"name\": \"IntDistribution\", \"attributes\": {\"log\": false, \"step\": 1, \"low\": 5, \"high\": 80}}"}
{"op_code":5,"worker_id":"3727983b-830a-4f48-a006-02e0e0962b0b-126378049827968","trial_id":105,"param_name":"REG_W","param_value_internal":360.52454924692836,"distribution":"{\"name\": \"FloatDistribution\", \"attributes\": {\"step\": null, \"low\": 1e-05, \"high\": 1000.0, \"log\": true}}"}
{"op_code":5,"worker_id":"3727983b-830a-4f48-a006-02e0e0962b0b-126378049827968","trial_id":105,"param_name":"USE_RMS_SCALING","param_value_internal":1,"distribution":"{\"name\": \"CategoricalDistribution\", \"attributes\": {\"choices\": [true, false]}}"}
{"op_code":0,"worker_id":"731ed2db-9c1d-4c2b-8c3f-719830c0aabc-138252154877056","study_name":"cp_pred_levels_L4_residual_delta","directions":[2]}
{"op_code":4,"worker_id":"731ed2db-9c1d-4c2b-8c3f-719830c0aabc-138252154877056","study_id":0,"datetime_start":"2026-05-02T11:56:33.838765"}
{"op_code":9,"worker_id":"731ed2db-9c1d-4c2b-8c3f-719830c0aabc-138252154877056","trial_id":106,"system_attr":{"tpe:relative_params:0":"{\"RANK_REGRESS\": 10, \"REG_W\": 696.376147721532, \"USE_RMS_SCALING\": false}"}}
{"op_code":5,"worker_id":"731ed2db-9c1d-4c2b-8c3f-719830c0aabc-138252154877056","trial_id":106,"param_name":"RANK_REGRESS","param_value_internal":10.0,"distribution":"{\"name\": \"IntDistribution\", \"attributes\": {\"log\": false, \"step\": 1, \"low\": 5, \"high\": 80}}"}
{"op_code":5,"worker_id":"731ed2db-9c1d-4c2b-8c3f-719830c0aabc-138252154877056","trial_id":106,"param_name":"REG_W","param_value_internal":696.376147721532,"distribution":"{\"name\": \"FloatDistribution\", \"attributes\": {\"step\": null, \"low\": 1e-05, \"high\": 1000.0, \"log\": true}}"}
{"op_code":5,"worker_id":"731ed2db-9c1d-4c2b-8c3f-719830c0aabc-138252154877056","trial_id":106,"param_name":"USE_RMS_SCALING","param_value_internal":1,"distribution":"{\"name\": \"CategoricalDistribution\", \"attributes\": {\"choices\": [true, false]}}"}
{"op_code":0,"worker_id":"3b2533f6-43e9-437d-85a0-295c0dd0e2fc-126888138048640","study_name":"cp_pred_levels_L4_residual_delta","directions":[2]}
{"op_code":4,"worker_id":"3b2533f6-43e9-437d-85a0-295c0dd0e2fc-126888138048640","study_id":0,"datetime_start":"2026-05-02T11:56:35.749535"}
{"op_code":9,"worker_id":"3b2533f6-43e9-437d-85a0-295c0dd0e2fc-126888138048640","trial_id":107,"system_attr":{"tpe:relative_params:0":"{\"RANK_REGRESS\": 20, \"REG_W\": 18.795690062028346, \"USE_RMS_SCALING\": false}"}}
{"op_code":5,"worker_id":"3b2533f6-43e9-437d-85a0-295c0dd0e2fc-126888138048640","trial_id":107,"param_name":"RANK_REGRESS","param_value_internal":20.0,"distribution":"{\"name\": \"IntDistribution\", \"attributes\": {\"log\": false, \"step\": 1, \"low\": 5, \"high\": 80}}"}
{"op_code":5,"worker_id":"3b2533f6-43e9-437d-85a0-295c0dd0e2fc-126888138048640","trial_id":107,"param_name":"REG_W","param_value_internal":18.795690062028346,"distribution":"{\"name\": \"FloatDistribution\", \"attributes\": {\"step\": null, \"low\": 1e-05, \"high\": 1000.0, \"log\": true}}"}
{"op_code":5,"worker_id":"3b2533f6-43e9-437d-85a0-295c0dd0e2fc-126888138048640","trial_id":107,"param_name":"USE_RMS_SCALING","param_value_internal":1,"distribution":"{\"name\": \"CategoricalDistribution\", \"attributes\": {\"choices\": [true, false]}}"}
{"op_code":0,"worker_id":"9f4e2a1e-3853-49eb-98b1-7e489a8e963a-137209773606016","study_name":"cp_pred_levels_L4_residual_delta","directions":[2]}
{"op_code":4,"worker_id":"9f4e2a1e-3853-49eb-98b1-7e489a8e963a-137209773606016","study_id":0,"datetime_start":"2026-05-02T11:56:37.237580"}
{"op_code":9,"worker_id":"9f4e2a1e-3853-49eb-98b1-7e489a8e963a-137209773606016","trial_id":108,"system_attr":{"tpe:relative_params:0":"{\"RANK_REGRESS\": 6, \"REG_W\": 46.48673965171593, \"USE_RMS_SCALING\": false}"}}
{"op_code":5,"worker_id":"9f4e2a1e-3853-49eb-98b1-7e489a8e963a-137209773606016","trial_id":108,"param_name":"RANK_REGRESS","param_value_internal":6.0,"distribution":"{\"name\": \"IntDistribution\", \"attributes\": {\"log\": false, \"step\": 1, \"low\": 5, \"high\": 80}}"}
{"op_code":5,"worker_id":"9f4e2a1e-3853-49eb-98b1-7e489a8e963a-137209773606016","trial_id":108,"param_name":"REG_W","param_value_internal":46.48673965171593,"distribution":"{\"name\": \"FloatDistribution\", \"attributes\": {\"step\": null, \"low\": 1e-05, \"high\": 1000.0, \"log\": true}}"}
{"op_code":5,"worker_id":"9f4e2a1e-3853-49eb-98b1-7e489a8e963a-137209773606016","trial_id":108,"param_name":"USE_RMS_SCALING","param_value_internal":1,"distribution":"{\"name\": \"CategoricalDistribution\", \"attributes\": {\"choices\": [true, false]}}"}
{"op_code":0,"worker_id":"656cdb61-afdc-4934-8f1b-1e2cb673b655-125895533204608","study_name":"cp_pred_levels_L4_residual_delta","directions":[2]}
{"op_code":4,"worker_id":"656cdb61-afdc-4934-8f1b-1e2cb673b655-125895533204608","study_id":0,"datetime_start":"2026-05-02T11:56:39.166827"}
{"op_code":9,"worker_id":"656cdb61-afdc-4934-8f1b-1e2cb673b655-125895533204608","trial_id":109,"system_attr":{"tpe:relative_params:0":"{\"RANK_REGRESS\": 9, \"REG_W\": 217.96097894336106, \"USE_RMS_SCALING\": true}"}}
{"op_code":5,"worker_id":"656cdb61-afdc-4934-8f1b-1e2cb673b655-125895533204608","trial_id":109,"param_name":"RANK_REGRESS","param_value_internal":9.0,"distribution":"{\"name\": \"IntDistribution\", \"attributes\": {\"log\": false, \"step\": 1, \"low\": 5, \"high\": 80}}"}
{"op_code":5,"worker_id":"656cdb61-afdc-4934-8f1b-1e2cb673b655-125895533204608","trial_id":109,"param_name":"REG_W","param_value_internal":217.96097894336106,"distribution":"{\"name\": \"FloatDistribution\", \"attributes\": {\"step\": null, \"low\": 1e-05, \"high\": 1000.0, \"log\": true}}"}
{"op_code":5,"worker_id":"656cdb61-afdc-4934-8f1b-1e2cb673b655-125895533204608","trial_id":109,"param_name":"USE_RMS_SCALING","param_value_internal":0,"distribution":"{\"name\": \"CategoricalDistribution\", \"attributes\": {\"choices\": [true, false]}}"}
{"op_code":0,"worker_id":"c8718f39-ca90-4b31-8b60-40bf2af9a9ff-127370778928256","study_name":"cp_pred_levels_L4_residual_delta","directions":[2]}
{"op_code":4,"worker_id":"c8718f39-ca90-4b31-8b60-40bf2af9a9ff-127370778928256","study_id":0,"datetime_start":"2026-05-02T11:56:40.887879"}
{"op_code":9,"worker_id":"c8718f39-ca90-4b31-8b60-40bf2af9a9ff-127370778928256","trial_id":110,"system_attr":{"tpe:relative_params:0":"{\"RANK_REGRESS\": 22, \"REG_W\": 836.914351320668, \"USE_RMS_SCALING\": false}"}}
{"op_code":5,"worker_id":"c8718f39-ca90-4b31-8b60-40bf2af9a9ff-127370778928256","trial_id":110,"param_name":"RANK_REGRESS","param_value_internal":22.0,"distribution":"{\"name\": \"IntDistribution\", \"attributes\": {\"log\": false, \"step\": 1, \"low\": 5, \"high\": 80}}"}
{"op_code":5,"worker_id":"c8718f39-ca90-4b31-8b60-40bf2af9a9ff-127370778928256","trial_id":110,"param_name":"REG_W","param_value_internal":836.914351320668,"distribution":"{\"name\": \"FloatDistribution\", \"attributes\": {\"step\": null, \"low\": 1e-05, \"high\": 1000.0, \"log\": true}}"}
{"op_code":5,"worker_id":"c8718f39-ca90-4b31-8b60-40bf2af9a9ff-127370778928256","trial_id":110,"param_name":"USE_RMS_SCALING","param_value_internal":1,"distribution":"{\"name\": \"CategoricalDistribution\", \"attributes\": {\"choices\": [true, false]}}"}
{"op_code":0,"worker_id":"320988e2-2697-4ac2-966b-5f6296cb1e81-126618107544704","study_name":"cp_pred_levels_L4_residual_delta","directions":[2]}
{"op_code":4,"worker_id":"320988e2-2697-4ac2-966b-5f6296cb1e81-126618107544704","study_id":0,"datetime_start":"2026-05-02T11:56:42.321636"}
{"op_code":9,"worker_id":"320988e2-2697-4ac2-966b-5f6296cb1e81-126618107544704","trial_id":111,"system_attr":{"tpe:relative_params:0":"{\"RANK_REGRESS\": 5, \"REG_W\": 0.5520797925626162, \"USE_RMS_SCALING\": true}"}}
{"op_code":5,"worker_id":"320988e2-2697-4ac2-966b-5f6296cb1e81-126618107544704","trial_id":111,"param_name":"RANK_REGRESS","param_value_internal":5.0,"distribution":"{\"name\": \"IntDistribution\", \"attributes\": {\"log\": false, \"step\": 1, \"low\": 5, \"high\": 80}}"}
{"op_code":0,"worker_id":"234894fb-68cb-4559-968e-b828993762e7-128929875846272","study_name":"cp_pred_levels_L4_residual_delta","directions":[2]}
{"op_code":5,"worker_id":"320988e2-2697-4ac2-966b-5f6296cb1e81-126618107544704","trial_id":111,"param_name":"REG_W","param_value_internal":0.5520797925626162,"distribution":"{\"name\": \"FloatDistribution\", \"attributes\": {\"step\": null, \"low\": 1e-05, \"high\": 1000.0, \"log\": true}}"}
{"op_code":5,"worker_id":"320988e2-2697-4ac2-966b-5f6296cb1e81-126618107544704","trial_id":111,"param_name":"USE_RMS_SCALING","param_value_internal":0,"distribution":"{\"name\": \"CategoricalDistribution\", \"attributes\": {\"choices\": [true, false]}}"}
{"op_code":4,"worker_id":"234894fb-68cb-4559-968e-b828993762e7-128929875846272","study_id":0,"datetime_start":"2026-05-02T11:56:42.578799"}
{"op_code":9,"worker_id":"234894fb-68cb-4559-968e-b828993762e7-128929875846272","trial_id":112,"system_attr":{"tpe:relative_params:0":"{\"RANK_REGRESS\": 5, \"REG_W\": 253.68294537901474, \"USE_RMS_SCALING\": false}"}}
{"op_code":5,"worker_id":"234894fb-68cb-4559-968e-b828993762e7-128929875846272","trial_id":112,"param_name":"RANK_REGRESS","param_value_internal":5.0,"distribution":"{\"name\": \"IntDistribution\", \"attributes\": {\"log\": false, \"step\": 1, \"low\": 5, \"high\": 80}}"}
{"op_code":5,"worker_id":"234894fb-68cb-4559-968e-b828993762e7-128929875846272","trial_id":112,"param_name":"REG_W","param_value_internal":253.68294537901474,"distribution":"{\"name\": \"FloatDistribution\", \"attributes\": {\"step\": null, \"low\": 1e-05, \"high\": 1000.0, \"log\": true}}"}
{"op_code":5,"worker_id":"234894fb-68cb-4559-968e-b828993762e7-128929875846272","trial_id":112,"param_name":"USE_RMS_SCALING","param_value_internal":1,"distribution":"{\"name\": \"CategoricalDistribution\", \"attributes\": {\"choices\": [true, false]}}"}
{"op_code":0,"worker_id":"01c59027-b400-4772-8bc5-4d772e3b2e67-138900631532672","study_name":"cp_pred_levels_L4_residual_delta","directions":[2]}
{"op_code":4,"worker_id":"01c59027-b400-4772-8bc5-4d772e3b2e67-138900631532672","study_id":0,"datetime_start":"2026-05-02T11:56:42.958131"}
{"op_code":9,"worker_id":"01c59027-b400-4772-8bc5-4d772e3b2e67-138900631532672","trial_id":113,"system_attr":{"tpe:relative_params:0":"{\"RANK_REGRESS\": 5, \"REG_W\": 142.09273775291302, \"USE_RMS_SCALING\": true}"}}
{"op_code":5,"worker_id":"01c59027-b400-4772-8bc5-4d772e3b2e67-138900631532672","trial_id":113,"param_name":"RANK_REGRESS","param_value_internal":5.0,"distribution":"{\"name\": \"IntDistribution\", \"attributes\": {\"log\": false, \"step\": 1, \"low\": 5, \"high\": 80}}"}
{"op_code":5,"worker_id":"01c59027-b400-4772-8bc5-4d772e3b2e67-138900631532672","trial_id":113,"param_name":"REG_W","param_value_internal":142.09273775291302,"distribution":"{\"name\": \"FloatDistribution\", \"attributes\": {\"step\": null, \"low\": 1e-05, \"high\": 1000.0, \"log\": true}}"}
{"op_code":5,"worker_id":"01c59027-b400-4772-8bc5-4d772e3b2e67-138900631532672","trial_id":113,"param_name":"USE_RMS_SCALING","param_value_internal":0,"distribution":"{\"name\": \"CategoricalDistribution\", \"attributes\": {\"choices\": [true, false]}}"}
{"op_code":0,"worker_id":"a64e4c58-2395-42e6-9256-ffd7fdb44aa1-137454807512192","study_name":"cp_pred_levels_L4_residual_delta","directions":[2]}
{"op_code":4,"worker_id":"a64e4c58-2395-42e6-9256-ffd7fdb44aa1-137454807512192","study_id":0,"datetime_start":"2026-05-02T11:56:46.058648"}
{"op_code":9,"worker_id":"a64e4c58-2395-42e6-9256-ffd7fdb44aa1-137454807512192","trial_id":114,"system_attr":{"tpe:relative_params:0":"{\"RANK_REGRESS\": 21, \"REG_W\": 79.94444852421667, \"USE_RMS_SCALING\": false}"}}
{"op_code":5,"worker_id":"a64e4c58-2395-42e6-9256-ffd7fdb44aa1-137454807512192","trial_id":114,"param_name":"RANK_REGRESS","param_value_internal":21.0,"distribution":"{\"name\": \"IntDistribution\", \"attributes\": {\"log\": false, \"step\": 1, \"low\": 5, \"high\": 80}}"}
{"op_code":5,"worker_id":"a64e4c58-2395-42e6-9256-ffd7fdb44aa1-137454807512192","trial_id":114,"param_name":"REG_W","param_value_internal":79.94444852421667,"distribution":"{\"name\": \"FloatDistribution\", \"attributes\": {\"step\": null, \"low\": 1e-05, \"high\": 1000.0, \"log\": true}}"}
{"op_code":5,"worker_id":"a64e4c58-2395-42e6-9256-ffd7fdb44aa1-137454807512192","trial_id":114,"param_name":"USE_RMS_SCALING","param_value_internal":1,"distribution":"{\"name\": \"CategoricalDistribution\", \"attributes\": {\"choices\": [true, false]}}"}
{"op_code":0,"worker_id":"4a6928af-80f0-4586-a6f5-8f5e4acc10d2-129972617393280","study_name":"cp_pred_levels_L4_residual_delta","directions":[2]}
{"op_code":4,"worker_id":"4a6928af-80f0-4586-a6f5-8f5e4acc10d2-129972617393280","study_id":0,"datetime_start":"2026-05-02T11:56:48.168935"}
{"op_code":9,"worker_id":"4a6928af-80f0-4586-a6f5-8f5e4acc10d2-129972617393280","trial_id":115,"system_attr":{"tpe:relative_params:0":"{\"RANK_REGRESS\": 9, \"REG_W\": 6.398754685541214, \"USE_RMS_SCALING\": false}"}}
{"op_code":5,"worker_id":"4a6928af-80f0-4586-a6f5-8f5e4acc10d2-129972617393280","trial_id":115,"param_name":"RANK_REGRESS","param_value_internal":9.0,"distribution":"{\"name\": \"IntDistribution\", \"attributes\": {\"log\": false, \"step\": 1, \"low\": 5, \"high\": 80}}"}
{"op_code":5,"worker_id":"4a6928af-80f0-4586-a6f5-8f5e4acc10d2-129972617393280","trial_id":115,"param_name":"REG_W","param_value_internal":6.398754685541214,"distribution":"{\"name\": \"FloatDistribution\", \"attributes\": {\"step\": null, \"low\": 1e-05, \"high\": 1000.0, \"log\": true}}"}
{"op_code":5,"worker_id":"4a6928af-80f0-4586-a6f5-8f5e4acc10d2-129972617393280","trial_id":115,"param_name":"USE_RMS_SCALING","param_value_internal":1,"distribution":"{\"name\": \"CategoricalDistribution\", \"attributes\": {\"choices\": [true, false]}}"}
{"op_code":0,"worker_id":"36274310-3bce-4afd-87a8-3105036b72a6-130272484930688","study_name":"cp_pred_levels_L4_residual_delta","directions":[2]}
{"op_code":4,"worker_id":"36274310-3bce-4afd-87a8-3105036b72a6-130272484930688","study_id":0,"datetime_start":"2026-05-02T11:56:49.583584"}
{"op_code":9,"worker_id":"36274310-3bce-4afd-87a8-3105036b72a6-130272484930688","trial_id":116,"system_attr":{"tpe:relative_params:0":"{\"RANK_REGRESS\": 6, \"REG_W\": 15.367754044469788, \"USE_RMS_SCALING\": false}"}}
{"op_code":5,"worker_id":"36274310-3bce-4afd-87a8-3105036b72a6-130272484930688","trial_id":116,"param_name":"RANK_REGRESS","param_value_internal":6.0,"distribution":"{\"name\": \"IntDistribution\", \"attributes\": {\"log\": false, \"step\": 1, \"low\": 5, \"high\": 80}}"}
{"op_code":5,"worker_id":"36274310-3bce-4afd-87a8-3105036b72a6-130272484930688","trial_id":116,"param_name":"REG_W","param_value_internal":15.367754044469788,"distribution":"{\"name\": \"FloatDistribution\", \"attributes\": {\"step\": null, \"low\": 1e-05, \"high\": 1000.0, \"log\": true}}"}
{"op_code":5,"worker_id":"36274310-3bce-4afd-87a8-3105036b72a6-130272484930688","trial_id":116,"param_name":"USE_RMS_SCALING","param_value_internal":1,"distribution":"{\"name\": \"CategoricalDistribution\", \"attributes\": {\"choices\": [true, false]}}"}
{"op_code":0,"worker_id":"e474d35e-da29-4969-be40-3124040b533f-138868773540992","study_name":"cp_pred_levels_L4_residual_delta","directions":[2]}
{"op_code":4,"worker_id":"e474d35e-da29-4969-be40-3124040b533f-138868773540992","study_id":0,"datetime_start":"2026-05-02T11:56:51.610646"}
{"op_code":9,"worker_id":"e474d35e-da29-4969-be40-3124040b533f-138868773540992","trial_id":117,"system_attr":{"tpe:relative_params:0":"{\"RANK_REGRESS\": 6, \"REG_W\": 7.960314363907984, \"USE_RMS_SCALING\": true}"}}
{"op_code":5,"worker_id":"e474d35e-da29-4969-be40-3124040b533f-138868773540992","trial_id":117,"param_name":"RANK_REGRESS","param_value_internal":6.0,"distribution":"{\"name\": \"IntDistribution\", \"attributes\": {\"log\": false, \"step\": 1, \"low\": 5, \"high\": 80}}"}
{"op_code":5,"worker_id":"e474d35e-da29-4969-be40-3124040b533f-138868773540992","trial_id":117,"param_name":"REG_W","param_value_internal":7.960314363907984,"distribution":"{\"name\": \"FloatDistribution\", \"attributes\": {\"step\": null, \"low\": 1e-05, \"high\": 1000.0, \"log\": true}}"}
{"op_code":5,"worker_id":"e474d35e-da29-4969-be40-3124040b533f-138868773540992","trial_id":117,"param_name":"USE_RMS_SCALING","param_value_internal":0,"distribution":"{\"name\": \"CategoricalDistribution\", \"attributes\": {\"choices\": [true, false]}}"}
{"op_code":0,"worker_id":"8c44bfc9-af08-4e13-90c7-98a1da27837f-133426822030464","study_name":"cp_pred_levels_L4_residual_delta","directions":[2]}
{"op_code":4,"worker_id":"8c44bfc9-af08-4e13-90c7-98a1da27837f-133426822030464","study_id":0,"datetime_start":"2026-05-02T11:56:53.211489"}
{"op_code":9,"worker_id":"8c44bfc9-af08-4e13-90c7-98a1da27837f-133426822030464","trial_id":118,"system_attr":{"tpe:relative_params:0":"{\"RANK_REGRESS\": 17, \"REG_W\": 987.9441924109916, \"USE_RMS_SCALING\": false}"}}
{"op_code":5,"worker_id":"8c44bfc9-af08-4e13-90c7-98a1da27837f-133426822030464","trial_id":118,"param_name":"RANK_REGRESS","param_value_internal":17.0,"distribution":"{\"name\": \"IntDistribution\", \"attributes\": {\"log\": false, \"step\": 1, \"low\": 5, \"high\": 80}}"}
{"op_code":5,"worker_id":"8c44bfc9-af08-4e13-90c7-98a1da27837f-133426822030464","trial_id":118,"param_name":"REG_W","param_value_internal":987.9441924109916,"distribution":"{\"name\": \"FloatDistribution\", \"attributes\": {\"step\": null, \"low\": 1e-05, \"high\": 1000.0, \"log\": true}}"}
{"op_code":5,"worker_id":"8c44bfc9-af08-4e13-90c7-98a1da27837f-133426822030464","trial_id":118,"param_name":"USE_RMS_SCALING","param_value_internal":1,"distribution":"{\"name\": \"CategoricalDistribution\", \"attributes\": {\"choices\": [true, false]}}"}
{"op_code":0,"worker_id":"213ed837-107d-4c53-8ac7-9545b764713a-125426533250176","study_name":"cp_pred_levels_L4_residual_delta","directions":[2]}
{"op_code":4,"worker_id":"213ed837-107d-4c53-8ac7-9545b764713a-125426533250176","study_id":0,"datetime_start":"2026-05-02T11:56:55.285392"}
{"op_code":9,"worker_id":"213ed837-107d-4c53-8ac7-9545b764713a-125426533250176","trial_id":119,"system_attr":{"tpe:relative_params:0":"{\"RANK_REGRESS\": 43, \"REG_W\": 806.9008243272408, \"USE_RMS_SCALING\": false}"}}
{"op_code":5,"worker_id":"213ed837-107d-4c53-8ac7-9545b764713a-125426533250176","trial_id":119,"param_name":"RANK_REGRESS","param_value_internal":43.0,"distribution":"{\"name\": \"IntDistribution\", \"attributes\": {\"log\": false, \"step\": 1, \"low\": 5, \"high\": 80}}"}
{"op_code":5,"worker_id":"213ed837-107d-4c53-8ac7-9545b764713a-125426533250176","trial_id":119,"param_name":"REG_W","param_value_internal":806.9008243272408,"distribution":"{\"name\": \"FloatDistribution\", \"attributes\": {\"step\": null, \"low\": 1e-05, \"high\": 1000.0, \"log\": true}}"}
{"op_code":5,"worker_id":"213ed837-107d-4c53-8ac7-9545b764713a-125426533250176","trial_id":119,"param_name":"USE_RMS_SCALING","param_value_internal":1,"distribution":"{\"name\": \"CategoricalDistribution\", \"attributes\": {\"choices\": [true, false]}}"}
{"op_code":0,"worker_id":"87ef7649-de40-4bf6-94ee-ccfa3dc9cf99-137492948849792","study_name":"cp_pred_levels_L4_residual_delta","directions":[2]}
{"op_code":4,"worker_id":"87ef7649-de40-4bf6-94ee-ccfa3dc9cf99-137492948849792","study_id":0,"datetime_start":"2026-05-02T11:56:56.604878"}
{"op_code":9,"worker_id":"87ef7649-de40-4bf6-94ee-ccfa3dc9cf99-137492948849792","trial_id":120,"system_attr":{"tpe:relative_params:0":"{\"RANK_REGRESS\": 8, \"REG_W\": 648.1166229517313, \"USE_RMS_SCALING\": false}"}}
{"op_code":5,"worker_id":"87ef7649-de40-4bf6-94ee-ccfa3dc9cf99-137492948849792","trial_id":120,"param_name":"RANK_REGRESS","param_value_internal":8.0,"distribution":"{\"name\": \"IntDistribution\", \"attributes\": {\"log\": false, \"step\": 1, \"low\": 5, \"high\": 80}}"}
{"op_code":5,"worker_id":"87ef7649-de40-4bf6-94ee-ccfa3dc9cf99-137492948849792","trial_id":120,"param_name":"REG_W","param_value_internal":648.1166229517313,"distribution":"{\"name\": \"FloatDistribution\", \"attributes\": {\"step\": null, \"low\": 1e-05, \"high\": 1000.0, \"log\": true}}"}
{"op_code":5,"worker_id":"87ef7649-de40-4bf6-94ee-ccfa3dc9cf99-137492948849792","trial_id":120,"param_name":"USE_RMS_SCALING","param_value_internal":1,"distribution":"{\"name\": \"CategoricalDistribution\", \"attributes\": {\"choices\": [true, false]}}"}
{"op_code":0,"worker_id":"97e7c0da-70d1-4477-b381-e55a2b5f1e72-134512218174592","study_name":"cp_pred_levels_L4_residual_delta","directions":[2]}
{"op_code":4,"worker_id":"97e7c0da-70d1-4477-b381-e55a2b5f1e72-134512218174592","study_id":0,"datetime_start":"2026-05-02T11:56:58.388647"}
{"op_code":9,"worker_id":"97e7c0da-70d1-4477-b381-e55a2b5f1e72-134512218174592","trial_id":121,"system_attr":{"tpe:relative_params:0":"{\"RANK_REGRESS\": 28, \"REG_W\": 978.5272514925317, \"USE_RMS_SCALING\": true}"}}
{"op_code":0,"worker_id":"74a3535e-f32e-46f7-84f8-2581592eb137-135945006249088","study_name":"cp_pred_levels_L4_residual_delta","directions":[2]}
{"op_code":5,"worker_id":"97e7c0da-70d1-4477-b381-e55a2b5f1e72-134512218174592","trial_id":121,"param_name":"RANK_REGRESS","param_value_internal":28.0,"distribution":"{\"name\": \"IntDistribution\", \"attributes\": {\"log\": false, \"step\": 1, \"low\": 5, \"high\": 80}}"}
{"op_code":5,"worker_id":"97e7c0da-70d1-4477-b381-e55a2b5f1e72-134512218174592","trial_id":121,"param_name":"REG_W","param_value_internal":978.5272514925317,"distribution":"{\"name\": \"FloatDistribution\", \"attributes\": {\"step\": null, \"low\": 1e-05, \"high\": 1000.0, \"log\": true}}"}
{"op_code":5,"worker_id":"97e7c0da-70d1-4477-b381-e55a2b5f1e72-134512218174592","trial_id":121,"param_name":"USE_RMS_SCALING","param_value_internal":0,"distribution":"{\"name\": \"CategoricalDistribution\", \"attributes\": {\"choices\": [true, false]}}"}
{"op_code":4,"worker_id":"74a3535e-f32e-46f7-84f8-2581592eb137-135945006249088","study_id":0,"datetime_start":"2026-05-02T11:56:58.611944"}
{"op_code":9,"worker_id":"74a3535e-f32e-46f7-84f8-2581592eb137-135945006249088","trial_id":122,"system_attr":{"tpe:relative_params:0":"{\"RANK_REGRESS\": 21, \"REG_W\": 8.534006268263527, \"USE_RMS_SCALING\": false}"}}
{"op_code":5,"worker_id":"74a3535e-f32e-46f7-84f8-2581592eb137-135945006249088","trial_id":122,"param_name":"RANK_REGRESS","param_value_internal":21.0,"distribution":"{\"name\": \"IntDistribution\", \"attributes\": {\"log\": false, \"step\": 1, \"low\": 5, \"high\": 80}}"}
{"op_code":5,"worker_id":"74a3535e-f32e-46f7-84f8-2581592eb137-135945006249088","trial_id":122,"param_name":"REG_W","param_value_internal":8.534006268263527,"distribution":"{\"name\": \"FloatDistribution\", \"attributes\": {\"step\": null, \"low\": 1e-05, \"high\": 1000.0, \"log\": true}}"}
{"op_code":5,"worker_id":"74a3535e-f32e-46f7-84f8-2581592eb137-135945006249088","trial_id":122,"param_name":"USE_RMS_SCALING","param_value_internal":1,"distribution":"{\"name\": \"CategoricalDistribution\", \"attributes\": {\"choices\": [true, false]}}"}
{"op_code":0,"worker_id":"c808c688-a4f9-4d43-b257-ceb275621dbf-137652887647360","study_name":"cp_pred_levels_L4_residual_delta","directions":[2]}
{"op_code":4,"worker_id":"c808c688-a4f9-4d43-b257-ceb275621dbf-137652887647360","study_id":0,"datetime_start":"2026-05-02T11:57:00.961071"}
{"op_code":9,"worker_id":"c808c688-a4f9-4d43-b257-ceb275621dbf-137652887647360","trial_id":123,"system_attr":{"tpe:relative_params:0":"{\"RANK_REGRESS\": 19, \"REG_W\": 22.314202716067715, \"USE_RMS_SCALING\": false}"}}
{"op_code":5,"worker_id":"c808c688-a4f9-4d43-b257-ceb275621dbf-137652887647360","trial_id":123,"param_name":"RANK_REGRESS","param_value_internal":19.0,"distribution":"{\"name\": \"IntDistribution\", \"attributes\": {\"log\": false, \"step\": 1, \"low\": 5, \"high\": 80}}"}
{"op_code":5,"worker_id":"c808c688-a4f9-4d43-b257-ceb275621dbf-137652887647360","trial_id":123,"param_name":"REG_W","param_value_internal":22.314202716067715,"distribution":"{\"name\": \"FloatDistribution\", \"attributes\": {\"step\": null, \"low\": 1e-05, \"high\": 1000.0, \"log\": true}}"}
{"op_code":5,"worker_id":"c808c688-a4f9-4d43-b257-ceb275621dbf-137652887647360","trial_id":123,"param_name":"USE_RMS_SCALING","param_value_internal":1,"distribution":"{\"name\": \"CategoricalDistribution\", \"attributes\": {\"choices\": [true, false]}}"}
{"op_code":6,"worker_id":"320988e2-2697-4ac2-966b-5f6296cb1e81-126618107544704","trial_id":111,"state":1,"values":[-0.1714324379996742],"datetime_complete":"2026-05-02T13:40:49.177913"}
{"op_code":4,"worker_id":"320988e2-2697-4ac2-966b-5f6296cb1e81-126618107544704","study_id":0,"datetime_start":"2026-05-02T13:40:49.229013"}
{"op_code":9,"worker_id":"320988e2-2697-4ac2-966b-5f6296cb1e81-126618107544704","trial_id":124,"system_attr":{"tpe:relative_params:0":"{\"RANK_REGRESS\": 5, \"REG_W\": 61.628909307102845, \"USE_RMS_SCALING\": false}"}}
{"op_code":5,"worker_id":"320988e2-2697-4ac2-966b-5f6296cb1e81-126618107544704","trial_id":124,"param_name":"RANK_REGRESS","param_value_internal":5.0,"distribution":"{\"name\": \"IntDistribution\", \"attributes\": {\"log\": false, \"step\": 1, \"low\": 5, \"high\": 80}}"}
{"op_code":5,"worker_id":"320988e2-2697-4ac2-966b-5f6296cb1e81-126618107544704","trial_id":124,"param_name":"REG_W","param_value_internal":61.628909307102845,"distribution":"{\"name\": \"FloatDistribution\", \"attributes\": {\"step\": null, \"low\": 1e-05, \"high\": 1000.0, \"log\": true}}"}
{"op_code":5,"worker_id":"320988e2-2697-4ac2-966b-5f6296cb1e81-126618107544704","trial_id":124,"param_name":"USE_RMS_SCALING","param_value_internal":1,"distribution":"{\"name\": \"CategoricalDistribution\", \"attributes\": {\"choices\": [true, false]}}"}
{"op_code":6,"worker_id":"01c59027-b400-4772-8bc5-4d772e3b2e67-138900631532672","trial_id":113,"state":1,"values":[0.0],"datetime_complete":"2026-05-02T13:51:05.185881"}
{"op_code":4,"worker_id":"01c59027-b400-4772-8bc5-4d772e3b2e67-138900631532672","study_id":0,"datetime_start":"2026-05-02T13:51:05.249499"}
{"op_code":9,"worker_id":"01c59027-b400-4772-8bc5-4d772e3b2e67-138900631532672","trial_id":125,"system_attr":{"tpe:relative_params:0":"{\"RANK_REGRESS\": 15, \"REG_W\": 75.76333465784438, \"USE_RMS_SCALING\": false}"}}
{"op_code":5,"worker_id":"01c59027-b400-4772-8bc5-4d772e3b2e67-138900631532672","trial_id":125,"param_name":"RANK_REGRESS","param_value_internal":15.0,"distribution":"{\"name\": \"IntDistribution\", \"attributes\": {\"log\": false, \"step\": 1, \"low\": 5, \"high\": 80}}"}
{"op_code":5,"worker_id":"01c59027-b400-4772-8bc5-4d772e3b2e67-138900631532672","trial_id":125,"param_name":"REG_W","param_value_internal":75.76333465784438,"distribution":"{\"name\": \"FloatDistribution\", \"attributes\": {\"step\": null, \"low\": 1e-05, \"high\": 1000.0, \"log\": true}}"}
{"op_code":5,"worker_id":"01c59027-b400-4772-8bc5-4d772e3b2e67-138900631532672","trial_id":125,"param_name":"USE_RMS_SCALING","param_value_internal":1,"distribution":"{\"name\": \"CategoricalDistribution\", \"attributes\": {\"choices\": [true, false]}}"}
{"op_code":6,"worker_id":"234894fb-68cb-4559-968e-b828993762e7-128929875846272","trial_id":112,"state":1,"values":[0.0],"datetime_complete":"2026-05-02T13:59:17.948169"}
{"op_code":4,"worker_id":"234894fb-68cb-4559-968e-b828993762e7-128929875846272","study_id":0,"datetime_start":"2026-05-02T13:59:17.993328"}
{"op_code":9,"worker_id":"234894fb-68cb-4559-968e-b828993762e7-128929875846272","trial_id":126,"system_attr":{"tpe:relative_params:0":"{\"RANK_REGRESS\": 5, \"REG_W\": 8.064717417413828, \"USE_RMS_SCALING\": false}"}}
{"op_code":5,"worker_id":"234894fb-68cb-4559-968e-b828993762e7-128929875846272","trial_id":126,"param_name":"RANK_REGRESS","param_value_internal":5.0,"distribution":"{\"name\": \"IntDistribution\", \"attributes\": {\"log\": false, \"step\": 1, \"low\": 5, \"high\": 80}}"}
{"op_code":5,"worker_id":"234894fb-68cb-4559-968e-b828993762e7-128929875846272","trial_id":126,"param_name":"REG_W","param_value_internal":8.064717417413828,"distribution":"{\"name\": \"FloatDistribution\", \"attributes\": {\"step\": null, \"low\": 1e-05, \"high\": 1000.0, \"log\": true}}"}
{"op_code":5,"worker_id":"234894fb-68cb-4559-968e-b828993762e7-128929875846272","trial_id":126,"param_name":"USE_RMS_SCALING","param_value_internal":1,"distribution":"{\"name\": \"CategoricalDistribution\", \"attributes\": {\"choices\": [true, false]}}"}
{"op_code":6,"worker_id":"159accca-c6e1-41ad-98f3-bdae8381aef4-132310348166272","trial_id":103,"state":1,"values":[-0.15273245106592692],"datetime_complete":"2026-05-02T14:01:10.766344"}
{"op_code":4,"worker_id":"159accca-c6e1-41ad-98f3-bdae8381aef4-132310348166272","study_id":0,"datetime_start":"2026-05-02T14:01:10.812432"}
{"op_code":9,"worker_id":"159accca-c6e1-41ad-98f3-bdae8381aef4-132310348166272","trial_id":127,"system_attr":{"tpe:relative_params:0":"{\"RANK_REGRESS\": 5, \"REG_W\": 447.88971150621603, \"USE_RMS_SCALING\": false}"}}
{"op_code":5,"worker_id":"159accca-c6e1-41ad-98f3-bdae8381aef4-132310348166272","trial_id":127,"param_name":"RANK_REGRESS","param_value_internal":5.0,"distribution":"{\"name\": \"IntDistribution\", \"attributes\": {\"log\": false, \"step\": 1, \"low\": 5, \"high\": 80}}"}
{"op_code":5,"worker_id":"159accca-c6e1-41ad-98f3-bdae8381aef4-132310348166272","trial_id":127,"param_name":"REG_W","param_value_internal":447.88971150621603,"distribution":"{\"name\": \"FloatDistribution\", \"attributes\": {\"step\": null, \"low\": 1e-05, \"high\": 1000.0, \"log\": true}}"}
{"op_code":5,"worker_id":"159accca-c6e1-41ad-98f3-bdae8381aef4-132310348166272","trial_id":127,"param_name":"USE_RMS_SCALING","param_value_internal":1,"distribution":"{\"name\": \"CategoricalDistribution\", \"attributes\": {\"choices\": [true, false]}}"}
{"op_code":6,"worker_id":"9f4e2a1e-3853-49eb-98b1-7e489a8e963a-137209773606016","trial_id":108,"state":1,"values":[-0.005917361363932949],"datetime_complete":"2026-05-02T14:14:06.951996"}
{"op_code":4,"worker_id":"9f4e2a1e-3853-49eb-98b1-7e489a8e963a-137209773606016","study_id":0,"datetime_start":"2026-05-02T14:14:06.999411"}
{"op_code":9,"worker_id":"9f4e2a1e-3853-49eb-98b1-7e489a8e963a-137209773606016","trial_id":128,"system_attr":{"tpe:relative_params:0":"{\"RANK_REGRESS\": 22, \"REG_W\": 72.02038353391687, \"USE_RMS_SCALING\": false}"}}
{"op_code":5,"worker_id":"9f4e2a1e-3853-49eb-98b1-7e489a8e963a-137209773606016","trial_id":128,"param_name":"RANK_REGRESS","param_value_internal":22.0,"distribution":"{\"name\": \"IntDistribution\", \"attributes\": {\"log\": false, \"step\": 1, \"low\": 5, \"high\": 80}}"}
{"op_code":5,"worker_id":"9f4e2a1e-3853-49eb-98b1-7e489a8e963a-137209773606016","trial_id":128,"param_name":"REG_W","param_value_internal":72.02038353391687,"distribution":"{\"name\": \"FloatDistribution\", \"attributes\": {\"step\": null, \"low\": 1e-05, \"high\": 1000.0, \"log\": true}}"}
{"op_code":5,"worker_id":"9f4e2a1e-3853-49eb-98b1-7e489a8e963a-137209773606016","trial_id":128,"param_name":"USE_RMS_SCALING","param_value_internal":1,"distribution":"{\"name\": \"CategoricalDistribution\", \"attributes\": {\"choices\": [true, false]}}"}
{"op_code":6,"worker_id":"36274310-3bce-4afd-87a8-3105036b72a6-130272484930688","trial_id":116,"state":1,"values":[-0.057031862574006754],"datetime_complete":"2026-05-02T14:22:16.350683"}
{"op_code":4,"worker_id":"36274310-3bce-4afd-87a8-3105036b72a6-130272484930688","study_id":0,"datetime_start":"2026-05-02T14:22:16.423431"}
{"op_code":9,"worker_id":"36274310-3bce-4afd-87a8-3105036b72a6-130272484930688","trial_id":129,"system_attr":{"tpe:relative_params:0":"{\"RANK_REGRESS\": 11, \"REG_W\": 11.681684201616484, \"USE_RMS_SCALING\": true}"}}
{"op_code":5,"worker_id":"36274310-3bce-4afd-87a8-3105036b72a6-130272484930688","trial_id":129,"param_name":"RANK_REGRESS","param_value_internal":11.0,"distribution":"{\"name\": \"IntDistribution\", \"attributes\": {\"log\": false, \"step\": 1, \"low\": 5, \"high\": 80}}"}
{"op_code":5,"worker_id":"36274310-3bce-4afd-87a8-3105036b72a6-130272484930688","trial_id":129,"param_name":"REG_W","param_value_internal":11.681684201616484,"distribution":"{\"name\": \"FloatDistribution\", \"attributes\": {\"step\": null, \"low\": 1e-05, \"high\": 1000.0, \"log\": true}}"}
{"op_code":5,"worker_id":"36274310-3bce-4afd-87a8-3105036b72a6-130272484930688","trial_id":129,"param_name":"USE_RMS_SCALING","param_value_internal":0,"distribution":"{\"name\": \"CategoricalDistribution\", \"attributes\": {\"choices\": [true, false]}}"}
{"op_code":6,"worker_id":"e474d35e-da29-4969-be40-3124040b533f-138868773540992","trial_id":117,"state":1,"values":[-0.029766984402472385],"datetime_complete":"2026-05-02T14:26:30.132164"}
{"op_code":4,"worker_id":"e474d35e-da29-4969-be40-3124040b533f-138868773540992","study_id":0,"datetime_start":"2026-05-02T14:26:30.177663"}
{"op_code":9,"worker_id":"e474d35e-da29-4969-be40-3124040b533f-138868773540992","trial_id":130,"system_attr":{"tpe:relative_params:0":"{\"RANK_REGRESS\": 7, \"REG_W\": 718.0724239155927, \"USE_RMS_SCALING\": true}"}}
{"op_code":5,"worker_id":"e474d35e-da29-4969-be40-3124040b533f-138868773540992","trial_id":130,"param_name":"RANK_REGRESS","param_value_internal":7.0,"distribution":"{\"name\": \"IntDistribution\", \"attributes\": {\"log\": false, \"step\": 1, \"low\": 5, \"high\": 80}}"}
{"op_code":5,"worker_id":"e474d35e-da29-4969-be40-3124040b533f-138868773540992","trial_id":130,"param_name":"REG_W","param_value_internal":718.0724239155927,"distribution":"{\"name\": \"FloatDistribution\", \"attributes\": {\"step\": null, \"low\": 1e-05, \"high\": 1000.0, \"log\": true}}"}
{"op_code":5,"worker_id":"e474d35e-da29-4969-be40-3124040b533f-138868773540992","trial_id":130,"param_name":"USE_RMS_SCALING","param_value_internal":0,"distribution":"{\"name\": \"CategoricalDistribution\", \"attributes\": {\"choices\": [true, false]}}"}
{"op_code":6,"worker_id":"87ef7649-de40-4bf6-94ee-ccfa3dc9cf99-137492948849792","trial_id":120,"state":1,"values":[0.0],"datetime_complete":"2026-05-02T15:14:06.727457"}
{"op_code":4,"worker_id":"87ef7649-de40-4bf6-94ee-ccfa3dc9cf99-137492948849792","study_id":0,"datetime_start":"2026-05-02T15:14:06.778257"}
{"op_code":9,"worker_id":"87ef7649-de40-4bf6-94ee-ccfa3dc9cf99-137492948849792","trial_id":131,"system_attr":{"tpe:relative_params:0":"{\"RANK_REGRESS\": 25, \"REG_W\": 809.4675781727142, \"USE_RMS_SCALING\": false}"}}
{"op_code":5,"worker_id":"87ef7649-de40-4bf6-94ee-ccfa3dc9cf99-137492948849792","trial_id":131,"param_name":"RANK_REGRESS","param_value_internal":25.0,"distribution":"{\"name\": \"IntDistribution\", \"attributes\": {\"log\": false, \"step\": 1, \"low\": 5, \"high\": 80}}"}
{"op_code":5,"worker_id":"87ef7649-de40-4bf6-94ee-ccfa3dc9cf99-137492948849792","trial_id":131,"param_name":"REG_W","param_value_internal":809.4675781727142,"distribution":"{\"name\": \"FloatDistribution\", \"attributes\": {\"step\": null, \"low\": 1e-05, \"high\": 1000.0, \"log\": true}}"}
{"op_code":5,"worker_id":"87ef7649-de40-4bf6-94ee-ccfa3dc9cf99-137492948849792","trial_id":131,"param_name":"USE_RMS_SCALING","param_value_internal":1,"distribution":"{\"name\": \"CategoricalDistribution\", \"attributes\": {\"choices\": [true, false]}}"}
{"op_code":6,"worker_id":"320988e2-2697-4ac2-966b-5f6296cb1e81-126618107544704","trial_id":124,"state":1,"values":[0.0006224643791877075],"datetime_complete":"2026-05-02T15:24:02.141171"}
{"op_code":4,"worker_id":"320988e2-2697-4ac2-966b-5f6296cb1e81-126618107544704","study_id":0,"datetime_start":"2026-05-02T15:24:02.215975"}
{"op_code":9,"worker_id":"320988e2-2697-4ac2-966b-5f6296cb1e81-126618107544704","trial_id":132,"system_attr":{"tpe:relative_params:0":"{\"RANK_REGRESS\": 5, \"REG_W\": 65.61052766509616, \"USE_RMS_SCALING\": false}"}}
{"op_code":5,"worker_id":"320988e2-2697-4ac2-966b-5f6296cb1e81-126618107544704","trial_id":132,"param_name":"RANK_REGRESS","param_value_internal":5.0,"distribution":"{\"name\": \"IntDistribution\", \"attributes\": {\"log\": false, \"step\": 1, \"low\": 5, \"high\": 80}}"}
{"op_code":5,"worker_id":"320988e2-2697-4ac2-966b-5f6296cb1e81-126618107544704","trial_id":132,"param_name":"REG_W","param_value_internal":65.61052766509616,"distribution":"{\"name\": \"FloatDistribution\", \"attributes\": {\"step\": null, \"low\": 1e-05, \"high\": 1000.0, \"log\": true}}"}
{"op_code":5,"worker_id":"320988e2-2697-4ac2-966b-5f6296cb1e81-126618107544704","trial_id":132,"param_name":"USE_RMS_SCALING","param_value_internal":1,"distribution":"{\"name\": \"CategoricalDistribution\", \"attributes\": {\"choices\": [true, false]}}"}
{"op_code":6,"worker_id":"159accca-c6e1-41ad-98f3-bdae8381aef4-132310348166272","trial_id":127,"state":1,"values":[0.0],"datetime_complete":"2026-05-02T15:39:49.420873"}
{"op_code":4,"worker_id":"159accca-c6e1-41ad-98f3-bdae8381aef4-132310348166272","study_id":0,"datetime_start":"2026-05-02T15:39:49.471981"}
{"op_code":9,"worker_id":"159accca-c6e1-41ad-98f3-bdae8381aef4-132310348166272","trial_id":133,"system_attr":{"tpe:relative_params:0":"{\"RANK_REGRESS\": 6, \"REG_W\": 947.2169584762994, \"USE_RMS_SCALING\": false}"}}
{"op_code":5,"worker_id":"159accca-c6e1-41ad-98f3-bdae8381aef4-132310348166272","trial_id":133,"param_name":"RANK_REGRESS","param_value_internal":6.0,"distribution":"{\"name\": \"IntDistribution\", \"attributes\": {\"log\": false, \"step\": 1, \"low\": 5, \"high\": 80}}"}
{"op_code":5,"worker_id":"159accca-c6e1-41ad-98f3-bdae8381aef4-132310348166272","trial_id":133,"param_name":"REG_W","param_value_internal":947.2169584762994,"distribution":"{\"name\": \"FloatDistribution\", \"attributes\": {\"step\": null, \"low\": 1e-05, \"high\": 1000.0, \"log\": true}}"}
{"op_code":5,"worker_id":"159accca-c6e1-41ad-98f3-bdae8381aef4-132310348166272","trial_id":133,"param_name":"USE_RMS_SCALING","param_value_internal":1,"distribution":"{\"name\": \"CategoricalDistribution\", \"attributes\": {\"choices\": [true, false]}}"}
{"op_code":6,"worker_id":"656cdb61-afdc-4934-8f1b-1e2cb673b655-125895533204608","trial_id":109,"state":1,"values":[0.0],"datetime_complete":"2026-05-02T15:54:29.260666"}
{"op_code":4,"worker_id":"656cdb61-afdc-4934-8f1b-1e2cb673b655-125895533204608","study_id":0,"datetime_start":"2026-05-02T15:54:29.320641"}
{"op_code":9,"worker_id":"656cdb61-afdc-4934-8f1b-1e2cb673b655-125895533204608","trial_id":134,"system_attr":{"tpe:relative_params:0":"{\"RANK_REGRESS\": 6, \"REG_W\": 7.836959026116412, \"USE_RMS_SCALING\": false}"}}
{"op_code":5,"worker_id":"656cdb61-afdc-4934-8f1b-1e2cb673b655-125895533204608","trial_id":134,"param_name":"RANK_REGRESS","param_value_internal":6.0,"distribution":"{\"name\": \"IntDistribution\", \"attributes\": {\"log\": false, \"step\": 1, \"low\": 5, \"high\": 80}}"}
{"op_code":5,"worker_id":"656cdb61-afdc-4934-8f1b-1e2cb673b655-125895533204608","trial_id":134,"param_name":"REG_W","param_value_internal":7.836959026116412,"distribution":"{\"name\": \"FloatDistribution\", \"attributes\": {\"step\": null, \"low\": 1e-05, \"high\": 1000.0, \"log\": true}}"}
{"op_code":5,"worker_id":"656cdb61-afdc-4934-8f1b-1e2cb673b655-125895533204608","trial_id":134,"param_name":"USE_RMS_SCALING","param_value_internal":1,"distribution":"{\"name\": \"CategoricalDistribution\", \"attributes\": {\"choices\": [true, false]}}"}
{"op_code":6,"worker_id":"234894fb-68cb-4559-968e-b828993762e7-128929875846272","trial_id":126,"state":1,"values":[-0.11275998795497066],"datetime_complete":"2026-05-02T16:01:05.149760"}
{"op_code":4,"worker_id":"234894fb-68cb-4559-968e-b828993762e7-128929875846272","study_id":0,"datetime_start":"2026-05-02T16:01:05.198862"}
{"op_code":9,"worker_id":"234894fb-68cb-4559-968e-b828993762e7-128929875846272","trial_id":135,"system_attr":{"tpe:relative_params:0":"{\"RANK_REGRESS\": 14, \"REG_W\": 30.09888968461347, \"USE_RMS_SCALING\": false}"}}
{"op_code":5,"worker_id":"234894fb-68cb-4559-968e-b828993762e7-128929875846272","trial_id":135,"param_name":"RANK_REGRESS","param_value_internal":14.0,"distribution":"{\"name\": \"IntDistribution\", \"attributes\": {\"log\": false, \"step\": 1, \"low\": 5, \"high\": 80}}"}
{"op_code":5,"worker_id":"234894fb-68cb-4559-968e-b828993762e7-128929875846272","trial_id":135,"param_name":"REG_W","param_value_internal":30.09888968461347,"distribution":"{\"name\": \"FloatDistribution\", \"attributes\": {\"step\": null, \"low\": 1e-05, \"high\": 1000.0, \"log\": true}}"}
{"op_code":5,"worker_id":"234894fb-68cb-4559-968e-b828993762e7-128929875846272","trial_id":135,"param_name":"USE_RMS_SCALING","param_value_internal":1,"distribution":"{\"name\": \"CategoricalDistribution\", \"attributes\": {\"choices\": [true, false]}}"}
{"op_code":6,"worker_id":"4a6928af-80f0-4586-a6f5-8f5e4acc10d2-129972617393280","trial_id":115,"state":1,"values":[-0.30861516501627834],"datetime_complete":"2026-05-02T16:02:23.488640"}
{"op_code":4,"worker_id":"4a6928af-80f0-4586-a6f5-8f5e4acc10d2-129972617393280","study_id":0,"datetime_start":"2026-05-02T16:02:23.552898"}
{"op_code":9,"worker_id":"4a6928af-80f0-4586-a6f5-8f5e4acc10d2-129972617393280","trial_id":136,"system_attr":{"tpe:relative_params:0":"{\"RANK_REGRESS\": 7, \"REG_W\": 21.443284321056616, \"USE_RMS_SCALING\": false}"}}
{"op_code":5,"worker_id":"4a6928af-80f0-4586-a6f5-8f5e4acc10d2-129972617393280","trial_id":136,"param_name":"RANK_REGRESS","param_value_internal":7.0,"distribution":"{\"name\": \"IntDistribution\", \"attributes\": {\"log\": false, \"step\": 1, \"low\": 5, \"high\": 80}}"}
{"op_code":5,"worker_id":"4a6928af-80f0-4586-a6f5-8f5e4acc10d2-129972617393280","trial_id":136,"param_name":"REG_W","param_value_internal":21.443284321056616,"distribution":"{\"name\": \"FloatDistribution\", \"attributes\": {\"step\": null, \"low\": 1e-05, \"high\": 1000.0, \"log\": true}}"}
{"op_code":5,"worker_id":"4a6928af-80f0-4586-a6f5-8f5e4acc10d2-129972617393280","trial_id":136,"param_name":"USE_RMS_SCALING","param_value_internal":1,"distribution":"{\"name\": \"CategoricalDistribution\", \"attributes\": {\"choices\": [true, false]}}"}
{"op_code":6,"worker_id":"731ed2db-9c1d-4c2b-8c3f-719830c0aabc-138252154877056","trial_id":106,"state":1,"values":[0.0],"datetime_complete":"2026-05-02T16:27:34.888828"}
{"op_code":4,"worker_id":"731ed2db-9c1d-4c2b-8c3f-719830c0aabc-138252154877056","study_id":0,"datetime_start":"2026-05-02T16:27:34.941344"}
{"op_code":9,"worker_id":"731ed2db-9c1d-4c2b-8c3f-719830c0aabc-138252154877056","trial_id":137,"system_attr":{"tpe:relative_params:0":"{\"RANK_REGRESS\": 8, \"REG_W\": 64.65905085331578, \"USE_RMS_SCALING\": false}"}}
{"op_code":5,"worker_id":"731ed2db-9c1d-4c2b-8c3f-719830c0aabc-138252154877056","trial_id":137,"param_name":"RANK_REGRESS","param_value_internal":8.0,"distribution":"{\"name\": \"IntDistribution\", \"attributes\": {\"log\": false, \"step\": 1, \"low\": 5, \"high\": 80}}"}
{"op_code":5,"worker_id":"731ed2db-9c1d-4c2b-8c3f-719830c0aabc-138252154877056","trial_id":137,"param_name":"REG_W","param_value_internal":64.65905085331578,"distribution":"{\"name\": \"FloatDistribution\", \"attributes\": {\"step\": null, \"low\": 1e-05, \"high\": 1000.0, \"log\": true}}"}
{"op_code":5,"worker_id":"731ed2db-9c1d-4c2b-8c3f-719830c0aabc-138252154877056","trial_id":137,"param_name":"USE_RMS_SCALING","param_value_internal":1,"distribution":"{\"name\": \"CategoricalDistribution\", \"attributes\": {\"choices\": [true, false]}}"}
{"op_code":6,"worker_id":"320988e2-2697-4ac2-966b-5f6296cb1e81-126618107544704","trial_id":132,"state":1,"values":[0.004505799125020656],"datetime_complete":"2026-05-02T17:05:34.404818"}
{"op_code":4,"worker_id":"320988e2-2697-4ac2-966b-5f6296cb1e81-126618107544704","study_id":0,"datetime_start":"2026-05-02T17:05:34.468353"}
{"op_code":9,"worker_id":"320988e2-2697-4ac2-966b-5f6296cb1e81-126618107544704","trial_id":138,"system_attr":{"tpe:relative_params:0":"{\"RANK_REGRESS\": 5, \"REG_W\": 26.492228305858163, \"USE_RMS_SCALING\": false}"}}
{"op_code":5,"worker_id":"320988e2-2697-4ac2-966b-5f6296cb1e81-126618107544704","trial_id":138,"param_name":"RANK_REGRESS","param_value_internal":5.0,"distribution":"{\"name\": \"IntDistribution\", \"attributes\": {\"log\": false, \"step\": 1, \"low\": 5, \"high\": 80}}"}
{"op_code":5,"worker_id":"320988e2-2697-4ac2-966b-5f6296cb1e81-126618107544704","trial_id":138,"param_name":"REG_W","param_value_internal":26.492228305858163,"distribution":"{\"name\": \"FloatDistribution\", \"attributes\": {\"step\": null, \"low\": 1e-05, \"high\": 1000.0, \"log\": true}}"}
{"op_code":5,"worker_id":"320988e2-2697-4ac2-966b-5f6296cb1e81-126618107544704","trial_id":138,"param_name":"USE_RMS_SCALING","param_value_internal":1,"distribution":"{\"name\": \"CategoricalDistribution\", \"attributes\": {\"choices\": [true, false]}}"}
{"op_code":6,"worker_id":"e474d35e-da29-4969-be40-3124040b533f-138868773540992","trial_id":130,"state":1,"values":[0.0],"datetime_complete":"2026-05-02T17:28:59.849319"}
{"op_code":4,"worker_id":"e474d35e-da29-4969-be40-3124040b533f-138868773540992","study_id":0,"datetime_start":"2026-05-02T17:28:59.903739"}
{"op_code":9,"worker_id":"e474d35e-da29-4969-be40-3124040b533f-138868773540992","trial_id":139,"system_attr":{"tpe:relative_params:0":"{\"RANK_REGRESS\": 8, \"REG_W\": 293.9941168279318, \"USE_RMS_SCALING\": false}"}}
{"op_code":5,"worker_id":"e474d35e-da29-4969-be40-3124040b533f-138868773540992","trial_id":139,"param_name":"RANK_REGRESS","param_value_internal":8.0,"distribution":"{\"name\": \"IntDistribution\", \"attributes\": {\"log\": false, \"step\": 1, \"low\": 5, \"high\": 80}}"}
{"op_code":5,"worker_id":"e474d35e-da29-4969-be40-3124040b533f-138868773540992","trial_id":139,"param_name":"REG_W","param_value_internal":293.9941168279318,"distribution":"{\"name\": \"FloatDistribution\", \"attributes\": {\"step\": null, \"low\": 1e-05, \"high\": 1000.0, \"log\": true}}"}
{"op_code":5,"worker_id":"e474d35e-da29-4969-be40-3124040b533f-138868773540992","trial_id":139,"param_name":"USE_RMS_SCALING","param_value_internal":1,"distribution":"{\"name\": \"CategoricalDistribution\", \"attributes\": {\"choices\": [true, false]}}"}
{"op_code":6,"worker_id":"159accca-c6e1-41ad-98f3-bdae8381aef4-132310348166272","trial_id":133,"state":1,"values":[0.0],"datetime_complete":"2026-05-02T17:46:51.658250"}
{"op_code":4,"worker_id":"159accca-c6e1-41ad-98f3-bdae8381aef4-132310348166272","study_id":0,"datetime_start":"2026-05-02T17:46:51.714572"}
{"op_code":9,"worker_id":"159accca-c6e1-41ad-98f3-bdae8381aef4-132310348166272","trial_id":140,"system_attr":{"tpe:relative_params:0":"{\"RANK_REGRESS\": 17, \"REG_W\": 23.164074333986605, \"USE_RMS_SCALING\": true}"}}
{"op_code":5,"worker_id":"159accca-c6e1-41ad-98f3-bdae8381aef4-132310348166272","trial_id":140,"param_name":"RANK_REGRESS","param_value_internal":17.0,"distribution":"{\"name\": \"IntDistribution\", \"attributes\": {\"log\": false, \"step\": 1, \"low\": 5, \"high\": 80}}"}
{"op_code":5,"worker_id":"159accca-c6e1-41ad-98f3-bdae8381aef4-132310348166272","trial_id":140,"param_name":"REG_W","param_value_internal":23.164074333986605,"distribution":"{\"name\": \"FloatDistribution\", \"attributes\": {\"step\": null, \"low\": 1e-05, \"high\": 1000.0, \"log\": true}}"}
{"op_code":5,"worker_id":"159accca-c6e1-41ad-98f3-bdae8381aef4-132310348166272","trial_id":140,"param_name":"USE_RMS_SCALING","param_value_internal":0,"distribution":"{\"name\": \"CategoricalDistribution\", \"attributes\": {\"choices\": [true, false]}}"}
{"op_code":6,"worker_id":"eb6a6df7-b8ff-4cc5-b997-2ffa20104c3e-135809937060992","trial_id":104,"state":1,"values":[-0.005854980328181214],"datetime_complete":"2026-05-02T18:15:18.036186"}
{"op_code":4,"worker_id":"eb6a6df7-b8ff-4cc5-b997-2ffa20104c3e-135809937060992","study_id":0,"datetime_start":"2026-05-02T18:15:18.110464"}
{"op_code":9,"worker_id":"eb6a6df7-b8ff-4cc5-b997-2ffa20104c3e-135809937060992","trial_id":141,"system_attr":{"tpe:relative_params:0":"{\"RANK_REGRESS\": 5, \"REG_W\": 4.599407402797918, \"USE_RMS_SCALING\": true}"}}
{"op_code":5,"worker_id":"eb6a6df7-b8ff-4cc5-b997-2ffa20104c3e-135809937060992","trial_id":141,"param_name":"RANK_REGRESS","param_value_internal":5.0,"distribution":"{\"name\": \"IntDistribution\", \"attributes\": {\"log\": false, \"step\": 1, \"low\": 5, \"high\": 80}}"}
{"op_code":5,"worker_id":"eb6a6df7-b8ff-4cc5-b997-2ffa20104c3e-135809937060992","trial_id":141,"param_name":"REG_W","param_value_internal":4.599407402797918,"distribution":"{\"name\": \"FloatDistribution\", \"attributes\": {\"step\": null, \"low\": 1e-05, \"high\": 1000.0, \"log\": true}}"}
{"op_code":5,"worker_id":"eb6a6df7-b8ff-4cc5-b997-2ffa20104c3e-135809937060992","trial_id":141,"param_name":"USE_RMS_SCALING","param_value_internal":0,"distribution":"{\"name\": \"CategoricalDistribution\", \"attributes\": {\"choices\": [true, false]}}"}
{"op_code":6,"worker_id":"656cdb61-afdc-4934-8f1b-1e2cb673b655-125895533204608","trial_id":134,"state":1,"values":[-0.10973649794202112],"datetime_complete":"2026-05-02T18:21:01.417508"}
{"op_code":4,"worker_id":"656cdb61-afdc-4934-8f1b-1e2cb673b655-125895533204608","study_id":0,"datetime_start":"2026-05-02T18:21:01.471710"}
{"op_code":9,"worker_id":"656cdb61-afdc-4934-8f1b-1e2cb673b655-125895533204608","trial_id":142,"system_attr":{"tpe:relative_params:0":"{\"RANK_REGRESS\": 10, \"REG_W\": 0.41723990775247527, \"USE_RMS_SCALING\": false}"}}
{"op_code":5,"worker_id":"656cdb61-afdc-4934-8f1b-1e2cb673b655-125895533204608","trial_id":142,"param_name":"RANK_REGRESS","param_value_internal":10.0,"distribution":"{\"name\": \"IntDistribution\", \"attributes\": {\"log\": false, \"step\": 1, \"low\": 5, \"high\": 80}}"}
{"op_code":5,"worker_id":"656cdb61-afdc-4934-8f1b-1e2cb673b655-125895533204608","trial_id":142,"param_name":"REG_W","param_value_internal":0.41723990775247527,"distribution":"{\"name\": \"FloatDistribution\", \"attributes\": {\"step\": null, \"low\": 1e-05, \"high\": 1000.0, \"log\": true}}"}
{"op_code":5,"worker_id":"656cdb61-afdc-4934-8f1b-1e2cb673b655-125895533204608","trial_id":142,"param_name":"USE_RMS_SCALING","param_value_internal":1,"distribution":"{\"name\": \"CategoricalDistribution\", \"attributes\": {\"choices\": [true, false]}}"}
{"op_code":6,"worker_id":"36274310-3bce-4afd-87a8-3105036b72a6-130272484930688","trial_id":129,"state":1,"values":[-0.009533055667826954],"datetime_complete":"2026-05-02T18:22:19.672761"}
{"op_code":4,"worker_id":"36274310-3bce-4afd-87a8-3105036b72a6-130272484930688","study_id":0,"datetime_start":"2026-05-02T18:22:19.710882"}
{"op_code":9,"worker_id":"36274310-3bce-4afd-87a8-3105036b72a6-130272484930688","trial_id":143,"system_attr":{"tpe:relative_params:0":"{\"RANK_REGRESS\": 7, \"REG_W\": 41.543088633695625, \"USE_RMS_SCALING\": false}"}}
{"op_code":5,"worker_id":"36274310-3bce-4afd-87a8-3105036b72a6-130272484930688","trial_id":143,"param_name":"RANK_REGRESS","param_value_internal":7.0,"distribution":"{\"name\": \"IntDistribution\", \"attributes\": {\"log\": false, \"step\": 1, \"low\": 5, \"high\": 80}}"}
{"op_code":5,"worker_id":"36274310-3bce-4afd-87a8-3105036b72a6-130272484930688","trial_id":143,"param_name":"REG_W","param_value_internal":41.543088633695625,"distribution":"{\"name\": \"FloatDistribution\", \"attributes\": {\"step\": null, \"low\": 1e-05, \"high\": 1000.0, \"log\": true}}"}
{"op_code":5,"worker_id":"36274310-3bce-4afd-87a8-3105036b72a6-130272484930688","trial_id":143,"param_name":"USE_RMS_SCALING","param_value_internal":1,"distribution":"{\"name\": \"CategoricalDistribution\", \"attributes\": {\"choices\": [true, false]}}"}
{"op_code":6,"worker_id":"4a6928af-80f0-4586-a6f5-8f5e4acc10d2-129972617393280","trial_id":136,"state":1,"values":[-0.04510687393497326],"datetime_complete":"2026-05-02T18:43:02.954729"}
{"op_code":4,"worker_id":"4a6928af-80f0-4586-a6f5-8f5e4acc10d2-129972617393280","study_id":0,"datetime_start":"2026-05-02T18:43:03.007430"}
{"op_code":9,"worker_id":"4a6928af-80f0-4586-a6f5-8f5e4acc10d2-129972617393280","trial_id":144,"system_attr":{"tpe:relative_params:0":"{\"RANK_REGRESS\": 6, \"REG_W\": 33.81836272096149, \"USE_RMS_SCALING\": false}"}}
{"op_code":5,"worker_id":"4a6928af-80f0-4586-a6f5-8f5e4acc10d2-129972617393280","trial_id":144,"param_name":"RANK_REGRESS","param_value_internal":6.0,"distribution":"{\"name\": \"IntDistribution\", \"attributes\": {\"log\": false, \"step\": 1, \"low\": 5, \"high\": 80}}"}
{"op_code":5,"worker_id":"4a6928af-80f0-4586-a6f5-8f5e4acc10d2-129972617393280","trial_id":144,"param_name":"REG_W","param_value_internal":33.81836272096149,"distribution":"{\"name\": \"FloatDistribution\", \"attributes\": {\"step\": null, \"low\": 1e-05, \"high\": 1000.0, \"log\": true}}"}
{"op_code":5,"worker_id":"4a6928af-80f0-4586-a6f5-8f5e4acc10d2-129972617393280","trial_id":144,"param_name":"USE_RMS_SCALING","param_value_internal":1,"distribution":"{\"name\": \"CategoricalDistribution\", \"attributes\": {\"choices\": [true, false]}}"}
{"op_code":6,"worker_id":"320988e2-2697-4ac2-966b-5f6296cb1e81-126618107544704","trial_id":138,"state":1,"values":[-0.009473215570832841],"datetime_complete":"2026-05-02T18:49:13.041765"}
{"op_code":4,"worker_id":"320988e2-2697-4ac2-966b-5f6296cb1e81-126618107544704","study_id":0,"datetime_start":"2026-05-02T18:49:13.099492"}
{"op_code":9,"worker_id":"320988e2-2697-4ac2-966b-5f6296cb1e81-126618107544704","trial_id":145,"system_attr":{"tpe:relative_params:0":"{\"RANK_REGRESS\": 20, \"REG_W\": 95.80628841623746, \"USE_RMS_SCALING\": false}"}}
{"op_code":5,"worker_id":"320988e2-2697-4ac2-966b-5f6296cb1e81-126618107544704","trial_id":145,"param_name":"RANK_REGRESS","param_value_internal":20.0,"distribution":"{\"name\": \"IntDistribution\", \"attributes\": {\"log\": false, \"step\": 1, \"low\": 5, \"high\": 80}}"}
{"op_code":5,"worker_id":"320988e2-2697-4ac2-966b-5f6296cb1e81-126618107544704","trial_id":145,"param_name":"REG_W","param_value_internal":95.80628841623746,"distribution":"{\"name\": \"FloatDistribution\", \"attributes\": {\"step\": null, \"low\": 1e-05, \"high\": 1000.0, \"log\": true}}"}
{"op_code":5,"worker_id":"320988e2-2697-4ac2-966b-5f6296cb1e81-126618107544704","trial_id":145,"param_name":"USE_RMS_SCALING","param_value_internal":1,"distribution":"{\"name\": \"CategoricalDistribution\", \"attributes\": {\"choices\": [true, false]}}"}
{"op_code":6,"worker_id":"731ed2db-9c1d-4c2b-8c3f-719830c0aabc-138252154877056","trial_id":137,"state":1,"values":[-0.0028850911789655895],"datetime_complete":"2026-05-02T19:36:50.357559"}
{"op_code":4,"worker_id":"731ed2db-9c1d-4c2b-8c3f-719830c0aabc-138252154877056","study_id":0,"datetime_start":"2026-05-02T19:36:50.402251"}
{"op_code":9,"worker_id":"731ed2db-9c1d-4c2b-8c3f-719830c0aabc-138252154877056","trial_id":146,"system_attr":{"tpe:relative_params:0":"{\"RANK_REGRESS\": 5, \"REG_W\": 115.78699302940652, \"USE_RMS_SCALING\": false}"}}
{"op_code":5,"worker_id":"731ed2db-9c1d-4c2b-8c3f-719830c0aabc-138252154877056","trial_id":146,"param_name":"RANK_REGRESS","param_value_internal":5.0,"distribution":"{\"name\": \"IntDistribution\", \"attributes\": {\"log\": false, \"step\": 1, \"low\": 5, \"high\": 80}}"}
{"op_code":5,"worker_id":"731ed2db-9c1d-4c2b-8c3f-719830c0aabc-138252154877056","trial_id":146,"param_name":"REG_W","param_value_internal":115.78699302940652,"distribution":"{\"name\": \"FloatDistribution\", \"attributes\": {\"step\": null, \"low\": 1e-05, \"high\": 1000.0, \"log\": true}}"}
{"op_code":5,"worker_id":"731ed2db-9c1d-4c2b-8c3f-719830c0aabc-138252154877056","trial_id":146,"param_name":"USE_RMS_SCALING","param_value_internal":1,"distribution":"{\"name\": \"CategoricalDistribution\", \"attributes\": {\"choices\": [true, false]}}"}
{"op_code":6,"worker_id":"3b2533f6-43e9-437d-85a0-295c0dd0e2fc-126888138048640","trial_id":107,"state":1,"values":[-0.13132268483097934],"datetime_complete":"2026-05-02T19:57:25.354654"}
{"op_code":4,"worker_id":"3b2533f6-43e9-437d-85a0-295c0dd0e2fc-126888138048640","study_id":0,"datetime_start":"2026-05-02T19:57:25.407316"}
{"op_code":9,"worker_id":"3b2533f6-43e9-437d-85a0-295c0dd0e2fc-126888138048640","trial_id":147,"system_attr":{"tpe:relative_params:0":"{\"RANK_REGRESS\": 18, \"REG_W\": 25.115021635583346, \"USE_RMS_SCALING\": false}"}}
{"op_code":5,"worker_id":"3b2533f6-43e9-437d-85a0-295c0dd0e2fc-126888138048640","trial_id":147,"param_name":"RANK_REGRESS","param_value_internal":18.0,"distribution":"{\"name\": \"IntDistribution\", \"attributes\": {\"log\": false, \"step\": 1, \"low\": 5, \"high\": 80}}"}
{"op_code":5,"worker_id":"3b2533f6-43e9-437d-85a0-295c0dd0e2fc-126888138048640","trial_id":147,"param_name":"REG_W","param_value_internal":25.115021635583346,"distribution":"{\"name\": \"FloatDistribution\", \"attributes\": {\"step\": null, \"low\": 1e-05, \"high\": 1000.0, \"log\": true}}"}
{"op_code":5,"worker_id":"3b2533f6-43e9-437d-85a0-295c0dd0e2fc-126888138048640","trial_id":147,"param_name":"USE_RMS_SCALING","param_value_internal":1,"distribution":"{\"name\": \"CategoricalDistribution\", \"attributes\": {\"choices\": [true, false]}}"}
{"op_code":6,"worker_id":"8c44bfc9-af08-4e13-90c7-98a1da27837f-133426822030464","trial_id":118,"state":1,"values":[0.0],"datetime_complete":"2026-05-02T20:11:19.152928"}
{"op_code":4,"worker_id":"8c44bfc9-af08-4e13-90c7-98a1da27837f-133426822030464","study_id":0,"datetime_start":"2026-05-02T20:11:19.211982"}
{"op_code":9,"worker_id":"8c44bfc9-af08-4e13-90c7-98a1da27837f-133426822030464","trial_id":148,"system_attr":{"tpe:relative_params:0":"{\"RANK_REGRESS\": 20, \"REG_W\": 104.3302926185241, \"USE_RMS_SCALING\": false}"}}
{"op_code":5,"worker_id":"8c44bfc9-af08-4e13-90c7-98a1da27837f-133426822030464","trial_id":148,"param_name":"RANK_REGRESS","param_value_internal":20.0,"distribution":"{\"name\": \"IntDistribution\", \"attributes\": {\"log\": false, \"step\": 1, \"low\": 5, \"high\": 80}}"}
{"op_code":5,"worker_id":"8c44bfc9-af08-4e13-90c7-98a1da27837f-133426822030464","trial_id":148,"param_name":"REG_W","param_value_internal":104.3302926185241,"distribution":"{\"name\": \"FloatDistribution\", \"attributes\": {\"step\": null, \"low\": 1e-05, \"high\": 1000.0, \"log\": true}}"}
{"op_code":5,"worker_id":"8c44bfc9-af08-4e13-90c7-98a1da27837f-133426822030464","trial_id":148,"param_name":"USE_RMS_SCALING","param_value_internal":1,"distribution":"{\"name\": \"CategoricalDistribution\", \"attributes\": {\"choices\": [true, false]}}"}
{"op_code":6,"worker_id":"eb6a6df7-b8ff-4cc5-b997-2ffa20104c3e-135809937060992","trial_id":141,"state":1,"values":[-0.02009324852555235],"datetime_complete":"2026-05-02T20:14:13.885922"}
{"op_code":4,"worker_id":"eb6a6df7-b8ff-4cc5-b997-2ffa20104c3e-135809937060992","study_id":0,"datetime_start":"2026-05-02T20:14:13.928393"}
{"op_code":9,"worker_id":"eb6a6df7-b8ff-4cc5-b997-2ffa20104c3e-135809937060992","trial_id":149,"system_attr":{"tpe:relative_params:0":"{\"RANK_REGRESS\": 5, \"REG_W\": 778.3540681393757, \"USE_RMS_SCALING\": false}"}}
{"op_code":5,"worker_id":"eb6a6df7-b8ff-4cc5-b997-2ffa20104c3e-135809937060992","trial_id":149,"param_name":"RANK_REGRESS","param_value_internal":5.0,"distribution":"{\"name\": \"IntDistribution\", \"attributes\": {\"log\": false, \"step\": 1, \"low\": 5, \"high\": 80}}"}
{"op_code":5,"worker_id":"eb6a6df7-b8ff-4cc5-b997-2ffa20104c3e-135809937060992","trial_id":149,"param_name":"REG_W","param_value_internal":778.3540681393757,"distribution":"{\"name\": \"FloatDistribution\", \"attributes\": {\"step\": null, \"low\": 1e-05, \"high\": 1000.0, \"log\": true}}"}
{"op_code":5,"worker_id":"eb6a6df7-b8ff-4cc5-b997-2ffa20104c3e-135809937060992","trial_id":149,"param_name":"USE_RMS_SCALING","param_value_internal":1,"distribution":"{\"name\": \"CategoricalDistribution\", \"attributes\": {\"choices\": [true, false]}}"}
{"op_code":6,"worker_id":"c808c688-a4f9-4d43-b257-ceb275621dbf-137652887647360","trial_id":123,"state":1,"values":[-0.11733757321250522],"datetime_complete":"2026-05-02T20:44:38.321862"}
{"op_code":4,"worker_id":"c808c688-a4f9-4d43-b257-ceb275621dbf-137652887647360","study_id":0,"datetime_start":"2026-05-02T20:44:38.369985"}
{"op_code":9,"worker_id":"c808c688-a4f9-4d43-b257-ceb275621dbf-137652887647360","trial_id":150,"system_attr":{"tpe:relative_params:0":"{\"RANK_REGRESS\": 5, \"REG_W\": 3.0756709581140993, \"USE_RMS_SCALING\": false}"}}
{"op_code":5,"worker_id":"c808c688-a4f9-4d43-b257-ceb275621dbf-137652887647360","trial_id":150,"param_name":"RANK_REGRESS","param_value_internal":5.0,"distribution":"{\"name\": \"IntDistribution\", \"attributes\": {\"log\": false, \"step\": 1, \"low\": 5, \"high\": 80}}"}
{"op_code":5,"worker_id":"c808c688-a4f9-4d43-b257-ceb275621dbf-137652887647360","trial_id":150,"param_name":"REG_W","param_value_internal":3.0756709581140993,"distribution":"{\"name\": \"FloatDistribution\", \"attributes\": {\"step\": null, \"low\": 1e-05, \"high\": 1000.0, \"log\": true}}"}
{"op_code":5,"worker_id":"c808c688-a4f9-4d43-b257-ceb275621dbf-137652887647360","trial_id":150,"param_name":"USE_RMS_SCALING","param_value_internal":1,"distribution":"{\"name\": \"CategoricalDistribution\", \"attributes\": {\"choices\": [true, false]}}"}
{"op_code":6,"worker_id":"e474d35e-da29-4969-be40-3124040b533f-138868773540992","trial_id":139,"state":1,"values":[0.0],"datetime_complete":"2026-05-02T20:51:26.349934"}
{"op_code":4,"worker_id":"e474d35e-da29-4969-be40-3124040b533f-138868773540992","study_id":0,"datetime_start":"2026-05-02T20:51:26.400082"}
{"op_code":9,"worker_id":"e474d35e-da29-4969-be40-3124040b533f-138868773540992","trial_id":151,"system_attr":{"tpe:relative_params:0":"{\"RANK_REGRESS\": 17, \"REG_W\": 113.23462323147922, \"USE_RMS_SCALING\": false}"}}
{"op_code":5,"worker_id":"e474d35e-da29-4969-be40-3124040b533f-138868773540992","trial_id":151,"param_name":"RANK_REGRESS","param_value_internal":17.0,"distribution":"{\"name\": \"IntDistribution\", \"attributes\": {\"log\": false, \"step\": 1, \"low\": 5, \"high\": 80}}"}
{"op_code":5,"worker_id":"e474d35e-da29-4969-be40-3124040b533f-138868773540992","trial_id":151,"param_name":"REG_W","param_value_internal":113.23462323147922,"distribution":"{\"name\": \"FloatDistribution\", \"attributes\": {\"step\": null, \"low\": 1e-05, \"high\": 1000.0, \"log\": true}}"}
{"op_code":5,"worker_id":"e474d35e-da29-4969-be40-3124040b533f-138868773540992","trial_id":151,"param_name":"USE_RMS_SCALING","param_value_internal":1,"distribution":"{\"name\": \"CategoricalDistribution\", \"attributes\": {\"choices\": [true, false]}}"}
{"op_code":6,"worker_id":"36274310-3bce-4afd-87a8-3105036b72a6-130272484930688","trial_id":143,"state":1,"values":[-0.024923136676491636],"datetime_complete":"2026-05-02T21:07:11.220713"}
{"op_code":4,"worker_id":"36274310-3bce-4afd-87a8-3105036b72a6-130272484930688","study_id":0,"datetime_start":"2026-05-02T21:07:11.269303"}
{"op_code":9,"worker_id":"36274310-3bce-4afd-87a8-3105036b72a6-130272484930688","trial_id":152,"system_attr":{"tpe:relative_params:0":"{\"RANK_REGRESS\": 5, \"REG_W\": 61.02163842327941, \"USE_RMS_SCALING\": false}"}}
{"op_code":5,"worker_id":"36274310-3bce-4afd-87a8-3105036b72a6-130272484930688","trial_id":152,"param_name":"RANK_REGRESS","param_value_internal":5.0,"distribution":"{\"name\": \"IntDistribution\", \"attributes\": {\"log\": false, \"step\": 1, \"low\": 5, \"high\": 80}}"}
{"op_code":5,"worker_id":"36274310-3bce-4afd-87a8-3105036b72a6-130272484930688","trial_id":152,"param_name":"REG_W","param_value_internal":61.02163842327941,"distribution":"{\"name\": \"FloatDistribution\", \"attributes\": {\"step\": null, \"low\": 1e-05, \"high\": 1000.0, \"log\": true}}"}
{"op_code":5,"worker_id":"36274310-3bce-4afd-87a8-3105036b72a6-130272484930688","trial_id":152,"param_name":"USE_RMS_SCALING","param_value_internal":1,"distribution":"{\"name\": \"CategoricalDistribution\", \"attributes\": {\"choices\": [true, false]}}"}
{"op_code":6,"worker_id":"97e7c0da-70d1-4477-b381-e55a2b5f1e72-134512218174592","trial_id":121,"state":1,"values":[0.0],"datetime_complete":"2026-05-02T21:10:31.149606"}
{"op_code":4,"worker_id":"97e7c0da-70d1-4477-b381-e55a2b5f1e72-134512218174592","study_id":0,"datetime_start":"2026-05-02T21:10:31.209587"}
{"op_code":9,"worker_id":"97e7c0da-70d1-4477-b381-e55a2b5f1e72-134512218174592","trial_id":153,"system_attr":{"tpe:relative_params:0":"{\"RANK_REGRESS\": 15, \"REG_W\": 868.068129523565, \"USE_RMS_SCALING\": false}"}}
{"op_code":5,"worker_id":"97e7c0da-70d1-4477-b381-e55a2b5f1e72-134512218174592","trial_id":153,"param_name":"RANK_REGRESS","param_value_internal":15.0,"distribution":"{\"name\": \"IntDistribution\", \"attributes\": {\"log\": false, \"step\": 1, \"low\": 5, \"high\": 80}}"}
{"op_code":5,"worker_id":"97e7c0da-70d1-4477-b381-e55a2b5f1e72-134512218174592","trial_id":153,"param_name":"REG_W","param_value_internal":868.068129523565,"distribution":"{\"name\": \"FloatDistribution\", \"attributes\": {\"step\": null, \"low\": 1e-05, \"high\": 1000.0, \"log\": true}}"}
{"op_code":5,"worker_id":"97e7c0da-70d1-4477-b381-e55a2b5f1e72-134512218174592","trial_id":153,"param_name":"USE_RMS_SCALING","param_value_internal":1,"distribution":"{\"name\": \"CategoricalDistribution\", \"attributes\": {\"choices\": [true, false]}}"}
{"op_code":6,"worker_id":"01c59027-b400-4772-8bc5-4d772e3b2e67-138900631532672","trial_id":125,"state":1,"values":[0.004693362146130031],"datetime_complete":"2026-05-02T21:17:47.041392"}
{"op_code":4,"worker_id":"01c59027-b400-4772-8bc5-4d772e3b2e67-138900631532672","study_id":0,"datetime_start":"2026-05-02T21:17:47.080608"}
{"op_code":9,"worker_id":"01c59027-b400-4772-8bc5-4d772e3b2e67-138900631532672","trial_id":154,"system_attr":{"tpe:relative_params:0":"{\"RANK_REGRESS\": 20, \"REG_W\": 14.338345650990822, \"USE_RMS_SCALING\": false}"}}
{"op_code":5,"worker_id":"01c59027-b400-4772-8bc5-4d772e3b2e67-138900631532672","trial_id":154,"param_name":"RANK_REGRESS","param_value_internal":20.0,"distribution":"{\"name\": \"IntDistribution\", \"attributes\": {\"log\": false, \"step\": 1, \"low\": 5, \"high\": 80}}"}
{"op_code":5,"worker_id":"01c59027-b400-4772-8bc5-4d772e3b2e67-138900631532672","trial_id":154,"param_name":"REG_W","param_value_internal":14.338345650990822,"distribution":"{\"name\": \"FloatDistribution\", \"attributes\": {\"step\": null, \"low\": 1e-05, \"high\": 1000.0, \"log\": true}}"}
{"op_code":5,"worker_id":"01c59027-b400-4772-8bc5-4d772e3b2e67-138900631532672","trial_id":154,"param_name":"USE_RMS_SCALING","param_value_internal":1,"distribution":"{\"name\": \"CategoricalDistribution\", \"attributes\": {\"choices\": [true, false]}}"}
{"op_code":6,"worker_id":"4a6928af-80f0-4586-a6f5-8f5e4acc10d2-129972617393280","trial_id":144,"state":1,"values":[-0.022991286597928928],"datetime_complete":"2026-05-02T21:20:57.895636"}
{"op_code":4,"worker_id":"4a6928af-80f0-4586-a6f5-8f5e4acc10d2-129972617393280","study_id":0,"datetime_start":"2026-05-02T21:20:57.960256"}
{"op_code":9,"worker_id":"4a6928af-80f0-4586-a6f5-8f5e4acc10d2-129972617393280","trial_id":155,"system_attr":{"tpe:relative_params:0":"{\"RANK_REGRESS\": 78, \"REG_W\": 2.803988025821862, \"USE_RMS_SCALING\": true}"}}
{"op_code":5,"worker_id":"4a6928af-80f0-4586-a6f5-8f5e4acc10d2-129972617393280","trial_id":155,"param_name":"RANK_REGRESS","param_value_internal":78.0,"distribution":"{\"name\": \"IntDistribution\", \"attributes\": {\"log\": false, \"step\": 1, \"low\": 5, \"high\": 80}}"}
{"op_code":5,"worker_id":"4a6928af-80f0-4586-a6f5-8f5e4acc10d2-129972617393280","trial_id":155,"param_name":"REG_W","param_value_internal":2.803988025821862,"distribution":"{\"name\": \"FloatDistribution\", \"attributes\": {\"step\": null, \"low\": 1e-05, \"high\": 1000.0, \"log\": true}}"}
{"op_code":5,"worker_id":"4a6928af-80f0-4586-a6f5-8f5e4acc10d2-129972617393280","trial_id":155,"param_name":"USE_RMS_SCALING","param_value_internal":0,"distribution":"{\"name\": \"CategoricalDistribution\", \"attributes\": {\"choices\": [true, false]}}"}
{"op_code":6,"worker_id":"731ed2db-9c1d-4c2b-8c3f-719830c0aabc-138252154877056","trial_id":146,"state":1,"values":[0.0],"datetime_complete":"2026-05-02T21:28:14.650647"}
{"op_code":4,"worker_id":"731ed2db-9c1d-4c2b-8c3f-719830c0aabc-138252154877056","study_id":0,"datetime_start":"2026-05-02T21:28:14.697110"}
{"op_code":9,"worker_id":"731ed2db-9c1d-4c2b-8c3f-719830c0aabc-138252154877056","trial_id":156,"system_attr":{"tpe:relative_params:0":"{\"RANK_REGRESS\": 18, \"REG_W\": 39.80261624059025, \"USE_RMS_SCALING\": false}"}}
{"op_code":5,"worker_id":"731ed2db-9c1d-4c2b-8c3f-719830c0aabc-138252154877056","trial_id":156,"param_name":"RANK_REGRESS","param_value_internal":18.0,"distribution":"{\"name\": \"IntDistribution\", \"attributes\": {\"log\": false, \"step\": 1, \"low\": 5, \"high\": 80}}"}
{"op_code":5,"worker_id":"731ed2db-9c1d-4c2b-8c3f-719830c0aabc-138252154877056","trial_id":156,"param_name":"REG_W","param_value_internal":39.80261624059025,"distribution":"{\"name\": \"FloatDistribution\", \"attributes\": {\"step\": null, \"low\": 1e-05, \"high\": 1000.0, \"log\": true}}"}
{"op_code":5,"worker_id":"731ed2db-9c1d-4c2b-8c3f-719830c0aabc-138252154877056","trial_id":156,"param_name":"USE_RMS_SCALING","param_value_internal":1,"distribution":"{\"name\": \"CategoricalDistribution\", \"attributes\": {\"choices\": [true, false]}}"}
{"op_code":6,"worker_id":"74a3535e-f32e-46f7-84f8-2581592eb137-135945006249088","trial_id":122,"state":1,"values":[-0.30958005573826397],"datetime_complete":"2026-05-02T21:28:44.213471"}
{"op_code":4,"worker_id":"74a3535e-f32e-46f7-84f8-2581592eb137-135945006249088","study_id":0,"datetime_start":"2026-05-02T21:28:44.290556"}
{"op_code":9,"worker_id":"74a3535e-f32e-46f7-84f8-2581592eb137-135945006249088","trial_id":157,"system_attr":{"tpe:relative_params:0":"{\"RANK_REGRESS\": 20, \"REG_W\": 56.550932317275084, \"USE_RMS_SCALING\": false}"}}
{"op_code":5,"worker_id":"74a3535e-f32e-46f7-84f8-2581592eb137-135945006249088","trial_id":157,"param_name":"RANK_REGRESS","param_value_internal":20.0,"distribution":"{\"name\": \"IntDistribution\", \"attributes\": {\"log\": false, \"step\": 1, \"low\": 5, \"high\": 80}}"}
{"op_code":5,"worker_id":"74a3535e-f32e-46f7-84f8-2581592eb137-135945006249088","trial_id":157,"param_name":"REG_W","param_value_internal":56.550932317275084,"distribution":"{\"name\": \"FloatDistribution\", \"attributes\": {\"step\": null, \"low\": 1e-05, \"high\": 1000.0, \"log\": true}}"}
{"op_code":5,"worker_id":"74a3535e-f32e-46f7-84f8-2581592eb137-135945006249088","trial_id":157,"param_name":"USE_RMS_SCALING","param_value_internal":1,"distribution":"{\"name\": \"CategoricalDistribution\", \"attributes\": {\"choices\": [true, false]}}"}
{"op_code":6,"worker_id":"eb6a6df7-b8ff-4cc5-b997-2ffa20104c3e-135809937060992","trial_id":149,"state":1,"values":[0.0],"datetime_complete":"2026-05-02T21:47:54.614349"}
{"op_code":4,"worker_id":"eb6a6df7-b8ff-4cc5-b997-2ffa20104c3e-135809937060992","study_id":0,"datetime_start":"2026-05-02T21:47:54.655297"}
{"op_code":9,"worker_id":"eb6a6df7-b8ff-4cc5-b997-2ffa20104c3e-135809937060992","trial_id":158,"system_attr":{"tpe:relative_params:0":"{\"RANK_REGRESS\": 7, \"REG_W\": 32.57213951593889, \"USE_RMS_SCALING\": false}"}}
{"op_code":5,"worker_id":"eb6a6df7-b8ff-4cc5-b997-2ffa20104c3e-135809937060992","trial_id":158,"param_name":"RANK_REGRESS","param_value_internal":7.0,"distribution":"{\"name\": \"IntDistribution\", \"attributes\": {\"log\": false, \"step\": 1, \"low\": 5, \"high\": 80}}"}
{"op_code":5,"worker_id":"eb6a6df7-b8ff-4cc5-b997-2ffa20104c3e-135809937060992","trial_id":158,"param_name":"REG_W","param_value_internal":32.57213951593889,"distribution":"{\"name\": \"FloatDistribution\", \"attributes\": {\"step\": null, \"low\": 1e-05, \"high\": 1000.0, \"log\": true}}"}
{"op_code":5,"worker_id":"eb6a6df7-b8ff-4cc5-b997-2ffa20104c3e-135809937060992","trial_id":158,"param_name":"USE_RMS_SCALING","param_value_internal":1,"distribution":"{\"name\": \"CategoricalDistribution\", \"attributes\": {\"choices\": [true, false]}}"}
{"op_code":6,"worker_id":"a64e4c58-2395-42e6-9256-ffd7fdb44aa1-137454807512192","trial_id":114,"state":1,"values":[0.00025141022575751276],"datetime_complete":"2026-05-02T21:50:10.783402"}
{"op_code":4,"worker_id":"a64e4c58-2395-42e6-9256-ffd7fdb44aa1-137454807512192","study_id":0,"datetime_start":"2026-05-02T21:50:10.830631"}
{"op_code":9,"worker_id":"a64e4c58-2395-42e6-9256-ffd7fdb44aa1-137454807512192","trial_id":159,"system_attr":{"tpe:relative_params:0":"{\"RANK_REGRESS\": 27, \"REG_W\": 103.45528367175923, \"USE_RMS_SCALING\": false}"}}
{"op_code":5,"worker_id":"a64e4c58-2395-42e6-9256-ffd7fdb44aa1-137454807512192","trial_id":159,"param_name":"RANK_REGRESS","param_value_internal":27.0,"distribution":"{\"name\": \"IntDistribution\", \"attributes\": {\"log\": false, \"step\": 1, \"low\": 5, \"high\": 80}}"}
{"op_code":5,"worker_id":"a64e4c58-2395-42e6-9256-ffd7fdb44aa1-137454807512192","trial_id":159,"param_name":"REG_W","param_value_internal":103.45528367175923,"distribution":"{\"name\": \"FloatDistribution\", \"attributes\": {\"step\": null, \"low\": 1e-05, \"high\": 1000.0, \"log\": true}}"}
{"op_code":5,"worker_id":"a64e4c58-2395-42e6-9256-ffd7fdb44aa1-137454807512192","trial_id":159,"param_name":"USE_RMS_SCALING","param_value_internal":1,"distribution":"{\"name\": \"CategoricalDistribution\", \"attributes\": {\"choices\": [true, false]}}"}
{"op_code":6,"worker_id":"c8718f39-ca90-4b31-8b60-40bf2af9a9ff-127370778928256","trial_id":110,"state":1,"values":[0.0],"datetime_complete":"2026-05-02T22:06:32.896800"}
{"op_code":4,"worker_id":"c8718f39-ca90-4b31-8b60-40bf2af9a9ff-127370778928256","study_id":0,"datetime_start":"2026-05-02T22:06:32.965604"}
{"op_code":9,"worker_id":"c8718f39-ca90-4b31-8b60-40bf2af9a9ff-127370778928256","trial_id":160,"system_attr":{"tpe:relative_params:0":"{\"RANK_REGRESS\": 26, \"REG_W\": 8.965236092990734, \"USE_RMS_SCALING\": false}"}}
{"op_code":5,"worker_id":"c8718f39-ca90-4b31-8b60-40bf2af9a9ff-127370778928256","trial_id":160,"param_name":"RANK_REGRESS","param_value_internal":26.0,"distribution":"{\"name\": \"IntDistribution\", \"attributes\": {\"log\": false, \"step\": 1, \"low\": 5, \"high\": 80}}"}
{"op_code":5,"worker_id":"c8718f39-ca90-4b31-8b60-40bf2af9a9ff-127370778928256","trial_id":160,"param_name":"REG_W","param_value_internal":8.965236092990734,"distribution":"{\"name\": \"FloatDistribution\", \"attributes\": {\"step\": null, \"low\": 1e-05, \"high\": 1000.0, \"log\": true}}"}
{"op_code":5,"worker_id":"c8718f39-ca90-4b31-8b60-40bf2af9a9ff-127370778928256","trial_id":160,"param_name":"USE_RMS_SCALING","param_value_internal":1,"distribution":"{\"name\": \"CategoricalDistribution\", \"attributes\": {\"choices\": [true, false]}}"}
{"op_code":6,"worker_id":"234894fb-68cb-4559-968e-b828993762e7-128929875846272","trial_id":135,"state":1,"values":[-0.057083747576821296],"datetime_complete":"2026-05-02T22:27:05.280156"}
{"op_code":4,"worker_id":"234894fb-68cb-4559-968e-b828993762e7-128929875846272","study_id":0,"datetime_start":"2026-05-02T22:27:05.341030"}
{"op_code":9,"worker_id":"234894fb-68cb-4559-968e-b828993762e7-128929875846272","trial_id":161,"system_attr":{"tpe:relative_params:0":"{\"RANK_REGRESS\": 29, \"REG_W\": 462.88274266851056, \"USE_RMS_SCALING\": false}"}}
{"op_code":5,"worker_id":"234894fb-68cb-4559-968e-b828993762e7-128929875846272","trial_id":161,"param_name":"RANK_REGRESS","param_value_internal":29.0,"distribution":"{\"name\": \"IntDistribution\", \"attributes\": {\"log\": false, \"step\": 1, \"low\": 5, \"high\": 80}}"}
{"op_code":5,"worker_id":"234894fb-68cb-4559-968e-b828993762e7-128929875846272","trial_id":161,"param_name":"REG_W","param_value_internal":462.88274266851056,"distribution":"{\"name\": \"FloatDistribution\", \"attributes\": {\"step\": null, \"low\": 1e-05, \"high\": 1000.0, \"log\": true}}"}
{"op_code":5,"worker_id":"234894fb-68cb-4559-968e-b828993762e7-128929875846272","trial_id":161,"param_name":"USE_RMS_SCALING","param_value_internal":1,"distribution":"{\"name\": \"CategoricalDistribution\", \"attributes\": {\"choices\": [true, false]}}"}
{"op_code":6,"worker_id":"656cdb61-afdc-4934-8f1b-1e2cb673b655-125895533204608","trial_id":142,"state":1,"values":[-0.47637089592616544],"datetime_complete":"2026-05-02T22:36:33.300555"}
{"op_code":4,"worker_id":"656cdb61-afdc-4934-8f1b-1e2cb673b655-125895533204608","study_id":0,"datetime_start":"2026-05-02T22:36:33.345445"}
{"op_code":9,"worker_id":"656cdb61-afdc-4934-8f1b-1e2cb673b655-125895533204608","trial_id":162,"system_attr":{"tpe:relative_params:0":"{\"RANK_REGRESS\": 24, \"REG_W\": 53.096341022806286, \"USE_RMS_SCALING\": false}"}}
{"op_code":5,"worker_id":"656cdb61-afdc-4934-8f1b-1e2cb673b655-125895533204608","trial_id":162,"param_name":"RANK_REGRESS","param_value_internal":24.0,"distribution":"{\"name\": \"IntDistribution\", \"attributes\": {\"log\": false, \"step\": 1, \"low\": 5, \"high\": 80}}"}
{"op_code":5,"worker_id":"656cdb61-afdc-4934-8f1b-1e2cb673b655-125895533204608","trial_id":162,"param_name":"REG_W","param_value_internal":53.096341022806286,"distribution":"{\"name\": \"FloatDistribution\", \"attributes\": {\"step\": null, \"low\": 1e-05, \"high\": 1000.0, \"log\": true}}"}
{"op_code":5,"worker_id":"656cdb61-afdc-4934-8f1b-1e2cb673b655-125895533204608","trial_id":162,"param_name":"USE_RMS_SCALING","param_value_internal":1,"distribution":"{\"name\": \"CategoricalDistribution\", \"attributes\": {\"choices\": [true, false]}}"}
{"op_code":6,"worker_id":"c808c688-a4f9-4d43-b257-ceb275621dbf-137652887647360","trial_id":150,"state":1,"values":[-0.1690513512168098],"datetime_complete":"2026-05-02T22:40:58.119050"}
{"op_code":4,"worker_id":"c808c688-a4f9-4d43-b257-ceb275621dbf-137652887647360","study_id":0,"datetime_start":"2026-05-02T22:40:58.159983"}
{"op_code":9,"worker_id":"c808c688-a4f9-4d43-b257-ceb275621dbf-137652887647360","trial_id":163,"system_attr":{"tpe:relative_params:0":"{\"RANK_REGRESS\": 20, \"REG_W\": 4.345275394880226, \"USE_RMS_SCALING\": false}"}}
{"op_code":5,"worker_id":"c808c688-a4f9-4d43-b257-ceb275621dbf-137652887647360","trial_id":163,"param_name":"RANK_REGRESS","param_value_internal":20.0,"distribution":"{\"name\": \"IntDistribution\", \"attributes\": {\"log\": false, \"step\": 1, \"low\": 5, \"high\": 80}}"}
{"op_code":5,"worker_id":"c808c688-a4f9-4d43-b257-ceb275621dbf-137652887647360","trial_id":163,"param_name":"REG_W","param_value_internal":4.345275394880226,"distribution":"{\"name\": \"FloatDistribution\", \"attributes\": {\"step\": null, \"low\": 1e-05, \"high\": 1000.0, \"log\": true}}"}
{"op_code":5,"worker_id":"c808c688-a4f9-4d43-b257-ceb275621dbf-137652887647360","trial_id":163,"param_name":"USE_RMS_SCALING","param_value_internal":1,"distribution":"{\"name\": \"CategoricalDistribution\", \"attributes\": {\"choices\": [true, false]}}"}
{"op_code":6,"worker_id":"36274310-3bce-4afd-87a8-3105036b72a6-130272484930688","trial_id":152,"state":1,"values":[0.0005706438914025632],"datetime_complete":"2026-05-02T22:55:44.206692"}
{"op_code":4,"worker_id":"36274310-3bce-4afd-87a8-3105036b72a6-130272484930688","study_id":0,"datetime_start":"2026-05-02T22:55:44.251992"}
{"op_code":9,"worker_id":"36274310-3bce-4afd-87a8-3105036b72a6-130272484930688","trial_id":164,"system_attr":{"tpe:relative_params:0":"{\"RANK_REGRESS\": 7, \"REG_W\": 118.61628921679656, \"USE_RMS_SCALING\": false}"}}
{"op_code":5,"worker_id":"36274310-3bce-4afd-87a8-3105036b72a6-130272484930688","trial_id":164,"param_name":"RANK_REGRESS","param_value_internal":7.0,"distribution":"{\"name\": \"IntDistribution\", \"attributes\": {\"log\": false, \"step\": 1, \"low\": 5, \"high\": 80}}"}
{"op_code":5,"worker_id":"36274310-3bce-4afd-87a8-3105036b72a6-130272484930688","trial_id":164,"param_name":"REG_W","param_value_internal":118.61628921679656,"distribution":"{\"name\": \"FloatDistribution\", \"attributes\": {\"step\": null, \"low\": 1e-05, \"high\": 1000.0, \"log\": true}}"}
{"op_code":5,"worker_id":"36274310-3bce-4afd-87a8-3105036b72a6-130272484930688","trial_id":164,"param_name":"USE_RMS_SCALING","param_value_internal":1,"distribution":"{\"name\": \"CategoricalDistribution\", \"attributes\": {\"choices\": [true, false]}}"}
{"op_code":6,"worker_id":"3727983b-830a-4f48-a006-02e0e0962b0b-126378049827968","trial_id":105,"state":1,"values":[0.0],"datetime_complete":"2026-05-03T00:22:12.991511"}
{"op_code":6,"worker_id":"9f4e2a1e-3853-49eb-98b1-7e489a8e963a-137209773606016","trial_id":128,"state":1,"values":[-0.017436594879692107],"datetime_complete":"2026-05-03T00:23:05.749434"}
{"op_code":6,"worker_id":"eb6a6df7-b8ff-4cc5-b997-2ffa20104c3e-135809937060992","trial_id":158,"state":1,"values":[-0.04271950410134654],"datetime_complete":"2026-05-03T00:44:42.861174"}
{"op_code":6,"worker_id":"159accca-c6e1-41ad-98f3-bdae8381aef4-132310348166272","trial_id":140,"state":1,"values":[-0.0009300306788810145],"datetime_complete":"2026-05-03T00:46:43.937294"}
{"op_code":6,"worker_id":"320988e2-2697-4ac2-966b-5f6296cb1e81-126618107544704","trial_id":145,"state":1,"values":[0.002406005764936362],"datetime_complete":"2026-05-03T01:39:53.158643"}
{"op_code":6,"worker_id":"36274310-3bce-4afd-87a8-3105036b72a6-130272484930688","trial_id":164,"state":1,"values":[0.0],"datetime_complete":"2026-05-03T01:46:59.805826"}
{"op_code":6,"worker_id":"87ef7649-de40-4bf6-94ee-ccfa3dc9cf99-137492948849792","trial_id":131,"state":1,"values":[0.0],"datetime_complete":"2026-05-03T03:08:35.947557"}
{"op_code":6,"worker_id":"8c44bfc9-af08-4e13-90c7-98a1da27837f-133426822030464","trial_id":148,"state":1,"values":[0.003346870296771461],"datetime_complete":"2026-05-03T03:10:40.812258"}
{"op_code":6,"worker_id":"97e7c0da-70d1-4477-b381-e55a2b5f1e72-134512218174592","trial_id":153,"state":1,"values":[0.0],"datetime_complete":"2026-05-03T03:37:44.411215"}
{"op_code":6,"worker_id":"01c59027-b400-4772-8bc5-4d772e3b2e67-138900631532672","trial_id":154,"state":1,"values":[-0.19633226583133176],"datetime_complete":"2026-05-03T03:48:14.448018"}
{"op_code":6,"worker_id":"3b2533f6-43e9-437d-85a0-295c0dd0e2fc-126888138048640","trial_id":147,"state":1,"values":[-0.08638812572631686],"datetime_complete":"2026-05-03T03:53:29.932768"}
{"op_code":6,"worker_id":"74a3535e-f32e-46f7-84f8-2581592eb137-135945006249088","trial_id":157,"state":1,"values":[-0.02501508264714869],"datetime_complete":"2026-05-03T04:04:04.618564"}
{"op_code":6,"worker_id":"731ed2db-9c1d-4c2b-8c3f-719830c0aabc-138252154877056","trial_id":156,"state":1,"values":[-0.035313647912279124],"datetime_complete":"2026-05-03T05:01:03.697190"}
{"op_code":6,"worker_id":"c808c688-a4f9-4d43-b257-ceb275621dbf-137652887647360","trial_id":163,"state":1,"values":[-0.5370680000125151],"datetime_complete":"2026-05-03T05:12:46.919728"}
{"op_code":6,"worker_id":"e474d35e-da29-4969-be40-3124040b533f-138868773540992","trial_id":151,"state":1,"values":[-0.003552419463027645],"datetime_complete":"2026-05-03T05:16:17.577266"}
{"op_code":6,"worker_id":"213ed837-107d-4c53-8ac7-9545b764713a-125426533250176","trial_id":119,"state":1,"values":[0.0],"datetime_complete":"2026-05-03T08:05:36.580131"}
{"op_code":6,"worker_id":"a64e4c58-2395-42e6-9256-ffd7fdb44aa1-137454807512192","trial_id":159,"state":1,"values":[0.0014483215440297033],"datetime_complete":"2026-05-03T09:04:08.635869"}
{"op_code":6,"worker_id":"c8718f39-ca90-4b31-8b60-40bf2af9a9ff-127370778928256","trial_id":160,"state":1,"values":[-0.4800200500343485],"datetime_complete":"2026-05-03T09:05:21.403898"}
{"op_code":6,"worker_id":"656cdb61-afdc-4934-8f1b-1e2cb673b655-125895533204608","trial_id":162,"state":1,"values":[-0.021662279466946432],"datetime_complete":"2026-05-03T09:28:29.659346"}
{"op_code":6,"worker_id":"234894fb-68cb-4559-968e-b828993762e7-128929875846272","trial_id":161,"state":1,"values":[0.0],"datetime_complete":"2026-05-03T11:00:14.138761"}
{"op_code":6,"worker_id":"4a6928af-80f0-4586-a6f5-8f5e4acc10d2-129972617393280","trial_id":155,"state":1,"values":[-0.5166581990804104],"datetime_complete":"2026-05-04T01:01:47.203567"}
{"op_code":0,"worker_id":"569c8b5b-91d1-4987-8df9-5e995c764965-135153336865920","study_name":"cp_pred_levels_L4_residual_delta","directions":[2]}
{"op_code":4,"worker_id":"569c8b5b-91d1-4987-8df9-5e995c764965-135153336865920","study_id":0,"datetime_start":"2026-05-05T15:11:59.568475"}
{"op_code":9,"worker_id":"569c8b5b-91d1-4987-8df9-5e995c764965-135153336865920","trial_id":165,"system_attr":{"tpe:relative_params:0":"{\"RANK_REGRESS\": 33, \"REG_W\": 66.2513184951321, \"USE_RMS_SCALING\": false}"}}
{"op_code":5,"worker_id":"569c8b5b-91d1-4987-8df9-5e995c764965-135153336865920","trial_id":165,"param_name":"RANK_REGRESS","param_value_internal":33.0,"distribution":"{\"name\": \"IntDistribution\", \"attributes\": {\"log\": false, \"step\": 1, \"low\": 5, \"high\": 80}}"}
{"op_code":5,"worker_id":"569c8b5b-91d1-4987-8df9-5e995c764965-135153336865920","trial_id":165,"param_name":"REG_W","param_value_internal":66.2513184951321,"distribution":"{\"name\": \"FloatDistribution\", \"attributes\": {\"step\": null, \"low\": 1e-05, \"high\": 1000.0, \"log\": true}}"}
{"op_code":5,"worker_id":"569c8b5b-91d1-4987-8df9-5e995c764965-135153336865920","trial_id":165,"param_name":"USE_RMS_SCALING","param_value_internal":1,"distribution":"{\"name\": \"CategoricalDistribution\", \"attributes\": {\"choices\": [true, false]}}"}
{"op_code":0,"worker_id":"f0e6f0e8-a075-42b8-92b8-744b827d88b0-131425209201792","study_name":"cp_pred_levels_L4_residual_delta","directions":[2]}
{"op_code":4,"worker_id":"f0e6f0e8-a075-42b8-92b8-744b827d88b0-131425209201792","study_id":0,"datetime_start":"2026-05-05T15:15:56.043519"}
{"op_code":9,"worker_id":"f0e6f0e8-a075-42b8-92b8-744b827d88b0-131425209201792","trial_id":166,"system_attr":{"tpe:relative_params:0":"{\"RANK_REGRESS\": 26, \"REG_W\": 209.6937610375972, \"USE_RMS_SCALING\": false}"}}
{"op_code":5,"worker_id":"f0e6f0e8-a075-42b8-92b8-744b827d88b0-131425209201792","trial_id":166,"param_name":"RANK_REGRESS","param_value_internal":26.0,"distribution":"{\"name\": \"IntDistribution\", \"attributes\": {\"log\": false, \"step\": 1, \"low\": 5, \"high\": 80}}"}
{"op_code":5,"worker_id":"f0e6f0e8-a075-42b8-92b8-744b827d88b0-131425209201792","trial_id":166,"param_name":"REG_W","param_value_internal":209.6937610375972,"distribution":"{\"name\": \"FloatDistribution\", \"attributes\": {\"step\": null, \"low\": 1e-05, \"high\": 1000.0, \"log\": true}}"}
{"op_code":5,"worker_id":"f0e6f0e8-a075-42b8-92b8-744b827d88b0-131425209201792","trial_id":166,"param_name":"USE_RMS_SCALING","param_value_internal":1,"distribution":"{\"name\": \"CategoricalDistribution\", \"attributes\": {\"choices\": [true, false]}}"}
{"op_code":0,"worker_id":"0b909c04-8e84-4696-8652-bbd87b5933a7-124518283330688","study_name":"cp_pred_levels_L4_residual_delta","directions":[2]}
{"op_code":4,"worker_id":"0b909c04-8e84-4696-8652-bbd87b5933a7-124518283330688","study_id":0,"datetime_start":"2026-05-05T15:15:59.181031"}
{"op_code":9,"worker_id":"0b909c04-8e84-4696-8652-bbd87b5933a7-124518283330688","trial_id":167,"system_attr":{"tpe:relative_params:0":"{\"RANK_REGRESS\": 29, \"REG_W\": 11.555702968523994, \"USE_RMS_SCALING\": false}"}}
{"op_code":5,"worker_id":"0b909c04-8e84-4696-8652-bbd87b5933a7-124518283330688","trial_id":167,"param_name":"RANK_REGRESS","param_value_internal":29.0,"distribution":"{\"name\": \"IntDistribution\", \"attributes\": {\"log\": false, \"step\": 1, \"low\": 5, \"high\": 80}}"}
{"op_code":5,"worker_id":"0b909c04-8e84-4696-8652-bbd87b5933a7-124518283330688","trial_id":167,"param_name":"REG_W","param_value_internal":11.555702968523994,"distribution":"{\"name\": \"FloatDistribution\", \"attributes\": {\"step\": null, \"low\": 1e-05, \"high\": 1000.0, \"log\": true}}"}
{"op_code":5,"worker_id":"0b909c04-8e84-4696-8652-bbd87b5933a7-124518283330688","trial_id":167,"param_name":"USE_RMS_SCALING","param_value_internal":1,"distribution":"{\"name\": \"CategoricalDistribution\", \"attributes\": {\"choices\": [true, false]}}"}
{"op_code":0,"worker_id":"5e097f63-35bf-41f3-a8c0-0eaacd571545-132088082379904","study_name":"cp_pred_levels_L4_residual_delta","directions":[2]}
{"op_code":4,"worker_id":"5e097f63-35bf-41f3-a8c0-0eaacd571545-132088082379904","study_id":0,"datetime_start":"2026-05-05T15:15:59.815357"}
{"op_code":9,"worker_id":"5e097f63-35bf-41f3-a8c0-0eaacd571545-132088082379904","trial_id":168,"system_attr":{"tpe:relative_params:0":"{\"RANK_REGRESS\": 22, \"REG_W\": 107.57664040210204, \"USE_RMS_SCALING\": false}"}}
{"op_code":5,"worker_id":"5e097f63-35bf-41f3-a8c0-0eaacd571545-132088082379904","trial_id":168,"param_name":"RANK_REGRESS","param_value_internal":22.0,"distribution":"{\"name\": \"IntDistribution\", \"attributes\": {\"log\": false, \"step\": 1, \"low\": 5, \"high\": 80}}"}
{"op_code":5,"worker_id":"5e097f63-35bf-41f3-a8c0-0eaacd571545-132088082379904","trial_id":168,"param_name":"REG_W","param_value_internal":107.57664040210204,"distribution":"{\"name\": \"FloatDistribution\", \"attributes\": {\"step\": null, \"low\": 1e-05, \"high\": 1000.0, \"log\": true}}"}
{"op_code":5,"worker_id":"5e097f63-35bf-41f3-a8c0-0eaacd571545-132088082379904","trial_id":168,"param_name":"USE_RMS_SCALING","param_value_internal":1,"distribution":"{\"name\": \"CategoricalDistribution\", \"attributes\": {\"choices\": [true, false]}}"}
{"op_code":0,"worker_id":"510dd53b-7ca1-4dea-b5b0-147240e570e8-135838496601216","study_name":"cp_pred_levels_L4_residual_delta","directions":[2]}
{"op_code":4,"worker_id":"510dd53b-7ca1-4dea-b5b0-147240e570e8-135838496601216","study_id":0,"datetime_start":"2026-05-05T15:15:59.878004"}
{"op_code":9,"worker_id":"510dd53b-7ca1-4dea-b5b0-147240e570e8-135838496601216","trial_id":169,"system_attr":{"tpe:relative_params:0":"{\"RANK_REGRESS\": 27, \"REG_W\": 319.0518678701454, \"USE_RMS_SCALING\": false}"}}
{"op_code":5,"worker_id":"510dd53b-7ca1-4dea-b5b0-147240e570e8-135838496601216","trial_id":169,"param_name":"RANK_REGRESS","param_value_internal":27.0,"distribution":"{\"name\": \"IntDistribution\", \"attributes\": {\"log\": false, \"step\": 1, \"low\": 5, \"high\": 80}}"}
{"op_code":5,"worker_id":"510dd53b-7ca1-4dea-b5b0-147240e570e8-135838496601216","trial_id":169,"param_name":"REG_W","param_value_internal":319.0518678701454,"distribution":"{\"name\": \"FloatDistribution\", \"attributes\": {\"step\": null, \"low\": 1e-05, \"high\": 1000.0, \"log\": true}}"}
{"op_code":5,"worker_id":"510dd53b-7ca1-4dea-b5b0-147240e570e8-135838496601216","trial_id":169,"param_name":"USE_RMS_SCALING","param_value_internal":1,"distribution":"{\"name\": \"CategoricalDistribution\", \"attributes\": {\"choices\": [true, false]}}"}
{"op_code":0,"worker_id":"897d8cc1-da79-48ec-8e92-4756cbe4f997-125164349285504","study_name":"cp_pred_levels_L4_residual_delta","directions":[2]}
{"op_code":4,"worker_id":"897d8cc1-da79-48ec-8e92-4756cbe4f997-125164349285504","study_id":0,"datetime_start":"2026-05-05T15:16:00.866735"}
{"op_code":9,"worker_id":"897d8cc1-da79-48ec-8e92-4756cbe4f997-125164349285504","trial_id":170,"system_attr":{"tpe:relative_params:0":"{\"RANK_REGRESS\": 22, \"REG_W\": 37.484748459300086, \"USE_RMS_SCALING\": false}"}}
{"op_code":5,"worker_id":"897d8cc1-da79-48ec-8e92-4756cbe4f997-125164349285504","trial_id":170,"param_name":"RANK_REGRESS","param_value_internal":22.0,"distribution":"{\"name\": \"IntDistribution\", \"attributes\": {\"log\": false, \"step\": 1, \"low\": 5, \"high\": 80}}"}
{"op_code":5,"worker_id":"897d8cc1-da79-48ec-8e92-4756cbe4f997-125164349285504","trial_id":170,"param_name":"REG_W","param_value_internal":37.484748459300086,"distribution":"{\"name\": \"FloatDistribution\", \"attributes\": {\"step\": null, \"low\": 1e-05, \"high\": 1000.0, \"log\": true}}"}
{"op_code":5,"worker_id":"897d8cc1-da79-48ec-8e92-4756cbe4f997-125164349285504","trial_id":170,"param_name":"USE_RMS_SCALING","param_value_internal":1,"distribution":"{\"name\": \"CategoricalDistribution\", \"attributes\": {\"choices\": [true, false]}}"}
{"op_code":0,"worker_id":"e1391102-e4bd-4cf9-bb85-45b6c9228638-136456530367616","study_name":"cp_pred_levels_L4_residual_delta","directions":[2]}
{"op_code":4,"worker_id":"e1391102-e4bd-4cf9-bb85-45b6c9228638-136456530367616","study_id":0,"datetime_start":"2026-05-05T15:16:01.573446"}
{"op_code":9,"worker_id":"e1391102-e4bd-4cf9-bb85-45b6c9228638-136456530367616","trial_id":171,"system_attr":{"tpe:relative_params:0":"{\"RANK_REGRESS\": 21, \"REG_W\": 129.16131100777935, \"USE_RMS_SCALING\": false}"}}
{"op_code":5,"worker_id":"e1391102-e4bd-4cf9-bb85-45b6c9228638-136456530367616","trial_id":171,"param_name":"RANK_REGRESS","param_value_internal":21.0,"distribution":"{\"name\": \"IntDistribution\", \"attributes\": {\"log\": false, \"step\": 1, \"low\": 5, \"high\": 80}}"}
{"op_code":5,"worker_id":"e1391102-e4bd-4cf9-bb85-45b6c9228638-136456530367616","trial_id":171,"param_name":"REG_W","param_value_internal":129.16131100777935,"distribution":"{\"name\": \"FloatDistribution\", \"attributes\": {\"step\": null, \"low\": 1e-05, \"high\": 1000.0, \"log\": true}}"}
{"op_code":5,"worker_id":"e1391102-e4bd-4cf9-bb85-45b6c9228638-136456530367616","trial_id":171,"param_name":"USE_RMS_SCALING","param_value_internal":1,"distribution":"{\"name\": \"CategoricalDistribution\", \"attributes\": {\"choices\": [true, false]}}"}
{"op_code":0,"worker_id":"87f0c862-a296-4bf0-bfd2-2fb226a606ed-124505829807232","study_name":"cp_pred_levels_L4_residual_delta","directions":[2]}
{"op_code":4,"worker_id":"87f0c862-a296-4bf0-bfd2-2fb226a606ed-124505829807232","study_id":0,"datetime_start":"2026-05-05T15:16:02.179686"}
{"op_code":9,"worker_id":"87f0c862-a296-4bf0-bfd2-2fb226a606ed-124505829807232","trial_id":172,"system_attr":{"tpe:relative_params:0":"{\"RANK_REGRESS\": 19, \"REG_W\": 55.20557668160197, \"USE_RMS_SCALING\": false}"}}
{"op_code":5,"worker_id":"87f0c862-a296-4bf0-bfd2-2fb226a606ed-124505829807232","trial_id":172,"param_name":"RANK_REGRESS","param_value_internal":19.0,"distribution":"{\"name\": \"IntDistribution\", \"attributes\": {\"log\": false, \"step\": 1, \"low\": 5, \"high\": 80}}"}
{"op_code":5,"worker_id":"87f0c862-a296-4bf0-bfd2-2fb226a606ed-124505829807232","trial_id":172,"param_name":"REG_W","param_value_internal":55.20557668160197,"distribution":"{\"name\": \"FloatDistribution\", \"attributes\": {\"step\": null, \"low\": 1e-05, \"high\": 1000.0, \"log\": true}}"}
{"op_code":5,"worker_id":"87f0c862-a296-4bf0-bfd2-2fb226a606ed-124505829807232","trial_id":172,"param_name":"USE_RMS_SCALING","param_value_internal":1,"distribution":"{\"name\": \"CategoricalDistribution\", \"attributes\": {\"choices\": [true, false]}}"}
{"op_code":0,"worker_id":"c962b015-b8a8-4e9a-847e-5395358ec1fd-139441767715968","study_name":"cp_pred_levels_L4_residual_delta","directions":[2]}
{"op_code":4,"worker_id":"c962b015-b8a8-4e9a-847e-5395358ec1fd-139441767715968","study_id":0,"datetime_start":"2026-05-05T15:16:03.124454"}
{"op_code":9,"worker_id":"c962b015-b8a8-4e9a-847e-5395358ec1fd-139441767715968","trial_id":173,"system_attr":{"tpe:relative_params:0":"{\"RANK_REGRESS\": 20, \"REG_W\": 207.04642385074297, \"USE_RMS_SCALING\": false}"}}
{"op_code":5,"worker_id":"c962b015-b8a8-4e9a-847e-5395358ec1fd-139441767715968","trial_id":173,"param_name":"RANK_REGRESS","param_value_internal":20.0,"distribution":"{\"name\": \"IntDistribution\", \"attributes\": {\"log\": false, \"step\": 1, \"low\": 5, \"high\": 80}}"}
{"op_code":5,"worker_id":"c962b015-b8a8-4e9a-847e-5395358ec1fd-139441767715968","trial_id":173,"param_name":"REG_W","param_value_internal":207.04642385074297,"distribution":"{\"name\": \"FloatDistribution\", \"attributes\": {\"step\": null, \"low\": 1e-05, \"high\": 1000.0, \"log\": true}}"}
{"op_code":5,"worker_id":"c962b015-b8a8-4e9a-847e-5395358ec1fd-139441767715968","trial_id":173,"param_name":"USE_RMS_SCALING","param_value_internal":1,"distribution":"{\"name\": \"CategoricalDistribution\", \"attributes\": {\"choices\": [true, false]}}"}
{"op_code":0,"worker_id":"d586b34b-20e0-47ba-9b3e-3959cccc08d5-137813459870848","study_name":"cp_pred_levels_L4_residual_delta","directions":[2]}
{"op_code":4,"worker_id":"d586b34b-20e0-47ba-9b3e-3959cccc08d5-137813459870848","study_id":0,"datetime_start":"2026-05-05T15:16:03.762089"}
{"op_code":9,"worker_id":"d586b34b-20e0-47ba-9b3e-3959cccc08d5-137813459870848","trial_id":174,"system_attr":{"tpe:relative_params:0":"{\"RANK_REGRESS\": 33, \"REG_W\": 37.84112153305475, \"USE_RMS_SCALING\": false}"}}
{"op_code":5,"worker_id":"d586b34b-20e0-47ba-9b3e-3959cccc08d5-137813459870848","trial_id":174,"param_name":"RANK_REGRESS","param_value_internal":33.0,"distribution":"{\"name\": \"IntDistribution\", \"attributes\": {\"log\": false, \"step\": 1, \"low\": 5, \"high\": 80}}"}
{"op_code":5,"worker_id":"d586b34b-20e0-47ba-9b3e-3959cccc08d5-137813459870848","trial_id":174,"param_name":"REG_W","param_value_internal":37.84112153305475,"distribution":"{\"name\": \"FloatDistribution\", \"attributes\": {\"step\": null, \"low\": 1e-05, \"high\": 1000.0, \"log\": true}}"}
{"op_code":5,"worker_id":"d586b34b-20e0-47ba-9b3e-3959cccc08d5-137813459870848","trial_id":174,"param_name":"USE_RMS_SCALING","param_value_internal":1,"distribution":"{\"name\": \"CategoricalDistribution\", \"attributes\": {\"choices\": [true, false]}}"}
{"op_code":0,"worker_id":"0c47f1a2-8d39-494b-bf58-e89cf21cf247-136684785820800","study_name":"cp_pred_levels_L4_residual_delta","directions":[2]}
{"op_code":4,"worker_id":"0c47f1a2-8d39-494b-bf58-e89cf21cf247-136684785820800","study_id":0,"datetime_start":"2026-05-05T15:16:04.352883"}
{"op_code":9,"worker_id":"0c47f1a2-8d39-494b-bf58-e89cf21cf247-136684785820800","trial_id":175,"system_attr":{"tpe:relative_params:0":"{\"RANK_REGRESS\": 21, \"REG_W\": 2.107002293738045, \"USE_RMS_SCALING\": false}"}}
{"op_code":5,"worker_id":"0c47f1a2-8d39-494b-bf58-e89cf21cf247-136684785820800","trial_id":175,"param_name":"RANK_REGRESS","param_value_internal":21.0,"distribution":"{\"name\": \"IntDistribution\", \"attributes\": {\"log\": false, \"step\": 1, \"low\": 5, \"high\": 80}}"}
{"op_code":5,"worker_id":"0c47f1a2-8d39-494b-bf58-e89cf21cf247-136684785820800","trial_id":175,"param_name":"REG_W","param_value_internal":2.107002293738045,"distribution":"{\"name\": \"FloatDistribution\", \"attributes\": {\"step\": null, \"low\": 1e-05, \"high\": 1000.0, \"log\": true}}"}
{"op_code":5,"worker_id":"0c47f1a2-8d39-494b-bf58-e89cf21cf247-136684785820800","trial_id":175,"param_name":"USE_RMS_SCALING","param_value_internal":1,"distribution":"{\"name\": \"CategoricalDistribution\", \"attributes\": {\"choices\": [true, false]}}"}
{"op_code":0,"worker_id":"fcd15122-2ae7-4655-bdc8-b6e97e2a54d8-140525338776704","study_name":"cp_pred_levels_L4_residual_delta","directions":[2]}
{"op_code":4,"worker_id":"fcd15122-2ae7-4655-bdc8-b6e97e2a54d8-140525338776704","study_id":0,"datetime_start":"2026-05-05T15:16:05.097338"}
{"op_code":9,"worker_id":"fcd15122-2ae7-4655-bdc8-b6e97e2a54d8-140525338776704","trial_id":176,"system_attr":{"tpe:relative_params:0":"{\"RANK_REGRESS\": 16, \"REG_W\": 24.356219757257843, \"USE_RMS_SCALING\": false}"}}
{"op_code":5,"worker_id":"fcd15122-2ae7-4655-bdc8-b6e97e2a54d8-140525338776704","trial_id":176,"param_name":"RANK_REGRESS","param_value_internal":16.0,"distribution":"{\"name\": \"IntDistribution\", \"attributes\": {\"log\": false, \"step\": 1, \"low\": 5, \"high\": 80}}"}
{"op_code":5,"worker_id":"fcd15122-2ae7-4655-bdc8-b6e97e2a54d8-140525338776704","trial_id":176,"param_name":"REG_W","param_value_internal":24.356219757257843,"distribution":"{\"name\": \"FloatDistribution\", \"attributes\": {\"step\": null, \"low\": 1e-05, \"high\": 1000.0, \"log\": true}}"}
{"op_code":5,"worker_id":"fcd15122-2ae7-4655-bdc8-b6e97e2a54d8-140525338776704","trial_id":176,"param_name":"USE_RMS_SCALING","param_value_internal":1,"distribution":"{\"name\": \"CategoricalDistribution\", \"attributes\": {\"choices\": [true, false]}}"}
{"op_code":0,"worker_id":"cb67649c-f387-4e7e-ad51-9407be58e2b8-126805857027200","study_name":"cp_pred_levels_L4_residual_delta","directions":[2]}
{"op_code":4,"worker_id":"cb67649c-f387-4e7e-ad51-9407be58e2b8-126805857027200","study_id":0,"datetime_start":"2026-05-05T15:16:05.834792"}
{"op_code":9,"worker_id":"cb67649c-f387-4e7e-ad51-9407be58e2b8-126805857027200","trial_id":177,"system_attr":{"tpe:relative_params:0":"{\"RANK_REGRESS\": 18, \"REG_W\": 77.05279107539037, \"USE_RMS_SCALING\": false}"}}
{"op_code":5,"worker_id":"cb67649c-f387-4e7e-ad51-9407be58e2b8-126805857027200","trial_id":177,"param_name":"RANK_REGRESS","param_value_internal":18.0,"distribution":"{\"name\": \"IntDistribution\", \"attributes\": {\"log\": false, \"step\": 1, \"low\": 5, \"high\": 80}}"}
{"op_code":5,"worker_id":"cb67649c-f387-4e7e-ad51-9407be58e2b8-126805857027200","trial_id":177,"param_name":"REG_W","param_value_internal":77.05279107539037,"distribution":"{\"name\": \"FloatDistribution\", \"attributes\": {\"step\": null, \"low\": 1e-05, \"high\": 1000.0, \"log\": true}}"}
{"op_code":5,"worker_id":"cb67649c-f387-4e7e-ad51-9407be58e2b8-126805857027200","trial_id":177,"param_name":"USE_RMS_SCALING","param_value_internal":1,"distribution":"{\"name\": \"CategoricalDistribution\", \"attributes\": {\"choices\": [true, false]}}"}
{"op_code":0,"worker_id":"7b4812c3-34dc-4696-8183-555ef8a22a7f-136089008497792","study_name":"cp_pred_levels_L4_residual_delta","directions":[2]}
{"op_code":4,"worker_id":"7b4812c3-34dc-4696-8183-555ef8a22a7f-136089008497792","study_id":0,"datetime_start":"2026-05-05T15:16:06.661229"}
{"op_code":9,"worker_id":"7b4812c3-34dc-4696-8183-555ef8a22a7f-136089008497792","trial_id":178,"system_attr":{"tpe:relative_params:0":"{\"RANK_REGRESS\": 23, \"REG_W\": 861.6335452212022, \"USE_RMS_SCALING\": false}"}}
{"op_code":5,"worker_id":"7b4812c3-34dc-4696-8183-555ef8a22a7f-136089008497792","trial_id":178,"param_name":"RANK_REGRESS","param_value_internal":23.0,"distribution":"{\"name\": \"IntDistribution\", \"attributes\": {\"log\": false, \"step\": 1, \"low\": 5, \"high\": 80}}"}
{"op_code":5,"worker_id":"7b4812c3-34dc-4696-8183-555ef8a22a7f-136089008497792","trial_id":178,"param_name":"REG_W","param_value_internal":861.6335452212022,"distribution":"{\"name\": \"FloatDistribution\", \"attributes\": {\"step\": null, \"low\": 1e-05, \"high\": 1000.0, \"log\": true}}"}
{"op_code":5,"worker_id":"7b4812c3-34dc-4696-8183-555ef8a22a7f-136089008497792","trial_id":178,"param_name":"USE_RMS_SCALING","param_value_internal":1,"distribution":"{\"name\": \"CategoricalDistribution\", \"attributes\": {\"choices\": [true, false]}}"}
{"op_code":0,"worker_id":"6233c741-8c22-4cff-8ebc-31cd3c17f806-124332505846912","study_name":"cp_pred_levels_L4_residual_delta","directions":[2]}
{"op_code":4,"worker_id":"6233c741-8c22-4cff-8ebc-31cd3c17f806-124332505846912","study_id":0,"datetime_start":"2026-05-05T15:16:07.375561"}
{"op_code":9,"worker_id":"6233c741-8c22-4cff-8ebc-31cd3c17f806-124332505846912","trial_id":179,"system_attr":{"tpe:relative_params:0":"{\"RANK_REGRESS\": 6, \"REG_W\": 92.06142703894243, \"USE_RMS_SCALING\": false}"}}
{"op_code":5,"worker_id":"6233c741-8c22-4cff-8ebc-31cd3c17f806-124332505846912","trial_id":179,"param_name":"RANK_REGRESS","param_value_internal":6.0,"distribution":"{\"name\": \"IntDistribution\", \"attributes\": {\"log\": false, \"step\": 1, \"low\": 5, \"high\": 80}}"}
{"op_code":5,"worker_id":"6233c741-8c22-4cff-8ebc-31cd3c17f806-124332505846912","trial_id":179,"param_name":"REG_W","param_value_internal":92.06142703894243,"distribution":"{\"name\": \"FloatDistribution\", \"attributes\": {\"step\": null, \"low\": 1e-05, \"high\": 1000.0, \"log\": true}}"}
{"op_code":5,"worker_id":"6233c741-8c22-4cff-8ebc-31cd3c17f806-124332505846912","trial_id":179,"param_name":"USE_RMS_SCALING","param_value_internal":1,"distribution":"{\"name\": \"CategoricalDistribution\", \"attributes\": {\"choices\": [true, false]}}"}
{"op_code":0,"worker_id":"9fd4f4ca-4cf1-4dcc-ba10-1ddc22788a9a-139568731899008","study_name":"cp_pred_levels_L4_residual_delta","directions":[2]}
{"op_code":4,"worker_id":"9fd4f4ca-4cf1-4dcc-ba10-1ddc22788a9a-139568731899008","study_id":0,"datetime_start":"2026-05-05T15:16:07.846733"}
{"op_code":9,"worker_id":"9fd4f4ca-4cf1-4dcc-ba10-1ddc22788a9a-139568731899008","trial_id":180,"system_attr":{"tpe:relative_params:0":"{\"RANK_REGRESS\": 16, \"REG_W\": 7.228595282795465, \"USE_RMS_SCALING\": false}"}}
{"op_code":5,"worker_id":"9fd4f4ca-4cf1-4dcc-ba10-1ddc22788a9a-139568731899008","trial_id":180,"param_name":"RANK_REGRESS","param_value_internal":16.0,"distribution":"{\"name\": \"IntDistribution\", \"attributes\": {\"log\": false, \"step\": 1, \"low\": 5, \"high\": 80}}"}
{"op_code":5,"worker_id":"9fd4f4ca-4cf1-4dcc-ba10-1ddc22788a9a-139568731899008","trial_id":180,"param_name":"REG_W","param_value_internal":7.228595282795465,"distribution":"{\"name\": \"FloatDistribution\", \"attributes\": {\"step\": null, \"low\": 1e-05, \"high\": 1000.0, \"log\": true}}"}
{"op_code":5,"worker_id":"9fd4f4ca-4cf1-4dcc-ba10-1ddc22788a9a-139568731899008","trial_id":180,"param_name":"USE_RMS_SCALING","param_value_internal":1,"distribution":"{\"name\": \"CategoricalDistribution\", \"attributes\": {\"choices\": [true, false]}}"}
{"op_code":0,"worker_id":"4f76664f-5c6d-432a-b1f2-4fe4411b9985-139339198227584","study_name":"cp_pred_levels_L4_residual_delta","directions":[2]}
{"op_code":4,"worker_id":"4f76664f-5c6d-432a-b1f2-4fe4411b9985-139339198227584","study_id":0,"datetime_start":"2026-05-05T15:16:08.100498"}
{"op_code":9,"worker_id":"4f76664f-5c6d-432a-b1f2-4fe4411b9985-139339198227584","trial_id":181,"system_attr":{"tpe:relative_params:0":"{\"RANK_REGRESS\": 5, \"REG_W\": 2.112888202766416, \"USE_RMS_SCALING\": false}"}}
{"op_code":5,"worker_id":"4f76664f-5c6d-432a-b1f2-4fe4411b9985-139339198227584","trial_id":181,"param_name":"RANK_REGRESS","param_value_internal":5.0,"distribution":"{\"name\": \"IntDistribution\", \"attributes\": {\"log\": false, \"step\": 1, \"low\": 5, \"high\": 80}}"}
{"op_code":5,"worker_id":"4f76664f-5c6d-432a-b1f2-4fe4411b9985-139339198227584","trial_id":181,"param_name":"REG_W","param_value_internal":2.112888202766416,"distribution":"{\"name\": \"FloatDistribution\", \"attributes\": {\"step\": null, \"low\": 1e-05, \"high\": 1000.0, \"log\": true}}"}
{"op_code":5,"worker_id":"4f76664f-5c6d-432a-b1f2-4fe4411b9985-139339198227584","trial_id":181,"param_name":"USE_RMS_SCALING","param_value_internal":1,"distribution":"{\"name\": \"CategoricalDistribution\", \"attributes\": {\"choices\": [true, false]}}"}
{"op_code":0,"worker_id":"d7882b4f-71ec-4163-b51a-79b3b2ee7b2f-124976971601024","study_name":"cp_pred_levels_L4_residual_delta","directions":[2]}
{"op_code":4,"worker_id":"d7882b4f-71ec-4163-b51a-79b3b2ee7b2f-124976971601024","study_id":0,"datetime_start":"2026-05-05T15:16:08.328713"}
{"op_code":9,"worker_id":"d7882b4f-71ec-4163-b51a-79b3b2ee7b2f-124976971601024","trial_id":182,"system_attr":{"tpe:relative_params:0":"{\"RANK_REGRESS\": 5, \"REG_W\": 7.394308802593689, \"USE_RMS_SCALING\": true}"}}
{"op_code":5,"worker_id":"d7882b4f-71ec-4163-b51a-79b3b2ee7b2f-124976971601024","trial_id":182,"param_name":"RANK_REGRESS","param_value_internal":5.0,"distribution":"{\"name\": \"IntDistribution\", \"attributes\": {\"log\": false, \"step\": 1, \"low\": 5, \"high\": 80}}"}
{"op_code":5,"worker_id":"d7882b4f-71ec-4163-b51a-79b3b2ee7b2f-124976971601024","trial_id":182,"param_name":"REG_W","param_value_internal":7.394308802593689,"distribution":"{\"name\": \"FloatDistribution\", \"attributes\": {\"step\": null, \"low\": 1e-05, \"high\": 1000.0, \"log\": true}}"}
{"op_code":5,"worker_id":"d7882b4f-71ec-4163-b51a-79b3b2ee7b2f-124976971601024","trial_id":182,"param_name":"USE_RMS_SCALING","param_value_internal":0,"distribution":"{\"name\": \"CategoricalDistribution\", \"attributes\": {\"choices\": [true, false]}}"}
{"op_code":0,"worker_id":"98029343-deb6-4db5-aed3-4aa2ebbbb7c5-127139288970368","study_name":"cp_pred_levels_L4_residual_delta","directions":[2]}
{"op_code":4,"worker_id":"98029343-deb6-4db5-aed3-4aa2ebbbb7c5-127139288970368","study_id":0,"datetime_start":"2026-05-05T15:16:08.449653"}
{"op_code":9,"worker_id":"98029343-deb6-4db5-aed3-4aa2ebbbb7c5-127139288970368","trial_id":183,"system_attr":{"tpe:relative_params:0":"{\"RANK_REGRESS\": 34, \"REG_W\": 988.0181161220376, \"USE_RMS_SCALING\": false}"}}
{"op_code":5,"worker_id":"98029343-deb6-4db5-aed3-4aa2ebbbb7c5-127139288970368","trial_id":183,"param_name":"RANK_REGRESS","param_value_internal":34.0,"distribution":"{\"name\": \"IntDistribution\", \"attributes\": {\"log\": false, \"step\": 1, \"low\": 5, \"high\": 80}}"}
{"op_code":5,"worker_id":"98029343-deb6-4db5-aed3-4aa2ebbbb7c5-127139288970368","trial_id":183,"param_name":"REG_W","param_value_internal":988.0181161220376,"distribution":"{\"name\": \"FloatDistribution\", \"attributes\": {\"step\": null, \"low\": 1e-05, \"high\": 1000.0, \"log\": true}}"}
{"op_code":5,"worker_id":"98029343-deb6-4db5-aed3-4aa2ebbbb7c5-127139288970368","trial_id":183,"param_name":"USE_RMS_SCALING","param_value_internal":1,"distribution":"{\"name\": \"CategoricalDistribution\", \"attributes\": {\"choices\": [true, false]}}"}
{"op_code":0,"worker_id":"cf6a3ec4-9c75-4ea7-ac33-0f2143aa9922-131692874839168","study_name":"cp_pred_levels_L4_residual_delta","directions":[2]}
{"op_code":4,"worker_id":"cf6a3ec4-9c75-4ea7-ac33-0f2143aa9922-131692874839168","study_id":0,"datetime_start":"2026-05-05T15:16:09.209112"}
{"op_code":9,"worker_id":"cf6a3ec4-9c75-4ea7-ac33-0f2143aa9922-131692874839168","trial_id":184,"system_attr":{"tpe:relative_params:0":"{\"RANK_REGRESS\": 15, \"REG_W\": 51.44907905663122, \"USE_RMS_SCALING\": false}"}}
{"op_code":5,"worker_id":"cf6a3ec4-9c75-4ea7-ac33-0f2143aa9922-131692874839168","trial_id":184,"param_name":"RANK_REGRESS","param_value_internal":15.0,"distribution":"{\"name\": \"IntDistribution\", \"attributes\": {\"log\": false, \"step\": 1, \"low\": 5, \"high\": 80}}"}
{"op_code":5,"worker_id":"cf6a3ec4-9c75-4ea7-ac33-0f2143aa9922-131692874839168","trial_id":184,"param_name":"REG_W","param_value_internal":51.44907905663122,"distribution":"{\"name\": \"FloatDistribution\", \"attributes\": {\"step\": null, \"low\": 1e-05, \"high\": 1000.0, \"log\": true}}"}
{"op_code":5,"worker_id":"cf6a3ec4-9c75-4ea7-ac33-0f2143aa9922-131692874839168","trial_id":184,"param_name":"USE_RMS_SCALING","param_value_internal":1,"distribution":"{\"name\": \"CategoricalDistribution\", \"attributes\": {\"choices\": [true, false]}}"}
{"op_code":0,"worker_id":"cbef26bd-ba82-44b3-8f0d-faf366e8b4bd-133598752912512","study_name":"cp_pred_levels_L4_residual_delta","directions":[2]}
{"op_code":4,"worker_id":"cbef26bd-ba82-44b3-8f0d-faf366e8b4bd-133598752912512","study_id":0,"datetime_start":"2026-05-05T15:16:09.306895"}
{"op_code":9,"worker_id":"cbef26bd-ba82-44b3-8f0d-faf366e8b4bd-133598752912512","trial_id":185,"system_attr":{"tpe:relative_params:0":"{\"RANK_REGRESS\": 5, \"REG_W\": 41.718171935555574, \"USE_RMS_SCALING\": false}"}}
{"op_code":5,"worker_id":"cbef26bd-ba82-44b3-8f0d-faf366e8b4bd-133598752912512","trial_id":185,"param_name":"RANK_REGRESS","param_value_internal":5.0,"distribution":"{\"name\": \"IntDistribution\", \"attributes\": {\"log\": false, \"step\": 1, \"low\": 5, \"high\": 80}}"}
{"op_code":5,"worker_id":"cbef26bd-ba82-44b3-8f0d-faf366e8b4bd-133598752912512","trial_id":185,"param_name":"REG_W","param_value_internal":41.718171935555574,"distribution":"{\"name\": \"FloatDistribution\", \"attributes\": {\"step\": null, \"low\": 1e-05, \"high\": 1000.0, \"log\": true}}"}
{"op_code":5,"worker_id":"cbef26bd-ba82-44b3-8f0d-faf366e8b4bd-133598752912512","trial_id":185,"param_name":"USE_RMS_SCALING","param_value_internal":1,"distribution":"{\"name\": \"CategoricalDistribution\", \"attributes\": {\"choices\": [true, false]}}"}
{"op_code":0,"worker_id":"fa464c2b-d319-4249-b485-000d733a7e14-131429167989888","study_name":"cp_pred_levels_L4_residual_delta","directions":[2]}
{"op_code":4,"worker_id":"fa464c2b-d319-4249-b485-000d733a7e14-131429167989888","study_id":0,"datetime_start":"2026-05-05T15:16:09.678616"}
{"op_code":9,"worker_id":"fa464c2b-d319-4249-b485-000d733a7e14-131429167989888","trial_id":186,"system_attr":{"tpe:relative_params:0":"{\"RANK_REGRESS\": 20, \"REG_W\": 218.0621806567928, \"USE_RMS_SCALING\": false}"}}
{"op_code":5,"worker_id":"fa464c2b-d319-4249-b485-000d733a7e14-131429167989888","trial_id":186,"param_name":"RANK_REGRESS","param_value_internal":20.0,"distribution":"{\"name\": \"IntDistribution\", \"attributes\": {\"log\": false, \"step\": 1, \"low\": 5, \"high\": 80}}"}
{"op_code":5,"worker_id":"fa464c2b-d319-4249-b485-000d733a7e14-131429167989888","trial_id":186,"param_name":"REG_W","param_value_internal":218.0621806567928,"distribution":"{\"name\": \"FloatDistribution\", \"attributes\": {\"step\": null, \"low\": 1e-05, \"high\": 1000.0, \"log\": true}}"}
{"op_code":5,"worker_id":"fa464c2b-d319-4249-b485-000d733a7e14-131429167989888","trial_id":186,"param_name":"USE_RMS_SCALING","param_value_internal":1,"distribution":"{\"name\": \"CategoricalDistribution\", \"attributes\": {\"choices\": [true, false]}}"}
{"op_code":6,"worker_id":"d7882b4f-71ec-4163-b51a-79b3b2ee7b2f-124976971601024","trial_id":182,"state":1,"values":[-0.009907306075044567],"datetime_complete":"2026-05-05T17:58:23.447024"}
{"op_code":4,"worker_id":"d7882b4f-71ec-4163-b51a-79b3b2ee7b2f-124976971601024","study_id":0,"datetime_start":"2026-05-05T17:58:23.516597"}
{"op_code":9,"worker_id":"d7882b4f-71ec-4163-b51a-79b3b2ee7b2f-124976971601024","trial_id":187,"system_attr":{"tpe:relative_params:0":"{\"RANK_REGRESS\": 19, \"REG_W\": 17.68539141424781, \"USE_RMS_SCALING\": true}"}}
{"op_code":5,"worker_id":"d7882b4f-71ec-4163-b51a-79b3b2ee7b2f-124976971601024","trial_id":187,"param_name":"RANK_REGRESS","param_value_internal":19.0,"distribution":"{\"name\": \"IntDistribution\", \"attributes\": {\"log\": false, \"step\": 1, \"low\": 5, \"high\": 80}}"}
{"op_code":5,"worker_id":"d7882b4f-71ec-4163-b51a-79b3b2ee7b2f-124976971601024","trial_id":187,"param_name":"REG_W","param_value_internal":17.68539141424781,"distribution":"{\"name\": \"FloatDistribution\", \"attributes\": {\"step\": null, \"low\": 1e-05, \"high\": 1000.0, \"log\": true}}"}
{"op_code":5,"worker_id":"d7882b4f-71ec-4163-b51a-79b3b2ee7b2f-124976971601024","trial_id":187,"param_name":"USE_RMS_SCALING","param_value_internal":0,"distribution":"{\"name\": \"CategoricalDistribution\", \"attributes\": {\"choices\": [true, false]}}"}
{"op_code":6,"worker_id":"cbef26bd-ba82-44b3-8f0d-faf366e8b4bd-133598752912512","trial_id":185,"state":1,"values":[-0.008652837798196367],"datetime_complete":"2026-05-05T18:07:54.380218"}
{"op_code":4,"worker_id":"cbef26bd-ba82-44b3-8f0d-faf366e8b4bd-133598752912512","study_id":0,"datetime_start":"2026-05-05T18:07:54.428134"}
{"op_code":9,"worker_id":"cbef26bd-ba82-44b3-8f0d-faf366e8b4bd-133598752912512","trial_id":188,"system_attr":{"tpe:relative_params:0":"{\"RANK_REGRESS\": 35, \"REG_W\": 9.326437824779209, \"USE_RMS_SCALING\": false}"}}
{"op_code":5,"worker_id":"cbef26bd-ba82-44b3-8f0d-faf366e8b4bd-133598752912512","trial_id":188,"param_name":"RANK_REGRESS","param_value_internal":35.0,"distribution":"{\"name\": \"IntDistribution\", \"attributes\": {\"log\": false, \"step\": 1, \"low\": 5, \"high\": 80}}"}
{"op_code":5,"worker_id":"cbef26bd-ba82-44b3-8f0d-faf366e8b4bd-133598752912512","trial_id":188,"param_name":"REG_W","param_value_internal":9.326437824779209,"distribution":"{\"name\": \"FloatDistribution\", \"attributes\": {\"step\": null, \"low\": 1e-05, \"high\": 1000.0, \"log\": true}}"}
{"op_code":5,"worker_id":"cbef26bd-ba82-44b3-8f0d-faf366e8b4bd-133598752912512","trial_id":188,"param_name":"USE_RMS_SCALING","param_value_internal":1,"distribution":"{\"name\": \"CategoricalDistribution\", \"attributes\": {\"choices\": [true, false]}}"}
{"op_code":6,"worker_id":"4f76664f-5c6d-432a-b1f2-4fe4411b9985-139339198227584","trial_id":181,"state":1,"values":[-0.17055907314696037],"datetime_complete":"2026-05-05T18:08:32.588523"}
{"op_code":4,"worker_id":"4f76664f-5c6d-432a-b1f2-4fe4411b9985-139339198227584","study_id":0,"datetime_start":"2026-05-05T18:08:32.786994"}
{"op_code":9,"worker_id":"4f76664f-5c6d-432a-b1f2-4fe4411b9985-139339198227584","trial_id":189,"system_attr":{"tpe:relative_params:0":"{\"RANK_REGRESS\": 5, \"REG_W\": 17.008861286555547, \"USE_RMS_SCALING\": false}"}}
{"op_code":5,"worker_id":"4f76664f-5c6d-432a-b1f2-4fe4411b9985-139339198227584","trial_id":189,"param_name":"RANK_REGRESS","param_value_internal":5.0,"distribution":"{\"name\": \"IntDistribution\", \"attributes\": {\"log\": false, \"step\": 1, \"low\": 5, \"high\": 80}}"}
{"op_code":5,"worker_id":"4f76664f-5c6d-432a-b1f2-4fe4411b9985-139339198227584","trial_id":189,"param_name":"REG_W","param_value_internal":17.008861286555547,"distribution":"{\"name\": \"FloatDistribution\", \"attributes\": {\"step\": null, \"low\": 1e-05, \"high\": 1000.0, \"log\": true}}"}
{"op_code":5,"worker_id":"4f76664f-5c6d-432a-b1f2-4fe4411b9985-139339198227584","trial_id":189,"param_name":"USE_RMS_SCALING","param_value_internal":1,"distribution":"{\"name\": \"CategoricalDistribution\", \"attributes\": {\"choices\": [true, false]}}"}
{"op_code":6,"worker_id":"6233c741-8c22-4cff-8ebc-31cd3c17f806-124332505846912","trial_id":179,"state":1,"values":[0.0],"datetime_complete":"2026-05-05T19:01:03.832287"}
{"op_code":4,"worker_id":"6233c741-8c22-4cff-8ebc-31cd3c17f806-124332505846912","study_id":0,"datetime_start":"2026-05-05T19:01:03.914784"}
{"op_code":9,"worker_id":"6233c741-8c22-4cff-8ebc-31cd3c17f806-124332505846912","trial_id":190,"system_attr":{"tpe:relative_params:0":"{\"RANK_REGRESS\": 19, \"REG_W\": 53.08026414262848, \"USE_RMS_SCALING\": false}"}}
{"op_code":5,"worker_id":"6233c741-8c22-4cff-8ebc-31cd3c17f806-124332505846912","trial_id":190,"param_name":"RANK_REGRESS","param_value_internal":19.0,"distribution":"{\"name\": \"IntDistribution\", \"attributes\": {\"log\": false, \"step\": 1, \"low\": 5, \"high\": 80}}"}
{"op_code":5,"worker_id":"6233c741-8c22-4cff-8ebc-31cd3c17f806-124332505846912","trial_id":190,"param_name":"REG_W","param_value_internal":53.08026414262848,"distribution":"{\"name\": \"FloatDistribution\", \"attributes\": {\"step\": null, \"low\": 1e-05, \"high\": 1000.0, \"log\": true}}"}
{"op_code":5,"worker_id":"6233c741-8c22-4cff-8ebc-31cd3c17f806-124332505846912","trial_id":190,"param_name":"USE_RMS_SCALING","param_value_internal":1,"distribution":"{\"name\": \"CategoricalDistribution\", \"attributes\": {\"choices\": [true, false]}}"}
{"op_code":6,"worker_id":"4f76664f-5c6d-432a-b1f2-4fe4411b9985-139339198227584","trial_id":189,"state":1,"values":[-0.01936498764912235],"datetime_complete":"2026-05-05T20:48:43.473801"}
{"op_code":4,"worker_id":"4f76664f-5c6d-432a-b1f2-4fe4411b9985-139339198227584","study_id":0,"datetime_start":"2026-05-05T20:48:43.554070"}
{"op_code":9,"worker_id":"4f76664f-5c6d-432a-b1f2-4fe4411b9985-139339198227584","trial_id":191,"system_attr":{"tpe:relative_params:0":"{\"RANK_REGRESS\": 17, \"REG_W\": 145.90639158221128, \"USE_RMS_SCALING\": false}"}}
{"op_code":5,"worker_id":"4f76664f-5c6d-432a-b1f2-4fe4411b9985-139339198227584","trial_id":191,"param_name":"RANK_REGRESS","param_value_internal":17.0,"distribution":"{\"name\": \"IntDistribution\", \"attributes\": {\"log\": false, \"step\": 1, \"low\": 5, \"high\": 80}}"}
{"op_code":5,"worker_id":"4f76664f-5c6d-432a-b1f2-4fe4411b9985-139339198227584","trial_id":191,"param_name":"REG_W","param_value_internal":145.90639158221128,"distribution":"{\"name\": \"FloatDistribution\", \"attributes\": {\"step\": null, \"low\": 1e-05, \"high\": 1000.0, \"log\": true}}"}
{"op_code":5,"worker_id":"4f76664f-5c6d-432a-b1f2-4fe4411b9985-139339198227584","trial_id":191,"param_name":"USE_RMS_SCALING","param_value_internal":1,"distribution":"{\"name\": \"CategoricalDistribution\", \"attributes\": {\"choices\": [true, false]}}"}
{"op_code":6,"worker_id":"cf6a3ec4-9c75-4ea7-ac33-0f2143aa9922-131692874839168","trial_id":184,"state":1,"values":[-0.03197237836819159],"datetime_complete":"2026-05-06T00:04:01.402006"}
{"op_code":4,"worker_id":"cf6a3ec4-9c75-4ea7-ac33-0f2143aa9922-131692874839168","study_id":0,"datetime_start":"2026-05-06T00:04:01.501855"}
{"op_code":9,"worker_id":"cf6a3ec4-9c75-4ea7-ac33-0f2143aa9922-131692874839168","trial_id":192,"system_attr":{"tpe:relative_params:0":"{\"RANK_REGRESS\": 13, \"REG_W\": 926.4478134238955, \"USE_RMS_SCALING\": false}"}}
{"op_code":5,"worker_id":"cf6a3ec4-9c75-4ea7-ac33-0f2143aa9922-131692874839168","trial_id":192,"param_name":"RANK_REGRESS","param_value_internal":13.0,"distribution":"{\"name\": \"IntDistribution\", \"attributes\": {\"log\": false, \"step\": 1, \"low\": 5, \"high\": 80}}"}
{"op_code":5,"worker_id":"cf6a3ec4-9c75-4ea7-ac33-0f2143aa9922-131692874839168","trial_id":192,"param_name":"REG_W","param_value_internal":926.4478134238955,"distribution":"{\"name\": \"FloatDistribution\", \"attributes\": {\"step\": null, \"low\": 1e-05, \"high\": 1000.0, \"log\": true}}"}
{"op_code":5,"worker_id":"cf6a3ec4-9c75-4ea7-ac33-0f2143aa9922-131692874839168","trial_id":192,"param_name":"USE_RMS_SCALING","param_value_internal":1,"distribution":"{\"name\": \"CategoricalDistribution\", \"attributes\": {\"choices\": [true, false]}}"}
{"op_code":6,"worker_id":"87f0c862-a296-4bf0-bfd2-2fb226a606ed-124505829807232","trial_id":172,"state":1,"values":[-0.05739844507189196],"datetime_complete":"2026-05-06T00:07:08.661293"}
{"op_code":4,"worker_id":"87f0c862-a296-4bf0-bfd2-2fb226a606ed-124505829807232","study_id":0,"datetime_start":"2026-05-06T00:07:08.738845"}
{"op_code":9,"worker_id":"87f0c862-a296-4bf0-bfd2-2fb226a606ed-124505829807232","trial_id":193,"system_attr":{"tpe:relative_params:0":"{\"RANK_REGRESS\": 6, \"REG_W\": 52.747658357888085, \"USE_RMS_SCALING\": false}"}}
{"op_code":5,"worker_id":"87f0c862-a296-4bf0-bfd2-2fb226a606ed-124505829807232","trial_id":193,"param_name":"RANK_REGRESS","param_value_internal":6.0,"distribution":"{\"name\": \"IntDistribution\", \"attributes\": {\"log\": false, \"step\": 1, \"low\": 5, \"high\": 80}}"}
{"op_code":5,"worker_id":"87f0c862-a296-4bf0-bfd2-2fb226a606ed-124505829807232","trial_id":193,"param_name":"REG_W","param_value_internal":52.747658357888085,"distribution":"{\"name\": \"FloatDistribution\", \"attributes\": {\"step\": null, \"low\": 1e-05, \"high\": 1000.0, \"log\": true}}"}
{"op_code":5,"worker_id":"87f0c862-a296-4bf0-bfd2-2fb226a606ed-124505829807232","trial_id":193,"param_name":"USE_RMS_SCALING","param_value_internal":1,"distribution":"{\"name\": \"CategoricalDistribution\", \"attributes\": {\"choices\": [true, false]}}"}
{"op_code":6,"worker_id":"c962b015-b8a8-4e9a-847e-5395358ec1fd-139441767715968","trial_id":173,"state":1,"values":[0.0],"datetime_complete":"2026-05-06T00:15:33.705145"}
{"op_code":4,"worker_id":"c962b015-b8a8-4e9a-847e-5395358ec1fd-139441767715968","study_id":0,"datetime_start":"2026-05-06T00:15:33.775189"}
{"op_code":9,"worker_id":"c962b015-b8a8-4e9a-847e-5395358ec1fd-139441767715968","trial_id":194,"system_attr":{"tpe:relative_params:0":"{\"RANK_REGRESS\": 6, \"REG_W\": 79.57195795950659, \"USE_RMS_SCALING\": true}"}}
{"op_code":5,"worker_id":"c962b015-b8a8-4e9a-847e-5395358ec1fd-139441767715968","trial_id":194,"param_name":"RANK_REGRESS","param_value_internal":6.0,"distribution":"{\"name\": \"IntDistribution\", \"attributes\": {\"log\": false, \"step\": 1, \"low\": 5, \"high\": 80}}"}
{"op_code":5,"worker_id":"c962b015-b8a8-4e9a-847e-5395358ec1fd-139441767715968","trial_id":194,"param_name":"REG_W","param_value_internal":79.57195795950659,"distribution":"{\"name\": \"FloatDistribution\", \"attributes\": {\"step\": null, \"low\": 1e-05, \"high\": 1000.0, \"log\": true}}"}
{"op_code":5,"worker_id":"c962b015-b8a8-4e9a-847e-5395358ec1fd-139441767715968","trial_id":194,"param_name":"USE_RMS_SCALING","param_value_internal":0,"distribution":"{\"name\": \"CategoricalDistribution\", \"attributes\": {\"choices\": [true, false]}}"}
{"op_code":6,"worker_id":"fa464c2b-d319-4249-b485-000d733a7e14-131429167989888","trial_id":186,"state":1,"values":[0.0],"datetime_complete":"2026-05-06T00:53:22.265265"}
{"op_code":4,"worker_id":"fa464c2b-d319-4249-b485-000d733a7e14-131429167989888","study_id":0,"datetime_start":"2026-05-06T00:53:22.345822"}
{"op_code":9,"worker_id":"fa464c2b-d319-4249-b485-000d733a7e14-131429167989888","trial_id":195,"system_attr":{"tpe:relative_params:0":"{\"RANK_REGRESS\": 6, \"REG_W\": 129.9505611000925, \"USE_RMS_SCALING\": false}"}}
{"op_code":5,"worker_id":"fa464c2b-d319-4249-b485-000d733a7e14-131429167989888","trial_id":195,"param_name":"RANK_REGRESS","param_value_internal":6.0,"distribution":"{\"name\": \"IntDistribution\", \"attributes\": {\"log\": false, \"step\": 1, \"low\": 5, \"high\": 80}}"}
{"op_code":5,"worker_id":"fa464c2b-d319-4249-b485-000d733a7e14-131429167989888","trial_id":195,"param_name":"REG_W","param_value_internal":129.9505611000925,"distribution":"{\"name\": \"FloatDistribution\", \"attributes\": {\"step\": null, \"low\": 1e-05, \"high\": 1000.0, \"log\": true}}"}
{"op_code":5,"worker_id":"fa464c2b-d319-4249-b485-000d733a7e14-131429167989888","trial_id":195,"param_name":"USE_RMS_SCALING","param_value_internal":1,"distribution":"{\"name\": \"CategoricalDistribution\", \"attributes\": {\"choices\": [true, false]}}"}
{"op_code":6,"worker_id":"cb67649c-f387-4e7e-ad51-9407be58e2b8-126805857027200","trial_id":177,"state":1,"values":[0.00012641299998931524],"datetime_complete":"2026-05-06T01:36:00.092816"}
{"op_code":4,"worker_id":"cb67649c-f387-4e7e-ad51-9407be58e2b8-126805857027200","study_id":0,"datetime_start":"2026-05-06T01:36:00.175809"}
{"op_code":9,"worker_id":"cb67649c-f387-4e7e-ad51-9407be58e2b8-126805857027200","trial_id":196,"system_attr":{"tpe:relative_params:0":"{\"RANK_REGRESS\": 30, \"REG_W\": 54.25676892818882, \"USE_RMS_SCALING\": false}"}}
{"op_code":5,"worker_id":"cb67649c-f387-4e7e-ad51-9407be58e2b8-126805857027200","trial_id":196,"param_name":"RANK_REGRESS","param_value_internal":30.0,"distribution":"{\"name\": \"IntDistribution\", \"attributes\": {\"log\": false, \"step\": 1, \"low\": 5, \"high\": 80}}"}
{"op_code":5,"worker_id":"cb67649c-f387-4e7e-ad51-9407be58e2b8-126805857027200","trial_id":196,"param_name":"REG_W","param_value_internal":54.25676892818882,"distribution":"{\"name\": \"FloatDistribution\", \"attributes\": {\"step\": null, \"low\": 1e-05, \"high\": 1000.0, \"log\": true}}"}
{"op_code":5,"worker_id":"cb67649c-f387-4e7e-ad51-9407be58e2b8-126805857027200","trial_id":196,"param_name":"USE_RMS_SCALING","param_value_internal":1,"distribution":"{\"name\": \"CategoricalDistribution\", \"attributes\": {\"choices\": [true, false]}}"}
{"op_code":6,"worker_id":"e1391102-e4bd-4cf9-bb85-45b6c9228638-136456530367616","trial_id":171,"state":1,"values":[0.004785365885541386],"datetime_complete":"2026-05-06T01:45:25.083439"}
{"op_code":4,"worker_id":"e1391102-e4bd-4cf9-bb85-45b6c9228638-136456530367616","study_id":0,"datetime_start":"2026-05-06T01:45:25.149308"}
{"op_code":9,"worker_id":"e1391102-e4bd-4cf9-bb85-45b6c9228638-136456530367616","trial_id":197,"system_attr":{"tpe:relative_params:0":"{\"RANK_REGRESS\": 28, \"REG_W\": 48.73393871427869, \"USE_RMS_SCALING\": false}"}}
{"op_code":5,"worker_id":"e1391102-e4bd-4cf9-bb85-45b6c9228638-136456530367616","trial_id":197,"param_name":"RANK_REGRESS","param_value_internal":28.0,"distribution":"{\"name\": \"IntDistribution\", \"attributes\": {\"log\": false, \"step\": 1, \"low\": 5, \"high\": 80}}"}
{"op_code":5,"worker_id":"e1391102-e4bd-4cf9-bb85-45b6c9228638-136456530367616","trial_id":197,"param_name":"REG_W","param_value_internal":48.73393871427869,"distribution":"{\"name\": \"FloatDistribution\", \"attributes\": {\"step\": null, \"low\": 1e-05, \"high\": 1000.0, \"log\": true}}"}
{"op_code":5,"worker_id":"e1391102-e4bd-4cf9-bb85-45b6c9228638-136456530367616","trial_id":197,"param_name":"USE_RMS_SCALING","param_value_internal":1,"distribution":"{\"name\": \"CategoricalDistribution\", \"attributes\": {\"choices\": [true, false]}}"}
{"op_code":6,"worker_id":"0c47f1a2-8d39-494b-bf58-e89cf21cf247-136684785820800","trial_id":175,"state":1,"values":[-0.5979240886792283],"datetime_complete":"2026-05-06T02:10:27.530532"}
{"op_code":4,"worker_id":"0c47f1a2-8d39-494b-bf58-e89cf21cf247-136684785820800","study_id":0,"datetime_start":"2026-05-06T02:10:27.668724"}
{"op_code":9,"worker_id":"0c47f1a2-8d39-494b-bf58-e89cf21cf247-136684785820800","trial_id":198,"system_attr":{"tpe:relative_params:0":"{\"RANK_REGRESS\": 16, \"REG_W\": 3.4017857950037467, \"USE_RMS_SCALING\": false}"}}
{"op_code":5,"worker_id":"0c47f1a2-8d39-494b-bf58-e89cf21cf247-136684785820800","trial_id":198,"param_name":"RANK_REGRESS","param_value_internal":16.0,"distribution":"{\"name\": \"IntDistribution\", \"attributes\": {\"log\": false, \"step\": 1, \"low\": 5, \"high\": 80}}"}
{"op_code":5,"worker_id":"0c47f1a2-8d39-494b-bf58-e89cf21cf247-136684785820800","trial_id":198,"param_name":"REG_W","param_value_internal":3.4017857950037467,"distribution":"{\"name\": \"FloatDistribution\", \"attributes\": {\"step\": null, \"low\": 1e-05, \"high\": 1000.0, \"log\": true}}"}
{"op_code":5,"worker_id":"0c47f1a2-8d39-494b-bf58-e89cf21cf247-136684785820800","trial_id":198,"param_name":"USE_RMS_SCALING","param_value_internal":1,"distribution":"{\"name\": \"CategoricalDistribution\", \"attributes\": {\"choices\": [true, false]}}"}
{"op_code":6,"worker_id":"897d8cc1-da79-48ec-8e92-4756cbe4f997-125164349285504","trial_id":170,"state":1,"values":[-0.04542891699180085],"datetime_complete":"2026-05-06T02:12:18.170390"}
{"op_code":4,"worker_id":"897d8cc1-da79-48ec-8e92-4756cbe4f997-125164349285504","study_id":0,"datetime_start":"2026-05-06T02:12:18.263294"}
{"op_code":9,"worker_id":"897d8cc1-da79-48ec-8e92-4756cbe4f997-125164349285504","trial_id":199,"system_attr":{"tpe:relative_params:0":"{\"RANK_REGRESS\": 23, \"REG_W\": 85.5869137168121, \"USE_RMS_SCALING\": false}"}}
{"op_code":5,"worker_id":"897d8cc1-da79-48ec-8e92-4756cbe4f997-125164349285504","trial_id":199,"param_name":"RANK_REGRESS","param_value_internal":23.0,"distribution":"{\"name\": \"IntDistribution\", \"attributes\": {\"log\": false, \"step\": 1, \"low\": 5, \"high\": 80}}"}
{"op_code":5,"worker_id":"897d8cc1-da79-48ec-8e92-4756cbe4f997-125164349285504","trial_id":199,"param_name":"REG_W","param_value_internal":85.5869137168121,"distribution":"{\"name\": \"FloatDistribution\", \"attributes\": {\"step\": null, \"low\": 1e-05, \"high\": 1000.0, \"log\": true}}"}
{"op_code":5,"worker_id":"897d8cc1-da79-48ec-8e92-4756cbe4f997-125164349285504","trial_id":199,"param_name":"USE_RMS_SCALING","param_value_internal":1,"distribution":"{\"name\": \"CategoricalDistribution\", \"attributes\": {\"choices\": [true, false]}}"}
{"op_code":6,"worker_id":"7b4812c3-34dc-4696-8183-555ef8a22a7f-136089008497792","trial_id":178,"state":1,"values":[0.0],"datetime_complete":"2026-05-06T02:42:03.382760"}
{"op_code":4,"worker_id":"7b4812c3-34dc-4696-8183-555ef8a22a7f-136089008497792","study_id":0,"datetime_start":"2026-05-06T02:42:03.471016"}
{"op_code":9,"worker_id":"7b4812c3-34dc-4696-8183-555ef8a22a7f-136089008497792","trial_id":200,"system_attr":{"tpe:relative_params:0":"{\"RANK_REGRESS\": 20, \"REG_W\": 8.861259679869468, \"USE_RMS_SCALING\": false}"}}
{"op_code":5,"worker_id":"7b4812c3-34dc-4696-8183-555ef8a22a7f-136089008497792","trial_id":200,"param_name":"RANK_REGRESS","param_value_internal":20.0,"distribution":"{\"name\": \"IntDistribution\", \"attributes\": {\"log\": false, \"step\": 1, \"low\": 5, \"high\": 80}}"}
{"op_code":5,"worker_id":"7b4812c3-34dc-4696-8183-555ef8a22a7f-136089008497792","trial_id":200,"param_name":"REG_W","param_value_internal":8.861259679869468,"distribution":"{\"name\": \"FloatDistribution\", \"attributes\": {\"step\": null, \"low\": 1e-05, \"high\": 1000.0, \"log\": true}}"}
{"op_code":5,"worker_id":"7b4812c3-34dc-4696-8183-555ef8a22a7f-136089008497792","trial_id":200,"param_name":"USE_RMS_SCALING","param_value_internal":1,"distribution":"{\"name\": \"CategoricalDistribution\", \"attributes\": {\"choices\": [true, false]}}"}
{"op_code":6,"worker_id":"c962b015-b8a8-4e9a-847e-5395358ec1fd-139441767715968","trial_id":194,"state":1,"values":[0.0],"datetime_complete":"2026-05-06T03:29:17.119061"}
{"op_code":4,"worker_id":"c962b015-b8a8-4e9a-847e-5395358ec1fd-139441767715968","study_id":0,"datetime_start":"2026-05-06T03:29:17.220866"}
{"op_code":9,"worker_id":"c962b015-b8a8-4e9a-847e-5395358ec1fd-139441767715968","trial_id":201,"system_attr":{"tpe:relative_params:0":"{\"RANK_REGRESS\": 21, \"REG_W\": 53.13336885962668, \"USE_RMS_SCALING\": false}"}}
{"op_code":5,"worker_id":"c962b015-b8a8-4e9a-847e-5395358ec1fd-139441767715968","trial_id":201,"param_name":"RANK_REGRESS","param_value_internal":21.0,"distribution":"{\"name\": \"IntDistribution\", \"attributes\": {\"log\": false, \"step\": 1, \"low\": 5, \"high\": 80}}"}
{"op_code":5,"worker_id":"c962b015-b8a8-4e9a-847e-5395358ec1fd-139441767715968","trial_id":201,"param_name":"REG_W","param_value_internal":53.13336885962668,"distribution":"{\"name\": \"FloatDistribution\", \"attributes\": {\"step\": null, \"low\": 1e-05, \"high\": 1000.0, \"log\": true}}"}
{"op_code":5,"worker_id":"c962b015-b8a8-4e9a-847e-5395358ec1fd-139441767715968","trial_id":201,"param_name":"USE_RMS_SCALING","param_value_internal":1,"distribution":"{\"name\": \"CategoricalDistribution\", \"attributes\": {\"choices\": [true, false]}}"}
{"op_code":6,"worker_id":"87f0c862-a296-4bf0-bfd2-2fb226a606ed-124505829807232","trial_id":193,"state":1,"values":[-0.0049825690796359385],"datetime_complete":"2026-05-06T03:31:37.114516"}
{"op_code":4,"worker_id":"87f0c862-a296-4bf0-bfd2-2fb226a606ed-124505829807232","study_id":0,"datetime_start":"2026-05-06T03:31:37.200080"}
{"op_code":9,"worker_id":"87f0c862-a296-4bf0-bfd2-2fb226a606ed-124505829807232","trial_id":202,"system_attr":{"tpe:relative_params:0":"{\"RANK_REGRESS\": 17, \"REG_W\": 86.12879980785988, \"USE_RMS_SCALING\": false}"}}
{"op_code":5,"worker_id":"87f0c862-a296-4bf0-bfd2-2fb226a606ed-124505829807232","trial_id":202,"param_name":"RANK_REGRESS","param_value_internal":17.0,"distribution":"{\"name\": \"IntDistribution\", \"attributes\": {\"log\": false, \"step\": 1, \"low\": 5, \"high\": 80}}"}
{"op_code":5,"worker_id":"87f0c862-a296-4bf0-bfd2-2fb226a606ed-124505829807232","trial_id":202,"param_name":"REG_W","param_value_internal":86.12879980785988,"distribution":"{\"name\": \"FloatDistribution\", \"attributes\": {\"step\": null, \"low\": 1e-05, \"high\": 1000.0, \"log\": true}}"}
{"op_code":5,"worker_id":"87f0c862-a296-4bf0-bfd2-2fb226a606ed-124505829807232","trial_id":202,"param_name":"USE_RMS_SCALING","param_value_internal":1,"distribution":"{\"name\": \"CategoricalDistribution\", \"attributes\": {\"choices\": [true, false]}}"}
{"op_code":6,"worker_id":"d7882b4f-71ec-4163-b51a-79b3b2ee7b2f-124976971601024","trial_id":187,"state":1,"values":[-0.021448608629236404],"datetime_complete":"2026-05-06T03:37:30.393253"}
{"op_code":4,"worker_id":"d7882b4f-71ec-4163-b51a-79b3b2ee7b2f-124976971601024","study_id":0,"datetime_start":"2026-05-06T03:37:30.468539"}
{"op_code":9,"worker_id":"d7882b4f-71ec-4163-b51a-79b3b2ee7b2f-124976971601024","trial_id":203,"system_attr":{"tpe:relative_params:0":"{\"RANK_REGRESS\": 18, \"REG_W\": 113.06717673274103, \"USE_RMS_SCALING\": false}"}}
{"op_code":5,"worker_id":"d7882b4f-71ec-4163-b51a-79b3b2ee7b2f-124976971601024","trial_id":203,"param_name":"RANK_REGRESS","param_value_internal":18.0,"distribution":"{\"name\": \"IntDistribution\", \"attributes\": {\"log\": false, \"step\": 1, \"low\": 5, \"high\": 80}}"}
{"op_code":5,"worker_id":"d7882b4f-71ec-4163-b51a-79b3b2ee7b2f-124976971601024","trial_id":203,"param_name":"REG_W","param_value_internal":113.06717673274103,"distribution":"{\"name\": \"FloatDistribution\", \"attributes\": {\"step\": null, \"low\": 1e-05, \"high\": 1000.0, \"log\": true}}"}
{"op_code":5,"worker_id":"d7882b4f-71ec-4163-b51a-79b3b2ee7b2f-124976971601024","trial_id":203,"param_name":"USE_RMS_SCALING","param_value_internal":1,"distribution":"{\"name\": \"CategoricalDistribution\", \"attributes\": {\"choices\": [true, false]}}"}
{"op_code":6,"worker_id":"0b909c04-8e84-4696-8652-bbd87b5933a7-124518283330688","trial_id":167,"state":1,"values":[-0.39260710298931323],"datetime_complete":"2026-05-06T03:38:20.102713"}
{"op_code":4,"worker_id":"0b909c04-8e84-4696-8652-bbd87b5933a7-124518283330688","study_id":0,"datetime_start":"2026-05-06T03:38:20.261507"}
{"op_code":9,"worker_id":"0b909c04-8e84-4696-8652-bbd87b5933a7-124518283330688","trial_id":204,"system_attr":{"tpe:relative_params:0":"{\"RANK_REGRESS\": 17, \"REG_W\": 24.746279406936342, \"USE_RMS_SCALING\": false}"}}
{"op_code":5,"worker_id":"0b909c04-8e84-4696-8652-bbd87b5933a7-124518283330688","trial_id":204,"param_name":"RANK_REGRESS","param_value_internal":17.0,"distribution":"{\"name\": \"IntDistribution\", \"attributes\": {\"log\": false, \"step\": 1, \"low\": 5, \"high\": 80}}"}
{"op_code":5,"worker_id":"0b909c04-8e84-4696-8652-bbd87b5933a7-124518283330688","trial_id":204,"param_name":"REG_W","param_value_internal":24.746279406936342,"distribution":"{\"name\": \"FloatDistribution\", \"attributes\": {\"step\": null, \"low\": 1e-05, \"high\": 1000.0, \"log\": true}}"}
{"op_code":5,"worker_id":"0b909c04-8e84-4696-8652-bbd87b5933a7-124518283330688","trial_id":204,"param_name":"USE_RMS_SCALING","param_value_internal":1,"distribution":"{\"name\": \"CategoricalDistribution\", \"attributes\": {\"choices\": [true, false]}}"}
{"op_code":6,"worker_id":"f0e6f0e8-a075-42b8-92b8-744b827d88b0-131425209201792","trial_id":166,"state":1,"values":[0.0],"datetime_complete":"2026-05-06T04:01:55.608218"}
{"op_code":4,"worker_id":"f0e6f0e8-a075-42b8-92b8-744b827d88b0-131425209201792","study_id":0,"datetime_start":"2026-05-06T04:01:55.699349"}
{"op_code":9,"worker_id":"f0e6f0e8-a075-42b8-92b8-744b827d88b0-131425209201792","trial_id":205,"system_attr":{"tpe:relative_params:0":"{\"RANK_REGRESS\": 20, \"REG_W\": 695.8770933272265, \"USE_RMS_SCALING\": false}"}}
{"op_code":5,"worker_id":"f0e6f0e8-a075-42b8-92b8-744b827d88b0-131425209201792","trial_id":205,"param_name":"RANK_REGRESS","param_value_internal":20.0,"distribution":"{\"name\": \"IntDistribution\", \"attributes\": {\"log\": false, \"step\": 1, \"low\": 5, \"high\": 80}}"}
{"op_code":5,"worker_id":"f0e6f0e8-a075-42b8-92b8-744b827d88b0-131425209201792","trial_id":205,"param_name":"REG_W","param_value_internal":695.8770933272265,"distribution":"{\"name\": \"FloatDistribution\", \"attributes\": {\"step\": null, \"low\": 1e-05, \"high\": 1000.0, \"log\": true}}"}
{"op_code":5,"worker_id":"f0e6f0e8-a075-42b8-92b8-744b827d88b0-131425209201792","trial_id":205,"param_name":"USE_RMS_SCALING","param_value_internal":1,"distribution":"{\"name\": \"CategoricalDistribution\", \"attributes\": {\"choices\": [true, false]}}"}
{"op_code":6,"worker_id":"fa464c2b-d319-4249-b485-000d733a7e14-131429167989888","trial_id":195,"state":1,"values":[0.0],"datetime_complete":"2026-05-06T04:20:49.031086"}
{"op_code":4,"worker_id":"fa464c2b-d319-4249-b485-000d733a7e14-131429167989888","study_id":0,"datetime_start":"2026-05-06T04:20:49.138952"}
{"op_code":9,"worker_id":"fa464c2b-d319-4249-b485-000d733a7e14-131429167989888","trial_id":206,"system_attr":{"tpe:relative_params:0":"{\"RANK_REGRESS\": 29, \"REG_W\": 95.56693089526838, \"USE_RMS_SCALING\": false}"}}
{"op_code":5,"worker_id":"fa464c2b-d319-4249-b485-000d733a7e14-131429167989888","trial_id":206,"param_name":"RANK_REGRESS","param_value_internal":29.0,"distribution":"{\"name\": \"IntDistribution\", \"attributes\": {\"log\": false, \"step\": 1, \"low\": 5, \"high\": 80}}"}
{"op_code":5,"worker_id":"fa464c2b-d319-4249-b485-000d733a7e14-131429167989888","trial_id":206,"param_name":"REG_W","param_value_internal":95.56693089526838,"distribution":"{\"name\": \"FloatDistribution\", \"attributes\": {\"step\": null, \"low\": 1e-05, \"high\": 1000.0, \"log\": true}}"}
{"op_code":5,"worker_id":"fa464c2b-d319-4249-b485-000d733a7e14-131429167989888","trial_id":206,"param_name":"USE_RMS_SCALING","param_value_internal":1,"distribution":"{\"name\": \"CategoricalDistribution\", \"attributes\": {\"choices\": [true, false]}}"}
{"op_code":6,"worker_id":"510dd53b-7ca1-4dea-b5b0-147240e570e8-135838496601216","trial_id":169,"state":1,"values":[0.0],"datetime_complete":"2026-05-06T04:50:03.133920"}
{"op_code":4,"worker_id":"510dd53b-7ca1-4dea-b5b0-147240e570e8-135838496601216","study_id":0,"datetime_start":"2026-05-06T04:50:03.263113"}
{"op_code":9,"worker_id":"510dd53b-7ca1-4dea-b5b0-147240e570e8-135838496601216","trial_id":207,"system_attr":{"tpe:relative_params:0":"{\"RANK_REGRESS\": 16, \"REG_W\": 833.1503154338188, \"USE_RMS_SCALING\": false}"}}
{"op_code":5,"worker_id":"510dd53b-7ca1-4dea-b5b0-147240e570e8-135838496601216","trial_id":207,"param_name":"RANK_REGRESS","param_value_internal":16.0,"distribution":"{\"name\": \"IntDistribution\", \"attributes\": {\"log\": false, \"step\": 1, \"low\": 5, \"high\": 80}}"}
{"op_code":5,"worker_id":"510dd53b-7ca1-4dea-b5b0-147240e570e8-135838496601216","trial_id":207,"param_name":"REG_W","param_value_internal":833.1503154338188,"distribution":"{\"name\": \"FloatDistribution\", \"attributes\": {\"step\": null, \"low\": 1e-05, \"high\": 1000.0, \"log\": true}}"}
{"op_code":5,"worker_id":"510dd53b-7ca1-4dea-b5b0-147240e570e8-135838496601216","trial_id":207,"param_name":"USE_RMS_SCALING","param_value_internal":1,"distribution":"{\"name\": \"CategoricalDistribution\", \"attributes\": {\"choices\": [true, false]}}"}
{"op_code":6,"worker_id":"9fd4f4ca-4cf1-4dcc-ba10-1ddc22788a9a-139568731899008","trial_id":180,"state":1,"values":[-0.43951037099236095],"datetime_complete":"2026-05-06T04:57:49.135194"}
{"op_code":4,"worker_id":"9fd4f4ca-4cf1-4dcc-ba10-1ddc22788a9a-139568731899008","study_id":0,"datetime_start":"2026-05-06T04:57:49.234838"}
{"op_code":9,"worker_id":"9fd4f4ca-4cf1-4dcc-ba10-1ddc22788a9a-139568731899008","trial_id":208,"system_attr":{"tpe:relative_params:0":"{\"RANK_REGRESS\": 20, \"REG_W\": 90.53359728546914, \"USE_RMS_SCALING\": true}"}}
{"op_code":5,"worker_id":"9fd4f4ca-4cf1-4dcc-ba10-1ddc22788a9a-139568731899008","trial_id":208,"param_name":"RANK_REGRESS","param_value_internal":20.0,"distribution":"{\"name\": \"IntDistribution\", \"attributes\": {\"log\": false, \"step\": 1, \"low\": 5, \"high\": 80}}"}
{"op_code":5,"worker_id":"9fd4f4ca-4cf1-4dcc-ba10-1ddc22788a9a-139568731899008","trial_id":208,"param_name":"REG_W","param_value_internal":90.53359728546914,"distribution":"{\"name\": \"FloatDistribution\", \"attributes\": {\"step\": null, \"low\": 1e-05, \"high\": 1000.0, \"log\": true}}"}
{"op_code":5,"worker_id":"9fd4f4ca-4cf1-4dcc-ba10-1ddc22788a9a-139568731899008","trial_id":208,"param_name":"USE_RMS_SCALING","param_value_internal":0,"distribution":"{\"name\": \"CategoricalDistribution\", \"attributes\": {\"choices\": [true, false]}}"}
{"op_code":6,"worker_id":"fcd15122-2ae7-4655-bdc8-b6e97e2a54d8-140525338776704","trial_id":176,"state":1,"values":[-0.07144911147062323],"datetime_complete":"2026-05-06T05:02:30.743225"}
{"op_code":4,"worker_id":"fcd15122-2ae7-4655-bdc8-b6e97e2a54d8-140525338776704","study_id":0,"datetime_start":"2026-05-06T05:02:30.837926"}
{"op_code":9,"worker_id":"fcd15122-2ae7-4655-bdc8-b6e97e2a54d8-140525338776704","trial_id":209,"system_attr":{"tpe:relative_params:0":"{\"RANK_REGRESS\": 15, \"REG_W\": 56.48307955093103, \"USE_RMS_SCALING\": false}"}}
{"op_code":5,"worker_id":"fcd15122-2ae7-4655-bdc8-b6e97e2a54d8-140525338776704","trial_id":209,"param_name":"RANK_REGRESS","param_value_internal":15.0,"distribution":"{\"name\": \"IntDistribution\", \"attributes\": {\"log\": false, \"step\": 1, \"low\": 5, \"high\": 80}}"}
{"op_code":5,"worker_id":"fcd15122-2ae7-4655-bdc8-b6e97e2a54d8-140525338776704","trial_id":209,"param_name":"REG_W","param_value_internal":56.48307955093103,"distribution":"{\"name\": \"FloatDistribution\", \"attributes\": {\"step\": null, \"low\": 1e-05, \"high\": 1000.0, \"log\": true}}"}
{"op_code":5,"worker_id":"fcd15122-2ae7-4655-bdc8-b6e97e2a54d8-140525338776704","trial_id":209,"param_name":"USE_RMS_SCALING","param_value_internal":1,"distribution":"{\"name\": \"CategoricalDistribution\", \"attributes\": {\"choices\": [true, false]}}"}
{"op_code":6,"worker_id":"6233c741-8c22-4cff-8ebc-31cd3c17f806-124332505846912","trial_id":190,"state":1,"values":[-0.041213484652053656],"datetime_complete":"2026-05-06T05:37:19.533150"}
{"op_code":4,"worker_id":"6233c741-8c22-4cff-8ebc-31cd3c17f806-124332505846912","study_id":0,"datetime_start":"2026-05-06T05:37:19.594867"}
{"op_code":9,"worker_id":"6233c741-8c22-4cff-8ebc-31cd3c17f806-124332505846912","trial_id":210,"system_attr":{"tpe:relative_params:0":"{\"RANK_REGRESS\": 5, \"REG_W\": 148.3956911368613, \"USE_RMS_SCALING\": false}"}}
{"op_code":5,"worker_id":"6233c741-8c22-4cff-8ebc-31cd3c17f806-124332505846912","trial_id":210,"param_name":"RANK_REGRESS","param_value_internal":5.0,"distribution":"{\"name\": \"IntDistribution\", \"attributes\": {\"log\": false, \"step\": 1, \"low\": 5, \"high\": 80}}"}
{"op_code":5,"worker_id":"6233c741-8c22-4cff-8ebc-31cd3c17f806-124332505846912","trial_id":210,"param_name":"REG_W","param_value_internal":148.3956911368613,"distribution":"{\"name\": \"FloatDistribution\", \"attributes\": {\"step\": null, \"low\": 1e-05, \"high\": 1000.0, \"log\": true}}"}
{"op_code":5,"worker_id":"6233c741-8c22-4cff-8ebc-31cd3c17f806-124332505846912","trial_id":210,"param_name":"USE_RMS_SCALING","param_value_internal":1,"distribution":"{\"name\": \"CategoricalDistribution\", \"attributes\": {\"choices\": [true, false]}}"}
{"op_code":6,"worker_id":"4f76664f-5c6d-432a-b1f2-4fe4411b9985-139339198227584","trial_id":191,"state":1,"values":[0.0],"datetime_complete":"2026-05-06T06:08:53.458004"}
{"op_code":4,"worker_id":"4f76664f-5c6d-432a-b1f2-4fe4411b9985-139339198227584","study_id":0,"datetime_start":"2026-05-06T06:08:53.566803"}
{"op_code":9,"worker_id":"4f76664f-5c6d-432a-b1f2-4fe4411b9985-139339198227584","trial_id":211,"system_attr":{"tpe:relative_params:0":"{\"RANK_REGRESS\": 28, \"REG_W\": 8.596318525240951, \"USE_RMS_SCALING\": false}"}}
{"op_code":5,"worker_id":"4f76664f-5c6d-432a-b1f2-4fe4411b9985-139339198227584","trial_id":211,"param_name":"RANK_REGRESS","param_value_internal":28.0,"distribution":"{\"name\": \"IntDistribution\", \"attributes\": {\"log\": false, \"step\": 1, \"low\": 5, \"high\": 80}}"}
{"op_code":5,"worker_id":"4f76664f-5c6d-432a-b1f2-4fe4411b9985-139339198227584","trial_id":211,"param_name":"REG_W","param_value_internal":8.596318525240951,"distribution":"{\"name\": \"FloatDistribution\", \"attributes\": {\"step\": null, \"low\": 1e-05, \"high\": 1000.0, \"log\": true}}"}
{"op_code":5,"worker_id":"4f76664f-5c6d-432a-b1f2-4fe4411b9985-139339198227584","trial_id":211,"param_name":"USE_RMS_SCALING","param_value_internal":1,"distribution":"{\"name\": \"CategoricalDistribution\", \"attributes\": {\"choices\": [true, false]}}"}
{"op_code":6,"worker_id":"cf6a3ec4-9c75-4ea7-ac33-0f2143aa9922-131692874839168","trial_id":192,"state":1,"values":[0.0],"datetime_complete":"2026-05-06T07:13:10.162547"}
{"op_code":4,"worker_id":"cf6a3ec4-9c75-4ea7-ac33-0f2143aa9922-131692874839168","study_id":0,"datetime_start":"2026-05-06T07:13:10.243271"}
{"op_code":9,"worker_id":"cf6a3ec4-9c75-4ea7-ac33-0f2143aa9922-131692874839168","trial_id":212,"system_attr":{"tpe:relative_params:0":"{\"RANK_REGRESS\": 18, \"REG_W\": 158.9975886299063, \"USE_RMS_SCALING\": false}"}}
{"op_code":5,"worker_id":"cf6a3ec4-9c75-4ea7-ac33-0f2143aa9922-131692874839168","trial_id":212,"param_name":"RANK_REGRESS","param_value_internal":18.0,"distribution":"{\"name\": \"IntDistribution\", \"attributes\": {\"log\": false, \"step\": 1, \"low\": 5, \"high\": 80}}"}
{"op_code":5,"worker_id":"cf6a3ec4-9c75-4ea7-ac33-0f2143aa9922-131692874839168","trial_id":212,"param_name":"REG_W","param_value_internal":158.9975886299063,"distribution":"{\"name\": \"FloatDistribution\", \"attributes\": {\"step\": null, \"low\": 1e-05, \"high\": 1000.0, \"log\": true}}"}
{"op_code":5,"worker_id":"cf6a3ec4-9c75-4ea7-ac33-0f2143aa9922-131692874839168","trial_id":212,"param_name":"USE_RMS_SCALING","param_value_internal":1,"distribution":"{\"name\": \"CategoricalDistribution\", \"attributes\": {\"choices\": [true, false]}}"}
{"op_code":6,"worker_id":"d586b34b-20e0-47ba-9b3e-3959cccc08d5-137813459870848","trial_id":174,"state":1,"values":[-0.0812824405261255],"datetime_complete":"2026-05-06T08:31:02.219195"}
{"op_code":4,"worker_id":"d586b34b-20e0-47ba-9b3e-3959cccc08d5-137813459870848","study_id":0,"datetime_start":"2026-05-06T08:31:02.330285"}
{"op_code":9,"worker_id":"d586b34b-20e0-47ba-9b3e-3959cccc08d5-137813459870848","trial_id":213,"system_attr":{"tpe:relative_params:0":"{\"RANK_REGRESS\": 15, \"REG_W\": 38.85046244040018, \"USE_RMS_SCALING\": false}"}}
{"op_code":5,"worker_id":"d586b34b-20e0-47ba-9b3e-3959cccc08d5-137813459870848","trial_id":213,"param_name":"RANK_REGRESS","param_value_internal":15.0,"distribution":"{\"name\": \"IntDistribution\", \"attributes\": {\"log\": false, \"step\": 1, \"low\": 5, \"high\": 80}}"}
{"op_code":5,"worker_id":"d586b34b-20e0-47ba-9b3e-3959cccc08d5-137813459870848","trial_id":213,"param_name":"REG_W","param_value_internal":38.85046244040018,"distribution":"{\"name\": \"FloatDistribution\", \"attributes\": {\"step\": null, \"low\": 1e-05, \"high\": 1000.0, \"log\": true}}"}
{"op_code":5,"worker_id":"d586b34b-20e0-47ba-9b3e-3959cccc08d5-137813459870848","trial_id":213,"param_name":"USE_RMS_SCALING","param_value_internal":1,"distribution":"{\"name\": \"CategoricalDistribution\", \"attributes\": {\"choices\": [true, false]}}"}
{"op_code":6,"worker_id":"6233c741-8c22-4cff-8ebc-31cd3c17f806-124332505846912","trial_id":210,"state":1,"values":[0.0],"datetime_complete":"2026-05-06T08:46:02.129415"}
{"op_code":4,"worker_id":"6233c741-8c22-4cff-8ebc-31cd3c17f806-124332505846912","study_id":0,"datetime_start":"2026-05-06T08:46:02.249760"}
{"op_code":9,"worker_id":"6233c741-8c22-4cff-8ebc-31cd3c17f806-124332505846912","trial_id":214,"system_attr":{"tpe:relative_params:0":"{\"RANK_REGRESS\": 5, \"REG_W\": 17.451404396794036, \"USE_RMS_SCALING\": false}"}}
{"op_code":5,"worker_id":"6233c741-8c22-4cff-8ebc-31cd3c17f806-124332505846912","trial_id":214,"param_name":"RANK_REGRESS","param_value_internal":5.0,"distribution":"{\"name\": \"IntDistribution\", \"attributes\": {\"log\": false, \"step\": 1, \"low\": 5, \"high\": 80}}"}
{"op_code":5,"worker_id":"6233c741-8c22-4cff-8ebc-31cd3c17f806-124332505846912","trial_id":214,"param_name":"REG_W","param_value_internal":17.451404396794036,"distribution":"{\"name\": \"FloatDistribution\", \"attributes\": {\"step\": null, \"low\": 1e-05, \"high\": 1000.0, \"log\": true}}"}
{"op_code":5,"worker_id":"6233c741-8c22-4cff-8ebc-31cd3c17f806-124332505846912","trial_id":214,"param_name":"USE_RMS_SCALING","param_value_internal":1,"distribution":"{\"name\": \"CategoricalDistribution\", \"attributes\": {\"choices\": [true, false]}}"}
{"op_code":6,"worker_id":"98029343-deb6-4db5-aed3-4aa2ebbbb7c5-127139288970368","trial_id":183,"state":1,"values":[0.0],"datetime_complete":"2026-05-06T10:12:58.150791"}
{"op_code":4,"worker_id":"98029343-deb6-4db5-aed3-4aa2ebbbb7c5-127139288970368","study_id":0,"datetime_start":"2026-05-06T10:12:58.240610"}
{"op_code":9,"worker_id":"98029343-deb6-4db5-aed3-4aa2ebbbb7c5-127139288970368","trial_id":215,"system_attr":{"tpe:relative_params:0":"{\"RANK_REGRESS\": 5, \"REG_W\": 444.1130970779479, \"USE_RMS_SCALING\": false}"}}
{"op_code":5,"worker_id":"98029343-deb6-4db5-aed3-4aa2ebbbb7c5-127139288970368","trial_id":215,"param_name":"RANK_REGRESS","param_value_internal":5.0,"distribution":"{\"name\": \"IntDistribution\", \"attributes\": {\"log\": false, \"step\": 1, \"low\": 5, \"high\": 80}}"}
{"op_code":5,"worker_id":"98029343-deb6-4db5-aed3-4aa2ebbbb7c5-127139288970368","trial_id":215,"param_name":"REG_W","param_value_internal":444.1130970779479,"distribution":"{\"name\": \"FloatDistribution\", \"attributes\": {\"step\": null, \"low\": 1e-05, \"high\": 1000.0, \"log\": true}}"}
{"op_code":5,"worker_id":"98029343-deb6-4db5-aed3-4aa2ebbbb7c5-127139288970368","trial_id":215,"param_name":"USE_RMS_SCALING","param_value_internal":1,"distribution":"{\"name\": \"CategoricalDistribution\", \"attributes\": {\"choices\": [true, false]}}"}
{"op_code":6,"worker_id":"cbef26bd-ba82-44b3-8f0d-faf366e8b4bd-133598752912512","trial_id":188,"state":1,"values":[-0.5164634251218123],"datetime_complete":"2026-05-06T11:09:08.669113"}
{"op_code":4,"worker_id":"cbef26bd-ba82-44b3-8f0d-faf366e8b4bd-133598752912512","study_id":0,"datetime_start":"2026-05-06T11:09:08.744355"}
{"op_code":9,"worker_id":"cbef26bd-ba82-44b3-8f0d-faf366e8b4bd-133598752912512","trial_id":216,"system_attr":{"tpe:relative_params:0":"{\"RANK_REGRESS\": 19, \"REG_W\": 441.98245081087447, \"USE_RMS_SCALING\": false}"}}
{"op_code":5,"worker_id":"cbef26bd-ba82-44b3-8f0d-faf366e8b4bd-133598752912512","trial_id":216,"param_name":"RANK_REGRESS","param_value_internal":19.0,"distribution":"{\"name\": \"IntDistribution\", \"attributes\": {\"log\": false, \"step\": 1, \"low\": 5, \"high\": 80}}"}
{"op_code":5,"worker_id":"cbef26bd-ba82-44b3-8f0d-faf366e8b4bd-133598752912512","trial_id":216,"param_name":"REG_W","param_value_internal":441.98245081087447,"distribution":"{\"name\": \"FloatDistribution\", \"attributes\": {\"step\": null, \"low\": 1e-05, \"high\": 1000.0, \"log\": true}}"}
{"op_code":5,"worker_id":"cbef26bd-ba82-44b3-8f0d-faf366e8b4bd-133598752912512","trial_id":216,"param_name":"USE_RMS_SCALING","param_value_internal":1,"distribution":"{\"name\": \"CategoricalDistribution\", \"attributes\": {\"choices\": [true, false]}}"}
{"op_code":6,"worker_id":"7b4812c3-34dc-4696-8183-555ef8a22a7f-136089008497792","trial_id":200,"state":1,"values":[-0.3344116724741333],"datetime_complete":"2026-05-06T11:36:17.532230"}
{"op_code":4,"worker_id":"7b4812c3-34dc-4696-8183-555ef8a22a7f-136089008497792","study_id":0,"datetime_start":"2026-05-06T11:36:17.610882"}
{"op_code":9,"worker_id":"7b4812c3-34dc-4696-8183-555ef8a22a7f-136089008497792","trial_id":217,"system_attr":{"tpe:relative_params:0":"{\"RANK_REGRESS\": 13, \"REG_W\": 289.0890690506112, \"USE_RMS_SCALING\": false}"}}
{"op_code":5,"worker_id":"7b4812c3-34dc-4696-8183-555ef8a22a7f-136089008497792","trial_id":217,"param_name":"RANK_REGRESS","param_value_internal":13.0,"distribution":"{\"name\": \"IntDistribution\", \"attributes\": {\"log\": false, \"step\": 1, \"low\": 5, \"high\": 80}}"}
{"op_code":5,"worker_id":"7b4812c3-34dc-4696-8183-555ef8a22a7f-136089008497792","trial_id":217,"param_name":"REG_W","param_value_internal":289.0890690506112,"distribution":"{\"name\": \"FloatDistribution\", \"attributes\": {\"step\": null, \"low\": 1e-05, \"high\": 1000.0, \"log\": true}}"}
{"op_code":5,"worker_id":"7b4812c3-34dc-4696-8183-555ef8a22a7f-136089008497792","trial_id":217,"param_name":"USE_RMS_SCALING","param_value_internal":1,"distribution":"{\"name\": \"CategoricalDistribution\", \"attributes\": {\"choices\": [true, false]}}"}
{"op_code":6,"worker_id":"0b909c04-8e84-4696-8652-bbd87b5933a7-124518283330688","trial_id":204,"state":1,"values":[-0.05903383725240977],"datetime_complete":"2026-05-06T11:37:45.462246"}
{"op_code":4,"worker_id":"0b909c04-8e84-4696-8652-bbd87b5933a7-124518283330688","study_id":0,"datetime_start":"2026-05-06T11:37:45.553262"}
{"op_code":9,"worker_id":"0b909c04-8e84-4696-8652-bbd87b5933a7-124518283330688","trial_id":218,"system_attr":{"tpe:relative_params:0":"{\"RANK_REGRESS\": 27, \"REG_W\": 953.8910835816021, \"USE_RMS_SCALING\": false}"}}
{"op_code":5,"worker_id":"0b909c04-8e84-4696-8652-bbd87b5933a7-124518283330688","trial_id":218,"param_name":"RANK_REGRESS","param_value_internal":27.0,"distribution":"{\"name\": \"IntDistribution\", \"attributes\": {\"log\": false, \"step\": 1, \"low\": 5, \"high\": 80}}"}
{"op_code":5,"worker_id":"0b909c04-8e84-4696-8652-bbd87b5933a7-124518283330688","trial_id":218,"param_name":"REG_W","param_value_internal":953.8910835816021,"distribution":"{\"name\": \"FloatDistribution\", \"attributes\": {\"step\": null, \"low\": 1e-05, \"high\": 1000.0, \"log\": true}}"}
{"op_code":5,"worker_id":"0b909c04-8e84-4696-8652-bbd87b5933a7-124518283330688","trial_id":218,"param_name":"USE_RMS_SCALING","param_value_internal":1,"distribution":"{\"name\": \"CategoricalDistribution\", \"attributes\": {\"choices\": [true, false]}}"}
{"op_code":6,"worker_id":"6233c741-8c22-4cff-8ebc-31cd3c17f806-124332505846912","trial_id":214,"state":1,"values":[-0.026607471268845034],"datetime_complete":"2026-05-06T11:46:27.502412"}
{"op_code":4,"worker_id":"6233c741-8c22-4cff-8ebc-31cd3c17f806-124332505846912","study_id":0,"datetime_start":"2026-05-06T11:46:27.585250"}
{"op_code":9,"worker_id":"6233c741-8c22-4cff-8ebc-31cd3c17f806-124332505846912","trial_id":219,"system_attr":{"tpe:relative_params:0":"{\"RANK_REGRESS\": 14, \"REG_W\": 19.7957089771507, \"USE_RMS_SCALING\": false}"}}
{"op_code":5,"worker_id":"6233c741-8c22-4cff-8ebc-31cd3c17f806-124332505846912","trial_id":219,"param_name":"RANK_REGRESS","param_value_internal":14.0,"distribution":"{\"name\": \"IntDistribution\", \"attributes\": {\"log\": false, \"step\": 1, \"low\": 5, \"high\": 80}}"}
{"op_code":5,"worker_id":"6233c741-8c22-4cff-8ebc-31cd3c17f806-124332505846912","trial_id":219,"param_name":"REG_W","param_value_internal":19.7957089771507,"distribution":"{\"name\": \"FloatDistribution\", \"attributes\": {\"step\": null, \"low\": 1e-05, \"high\": 1000.0, \"log\": true}}"}
{"op_code":5,"worker_id":"6233c741-8c22-4cff-8ebc-31cd3c17f806-124332505846912","trial_id":219,"param_name":"USE_RMS_SCALING","param_value_internal":1,"distribution":"{\"name\": \"CategoricalDistribution\", \"attributes\": {\"choices\": [true, false]}}"}
{"op_code":6,"worker_id":"c962b015-b8a8-4e9a-847e-5395358ec1fd-139441767715968","trial_id":201,"state":1,"values":[-0.020511049075645642],"datetime_complete":"2026-05-06T12:00:38.950191"}
{"op_code":4,"worker_id":"c962b015-b8a8-4e9a-847e-5395358ec1fd-139441767715968","study_id":0,"datetime_start":"2026-05-06T12:00:39.044610"}
{"op_code":9,"worker_id":"c962b015-b8a8-4e9a-847e-5395358ec1fd-139441767715968","trial_id":220,"system_attr":{"tpe:relative_params:0":"{\"RANK_REGRESS\": 14, \"REG_W\": 84.96553773138638, \"USE_RMS_SCALING\": false}"}}
{"op_code":5,"worker_id":"c962b015-b8a8-4e9a-847e-5395358ec1fd-139441767715968","trial_id":220,"param_name":"RANK_REGRESS","param_value_internal":14.0,"distribution":"{\"name\": \"IntDistribution\", \"attributes\": {\"log\": false, \"step\": 1, \"low\": 5, \"high\": 80}}"}
{"op_code":5,"worker_id":"c962b015-b8a8-4e9a-847e-5395358ec1fd-139441767715968","trial_id":220,"param_name":"REG_W","param_value_internal":84.96553773138638,"distribution":"{\"name\": \"FloatDistribution\", \"attributes\": {\"step\": null, \"low\": 1e-05, \"high\": 1000.0, \"log\": true}}"}
{"op_code":5,"worker_id":"c962b015-b8a8-4e9a-847e-5395358ec1fd-139441767715968","trial_id":220,"param_name":"USE_RMS_SCALING","param_value_internal":1,"distribution":"{\"name\": \"CategoricalDistribution\", \"attributes\": {\"choices\": [true, false]}}"}
{"op_code":6,"worker_id":"5e097f63-35bf-41f3-a8c0-0eaacd571545-132088082379904","trial_id":168,"state":1,"values":[0.004820684615485978],"datetime_complete":"2026-05-06T12:21:53.958443"}
{"op_code":4,"worker_id":"5e097f63-35bf-41f3-a8c0-0eaacd571545-132088082379904","study_id":0,"datetime_start":"2026-05-06T12:21:54.051674"}
{"op_code":9,"worker_id":"5e097f63-35bf-41f3-a8c0-0eaacd571545-132088082379904","trial_id":221,"system_attr":{"tpe:relative_params:0":"{\"RANK_REGRESS\": 26, \"REG_W\": 172.93024882597814, \"USE_RMS_SCALING\": false}"}}
{"op_code":5,"worker_id":"5e097f63-35bf-41f3-a8c0-0eaacd571545-132088082379904","trial_id":221,"param_name":"RANK_REGRESS","param_value_internal":26.0,"distribution":"{\"name\": \"IntDistribution\", \"attributes\": {\"log\": false, \"step\": 1, \"low\": 5, \"high\": 80}}"}
{"op_code":5,"worker_id":"5e097f63-35bf-41f3-a8c0-0eaacd571545-132088082379904","trial_id":221,"param_name":"REG_W","param_value_internal":172.93024882597814,"distribution":"{\"name\": \"FloatDistribution\", \"attributes\": {\"step\": null, \"low\": 1e-05, \"high\": 1000.0, \"log\": true}}"}
{"op_code":5,"worker_id":"5e097f63-35bf-41f3-a8c0-0eaacd571545-132088082379904","trial_id":221,"param_name":"USE_RMS_SCALING","param_value_internal":1,"distribution":"{\"name\": \"CategoricalDistribution\", \"attributes\": {\"choices\": [true, false]}}"}
{"op_code":6,"worker_id":"d7882b4f-71ec-4163-b51a-79b3b2ee7b2f-124976971601024","trial_id":203,"state":1,"values":[0.004817927772762687],"datetime_complete":"2026-05-06T12:34:49.191983"}
{"op_code":4,"worker_id":"d7882b4f-71ec-4163-b51a-79b3b2ee7b2f-124976971601024","study_id":0,"datetime_start":"2026-05-06T12:34:49.325712"}
{"op_code":9,"worker_id":"d7882b4f-71ec-4163-b51a-79b3b2ee7b2f-124976971601024","trial_id":222,"system_attr":{"tpe:relative_params:0":"{\"RANK_REGRESS\": 26, \"REG_W\": 20.362544149218873, \"USE_RMS_SCALING\": false}"}}
{"op_code":5,"worker_id":"d7882b4f-71ec-4163-b51a-79b3b2ee7b2f-124976971601024","trial_id":222,"param_name":"RANK_REGRESS","param_value_internal":26.0,"distribution":"{\"name\": \"IntDistribution\", \"attributes\": {\"log\": false, \"step\": 1, \"low\": 5, \"high\": 80}}"}
{"op_code":5,"worker_id":"d7882b4f-71ec-4163-b51a-79b3b2ee7b2f-124976971601024","trial_id":222,"param_name":"REG_W","param_value_internal":20.362544149218873,"distribution":"{\"name\": \"FloatDistribution\", \"attributes\": {\"step\": null, \"low\": 1e-05, \"high\": 1000.0, \"log\": true}}"}
{"op_code":5,"worker_id":"d7882b4f-71ec-4163-b51a-79b3b2ee7b2f-124976971601024","trial_id":222,"param_name":"USE_RMS_SCALING","param_value_internal":1,"distribution":"{\"name\": \"CategoricalDistribution\", \"attributes\": {\"choices\": [true, false]}}"}
{"op_code":6,"worker_id":"87f0c862-a296-4bf0-bfd2-2fb226a606ed-124505829807232","trial_id":202,"state":1,"values":[-0.0033981683405706433],"datetime_complete":"2026-05-06T12:35:36.514898"}
{"op_code":4,"worker_id":"87f0c862-a296-4bf0-bfd2-2fb226a606ed-124505829807232","study_id":0,"datetime_start":"2026-05-06T12:35:36.599346"}
{"op_code":9,"worker_id":"87f0c862-a296-4bf0-bfd2-2fb226a606ed-124505829807232","trial_id":223,"system_attr":{"tpe:relative_params:0":"{\"RANK_REGRESS\": 39, \"REG_W\": 149.19489429687619, \"USE_RMS_SCALING\": false}"}}
{"op_code":5,"worker_id":"87f0c862-a296-4bf0-bfd2-2fb226a606ed-124505829807232","trial_id":223,"param_name":"RANK_REGRESS","param_value_internal":39.0,"distribution":"{\"name\": \"IntDistribution\", \"attributes\": {\"log\": false, \"step\": 1, \"low\": 5, \"high\": 80}}"}
{"op_code":5,"worker_id":"87f0c862-a296-4bf0-bfd2-2fb226a606ed-124505829807232","trial_id":223,"param_name":"REG_W","param_value_internal":149.19489429687619,"distribution":"{\"name\": \"FloatDistribution\", \"attributes\": {\"step\": null, \"low\": 1e-05, \"high\": 1000.0, \"log\": true}}"}
{"op_code":5,"worker_id":"87f0c862-a296-4bf0-bfd2-2fb226a606ed-124505829807232","trial_id":223,"param_name":"USE_RMS_SCALING","param_value_internal":1,"distribution":"{\"name\": \"CategoricalDistribution\", \"attributes\": {\"choices\": [true, false]}}"}
{"op_code":6,"worker_id":"f0e6f0e8-a075-42b8-92b8-744b827d88b0-131425209201792","trial_id":205,"state":1,"values":[0.0],"datetime_complete":"2026-05-06T12:47:11.118136"}
{"op_code":4,"worker_id":"f0e6f0e8-a075-42b8-92b8-744b827d88b0-131425209201792","study_id":0,"datetime_start":"2026-05-06T12:47:11.164304"}
{"op_code":9,"worker_id":"f0e6f0e8-a075-42b8-92b8-744b827d88b0-131425209201792","trial_id":224,"system_attr":{"tpe:relative_params:0":"{\"RANK_REGRESS\": 26, \"REG_W\": 47.58146937608215, \"USE_RMS_SCALING\": false}"}}
{"op_code":5,"worker_id":"f0e6f0e8-a075-42b8-92b8-744b827d88b0-131425209201792","trial_id":224,"param_name":"RANK_REGRESS","param_value_internal":26.0,"distribution":"{\"name\": \"IntDistribution\", \"attributes\": {\"log\": false, \"step\": 1, \"low\": 5, \"high\": 80}}"}
{"op_code":5,"worker_id":"f0e6f0e8-a075-42b8-92b8-744b827d88b0-131425209201792","trial_id":224,"param_name":"REG_W","param_value_internal":47.58146937608215,"distribution":"{\"name\": \"FloatDistribution\", \"attributes\": {\"step\": null, \"low\": 1e-05, \"high\": 1000.0, \"log\": true}}"}
{"op_code":5,"worker_id":"f0e6f0e8-a075-42b8-92b8-744b827d88b0-131425209201792","trial_id":224,"param_name":"USE_RMS_SCALING","param_value_internal":1,"distribution":"{\"name\": \"CategoricalDistribution\", \"attributes\": {\"choices\": [true, false]}}"}
{"op_code":6,"worker_id":"897d8cc1-da79-48ec-8e92-4756cbe4f997-125164349285504","trial_id":199,"state":1,"values":[-0.002610528896660839],"datetime_complete":"2026-05-06T13:01:12.340133"}
{"op_code":4,"worker_id":"897d8cc1-da79-48ec-8e92-4756cbe4f997-125164349285504","study_id":0,"datetime_start":"2026-05-06T13:01:12.437011"}
{"op_code":9,"worker_id":"897d8cc1-da79-48ec-8e92-4756cbe4f997-125164349285504","trial_id":225,"system_attr":{"tpe:relative_params:0":"{\"RANK_REGRESS\": 23, \"REG_W\": 41.24069484557538, \"USE_RMS_SCALING\": false}"}}
{"op_code":5,"worker_id":"897d8cc1-da79-48ec-8e92-4756cbe4f997-125164349285504","trial_id":225,"param_name":"RANK_REGRESS","param_value_internal":23.0,"distribution":"{\"name\": \"IntDistribution\", \"attributes\": {\"log\": false, \"step\": 1, \"low\": 5, \"high\": 80}}"}
{"op_code":5,"worker_id":"897d8cc1-da79-48ec-8e92-4756cbe4f997-125164349285504","trial_id":225,"param_name":"REG_W","param_value_internal":41.24069484557538,"distribution":"{\"name\": \"FloatDistribution\", \"attributes\": {\"step\": null, \"low\": 1e-05, \"high\": 1000.0, \"log\": true}}"}
{"op_code":5,"worker_id":"897d8cc1-da79-48ec-8e92-4756cbe4f997-125164349285504","trial_id":225,"param_name":"USE_RMS_SCALING","param_value_internal":1,"distribution":"{\"name\": \"CategoricalDistribution\", \"attributes\": {\"choices\": [true, false]}}"}
{"op_code":6,"worker_id":"98029343-deb6-4db5-aed3-4aa2ebbbb7c5-127139288970368","trial_id":215,"state":1,"values":[0.0],"datetime_complete":"2026-05-06T13:05:39.695841"}
{"op_code":4,"worker_id":"98029343-deb6-4db5-aed3-4aa2ebbbb7c5-127139288970368","study_id":0,"datetime_start":"2026-05-06T13:05:39.778442"}
{"op_code":9,"worker_id":"98029343-deb6-4db5-aed3-4aa2ebbbb7c5-127139288970368","trial_id":226,"system_attr":{"tpe:relative_params:0":"{\"RANK_REGRESS\": 20, \"REG_W\": 65.14783599822623, \"USE_RMS_SCALING\": false}"}}
{"op_code":5,"worker_id":"98029343-deb6-4db5-aed3-4aa2ebbbb7c5-127139288970368","trial_id":226,"param_name":"RANK_REGRESS","param_value_internal":20.0,"distribution":"{\"name\": \"IntDistribution\", \"attributes\": {\"log\": false, \"step\": 1, \"low\": 5, \"high\": 80}}"}
{"op_code":5,"worker_id":"98029343-deb6-4db5-aed3-4aa2ebbbb7c5-127139288970368","trial_id":226,"param_name":"REG_W","param_value_internal":65.14783599822623,"distribution":"{\"name\": \"FloatDistribution\", \"attributes\": {\"step\": null, \"low\": 1e-05, \"high\": 1000.0, \"log\": true}}"}
{"op_code":5,"worker_id":"98029343-deb6-4db5-aed3-4aa2ebbbb7c5-127139288970368","trial_id":226,"param_name":"USE_RMS_SCALING","param_value_internal":1,"distribution":"{\"name\": \"CategoricalDistribution\", \"attributes\": {\"choices\": [true, false]}}"}
{"op_code":6,"worker_id":"e1391102-e4bd-4cf9-bb85-45b6c9228638-136456530367616","trial_id":197,"state":1,"values":[-0.026526808685491066],"datetime_complete":"2026-05-06T13:57:50.305366"}
{"op_code":4,"worker_id":"e1391102-e4bd-4cf9-bb85-45b6c9228638-136456530367616","study_id":0,"datetime_start":"2026-05-06T13:57:50.369252"}
{"op_code":9,"worker_id":"e1391102-e4bd-4cf9-bb85-45b6c9228638-136456530367616","trial_id":227,"system_attr":{"tpe:relative_params:0":"{\"RANK_REGRESS\": 19, \"REG_W\": 108.958492386051, \"USE_RMS_SCALING\": false}"}}
{"op_code":5,"worker_id":"e1391102-e4bd-4cf9-bb85-45b6c9228638-136456530367616","trial_id":227,"param_name":"RANK_REGRESS","param_value_internal":19.0,"distribution":"{\"name\": \"IntDistribution\", \"attributes\": {\"log\": false, \"step\": 1, \"low\": 5, \"high\": 80}}"}
{"op_code":5,"worker_id":"e1391102-e4bd-4cf9-bb85-45b6c9228638-136456530367616","trial_id":227,"param_name":"REG_W","param_value_internal":108.958492386051,"distribution":"{\"name\": \"FloatDistribution\", \"attributes\": {\"step\": null, \"low\": 1e-05, \"high\": 1000.0, \"log\": true}}"}
{"op_code":5,"worker_id":"e1391102-e4bd-4cf9-bb85-45b6c9228638-136456530367616","trial_id":227,"param_name":"USE_RMS_SCALING","param_value_internal":1,"distribution":"{\"name\": \"CategoricalDistribution\", \"attributes\": {\"choices\": [true, false]}}"}
{"op_code":6,"worker_id":"9fd4f4ca-4cf1-4dcc-ba10-1ddc22788a9a-139568731899008","trial_id":208,"state":1,"values":[0.0],"datetime_complete":"2026-05-06T14:08:25.423939"}
{"op_code":4,"worker_id":"9fd4f4ca-4cf1-4dcc-ba10-1ddc22788a9a-139568731899008","study_id":0,"datetime_start":"2026-05-06T14:08:25.506416"}
{"op_code":9,"worker_id":"9fd4f4ca-4cf1-4dcc-ba10-1ddc22788a9a-139568731899008","trial_id":228,"system_attr":{"tpe:relative_params:0":"{\"RANK_REGRESS\": 17, \"REG_W\": 1.5562872661639298, \"USE_RMS_SCALING\": false}"}}
{"op_code":5,"worker_id":"9fd4f4ca-4cf1-4dcc-ba10-1ddc22788a9a-139568731899008","trial_id":228,"param_name":"RANK_REGRESS","param_value_internal":17.0,"distribution":"{\"name\": \"IntDistribution\", \"attributes\": {\"log\": false, \"step\": 1, \"low\": 5, \"high\": 80}}"}
{"op_code":5,"worker_id":"9fd4f4ca-4cf1-4dcc-ba10-1ddc22788a9a-139568731899008","trial_id":228,"param_name":"REG_W","param_value_internal":1.5562872661639298,"distribution":"{\"name\": \"FloatDistribution\", \"attributes\": {\"step\": null, \"low\": 1e-05, \"high\": 1000.0, \"log\": true}}"}
{"op_code":5,"worker_id":"9fd4f4ca-4cf1-4dcc-ba10-1ddc22788a9a-139568731899008","trial_id":228,"param_name":"USE_RMS_SCALING","param_value_internal":1,"distribution":"{\"name\": \"CategoricalDistribution\", \"attributes\": {\"choices\": [true, false]}}"}
{"op_code":6,"worker_id":"fcd15122-2ae7-4655-bdc8-b6e97e2a54d8-140525338776704","trial_id":209,"state":1,"values":[-0.020386927366521885],"datetime_complete":"2026-05-06T14:11:18.940105"}
{"op_code":4,"worker_id":"fcd15122-2ae7-4655-bdc8-b6e97e2a54d8-140525338776704","study_id":0,"datetime_start":"2026-05-06T14:11:19.027450"}
{"op_code":9,"worker_id":"fcd15122-2ae7-4655-bdc8-b6e97e2a54d8-140525338776704","trial_id":229,"system_attr":{"tpe:relative_params:0":"{\"RANK_REGRESS\": 29, \"REG_W\": 139.38137962275596, \"USE_RMS_SCALING\": false}"}}
{"op_code":5,"worker_id":"fcd15122-2ae7-4655-bdc8-b6e97e2a54d8-140525338776704","trial_id":229,"param_name":"RANK_REGRESS","param_value_internal":29.0,"distribution":"{\"name\": \"IntDistribution\", \"attributes\": {\"log\": false, \"step\": 1, \"low\": 5, \"high\": 80}}"}
{"op_code":5,"worker_id":"fcd15122-2ae7-4655-bdc8-b6e97e2a54d8-140525338776704","trial_id":229,"param_name":"REG_W","param_value_internal":139.38137962275596,"distribution":"{\"name\": \"FloatDistribution\", \"attributes\": {\"step\": null, \"low\": 1e-05, \"high\": 1000.0, \"log\": true}}"}
{"op_code":5,"worker_id":"fcd15122-2ae7-4655-bdc8-b6e97e2a54d8-140525338776704","trial_id":229,"param_name":"USE_RMS_SCALING","param_value_internal":1,"distribution":"{\"name\": \"CategoricalDistribution\", \"attributes\": {\"choices\": [true, false]}}"}
{"op_code":6,"worker_id":"0c47f1a2-8d39-494b-bf58-e89cf21cf247-136684785820800","trial_id":198,"state":1,"values":[-0.47249973162511133],"datetime_complete":"2026-05-06T15:05:00.945041"}
{"op_code":4,"worker_id":"0c47f1a2-8d39-494b-bf58-e89cf21cf247-136684785820800","study_id":0,"datetime_start":"2026-05-06T15:05:01.033139"}
{"op_code":9,"worker_id":"0c47f1a2-8d39-494b-bf58-e89cf21cf247-136684785820800","trial_id":230,"system_attr":{"tpe:relative_params:0":"{\"RANK_REGRESS\": 18, \"REG_W\": 137.00645004844424, \"USE_RMS_SCALING\": false}"}}
{"op_code":5,"worker_id":"0c47f1a2-8d39-494b-bf58-e89cf21cf247-136684785820800","trial_id":230,"param_name":"RANK_REGRESS","param_value_internal":18.0,"distribution":"{\"name\": \"IntDistribution\", \"attributes\": {\"log\": false, \"step\": 1, \"low\": 5, \"high\": 80}}"}
{"op_code":5,"worker_id":"0c47f1a2-8d39-494b-bf58-e89cf21cf247-136684785820800","trial_id":230,"param_name":"REG_W","param_value_internal":137.00645004844424,"distribution":"{\"name\": \"FloatDistribution\", \"attributes\": {\"step\": null, \"low\": 1e-05, \"high\": 1000.0, \"log\": true}}"}
{"op_code":5,"worker_id":"0c47f1a2-8d39-494b-bf58-e89cf21cf247-136684785820800","trial_id":230,"param_name":"USE_RMS_SCALING","param_value_internal":1,"distribution":"{\"name\": \"CategoricalDistribution\", \"attributes\": {\"choices\": [true, false]}}"}
{"op_code":6,"worker_id":"510dd53b-7ca1-4dea-b5b0-147240e570e8-135838496601216","trial_id":207,"state":1,"values":[0.0],"datetime_complete":"2026-05-06T16:36:08.693275"}
{"op_code":6,"worker_id":"d586b34b-20e0-47ba-9b3e-3959cccc08d5-137813459870848","trial_id":213,"state":1,"values":[-0.06407299468525363],"datetime_complete":"2026-05-06T16:37:39.091548"}
{"op_code":6,"worker_id":"cf6a3ec4-9c75-4ea7-ac33-0f2143aa9922-131692874839168","trial_id":212,"state":1,"values":[0.0],"datetime_complete":"2026-05-06T17:14:10.991883"}
{"op_code":6,"worker_id":"cb67649c-f387-4e7e-ad51-9407be58e2b8-126805857027200","trial_id":196,"state":1,"values":[-0.03269842216552891],"datetime_complete":"2026-05-06T17:43:12.084203"}
{"op_code":6,"worker_id":"7b4812c3-34dc-4696-8183-555ef8a22a7f-136089008497792","trial_id":217,"state":1,"values":[0.0],"datetime_complete":"2026-05-06T18:31:14.467928"}
{"op_code":6,"worker_id":"c962b015-b8a8-4e9a-847e-5395358ec1fd-139441767715968","trial_id":220,"state":1,"values":[0.004740427832918281],"datetime_complete":"2026-05-06T18:58:35.996690"}
{"op_code":6,"worker_id":"6233c741-8c22-4cff-8ebc-31cd3c17f806-124332505846912","trial_id":219,"state":1,"values":[-0.0680608253131429],"datetime_complete":"2026-05-06T19:03:58.320511"}
{"op_code":6,"worker_id":"4f76664f-5c6d-432a-b1f2-4fe4411b9985-139339198227584","trial_id":211,"state":1,"values":[-0.5069285128804015],"datetime_complete":"2026-05-06T19:12:54.847274"}
{"op_code":6,"worker_id":"fa464c2b-d319-4249-b485-000d733a7e14-131429167989888","trial_id":206,"state":1,"values":[0.004816554609069194],"datetime_complete":"2026-05-06T19:39:41.565108"}
{"op_code":6,"worker_id":"cbef26bd-ba82-44b3-8f0d-faf366e8b4bd-133598752912512","trial_id":216,"state":1,"values":[0.0],"datetime_complete":"2026-05-06T20:20:06.457330"}
{"op_code":6,"worker_id":"98029343-deb6-4db5-aed3-4aa2ebbbb7c5-127139288970368","trial_id":226,"state":1,"values":[-0.016379667487347094],"datetime_complete":"2026-05-06T21:00:25.244194"}
{"op_code":6,"worker_id":"0b909c04-8e84-4696-8652-bbd87b5933a7-124518283330688","trial_id":218,"state":1,"values":[0.0],"datetime_complete":"2026-05-06T21:36:59.391662"}
{"op_code":6,"worker_id":"e1391102-e4bd-4cf9-bb85-45b6c9228638-136456530367616","trial_id":227,"state":1,"values":[0.0],"datetime_complete":"2026-05-06T22:24:53.195464"}
{"op_code":6,"worker_id":"0c47f1a2-8d39-494b-bf58-e89cf21cf247-136684785820800","trial_id":230,"state":1,"values":[0.0],"datetime_complete":"2026-05-06T22:33:29.849143"}
{"op_code":6,"worker_id":"9fd4f4ca-4cf1-4dcc-ba10-1ddc22788a9a-139568731899008","trial_id":228,"state":1,"values":[-0.6943915067005708],"datetime_complete":"2026-05-06T23:21:28.391412"}
{"op_code":6,"worker_id":"897d8cc1-da79-48ec-8e92-4756cbe4f997-125164349285504","trial_id":225,"state":1,"values":[-0.058946893332481674],"datetime_complete":"2026-05-06T23:24:41.117574"}
{"op_code":6,"worker_id":"f0e6f0e8-a075-42b8-92b8-744b827d88b0-131425209201792","trial_id":224,"state":1,"values":[-0.026665165931310963],"datetime_complete":"2026-05-06T23:53:32.475400"}
{"op_code":6,"worker_id":"d7882b4f-71ec-4163-b51a-79b3b2ee7b2f-124976971601024","trial_id":222,"state":1,"values":[-0.17779431702820384],"datetime_complete":"2026-05-07T00:34:08.922236"}
{"op_code":6,"worker_id":"fcd15122-2ae7-4655-bdc8-b6e97e2a54d8-140525338776704","trial_id":229,"state":1,"values":[0.0],"datetime_complete":"2026-05-07T04:15:05.365921"}
{"op_code":6,"worker_id":"87f0c862-a296-4bf0-bfd2-2fb226a606ed-124505829807232","trial_id":223,"state":1,"values":[0.0],"datetime_complete":"2026-05-07T06:35:29.865876"}
{"op_code":6,"worker_id":"5e097f63-35bf-41f3-a8c0-0eaacd571545-132088082379904","trial_id":221,"state":1,"values":[0.0],"datetime_complete":"2026-05-07T10:41:35.422007"}
