{"op_code":0,"worker_id":"b64fea1d-9104-4e03-98f9-2ac59e9eeba7-131513078502528","study_name":"cp_pred_levels_L2","directions":[2]}
{"op_code":4,"worker_id":"b64fea1d-9104-4e03-98f9-2ac59e9eeba7-131513078502528","study_id":0,"datetime_start":null,"state":4,"value":null,"values":null,"distributions":{},"params":{},"user_attrs":{},"system_attrs":{"fixed_params":{"RANK_REGRESS":8,"REG_W":98.1655,"USE_RMS_SCALING":true}},"intermediate_values":{}}
{"op_code":6,"worker_id":"b64fea1d-9104-4e03-98f9-2ac59e9eeba7-131513078502528","trial_id":0,"state":0,"values":null,"datetime_start":"2026-04-29T20:43:59.641465"}
{"op_code":5,"worker_id":"b64fea1d-9104-4e03-98f9-2ac59e9eeba7-131513078502528","trial_id":0,"param_name":"RANK_REGRESS","param_value_internal":8.0,"distribution":"{\"name\": \"IntDistribution\", \"attributes\": {\"log\": false, \"step\": 1, \"low\": 5, \"high\": 80}}"}
{"op_code":5,"worker_id":"b64fea1d-9104-4e03-98f9-2ac59e9eeba7-131513078502528","trial_id":0,"param_name":"REG_W","param_value_internal":98.1655,"distribution":"{\"name\": \"FloatDistribution\", \"attributes\": {\"step\": null, \"low\": 1e-05, \"high\": 1000.0, \"log\": true}}"}
{"op_code":5,"worker_id":"b64fea1d-9104-4e03-98f9-2ac59e9eeba7-131513078502528","trial_id":0,"param_name":"USE_RMS_SCALING","param_value_internal":0,"distribution":"{\"name\": \"CategoricalDistribution\", \"attributes\": {\"choices\": [true, false]}}"}
{"op_code":0,"worker_id":"1f10ca66-5536-4f19-b85d-ad18e049f939-128767267079296","study_name":"cp_pred_levels_L2","directions":[2]}
{"op_code":4,"worker_id":"1f10ca66-5536-4f19-b85d-ad18e049f939-128767267079296","study_id":0,"datetime_start":"2026-04-29T20:44:02.448334"}
{"op_code":5,"worker_id":"1f10ca66-5536-4f19-b85d-ad18e049f939-128767267079296","trial_id":1,"param_name":"RANK_REGRESS","param_value_internal":33.0,"distribution":"{\"name\": \"IntDistribution\", \"attributes\": {\"log\": false, \"step\": 1, \"low\": 5, \"high\": 80}}"}
{"op_code":5,"worker_id":"1f10ca66-5536-4f19-b85d-ad18e049f939-128767267079296","trial_id":1,"param_name":"REG_W","param_value_internal":403.3800832600389,"distribution":"{\"name\": \"FloatDistribution\", \"attributes\": {\"step\": null, \"low\": 1e-05, \"high\": 1000.0, \"log\": true}}"}
{"op_code":5,"worker_id":"1f10ca66-5536-4f19-b85d-ad18e049f939-128767267079296","trial_id":1,"param_name":"USE_RMS_SCALING","param_value_internal":0,"distribution":"{\"name\": \"CategoricalDistribution\", \"attributes\": {\"choices\": [true, false]}}"}
{"op_code":0,"worker_id":"e907fc6c-830a-4f84-8d3c-b0d904c2a360-139726384907392","study_name":"cp_pred_levels_L2","directions":[2]}
{"op_code":4,"worker_id":"e907fc6c-830a-4f84-8d3c-b0d904c2a360-139726384907392","study_id":0,"datetime_start":"2026-04-29T20:44:03.041478"}
{"op_code":5,"worker_id":"e907fc6c-830a-4f84-8d3c-b0d904c2a360-139726384907392","trial_id":2,"param_name":"RANK_REGRESS","param_value_internal":33.0,"distribution":"{\"name\": \"IntDistribution\", \"attributes\": {\"log\": false, \"step\": 1, \"low\": 5, \"high\": 80}}"}
{"op_code":0,"worker_id":"ce5d4a17-d1b1-43a2-9364-ab3de6b70b5b-137355230647424","study_name":"cp_pred_levels_L2","directions":[2]}
{"op_code":5,"worker_id":"e907fc6c-830a-4f84-8d3c-b0d904c2a360-139726384907392","trial_id":2,"param_name":"REG_W","param_value_internal":403.3800832600389,"distribution":"{\"name\": \"FloatDistribution\", \"attributes\": {\"step\": null, \"low\": 1e-05, \"high\": 1000.0, \"log\": true}}"}
{"op_code":5,"worker_id":"e907fc6c-830a-4f84-8d3c-b0d904c2a360-139726384907392","trial_id":2,"param_name":"USE_RMS_SCALING","param_value_internal":0,"distribution":"{\"name\": \"CategoricalDistribution\", \"attributes\": {\"choices\": [true, false]}}"}
{"op_code":4,"worker_id":"ce5d4a17-d1b1-43a2-9364-ab3de6b70b5b-137355230647424","study_id":0,"datetime_start":"2026-04-29T20:44:03.206063"}
{"op_code":5,"worker_id":"ce5d4a17-d1b1-43a2-9364-ab3de6b70b5b-137355230647424","trial_id":3,"param_name":"RANK_REGRESS","param_value_internal":33.0,"distribution":"{\"name\": \"IntDistribution\", \"attributes\": {\"log\": false, \"step\": 1, \"low\": 5, \"high\": 80}}"}
{"op_code":5,"worker_id":"ce5d4a17-d1b1-43a2-9364-ab3de6b70b5b-137355230647424","trial_id":3,"param_name":"REG_W","param_value_internal":403.3800832600389,"distribution":"{\"name\": \"FloatDistribution\", \"attributes\": {\"step\": null, \"low\": 1e-05, \"high\": 1000.0, \"log\": true}}"}
{"op_code":5,"worker_id":"ce5d4a17-d1b1-43a2-9364-ab3de6b70b5b-137355230647424","trial_id":3,"param_name":"USE_RMS_SCALING","param_value_internal":0,"distribution":"{\"name\": \"CategoricalDistribution\", \"attributes\": {\"choices\": [true, false]}}"}
{"op_code":0,"worker_id":"027e784b-7574-49ec-9bb5-854a6b2bdb09-135128110199936","study_name":"cp_pred_levels_L2","directions":[2]}
{"op_code":4,"worker_id":"027e784b-7574-49ec-9bb5-854a6b2bdb09-135128110199936","study_id":0,"datetime_start":"2026-04-29T20:44:03.789873"}
{"op_code":5,"worker_id":"027e784b-7574-49ec-9bb5-854a6b2bdb09-135128110199936","trial_id":4,"param_name":"RANK_REGRESS","param_value_internal":33.0,"distribution":"{\"name\": \"IntDistribution\", \"attributes\": {\"log\": false, \"step\": 1, \"low\": 5, \"high\": 80}}"}
{"op_code":5,"worker_id":"027e784b-7574-49ec-9bb5-854a6b2bdb09-135128110199936","trial_id":4,"param_name":"REG_W","param_value_internal":403.3800832600389,"distribution":"{\"name\": \"FloatDistribution\", \"attributes\": {\"step\": null, \"low\": 1e-05, \"high\": 1000.0, \"log\": true}}"}
{"op_code":5,"worker_id":"027e784b-7574-49ec-9bb5-854a6b2bdb09-135128110199936","trial_id":4,"param_name":"USE_RMS_SCALING","param_value_internal":0,"distribution":"{\"name\": \"CategoricalDistribution\", \"attributes\": {\"choices\": [true, false]}}"}
{"op_code":0,"worker_id":"3560a9a4-55bd-4ee4-ae64-2a779643f52d-130476309304448","study_name":"cp_pred_levels_L2","directions":[2]}
{"op_code":4,"worker_id":"3560a9a4-55bd-4ee4-ae64-2a779643f52d-130476309304448","study_id":0,"datetime_start":"2026-04-29T20:44:04.268205"}
{"op_code":5,"worker_id":"3560a9a4-55bd-4ee4-ae64-2a779643f52d-130476309304448","trial_id":5,"param_name":"RANK_REGRESS","param_value_internal":33.0,"distribution":"{\"name\": \"IntDistribution\", \"attributes\": {\"log\": false, \"step\": 1, \"low\": 5, \"high\": 80}}"}
{"op_code":5,"worker_id":"3560a9a4-55bd-4ee4-ae64-2a779643f52d-130476309304448","trial_id":5,"param_name":"REG_W","param_value_internal":403.3800832600389,"distribution":"{\"name\": \"FloatDistribution\", \"attributes\": {\"step\": null, \"low\": 1e-05, \"high\": 1000.0, \"log\": true}}"}
{"op_code":5,"worker_id":"3560a9a4-55bd-4ee4-ae64-2a779643f52d-130476309304448","trial_id":5,"param_name":"USE_RMS_SCALING","param_value_internal":0,"distribution":"{\"name\": \"CategoricalDistribution\", \"attributes\": {\"choices\": [true, false]}}"}
{"op_code":0,"worker_id":"92f3ee7b-1cec-42eb-985a-954ae8e9f684-135075579503744","study_name":"cp_pred_levels_L2","directions":[2]}
{"op_code":4,"worker_id":"92f3ee7b-1cec-42eb-985a-954ae8e9f684-135075579503744","study_id":0,"datetime_start":"2026-04-29T20:44:04.892965"}
{"op_code":5,"worker_id":"92f3ee7b-1cec-42eb-985a-954ae8e9f684-135075579503744","trial_id":6,"param_name":"RANK_REGRESS","param_value_internal":33.0,"distribution":"{\"name\": \"IntDistribution\", \"attributes\": {\"log\": false, \"step\": 1, \"low\": 5, \"high\": 80}}"}
{"op_code":5,"worker_id":"92f3ee7b-1cec-42eb-985a-954ae8e9f684-135075579503744","trial_id":6,"param_name":"REG_W","param_value_internal":403.3800832600389,"distribution":"{\"name\": \"FloatDistribution\", \"attributes\": {\"step\": null, \"low\": 1e-05, \"high\": 1000.0, \"log\": true}}"}
{"op_code":5,"worker_id":"92f3ee7b-1cec-42eb-985a-954ae8e9f684-135075579503744","trial_id":6,"param_name":"USE_RMS_SCALING","param_value_internal":0,"distribution":"{\"name\": \"CategoricalDistribution\", \"attributes\": {\"choices\": [true, false]}}"}
{"op_code":0,"worker_id":"ca374613-08a6-410e-bb49-b6b4415f82fb-134597024961664","study_name":"cp_pred_levels_L2","directions":[2]}
{"op_code":4,"worker_id":"ca374613-08a6-410e-bb49-b6b4415f82fb-134597024961664","study_id":0,"datetime_start":"2026-04-29T20:44:05.831459"}
{"op_code":0,"worker_id":"16f53399-56bd-4c43-b6cb-5a84cccb4656-127383887004800","study_name":"cp_pred_levels_L2","directions":[2]}
{"op_code":5,"worker_id":"ca374613-08a6-410e-bb49-b6b4415f82fb-134597024961664","trial_id":7,"param_name":"RANK_REGRESS","param_value_internal":33.0,"distribution":"{\"name\": \"IntDistribution\", \"attributes\": {\"log\": false, \"step\": 1, \"low\": 5, \"high\": 80}}"}
{"op_code":5,"worker_id":"ca374613-08a6-410e-bb49-b6b4415f82fb-134597024961664","trial_id":7,"param_name":"REG_W","param_value_internal":403.3800832600389,"distribution":"{\"name\": \"FloatDistribution\", \"attributes\": {\"step\": null, \"low\": 1e-05, \"high\": 1000.0, \"log\": true}}"}
{"op_code":5,"worker_id":"ca374613-08a6-410e-bb49-b6b4415f82fb-134597024961664","trial_id":7,"param_name":"USE_RMS_SCALING","param_value_internal":0,"distribution":"{\"name\": \"CategoricalDistribution\", \"attributes\": {\"choices\": [true, false]}}"}
{"op_code":4,"worker_id":"16f53399-56bd-4c43-b6cb-5a84cccb4656-127383887004800","study_id":0,"datetime_start":"2026-04-29T20:44:05.948946"}
{"op_code":5,"worker_id":"16f53399-56bd-4c43-b6cb-5a84cccb4656-127383887004800","trial_id":8,"param_name":"RANK_REGRESS","param_value_internal":33.0,"distribution":"{\"name\": \"IntDistribution\", \"attributes\": {\"log\": false, \"step\": 1, \"low\": 5, \"high\": 80}}"}
{"op_code":5,"worker_id":"16f53399-56bd-4c43-b6cb-5a84cccb4656-127383887004800","trial_id":8,"param_name":"REG_W","param_value_internal":403.3800832600389,"distribution":"{\"name\": \"FloatDistribution\", \"attributes\": {\"step\": null, \"low\": 1e-05, \"high\": 1000.0, \"log\": true}}"}
{"op_code":5,"worker_id":"16f53399-56bd-4c43-b6cb-5a84cccb4656-127383887004800","trial_id":8,"param_name":"USE_RMS_SCALING","param_value_internal":0,"distribution":"{\"name\": \"CategoricalDistribution\", \"attributes\": {\"choices\": [true, false]}}"}
{"op_code":0,"worker_id":"bf97fad7-b049-413c-a5ff-d2a87a14c394-123718319387776","study_name":"cp_pred_levels_L2","directions":[2]}
{"op_code":4,"worker_id":"bf97fad7-b049-413c-a5ff-d2a87a14c394-123718319387776","study_id":0,"datetime_start":"2026-04-29T20:44:09.210319"}
{"op_code":5,"worker_id":"bf97fad7-b049-413c-a5ff-d2a87a14c394-123718319387776","trial_id":9,"param_name":"RANK_REGRESS","param_value_internal":33.0,"distribution":"{\"name\": \"IntDistribution\", \"attributes\": {\"log\": false, \"step\": 1, \"low\": 5, \"high\": 80}}"}
{"op_code":5,"worker_id":"bf97fad7-b049-413c-a5ff-d2a87a14c394-123718319387776","trial_id":9,"param_name":"REG_W","param_value_internal":403.3800832600389,"distribution":"{\"name\": \"FloatDistribution\", \"attributes\": {\"step\": null, \"low\": 1e-05, \"high\": 1000.0, \"log\": true}}"}
{"op_code":5,"worker_id":"bf97fad7-b049-413c-a5ff-d2a87a14c394-123718319387776","trial_id":9,"param_name":"USE_RMS_SCALING","param_value_internal":0,"distribution":"{\"name\": \"CategoricalDistribution\", \"attributes\": {\"choices\": [true, false]}}"}
{"op_code":0,"worker_id":"73903831-4cf4-4d0b-9851-8fa352b9d45c-129985746859136","study_name":"cp_pred_levels_L2","directions":[2]}
{"op_code":4,"worker_id":"73903831-4cf4-4d0b-9851-8fa352b9d45c-129985746859136","study_id":0,"datetime_start":"2026-04-29T20:48:25.090245"}
{"op_code":5,"worker_id":"73903831-4cf4-4d0b-9851-8fa352b9d45c-129985746859136","trial_id":10,"param_name":"RANK_REGRESS","param_value_internal":33.0,"distribution":"{\"name\": \"IntDistribution\", \"attributes\": {\"log\": false, \"step\": 1, \"low\": 5, \"high\": 80}}"}
{"op_code":5,"worker_id":"73903831-4cf4-4d0b-9851-8fa352b9d45c-129985746859136","trial_id":10,"param_name":"REG_W","param_value_internal":403.3800832600389,"distribution":"{\"name\": \"FloatDistribution\", \"attributes\": {\"step\": null, \"low\": 1e-05, \"high\": 1000.0, \"log\": true}}"}
{"op_code":5,"worker_id":"73903831-4cf4-4d0b-9851-8fa352b9d45c-129985746859136","trial_id":10,"param_name":"USE_RMS_SCALING","param_value_internal":0,"distribution":"{\"name\": \"CategoricalDistribution\", \"attributes\": {\"choices\": [true, false]}}"}
{"op_code":0,"worker_id":"8e9073e0-70d6-41aa-b0e6-2597ce58c87c-127044424631424","study_name":"cp_pred_levels_L2","directions":[2]}
{"op_code":4,"worker_id":"8e9073e0-70d6-41aa-b0e6-2597ce58c87c-127044424631424","study_id":0,"datetime_start":"2026-04-29T20:48:26.679805"}
{"op_code":5,"worker_id":"8e9073e0-70d6-41aa-b0e6-2597ce58c87c-127044424631424","trial_id":11,"param_name":"RANK_REGRESS","param_value_internal":33.0,"distribution":"{\"name\": \"IntDistribution\", \"attributes\": {\"log\": false, \"step\": 1, \"low\": 5, \"high\": 80}}"}
{"op_code":5,"worker_id":"8e9073e0-70d6-41aa-b0e6-2597ce58c87c-127044424631424","trial_id":11,"param_name":"REG_W","param_value_internal":403.3800832600389,"distribution":"{\"name\": \"FloatDistribution\", \"attributes\": {\"step\": null, \"low\": 1e-05, \"high\": 1000.0, \"log\": true}}"}
{"op_code":5,"worker_id":"8e9073e0-70d6-41aa-b0e6-2597ce58c87c-127044424631424","trial_id":11,"param_name":"USE_RMS_SCALING","param_value_internal":0,"distribution":"{\"name\": \"CategoricalDistribution\", \"attributes\": {\"choices\": [true, false]}}"}
{"op_code":0,"worker_id":"bbfead14-20b0-477b-a17b-93d21a8bf0b1-130531178562688","study_name":"cp_pred_levels_L2","directions":[2]}
{"op_code":4,"worker_id":"bbfead14-20b0-477b-a17b-93d21a8bf0b1-130531178562688","study_id":0,"datetime_start":"2026-04-29T20:48:27.612400"}
{"op_code":5,"worker_id":"bbfead14-20b0-477b-a17b-93d21a8bf0b1-130531178562688","trial_id":12,"param_name":"RANK_REGRESS","param_value_internal":33.0,"distribution":"{\"name\": \"IntDistribution\", \"attributes\": {\"log\": false, \"step\": 1, \"low\": 5, \"high\": 80}}"}
{"op_code":5,"worker_id":"bbfead14-20b0-477b-a17b-93d21a8bf0b1-130531178562688","trial_id":12,"param_name":"REG_W","param_value_internal":403.3800832600389,"distribution":"{\"name\": \"FloatDistribution\", \"attributes\": {\"step\": null, \"low\": 1e-05, \"high\": 1000.0, \"log\": true}}"}
{"op_code":5,"worker_id":"bbfead14-20b0-477b-a17b-93d21a8bf0b1-130531178562688","trial_id":12,"param_name":"USE_RMS_SCALING","param_value_internal":0,"distribution":"{\"name\": \"CategoricalDistribution\", \"attributes\": {\"choices\": [true, false]}}"}
{"op_code":0,"worker_id":"2b2f0957-d8a2-4b9b-bb95-7258e6f89134-139417485669504","study_name":"cp_pred_levels_L2","directions":[2]}
{"op_code":4,"worker_id":"2b2f0957-d8a2-4b9b-bb95-7258e6f89134-139417485669504","study_id":0,"datetime_start":"2026-04-29T20:48:27.736293"}
{"op_code":5,"worker_id":"2b2f0957-d8a2-4b9b-bb95-7258e6f89134-139417485669504","trial_id":13,"param_name":"RANK_REGRESS","param_value_internal":33.0,"distribution":"{\"name\": \"IntDistribution\", \"attributes\": {\"log\": false, \"step\": 1, \"low\": 5, \"high\": 80}}"}
{"op_code":5,"worker_id":"2b2f0957-d8a2-4b9b-bb95-7258e6f89134-139417485669504","trial_id":13,"param_name":"REG_W","param_value_internal":403.3800832600389,"distribution":"{\"name\": \"FloatDistribution\", \"attributes\": {\"step\": null, \"low\": 1e-05, \"high\": 1000.0, \"log\": true}}"}
{"op_code":5,"worker_id":"2b2f0957-d8a2-4b9b-bb95-7258e6f89134-139417485669504","trial_id":13,"param_name":"USE_RMS_SCALING","param_value_internal":0,"distribution":"{\"name\": \"CategoricalDistribution\", \"attributes\": {\"choices\": [true, false]}}"}
{"op_code":0,"worker_id":"cd22cea5-6dfd-4553-a14c-3c4b3cd7dfaa-133097283654784","study_name":"cp_pred_levels_L2","directions":[2]}
{"op_code":4,"worker_id":"cd22cea5-6dfd-4553-a14c-3c4b3cd7dfaa-133097283654784","study_id":0,"datetime_start":"2026-04-29T20:48:28.452217"}
{"op_code":5,"worker_id":"cd22cea5-6dfd-4553-a14c-3c4b3cd7dfaa-133097283654784","trial_id":14,"param_name":"RANK_REGRESS","param_value_internal":33.0,"distribution":"{\"name\": \"IntDistribution\", \"attributes\": {\"log\": false, \"step\": 1, \"low\": 5, \"high\": 80}}"}
{"op_code":5,"worker_id":"cd22cea5-6dfd-4553-a14c-3c4b3cd7dfaa-133097283654784","trial_id":14,"param_name":"REG_W","param_value_internal":403.3800832600389,"distribution":"{\"name\": \"FloatDistribution\", \"attributes\": {\"step\": null, \"low\": 1e-05, \"high\": 1000.0, \"log\": true}}"}
{"op_code":5,"worker_id":"cd22cea5-6dfd-4553-a14c-3c4b3cd7dfaa-133097283654784","trial_id":14,"param_name":"USE_RMS_SCALING","param_value_internal":0,"distribution":"{\"name\": \"CategoricalDistribution\", \"attributes\": {\"choices\": [true, false]}}"}
{"op_code":0,"worker_id":"64412cbb-adf6-48c4-8391-9b2f7d40aa7c-140022079849600","study_name":"cp_pred_levels_L2","directions":[2]}
{"op_code":4,"worker_id":"64412cbb-adf6-48c4-8391-9b2f7d40aa7c-140022079849600","study_id":0,"datetime_start":"2026-04-29T20:48:28.876442"}
{"op_code":5,"worker_id":"64412cbb-adf6-48c4-8391-9b2f7d40aa7c-140022079849600","trial_id":15,"param_name":"RANK_REGRESS","param_value_internal":33.0,"distribution":"{\"name\": \"IntDistribution\", \"attributes\": {\"log\": false, \"step\": 1, \"low\": 5, \"high\": 80}}"}
{"op_code":5,"worker_id":"64412cbb-adf6-48c4-8391-9b2f7d40aa7c-140022079849600","trial_id":15,"param_name":"REG_W","param_value_internal":403.3800832600389,"distribution":"{\"name\": \"FloatDistribution\", \"attributes\": {\"step\": null, \"low\": 1e-05, \"high\": 1000.0, \"log\": true}}"}
{"op_code":5,"worker_id":"64412cbb-adf6-48c4-8391-9b2f7d40aa7c-140022079849600","trial_id":15,"param_name":"USE_RMS_SCALING","param_value_internal":0,"distribution":"{\"name\": \"CategoricalDistribution\", \"attributes\": {\"choices\": [true, false]}}"}
{"op_code":0,"worker_id":"e74d4984-bd48-44b3-8a50-758e06ca1eef-131558468154496","study_name":"cp_pred_levels_L2","directions":[2]}
{"op_code":4,"worker_id":"e74d4984-bd48-44b3-8a50-758e06ca1eef-131558468154496","study_id":0,"datetime_start":"2026-04-29T20:48:29.312836"}
{"op_code":5,"worker_id":"e74d4984-bd48-44b3-8a50-758e06ca1eef-131558468154496","trial_id":16,"param_name":"RANK_REGRESS","param_value_internal":33.0,"distribution":"{\"name\": \"IntDistribution\", \"attributes\": {\"log\": false, \"step\": 1, \"low\": 5, \"high\": 80}}"}
{"op_code":5,"worker_id":"e74d4984-bd48-44b3-8a50-758e06ca1eef-131558468154496","trial_id":16,"param_name":"REG_W","param_value_internal":403.3800832600389,"distribution":"{\"name\": \"FloatDistribution\", \"attributes\": {\"step\": null, \"low\": 1e-05, \"high\": 1000.0, \"log\": true}}"}
{"op_code":5,"worker_id":"e74d4984-bd48-44b3-8a50-758e06ca1eef-131558468154496","trial_id":16,"param_name":"USE_RMS_SCALING","param_value_internal":0,"distribution":"{\"name\": \"CategoricalDistribution\", \"attributes\": {\"choices\": [true, false]}}"}
{"op_code":0,"worker_id":"3242c90b-a1a2-4f29-b434-6d18683c0180-139531688252544","study_name":"cp_pred_levels_L2","directions":[2]}
{"op_code":4,"worker_id":"3242c90b-a1a2-4f29-b434-6d18683c0180-139531688252544","study_id":0,"datetime_start":"2026-04-29T20:48:31.191733"}
{"op_code":5,"worker_id":"3242c90b-a1a2-4f29-b434-6d18683c0180-139531688252544","trial_id":17,"param_name":"RANK_REGRESS","param_value_internal":33.0,"distribution":"{\"name\": \"IntDistribution\", \"attributes\": {\"log\": false, \"step\": 1, \"low\": 5, \"high\": 80}}"}
{"op_code":5,"worker_id":"3242c90b-a1a2-4f29-b434-6d18683c0180-139531688252544","trial_id":17,"param_name":"REG_W","param_value_internal":403.3800832600389,"distribution":"{\"name\": \"FloatDistribution\", \"attributes\": {\"step\": null, \"low\": 1e-05, \"high\": 1000.0, \"log\": true}}"}
{"op_code":5,"worker_id":"3242c90b-a1a2-4f29-b434-6d18683c0180-139531688252544","trial_id":17,"param_name":"USE_RMS_SCALING","param_value_internal":0,"distribution":"{\"name\": \"CategoricalDistribution\", \"attributes\": {\"choices\": [true, false]}}"}
{"op_code":0,"worker_id":"014a49e8-b6c8-4602-9b62-cb9cb65bb9f4-137333935469696","study_name":"cp_pred_levels_L2","directions":[2]}
{"op_code":4,"worker_id":"014a49e8-b6c8-4602-9b62-cb9cb65bb9f4-137333935469696","study_id":0,"datetime_start":"2026-04-29T20:48:31.963227"}
{"op_code":5,"worker_id":"014a49e8-b6c8-4602-9b62-cb9cb65bb9f4-137333935469696","trial_id":18,"param_name":"RANK_REGRESS","param_value_internal":33.0,"distribution":"{\"name\": \"IntDistribution\", \"attributes\": {\"log\": false, \"step\": 1, \"low\": 5, \"high\": 80}}"}
{"op_code":5,"worker_id":"014a49e8-b6c8-4602-9b62-cb9cb65bb9f4-137333935469696","trial_id":18,"param_name":"REG_W","param_value_internal":403.3800832600389,"distribution":"{\"name\": \"FloatDistribution\", \"attributes\": {\"step\": null, \"low\": 1e-05, \"high\": 1000.0, \"log\": true}}"}
{"op_code":5,"worker_id":"014a49e8-b6c8-4602-9b62-cb9cb65bb9f4-137333935469696","trial_id":18,"param_name":"USE_RMS_SCALING","param_value_internal":0,"distribution":"{\"name\": \"CategoricalDistribution\", \"attributes\": {\"choices\": [true, false]}}"}
{"op_code":0,"worker_id":"34e2108c-6e49-41d6-a91d-a68ba5ac2a0a-138427737789568","study_name":"cp_pred_levels_L2","directions":[2]}
{"op_code":4,"worker_id":"34e2108c-6e49-41d6-a91d-a68ba5ac2a0a-138427737789568","study_id":0,"datetime_start":"2026-04-29T20:48:32.620036"}
{"op_code":5,"worker_id":"34e2108c-6e49-41d6-a91d-a68ba5ac2a0a-138427737789568","trial_id":19,"param_name":"RANK_REGRESS","param_value_internal":33.0,"distribution":"{\"name\": \"IntDistribution\", \"attributes\": {\"log\": false, \"step\": 1, \"low\": 5, \"high\": 80}}"}
{"op_code":5,"worker_id":"34e2108c-6e49-41d6-a91d-a68ba5ac2a0a-138427737789568","trial_id":19,"param_name":"REG_W","param_value_internal":403.3800832600389,"distribution":"{\"name\": \"FloatDistribution\", \"attributes\": {\"step\": null, \"low\": 1e-05, \"high\": 1000.0, \"log\": true}}"}
{"op_code":5,"worker_id":"34e2108c-6e49-41d6-a91d-a68ba5ac2a0a-138427737789568","trial_id":19,"param_name":"USE_RMS_SCALING","param_value_internal":0,"distribution":"{\"name\": \"CategoricalDistribution\", \"attributes\": {\"choices\": [true, false]}}"}
{"op_code":0,"worker_id":"ba8c6c5a-e92f-42f6-813d-7336f7151e32-140566554850432","study_name":"cp_pred_levels_L2","directions":[2]}
{"op_code":4,"worker_id":"ba8c6c5a-e92f-42f6-813d-7336f7151e32-140566554850432","study_id":0,"datetime_start":"2026-04-29T20:48:32.974326"}
{"op_code":5,"worker_id":"ba8c6c5a-e92f-42f6-813d-7336f7151e32-140566554850432","trial_id":20,"param_name":"RANK_REGRESS","param_value_internal":33.0,"distribution":"{\"name\": \"IntDistribution\", \"attributes\": {\"log\": false, \"step\": 1, \"low\": 5, \"high\": 80}}"}
{"op_code":5,"worker_id":"ba8c6c5a-e92f-42f6-813d-7336f7151e32-140566554850432","trial_id":20,"param_name":"REG_W","param_value_internal":403.3800832600389,"distribution":"{\"name\": \"FloatDistribution\", \"attributes\": {\"step\": null, \"low\": 1e-05, \"high\": 1000.0, \"log\": true}}"}
{"op_code":5,"worker_id":"ba8c6c5a-e92f-42f6-813d-7336f7151e32-140566554850432","trial_id":20,"param_name":"USE_RMS_SCALING","param_value_internal":0,"distribution":"{\"name\": \"CategoricalDistribution\", \"attributes\": {\"choices\": [true, false]}}"}
{"op_code":0,"worker_id":"ac2261f0-ccef-4918-a986-d53413c3a546-134289272284288","study_name":"cp_pred_levels_L2","directions":[2]}
{"op_code":4,"worker_id":"ac2261f0-ccef-4918-a986-d53413c3a546-134289272284288","study_id":0,"datetime_start":"2026-04-29T20:58:41.191593"}
{"op_code":5,"worker_id":"ac2261f0-ccef-4918-a986-d53413c3a546-134289272284288","trial_id":21,"param_name":"RANK_REGRESS","param_value_internal":33.0,"distribution":"{\"name\": \"IntDistribution\", \"attributes\": {\"log\": false, \"step\": 1, \"low\": 5, \"high\": 80}}"}
{"op_code":5,"worker_id":"ac2261f0-ccef-4918-a986-d53413c3a546-134289272284288","trial_id":21,"param_name":"REG_W","param_value_internal":403.3800832600389,"distribution":"{\"name\": \"FloatDistribution\", \"attributes\": {\"step\": null, \"low\": 1e-05, \"high\": 1000.0, \"log\": true}}"}
{"op_code":5,"worker_id":"ac2261f0-ccef-4918-a986-d53413c3a546-134289272284288","trial_id":21,"param_name":"USE_RMS_SCALING","param_value_internal":0,"distribution":"{\"name\": \"CategoricalDistribution\", \"attributes\": {\"choices\": [true, false]}}"}
{"op_code":0,"worker_id":"5ecc4f5b-69f9-469e-afb9-60b572bbf7a9-140288872801408","study_name":"cp_pred_levels_L2","directions":[2]}
{"op_code":4,"worker_id":"5ecc4f5b-69f9-469e-afb9-60b572bbf7a9-140288872801408","study_id":0,"datetime_start":"2026-04-29T20:58:43.038644"}
{"op_code":5,"worker_id":"5ecc4f5b-69f9-469e-afb9-60b572bbf7a9-140288872801408","trial_id":22,"param_name":"RANK_REGRESS","param_value_internal":33.0,"distribution":"{\"name\": \"IntDistribution\", \"attributes\": {\"log\": false, \"step\": 1, \"low\": 5, \"high\": 80}}"}
{"op_code":5,"worker_id":"5ecc4f5b-69f9-469e-afb9-60b572bbf7a9-140288872801408","trial_id":22,"param_name":"REG_W","param_value_internal":403.3800832600389,"distribution":"{\"name\": \"FloatDistribution\", \"attributes\": {\"step\": null, \"low\": 1e-05, \"high\": 1000.0, \"log\": true}}"}
{"op_code":5,"worker_id":"5ecc4f5b-69f9-469e-afb9-60b572bbf7a9-140288872801408","trial_id":22,"param_name":"USE_RMS_SCALING","param_value_internal":0,"distribution":"{\"name\": \"CategoricalDistribution\", \"attributes\": {\"choices\": [true, false]}}"}
{"op_code":0,"worker_id":"8a2a8737-88a5-4d74-9d2a-856d76281552-137585638175872","study_name":"cp_pred_levels_L2","directions":[2]}
{"op_code":4,"worker_id":"8a2a8737-88a5-4d74-9d2a-856d76281552-137585638175872","study_id":0,"datetime_start":"2026-04-29T20:58:43.712338"}
{"op_code":5,"worker_id":"8a2a8737-88a5-4d74-9d2a-856d76281552-137585638175872","trial_id":23,"param_name":"RANK_REGRESS","param_value_internal":33.0,"distribution":"{\"name\": \"IntDistribution\", \"attributes\": {\"log\": false, \"step\": 1, \"low\": 5, \"high\": 80}}"}
{"op_code":5,"worker_id":"8a2a8737-88a5-4d74-9d2a-856d76281552-137585638175872","trial_id":23,"param_name":"REG_W","param_value_internal":403.3800832600389,"distribution":"{\"name\": \"FloatDistribution\", \"attributes\": {\"step\": null, \"low\": 1e-05, \"high\": 1000.0, \"log\": true}}"}
{"op_code":5,"worker_id":"8a2a8737-88a5-4d74-9d2a-856d76281552-137585638175872","trial_id":23,"param_name":"USE_RMS_SCALING","param_value_internal":0,"distribution":"{\"name\": \"CategoricalDistribution\", \"attributes\": {\"choices\": [true, false]}}"}
{"op_code":0,"worker_id":"f9dea5bf-05a3-43c9-a878-5d185a9052c2-124013140247680","study_name":"cp_pred_levels_L2","directions":[2]}
{"op_code":4,"worker_id":"f9dea5bf-05a3-43c9-a878-5d185a9052c2-124013140247680","study_id":0,"datetime_start":"2026-04-29T20:58:44.292457"}
{"op_code":5,"worker_id":"f9dea5bf-05a3-43c9-a878-5d185a9052c2-124013140247680","trial_id":24,"param_name":"RANK_REGRESS","param_value_internal":33.0,"distribution":"{\"name\": \"IntDistribution\", \"attributes\": {\"log\": false, \"step\": 1, \"low\": 5, \"high\": 80}}"}
{"op_code":5,"worker_id":"f9dea5bf-05a3-43c9-a878-5d185a9052c2-124013140247680","trial_id":24,"param_name":"REG_W","param_value_internal":403.3800832600389,"distribution":"{\"name\": \"FloatDistribution\", \"attributes\": {\"step\": null, \"low\": 1e-05, \"high\": 1000.0, \"log\": true}}"}
{"op_code":5,"worker_id":"f9dea5bf-05a3-43c9-a878-5d185a9052c2-124013140247680","trial_id":24,"param_name":"USE_RMS_SCALING","param_value_internal":0,"distribution":"{\"name\": \"CategoricalDistribution\", \"attributes\": {\"choices\": [true, false]}}"}
{"op_code":0,"worker_id":"ac025d52-9db5-45d7-9ae7-5ae79981d438-125395770553472","study_name":"cp_pred_levels_L2","directions":[2]}
{"op_code":4,"worker_id":"ac025d52-9db5-45d7-9ae7-5ae79981d438-125395770553472","study_id":0,"datetime_start":"2026-04-29T20:58:44.689650"}
{"op_code":5,"worker_id":"ac025d52-9db5-45d7-9ae7-5ae79981d438-125395770553472","trial_id":25,"param_name":"RANK_REGRESS","param_value_internal":33.0,"distribution":"{\"name\": \"IntDistribution\", \"attributes\": {\"log\": false, \"step\": 1, \"low\": 5, \"high\": 80}}"}
{"op_code":5,"worker_id":"ac025d52-9db5-45d7-9ae7-5ae79981d438-125395770553472","trial_id":25,"param_name":"REG_W","param_value_internal":403.3800832600389,"distribution":"{\"name\": \"FloatDistribution\", \"attributes\": {\"step\": null, \"low\": 1e-05, \"high\": 1000.0, \"log\": true}}"}
{"op_code":5,"worker_id":"ac025d52-9db5-45d7-9ae7-5ae79981d438-125395770553472","trial_id":25,"param_name":"USE_RMS_SCALING","param_value_internal":0,"distribution":"{\"name\": \"CategoricalDistribution\", \"attributes\": {\"choices\": [true, false]}}"}
{"op_code":0,"worker_id":"e8ee7297-7fc8-403c-b3cd-7f7ea71a07d2-130888065901696","study_name":"cp_pred_levels_L2","directions":[2]}
{"op_code":0,"worker_id":"daa1a3e4-39f4-4972-955c-99262b23fca7-127363157243008","study_name":"cp_pred_levels_L2","directions":[2]}
{"op_code":4,"worker_id":"e8ee7297-7fc8-403c-b3cd-7f7ea71a07d2-130888065901696","study_id":0,"datetime_start":"2026-04-29T20:58:45.598984"}
{"op_code":4,"worker_id":"daa1a3e4-39f4-4972-955c-99262b23fca7-127363157243008","study_id":0,"datetime_start":"2026-04-29T20:58:45.626804"}
{"op_code":5,"worker_id":"e8ee7297-7fc8-403c-b3cd-7f7ea71a07d2-130888065901696","trial_id":26,"param_name":"RANK_REGRESS","param_value_internal":33.0,"distribution":"{\"name\": \"IntDistribution\", \"attributes\": {\"log\": false, \"step\": 1, \"low\": 5, \"high\": 80}}"}
{"op_code":5,"worker_id":"daa1a3e4-39f4-4972-955c-99262b23fca7-127363157243008","trial_id":27,"param_name":"RANK_REGRESS","param_value_internal":33.0,"distribution":"{\"name\": \"IntDistribution\", \"attributes\": {\"log\": false, \"step\": 1, \"low\": 5, \"high\": 80}}"}
{"op_code":5,"worker_id":"e8ee7297-7fc8-403c-b3cd-7f7ea71a07d2-130888065901696","trial_id":26,"param_name":"REG_W","param_value_internal":403.3800832600389,"distribution":"{\"name\": \"FloatDistribution\", \"attributes\": {\"step\": null, \"low\": 1e-05, \"high\": 1000.0, \"log\": true}}"}
{"op_code":5,"worker_id":"daa1a3e4-39f4-4972-955c-99262b23fca7-127363157243008","trial_id":27,"param_name":"REG_W","param_value_internal":403.3800832600389,"distribution":"{\"name\": \"FloatDistribution\", \"attributes\": {\"step\": null, \"low\": 1e-05, \"high\": 1000.0, \"log\": true}}"}
{"op_code":5,"worker_id":"e8ee7297-7fc8-403c-b3cd-7f7ea71a07d2-130888065901696","trial_id":26,"param_name":"USE_RMS_SCALING","param_value_internal":0,"distribution":"{\"name\": \"CategoricalDistribution\", \"attributes\": {\"choices\": [true, false]}}"}
{"op_code":5,"worker_id":"daa1a3e4-39f4-4972-955c-99262b23fca7-127363157243008","trial_id":27,"param_name":"USE_RMS_SCALING","param_value_internal":0,"distribution":"{\"name\": \"CategoricalDistribution\", \"attributes\": {\"choices\": [true, false]}}"}
{"op_code":0,"worker_id":"0409b665-0d18-4946-924a-c56a429fdb89-132850471122048","study_name":"cp_pred_levels_L2","directions":[2]}
{"op_code":4,"worker_id":"0409b665-0d18-4946-924a-c56a429fdb89-132850471122048","study_id":0,"datetime_start":"2026-04-29T20:58:45.885728"}
{"op_code":5,"worker_id":"0409b665-0d18-4946-924a-c56a429fdb89-132850471122048","trial_id":28,"param_name":"RANK_REGRESS","param_value_internal":33.0,"distribution":"{\"name\": \"IntDistribution\", \"attributes\": {\"log\": false, \"step\": 1, \"low\": 5, \"high\": 80}}"}
{"op_code":5,"worker_id":"0409b665-0d18-4946-924a-c56a429fdb89-132850471122048","trial_id":28,"param_name":"REG_W","param_value_internal":403.3800832600389,"distribution":"{\"name\": \"FloatDistribution\", \"attributes\": {\"step\": null, \"low\": 1e-05, \"high\": 1000.0, \"log\": true}}"}
{"op_code":5,"worker_id":"0409b665-0d18-4946-924a-c56a429fdb89-132850471122048","trial_id":28,"param_name":"USE_RMS_SCALING","param_value_internal":0,"distribution":"{\"name\": \"CategoricalDistribution\", \"attributes\": {\"choices\": [true, false]}}"}
{"op_code":0,"worker_id":"c4951460-3572-4ac1-ad5c-5bbbaaf096fb-125799624828032","study_name":"cp_pred_levels_L2","directions":[2]}
{"op_code":4,"worker_id":"c4951460-3572-4ac1-ad5c-5bbbaaf096fb-125799624828032","study_id":0,"datetime_start":"2026-04-29T20:58:46.238733"}
{"op_code":5,"worker_id":"c4951460-3572-4ac1-ad5c-5bbbaaf096fb-125799624828032","trial_id":29,"param_name":"RANK_REGRESS","param_value_internal":33.0,"distribution":"{\"name\": \"IntDistribution\", \"attributes\": {\"log\": false, \"step\": 1, \"low\": 5, \"high\": 80}}"}
{"op_code":5,"worker_id":"c4951460-3572-4ac1-ad5c-5bbbaaf096fb-125799624828032","trial_id":29,"param_name":"REG_W","param_value_internal":403.3800832600389,"distribution":"{\"name\": \"FloatDistribution\", \"attributes\": {\"step\": null, \"low\": 1e-05, \"high\": 1000.0, \"log\": true}}"}
{"op_code":5,"worker_id":"c4951460-3572-4ac1-ad5c-5bbbaaf096fb-125799624828032","trial_id":29,"param_name":"USE_RMS_SCALING","param_value_internal":0,"distribution":"{\"name\": \"CategoricalDistribution\", \"attributes\": {\"choices\": [true, false]}}"}
{"op_code":0,"worker_id":"4cd1fbae-2000-41d0-a28b-e6b7373734c2-132155829437568","study_name":"cp_pred_levels_L2","directions":[2]}
{"op_code":4,"worker_id":"4cd1fbae-2000-41d0-a28b-e6b7373734c2-132155829437568","study_id":0,"datetime_start":"2026-04-29T20:58:47.672497"}
{"op_code":5,"worker_id":"4cd1fbae-2000-41d0-a28b-e6b7373734c2-132155829437568","trial_id":30,"param_name":"RANK_REGRESS","param_value_internal":33.0,"distribution":"{\"name\": \"IntDistribution\", \"attributes\": {\"log\": false, \"step\": 1, \"low\": 5, \"high\": 80}}"}
{"op_code":5,"worker_id":"4cd1fbae-2000-41d0-a28b-e6b7373734c2-132155829437568","trial_id":30,"param_name":"REG_W","param_value_internal":403.3800832600389,"distribution":"{\"name\": \"FloatDistribution\", \"attributes\": {\"step\": null, \"low\": 1e-05, \"high\": 1000.0, \"log\": true}}"}
{"op_code":5,"worker_id":"4cd1fbae-2000-41d0-a28b-e6b7373734c2-132155829437568","trial_id":30,"param_name":"USE_RMS_SCALING","param_value_internal":0,"distribution":"{\"name\": \"CategoricalDistribution\", \"attributes\": {\"choices\": [true, false]}}"}
{"op_code":0,"worker_id":"d5df7c03-1c1b-4c62-90ea-ef58e5d72d04-133686019179648","study_name":"cp_pred_levels_L2","directions":[2]}
{"op_code":4,"worker_id":"d5df7c03-1c1b-4c62-90ea-ef58e5d72d04-133686019179648","study_id":0,"datetime_start":"2026-04-29T20:58:50.374848"}
{"op_code":5,"worker_id":"d5df7c03-1c1b-4c62-90ea-ef58e5d72d04-133686019179648","trial_id":31,"param_name":"RANK_REGRESS","param_value_internal":33.0,"distribution":"{\"name\": \"IntDistribution\", \"attributes\": {\"log\": false, \"step\": 1, \"low\": 5, \"high\": 80}}"}
{"op_code":5,"worker_id":"d5df7c03-1c1b-4c62-90ea-ef58e5d72d04-133686019179648","trial_id":31,"param_name":"REG_W","param_value_internal":403.3800832600389,"distribution":"{\"name\": \"FloatDistribution\", \"attributes\": {\"step\": null, \"low\": 1e-05, \"high\": 1000.0, \"log\": true}}"}
{"op_code":5,"worker_id":"d5df7c03-1c1b-4c62-90ea-ef58e5d72d04-133686019179648","trial_id":31,"param_name":"USE_RMS_SCALING","param_value_internal":0,"distribution":"{\"name\": \"CategoricalDistribution\", \"attributes\": {\"choices\": [true, false]}}"}
{"op_code":0,"worker_id":"f4fa9042-ac8c-468e-9de7-0934d940db0e-127317078815872","study_name":"cp_pred_levels_L2","directions":[2]}
{"op_code":0,"worker_id":"e036171f-eb8f-47d4-af16-ae455e394035-133882711090304","study_name":"cp_pred_levels_L2","directions":[2]}
{"op_code":0,"worker_id":"2076bfee-0b3d-4ae6-9222-88564466d443-128058796860544","study_name":"cp_pred_levels_L2","directions":[2]}
{"op_code":4,"worker_id":"e036171f-eb8f-47d4-af16-ae455e394035-133882711090304","study_id":0,"datetime_start":"2026-04-29T21:17:44.872837"}
{"op_code":4,"worker_id":"2076bfee-0b3d-4ae6-9222-88564466d443-128058796860544","study_id":0,"datetime_start":"2026-04-29T21:17:44.892810"}
{"op_code":5,"worker_id":"e036171f-eb8f-47d4-af16-ae455e394035-133882711090304","trial_id":32,"param_name":"RANK_REGRESS","param_value_internal":33.0,"distribution":"{\"name\": \"IntDistribution\", \"attributes\": {\"log\": false, \"step\": 1, \"low\": 5, \"high\": 80}}"}
{"op_code":5,"worker_id":"2076bfee-0b3d-4ae6-9222-88564466d443-128058796860544","trial_id":33,"param_name":"RANK_REGRESS","param_value_internal":33.0,"distribution":"{\"name\": \"IntDistribution\", \"attributes\": {\"log\": false, \"step\": 1, \"low\": 5, \"high\": 80}}"}
{"op_code":5,"worker_id":"e036171f-eb8f-47d4-af16-ae455e394035-133882711090304","trial_id":32,"param_name":"REG_W","param_value_internal":403.3800832600389,"distribution":"{\"name\": \"FloatDistribution\", \"attributes\": {\"step\": null, \"low\": 1e-05, \"high\": 1000.0, \"log\": true}}"}
{"op_code":5,"worker_id":"2076bfee-0b3d-4ae6-9222-88564466d443-128058796860544","trial_id":33,"param_name":"REG_W","param_value_internal":403.3800832600389,"distribution":"{\"name\": \"FloatDistribution\", \"attributes\": {\"step\": null, \"low\": 1e-05, \"high\": 1000.0, \"log\": true}}"}
{"op_code":5,"worker_id":"e036171f-eb8f-47d4-af16-ae455e394035-133882711090304","trial_id":32,"param_name":"USE_RMS_SCALING","param_value_internal":0,"distribution":"{\"name\": \"CategoricalDistribution\", \"attributes\": {\"choices\": [true, false]}}"}
{"op_code":5,"worker_id":"2076bfee-0b3d-4ae6-9222-88564466d443-128058796860544","trial_id":33,"param_name":"USE_RMS_SCALING","param_value_internal":0,"distribution":"{\"name\": \"CategoricalDistribution\", \"attributes\": {\"choices\": [true, false]}}"}
{"op_code":4,"worker_id":"f4fa9042-ac8c-468e-9de7-0934d940db0e-127317078815872","study_id":0,"datetime_start":"2026-04-29T21:17:44.873820"}
{"op_code":5,"worker_id":"f4fa9042-ac8c-468e-9de7-0934d940db0e-127317078815872","trial_id":34,"param_name":"RANK_REGRESS","param_value_internal":33.0,"distribution":"{\"name\": \"IntDistribution\", \"attributes\": {\"log\": false, \"step\": 1, \"low\": 5, \"high\": 80}}"}
{"op_code":5,"worker_id":"f4fa9042-ac8c-468e-9de7-0934d940db0e-127317078815872","trial_id":34,"param_name":"REG_W","param_value_internal":403.3800832600389,"distribution":"{\"name\": \"FloatDistribution\", \"attributes\": {\"step\": null, \"low\": 1e-05, \"high\": 1000.0, \"log\": true}}"}
{"op_code":5,"worker_id":"f4fa9042-ac8c-468e-9de7-0934d940db0e-127317078815872","trial_id":34,"param_name":"USE_RMS_SCALING","param_value_internal":0,"distribution":"{\"name\": \"CategoricalDistribution\", \"attributes\": {\"choices\": [true, false]}}"}
{"op_code":0,"worker_id":"b52a781a-3d9d-4879-a09d-1a191edf1a19-126016327791744","study_name":"cp_pred_levels_L2","directions":[2]}
{"op_code":4,"worker_id":"b52a781a-3d9d-4879-a09d-1a191edf1a19-126016327791744","study_id":0,"datetime_start":"2026-04-29T21:17:45.574844"}
{"op_code":0,"worker_id":"041133be-6631-45ae-9713-cff26f2a001a-139904411194496","study_name":"cp_pred_levels_L2","directions":[2]}
{"op_code":5,"worker_id":"b52a781a-3d9d-4879-a09d-1a191edf1a19-126016327791744","trial_id":35,"param_name":"RANK_REGRESS","param_value_internal":33.0,"distribution":"{\"name\": \"IntDistribution\", \"attributes\": {\"log\": false, \"step\": 1, \"low\": 5, \"high\": 80}}"}
{"op_code":4,"worker_id":"041133be-6631-45ae-9713-cff26f2a001a-139904411194496","study_id":0,"datetime_start":"2026-04-29T21:17:45.689801"}
{"op_code":5,"worker_id":"b52a781a-3d9d-4879-a09d-1a191edf1a19-126016327791744","trial_id":35,"param_name":"REG_W","param_value_internal":403.3800832600389,"distribution":"{\"name\": \"FloatDistribution\", \"attributes\": {\"step\": null, \"low\": 1e-05, \"high\": 1000.0, \"log\": true}}"}
{"op_code":5,"worker_id":"041133be-6631-45ae-9713-cff26f2a001a-139904411194496","trial_id":36,"param_name":"RANK_REGRESS","param_value_internal":33.0,"distribution":"{\"name\": \"IntDistribution\", \"attributes\": {\"log\": false, \"step\": 1, \"low\": 5, \"high\": 80}}"}
{"op_code":5,"worker_id":"b52a781a-3d9d-4879-a09d-1a191edf1a19-126016327791744","trial_id":35,"param_name":"USE_RMS_SCALING","param_value_internal":0,"distribution":"{\"name\": \"CategoricalDistribution\", \"attributes\": {\"choices\": [true, false]}}"}
{"op_code":5,"worker_id":"041133be-6631-45ae-9713-cff26f2a001a-139904411194496","trial_id":36,"param_name":"REG_W","param_value_internal":403.3800832600389,"distribution":"{\"name\": \"FloatDistribution\", \"attributes\": {\"step\": null, \"low\": 1e-05, \"high\": 1000.0, \"log\": true}}"}
{"op_code":5,"worker_id":"041133be-6631-45ae-9713-cff26f2a001a-139904411194496","trial_id":36,"param_name":"USE_RMS_SCALING","param_value_internal":0,"distribution":"{\"name\": \"CategoricalDistribution\", \"attributes\": {\"choices\": [true, false]}}"}
{"op_code":0,"worker_id":"a418dbd6-e5c7-4cc0-80a2-6c8b29f158d7-127996062987392","study_name":"cp_pred_levels_L2","directions":[2]}
{"op_code":4,"worker_id":"a418dbd6-e5c7-4cc0-80a2-6c8b29f158d7-127996062987392","study_id":0,"datetime_start":"2026-04-29T21:17:45.922554"}
{"op_code":5,"worker_id":"a418dbd6-e5c7-4cc0-80a2-6c8b29f158d7-127996062987392","trial_id":37,"param_name":"RANK_REGRESS","param_value_internal":33.0,"distribution":"{\"name\": \"IntDistribution\", \"attributes\": {\"log\": false, \"step\": 1, \"low\": 5, \"high\": 80}}"}
{"op_code":5,"worker_id":"a418dbd6-e5c7-4cc0-80a2-6c8b29f158d7-127996062987392","trial_id":37,"param_name":"REG_W","param_value_internal":403.3800832600389,"distribution":"{\"name\": \"FloatDistribution\", \"attributes\": {\"step\": null, \"low\": 1e-05, \"high\": 1000.0, \"log\": true}}"}
{"op_code":5,"worker_id":"a418dbd6-e5c7-4cc0-80a2-6c8b29f158d7-127996062987392","trial_id":37,"param_name":"USE_RMS_SCALING","param_value_internal":0,"distribution":"{\"name\": \"CategoricalDistribution\", \"attributes\": {\"choices\": [true, false]}}"}
{"op_code":0,"worker_id":"19359384-c909-4f33-8ab1-3ca97d703472-127747858801792","study_name":"cp_pred_levels_L2","directions":[2]}
{"op_code":0,"worker_id":"29dc7731-1dcd-4932-8447-c1fa7f66d377-124181493515392","study_name":"cp_pred_levels_L2","directions":[2]}
{"op_code":0,"worker_id":"47aa784f-8792-49c6-90dc-9da832068cdb-140035340219520","study_name":"cp_pred_levels_L2","directions":[2]}
{"op_code":4,"worker_id":"19359384-c909-4f33-8ab1-3ca97d703472-127747858801792","study_id":0,"datetime_start":"2026-04-29T21:17:46.266657"}
{"op_code":4,"worker_id":"29dc7731-1dcd-4932-8447-c1fa7f66d377-124181493515392","study_id":0,"datetime_start":"2026-04-29T21:17:46.268826"}
{"op_code":5,"worker_id":"19359384-c909-4f33-8ab1-3ca97d703472-127747858801792","trial_id":38,"param_name":"RANK_REGRESS","param_value_internal":33.0,"distribution":"{\"name\": \"IntDistribution\", \"attributes\": {\"log\": false, \"step\": 1, \"low\": 5, \"high\": 80}}"}
{"op_code":4,"worker_id":"47aa784f-8792-49c6-90dc-9da832068cdb-140035340219520","study_id":0,"datetime_start":"2026-04-29T21:17:46.280499"}
{"op_code":5,"worker_id":"29dc7731-1dcd-4932-8447-c1fa7f66d377-124181493515392","trial_id":39,"param_name":"RANK_REGRESS","param_value_internal":33.0,"distribution":"{\"name\": \"IntDistribution\", \"attributes\": {\"log\": false, \"step\": 1, \"low\": 5, \"high\": 80}}"}
{"op_code":5,"worker_id":"19359384-c909-4f33-8ab1-3ca97d703472-127747858801792","trial_id":38,"param_name":"REG_W","param_value_internal":403.3800832600389,"distribution":"{\"name\": \"FloatDistribution\", \"attributes\": {\"step\": null, \"low\": 1e-05, \"high\": 1000.0, \"log\": true}}"}
{"op_code":5,"worker_id":"47aa784f-8792-49c6-90dc-9da832068cdb-140035340219520","trial_id":40,"param_name":"RANK_REGRESS","param_value_internal":33.0,"distribution":"{\"name\": \"IntDistribution\", \"attributes\": {\"log\": false, \"step\": 1, \"low\": 5, \"high\": 80}}"}
{"op_code":5,"worker_id":"29dc7731-1dcd-4932-8447-c1fa7f66d377-124181493515392","trial_id":39,"param_name":"REG_W","param_value_internal":403.3800832600389,"distribution":"{\"name\": \"FloatDistribution\", \"attributes\": {\"step\": null, \"low\": 1e-05, \"high\": 1000.0, \"log\": true}}"}
{"op_code":5,"worker_id":"19359384-c909-4f33-8ab1-3ca97d703472-127747858801792","trial_id":38,"param_name":"USE_RMS_SCALING","param_value_internal":0,"distribution":"{\"name\": \"CategoricalDistribution\", \"attributes\": {\"choices\": [true, false]}}"}
{"op_code":5,"worker_id":"29dc7731-1dcd-4932-8447-c1fa7f66d377-124181493515392","trial_id":39,"param_name":"USE_RMS_SCALING","param_value_internal":0,"distribution":"{\"name\": \"CategoricalDistribution\", \"attributes\": {\"choices\": [true, false]}}"}
{"op_code":5,"worker_id":"47aa784f-8792-49c6-90dc-9da832068cdb-140035340219520","trial_id":40,"param_name":"REG_W","param_value_internal":403.3800832600389,"distribution":"{\"name\": \"FloatDistribution\", \"attributes\": {\"step\": null, \"low\": 1e-05, \"high\": 1000.0, \"log\": true}}"}
{"op_code":5,"worker_id":"47aa784f-8792-49c6-90dc-9da832068cdb-140035340219520","trial_id":40,"param_name":"USE_RMS_SCALING","param_value_internal":0,"distribution":"{\"name\": \"CategoricalDistribution\", \"attributes\": {\"choices\": [true, false]}}"}
{"op_code":6,"worker_id":"b64fea1d-9104-4e03-98f9-2ac59e9eeba7-131513078502528","trial_id":0,"state":1,"values":[0.7318296596109586],"datetime_complete":"2026-04-29T21:58:51.129730"}
{"op_code":4,"worker_id":"b64fea1d-9104-4e03-98f9-2ac59e9eeba7-131513078502528","study_id":0,"datetime_start":"2026-04-29T21:58:51.208042"}
{"op_code":5,"worker_id":"b64fea1d-9104-4e03-98f9-2ac59e9eeba7-131513078502528","trial_id":41,"param_name":"RANK_REGRESS","param_value_internal":33.0,"distribution":"{\"name\": \"IntDistribution\", \"attributes\": {\"log\": false, \"step\": 1, \"low\": 5, \"high\": 80}}"}
{"op_code":5,"worker_id":"b64fea1d-9104-4e03-98f9-2ac59e9eeba7-131513078502528","trial_id":41,"param_name":"REG_W","param_value_internal":403.3800832600389,"distribution":"{\"name\": \"FloatDistribution\", \"attributes\": {\"step\": null, \"low\": 1e-05, \"high\": 1000.0, \"log\": true}}"}
{"op_code":5,"worker_id":"b64fea1d-9104-4e03-98f9-2ac59e9eeba7-131513078502528","trial_id":41,"param_name":"USE_RMS_SCALING","param_value_internal":0,"distribution":"{\"name\": \"CategoricalDistribution\", \"attributes\": {\"choices\": [true, false]}}"}
{"op_code":0,"worker_id":"7fe77bc7-280a-402b-9800-272a91ea8269-134891878597760","study_name":"cp_pred_levels_L2","directions":[2]}
{"op_code":0,"worker_id":"0ca0ba40-da08-4348-8714-4368f91c5ed1-125818672972928","study_name":"cp_pred_levels_L2","directions":[2]}
{"op_code":0,"worker_id":"90ff1562-832b-4fd8-88ed-0fc6b2201b11-125201594471552","study_name":"cp_pred_levels_L2","directions":[2]}
{"op_code":4,"worker_id":"7fe77bc7-280a-402b-9800-272a91ea8269-134891878597760","study_id":0,"datetime_start":"2026-04-29T22:01:19.208775"}
{"op_code":4,"worker_id":"90ff1562-832b-4fd8-88ed-0fc6b2201b11-125201594471552","study_id":0,"datetime_start":"2026-04-29T22:01:19.298140"}
{"op_code":5,"worker_id":"7fe77bc7-280a-402b-9800-272a91ea8269-134891878597760","trial_id":42,"param_name":"RANK_REGRESS","param_value_internal":33.0,"distribution":"{\"name\": \"IntDistribution\", \"attributes\": {\"log\": false, \"step\": 1, \"low\": 5, \"high\": 80}}"}
{"op_code":5,"worker_id":"90ff1562-832b-4fd8-88ed-0fc6b2201b11-125201594471552","trial_id":43,"param_name":"RANK_REGRESS","param_value_internal":33.0,"distribution":"{\"name\": \"IntDistribution\", \"attributes\": {\"log\": false, \"step\": 1, \"low\": 5, \"high\": 80}}"}
{"op_code":5,"worker_id":"7fe77bc7-280a-402b-9800-272a91ea8269-134891878597760","trial_id":42,"param_name":"REG_W","param_value_internal":403.3800832600389,"distribution":"{\"name\": \"FloatDistribution\", \"attributes\": {\"step\": null, \"low\": 1e-05, \"high\": 1000.0, \"log\": true}}"}
{"op_code":5,"worker_id":"90ff1562-832b-4fd8-88ed-0fc6b2201b11-125201594471552","trial_id":43,"param_name":"REG_W","param_value_internal":403.3800832600389,"distribution":"{\"name\": \"FloatDistribution\", \"attributes\": {\"step\": null, \"low\": 1e-05, \"high\": 1000.0, \"log\": true}}"}
{"op_code":5,"worker_id":"7fe77bc7-280a-402b-9800-272a91ea8269-134891878597760","trial_id":42,"param_name":"USE_RMS_SCALING","param_value_internal":0,"distribution":"{\"name\": \"CategoricalDistribution\", \"attributes\": {\"choices\": [true, false]}}"}
{"op_code":5,"worker_id":"90ff1562-832b-4fd8-88ed-0fc6b2201b11-125201594471552","trial_id":43,"param_name":"USE_RMS_SCALING","param_value_internal":0,"distribution":"{\"name\": \"CategoricalDistribution\", \"attributes\": {\"choices\": [true, false]}}"}
{"op_code":4,"worker_id":"0ca0ba40-da08-4348-8714-4368f91c5ed1-125818672972928","study_id":0,"datetime_start":"2026-04-29T22:01:19.235014"}
{"op_code":5,"worker_id":"0ca0ba40-da08-4348-8714-4368f91c5ed1-125818672972928","trial_id":44,"param_name":"RANK_REGRESS","param_value_internal":33.0,"distribution":"{\"name\": \"IntDistribution\", \"attributes\": {\"log\": false, \"step\": 1, \"low\": 5, \"high\": 80}}"}
{"op_code":5,"worker_id":"0ca0ba40-da08-4348-8714-4368f91c5ed1-125818672972928","trial_id":44,"param_name":"REG_W","param_value_internal":403.3800832600389,"distribution":"{\"name\": \"FloatDistribution\", \"attributes\": {\"step\": null, \"low\": 1e-05, \"high\": 1000.0, \"log\": true}}"}
{"op_code":5,"worker_id":"0ca0ba40-da08-4348-8714-4368f91c5ed1-125818672972928","trial_id":44,"param_name":"USE_RMS_SCALING","param_value_internal":0,"distribution":"{\"name\": \"CategoricalDistribution\", \"attributes\": {\"choices\": [true, false]}}"}
{"op_code":0,"worker_id":"0ce998c9-3d2c-477e-8fc6-82ecaec3d92b-129877644698752","study_name":"cp_pred_levels_L2","directions":[2]}
{"op_code":0,"worker_id":"193bb805-bc39-4d5e-99fd-e32773c899cb-134018476348544","study_name":"cp_pred_levels_L2","directions":[2]}
{"op_code":4,"worker_id":"0ce998c9-3d2c-477e-8fc6-82ecaec3d92b-129877644698752","study_id":0,"datetime_start":"2026-04-29T22:01:19.980428"}
{"op_code":4,"worker_id":"193bb805-bc39-4d5e-99fd-e32773c899cb-134018476348544","study_id":0,"datetime_start":"2026-04-29T22:01:19.981095"}
{"op_code":5,"worker_id":"0ce998c9-3d2c-477e-8fc6-82ecaec3d92b-129877644698752","trial_id":45,"param_name":"RANK_REGRESS","param_value_internal":33.0,"distribution":"{\"name\": \"IntDistribution\", \"attributes\": {\"log\": false, \"step\": 1, \"low\": 5, \"high\": 80}}"}
{"op_code":5,"worker_id":"193bb805-bc39-4d5e-99fd-e32773c899cb-134018476348544","trial_id":46,"param_name":"RANK_REGRESS","param_value_internal":33.0,"distribution":"{\"name\": \"IntDistribution\", \"attributes\": {\"log\": false, \"step\": 1, \"low\": 5, \"high\": 80}}"}
{"op_code":5,"worker_id":"0ce998c9-3d2c-477e-8fc6-82ecaec3d92b-129877644698752","trial_id":45,"param_name":"REG_W","param_value_internal":403.3800832600389,"distribution":"{\"name\": \"FloatDistribution\", \"attributes\": {\"step\": null, \"low\": 1e-05, \"high\": 1000.0, \"log\": true}}"}
{"op_code":5,"worker_id":"193bb805-bc39-4d5e-99fd-e32773c899cb-134018476348544","trial_id":46,"param_name":"REG_W","param_value_internal":403.3800832600389,"distribution":"{\"name\": \"FloatDistribution\", \"attributes\": {\"step\": null, \"low\": 1e-05, \"high\": 1000.0, \"log\": true}}"}
{"op_code":5,"worker_id":"0ce998c9-3d2c-477e-8fc6-82ecaec3d92b-129877644698752","trial_id":45,"param_name":"USE_RMS_SCALING","param_value_internal":0,"distribution":"{\"name\": \"CategoricalDistribution\", \"attributes\": {\"choices\": [true, false]}}"}
{"op_code":5,"worker_id":"193bb805-bc39-4d5e-99fd-e32773c899cb-134018476348544","trial_id":46,"param_name":"USE_RMS_SCALING","param_value_internal":0,"distribution":"{\"name\": \"CategoricalDistribution\", \"attributes\": {\"choices\": [true, false]}}"}
{"op_code":0,"worker_id":"5e1b4e05-2510-472a-a8c8-3e5befbdf43f-137450313028736","study_name":"cp_pred_levels_L2","directions":[2]}
{"op_code":4,"worker_id":"5e1b4e05-2510-472a-a8c8-3e5befbdf43f-137450313028736","study_id":0,"datetime_start":"2026-04-29T22:01:20.344762"}
{"op_code":5,"worker_id":"5e1b4e05-2510-472a-a8c8-3e5befbdf43f-137450313028736","trial_id":47,"param_name":"RANK_REGRESS","param_value_internal":33.0,"distribution":"{\"name\": \"IntDistribution\", \"attributes\": {\"log\": false, \"step\": 1, \"low\": 5, \"high\": 80}}"}
{"op_code":5,"worker_id":"5e1b4e05-2510-472a-a8c8-3e5befbdf43f-137450313028736","trial_id":47,"param_name":"REG_W","param_value_internal":403.3800832600389,"distribution":"{\"name\": \"FloatDistribution\", \"attributes\": {\"step\": null, \"low\": 1e-05, \"high\": 1000.0, \"log\": true}}"}
{"op_code":5,"worker_id":"5e1b4e05-2510-472a-a8c8-3e5befbdf43f-137450313028736","trial_id":47,"param_name":"USE_RMS_SCALING","param_value_internal":0,"distribution":"{\"name\": \"CategoricalDistribution\", \"attributes\": {\"choices\": [true, false]}}"}
{"op_code":6,"worker_id":"ba8c6c5a-e92f-42f6-813d-7336f7151e32-140566554850432","trial_id":20,"state":1,"values":[0.7318296596109586],"datetime_complete":"2026-04-30T03:42:35.800708"}
{"op_code":4,"worker_id":"ba8c6c5a-e92f-42f6-813d-7336f7151e32-140566554850432","study_id":0,"datetime_start":"2026-04-30T03:42:35.855028"}
{"op_code":5,"worker_id":"ba8c6c5a-e92f-42f6-813d-7336f7151e32-140566554850432","trial_id":48,"param_name":"RANK_REGRESS","param_value_internal":16.0,"distribution":"{\"name\": \"IntDistribution\", \"attributes\": {\"log\": false, \"step\": 1, \"low\": 5, \"high\": 80}}"}
{"op_code":5,"worker_id":"ba8c6c5a-e92f-42f6-813d-7336f7151e32-140566554850432","trial_id":48,"param_name":"REG_W","param_value_internal":0.00017699302940633337,"distribution":"{\"name\": \"FloatDistribution\", \"attributes\": {\"step\": null, \"low\": 1e-05, \"high\": 1000.0, \"log\": true}}"}
{"op_code":5,"worker_id":"ba8c6c5a-e92f-42f6-813d-7336f7151e32-140566554850432","trial_id":48,"param_name":"USE_RMS_SCALING","param_value_internal":1,"distribution":"{\"name\": \"CategoricalDistribution\", \"attributes\": {\"choices\": [true, false]}}"}
{"op_code":6,"worker_id":"1f10ca66-5536-4f19-b85d-ad18e049f939-128767267079296","trial_id":1,"state":1,"values":[0.7318296596109586],"datetime_complete":"2026-04-30T03:43:40.061268"}
{"op_code":4,"worker_id":"1f10ca66-5536-4f19-b85d-ad18e049f939-128767267079296","study_id":0,"datetime_start":"2026-04-30T03:43:40.230398"}
{"op_code":5,"worker_id":"1f10ca66-5536-4f19-b85d-ad18e049f939-128767267079296","trial_id":49,"param_name":"RANK_REGRESS","param_value_internal":16.0,"distribution":"{\"name\": \"IntDistribution\", \"attributes\": {\"log\": false, \"step\": 1, \"low\": 5, \"high\": 80}}"}
{"op_code":5,"worker_id":"1f10ca66-5536-4f19-b85d-ad18e049f939-128767267079296","trial_id":49,"param_name":"REG_W","param_value_internal":0.00017699302940633337,"distribution":"{\"name\": \"FloatDistribution\", \"attributes\": {\"step\": null, \"low\": 1e-05, \"high\": 1000.0, \"log\": true}}"}
{"op_code":5,"worker_id":"1f10ca66-5536-4f19-b85d-ad18e049f939-128767267079296","trial_id":49,"param_name":"USE_RMS_SCALING","param_value_internal":1,"distribution":"{\"name\": \"CategoricalDistribution\", \"attributes\": {\"choices\": [true, false]}}"}
{"op_code":6,"worker_id":"014a49e8-b6c8-4602-9b62-cb9cb65bb9f4-137333935469696","trial_id":18,"state":1,"values":[0.7318296596109586],"datetime_complete":"2026-04-30T03:46:54.500458"}
{"op_code":4,"worker_id":"014a49e8-b6c8-4602-9b62-cb9cb65bb9f4-137333935469696","study_id":0,"datetime_start":"2026-04-30T03:46:54.593568"}
{"op_code":5,"worker_id":"014a49e8-b6c8-4602-9b62-cb9cb65bb9f4-137333935469696","trial_id":50,"param_name":"RANK_REGRESS","param_value_internal":16.0,"distribution":"{\"name\": \"IntDistribution\", \"attributes\": {\"log\": false, \"step\": 1, \"low\": 5, \"high\": 80}}"}
{"op_code":5,"worker_id":"014a49e8-b6c8-4602-9b62-cb9cb65bb9f4-137333935469696","trial_id":50,"param_name":"REG_W","param_value_internal":0.00017699302940633337,"distribution":"{\"name\": \"FloatDistribution\", \"attributes\": {\"step\": null, \"low\": 1e-05, \"high\": 1000.0, \"log\": true}}"}
{"op_code":5,"worker_id":"014a49e8-b6c8-4602-9b62-cb9cb65bb9f4-137333935469696","trial_id":50,"param_name":"USE_RMS_SCALING","param_value_internal":1,"distribution":"{\"name\": \"CategoricalDistribution\", \"attributes\": {\"choices\": [true, false]}}"}
{"op_code":6,"worker_id":"73903831-4cf4-4d0b-9851-8fa352b9d45c-129985746859136","trial_id":10,"state":1,"values":[0.7318296596109586],"datetime_complete":"2026-04-30T03:46:57.539449"}
{"op_code":4,"worker_id":"73903831-4cf4-4d0b-9851-8fa352b9d45c-129985746859136","study_id":0,"datetime_start":"2026-04-30T03:46:57.726405"}
{"op_code":5,"worker_id":"73903831-4cf4-4d0b-9851-8fa352b9d45c-129985746859136","trial_id":51,"param_name":"RANK_REGRESS","param_value_internal":16.0,"distribution":"{\"name\": \"IntDistribution\", \"attributes\": {\"log\": false, \"step\": 1, \"low\": 5, \"high\": 80}}"}
{"op_code":5,"worker_id":"73903831-4cf4-4d0b-9851-8fa352b9d45c-129985746859136","trial_id":51,"param_name":"REG_W","param_value_internal":0.00017699302940633337,"distribution":"{\"name\": \"FloatDistribution\", \"attributes\": {\"step\": null, \"low\": 1e-05, \"high\": 1000.0, \"log\": true}}"}
{"op_code":5,"worker_id":"73903831-4cf4-4d0b-9851-8fa352b9d45c-129985746859136","trial_id":51,"param_name":"USE_RMS_SCALING","param_value_internal":1,"distribution":"{\"name\": \"CategoricalDistribution\", \"attributes\": {\"choices\": [true, false]}}"}
{"op_code":6,"worker_id":"ac2261f0-ccef-4918-a986-d53413c3a546-134289272284288","trial_id":21,"state":1,"values":[0.7318296596109586],"datetime_complete":"2026-04-30T03:59:40.847709"}
{"op_code":4,"worker_id":"ac2261f0-ccef-4918-a986-d53413c3a546-134289272284288","study_id":0,"datetime_start":"2026-04-30T03:59:40.909959"}
{"op_code":5,"worker_id":"ac2261f0-ccef-4918-a986-d53413c3a546-134289272284288","trial_id":52,"param_name":"RANK_REGRESS","param_value_internal":16.0,"distribution":"{\"name\": \"IntDistribution\", \"attributes\": {\"log\": false, \"step\": 1, \"low\": 5, \"high\": 80}}"}
{"op_code":5,"worker_id":"ac2261f0-ccef-4918-a986-d53413c3a546-134289272284288","trial_id":52,"param_name":"REG_W","param_value_internal":0.00017699302940633337,"distribution":"{\"name\": \"FloatDistribution\", \"attributes\": {\"step\": null, \"low\": 1e-05, \"high\": 1000.0, \"log\": true}}"}
{"op_code":5,"worker_id":"ac2261f0-ccef-4918-a986-d53413c3a546-134289272284288","trial_id":52,"param_name":"USE_RMS_SCALING","param_value_internal":1,"distribution":"{\"name\": \"CategoricalDistribution\", \"attributes\": {\"choices\": [true, false]}}"}
{"op_code":6,"worker_id":"daa1a3e4-39f4-4972-955c-99262b23fca7-127363157243008","trial_id":27,"state":1,"values":[0.7318296596109586],"datetime_complete":"2026-04-30T04:00:58.673794"}
{"op_code":4,"worker_id":"daa1a3e4-39f4-4972-955c-99262b23fca7-127363157243008","study_id":0,"datetime_start":"2026-04-30T04:00:58.868012"}
{"op_code":5,"worker_id":"daa1a3e4-39f4-4972-955c-99262b23fca7-127363157243008","trial_id":53,"param_name":"RANK_REGRESS","param_value_internal":16.0,"distribution":"{\"name\": \"IntDistribution\", \"attributes\": {\"log\": false, \"step\": 1, \"low\": 5, \"high\": 80}}"}
{"op_code":5,"worker_id":"daa1a3e4-39f4-4972-955c-99262b23fca7-127363157243008","trial_id":53,"param_name":"REG_W","param_value_internal":0.00017699302940633337,"distribution":"{\"name\": \"FloatDistribution\", \"attributes\": {\"step\": null, \"low\": 1e-05, \"high\": 1000.0, \"log\": true}}"}
{"op_code":5,"worker_id":"daa1a3e4-39f4-4972-955c-99262b23fca7-127363157243008","trial_id":53,"param_name":"USE_RMS_SCALING","param_value_internal":1,"distribution":"{\"name\": \"CategoricalDistribution\", \"attributes\": {\"choices\": [true, false]}}"}
{"op_code":6,"worker_id":"5ecc4f5b-69f9-469e-afb9-60b572bbf7a9-140288872801408","trial_id":22,"state":1,"values":[0.7318296596109586],"datetime_complete":"2026-04-30T04:03:00.483436"}
{"op_code":4,"worker_id":"5ecc4f5b-69f9-469e-afb9-60b572bbf7a9-140288872801408","study_id":0,"datetime_start":"2026-04-30T04:03:00.565869"}
{"op_code":5,"worker_id":"5ecc4f5b-69f9-469e-afb9-60b572bbf7a9-140288872801408","trial_id":54,"param_name":"RANK_REGRESS","param_value_internal":16.0,"distribution":"{\"name\": \"IntDistribution\", \"attributes\": {\"log\": false, \"step\": 1, \"low\": 5, \"high\": 80}}"}
{"op_code":5,"worker_id":"5ecc4f5b-69f9-469e-afb9-60b572bbf7a9-140288872801408","trial_id":54,"param_name":"REG_W","param_value_internal":0.00017699302940633337,"distribution":"{\"name\": \"FloatDistribution\", \"attributes\": {\"step\": null, \"low\": 1e-05, \"high\": 1000.0, \"log\": true}}"}
{"op_code":5,"worker_id":"5ecc4f5b-69f9-469e-afb9-60b572bbf7a9-140288872801408","trial_id":54,"param_name":"USE_RMS_SCALING","param_value_internal":1,"distribution":"{\"name\": \"CategoricalDistribution\", \"attributes\": {\"choices\": [true, false]}}"}
{"op_code":6,"worker_id":"3560a9a4-55bd-4ee4-ae64-2a779643f52d-130476309304448","trial_id":5,"state":1,"values":[0.7318296596109586],"datetime_complete":"2026-04-30T04:07:58.664197"}
{"op_code":4,"worker_id":"3560a9a4-55bd-4ee4-ae64-2a779643f52d-130476309304448","study_id":0,"datetime_start":"2026-04-30T04:07:58.755926"}
{"op_code":5,"worker_id":"3560a9a4-55bd-4ee4-ae64-2a779643f52d-130476309304448","trial_id":55,"param_name":"RANK_REGRESS","param_value_internal":16.0,"distribution":"{\"name\": \"IntDistribution\", \"attributes\": {\"log\": false, \"step\": 1, \"low\": 5, \"high\": 80}}"}
{"op_code":5,"worker_id":"3560a9a4-55bd-4ee4-ae64-2a779643f52d-130476309304448","trial_id":55,"param_name":"REG_W","param_value_internal":0.00017699302940633337,"distribution":"{\"name\": \"FloatDistribution\", \"attributes\": {\"step\": null, \"low\": 1e-05, \"high\": 1000.0, \"log\": true}}"}
{"op_code":5,"worker_id":"3560a9a4-55bd-4ee4-ae64-2a779643f52d-130476309304448","trial_id":55,"param_name":"USE_RMS_SCALING","param_value_internal":1,"distribution":"{\"name\": \"CategoricalDistribution\", \"attributes\": {\"choices\": [true, false]}}"}
{"op_code":6,"worker_id":"bbfead14-20b0-477b-a17b-93d21a8bf0b1-130531178562688","trial_id":12,"state":1,"values":[0.7318296596109586],"datetime_complete":"2026-04-30T04:09:15.614364"}
{"op_code":4,"worker_id":"bbfead14-20b0-477b-a17b-93d21a8bf0b1-130531178562688","study_id":0,"datetime_start":"2026-04-30T04:09:15.715139"}
{"op_code":5,"worker_id":"bbfead14-20b0-477b-a17b-93d21a8bf0b1-130531178562688","trial_id":56,"param_name":"RANK_REGRESS","param_value_internal":9.0,"distribution":"{\"name\": \"IntDistribution\", \"attributes\": {\"log\": false, \"step\": 1, \"low\": 5, \"high\": 80}}"}
{"op_code":5,"worker_id":"bbfead14-20b0-477b-a17b-93d21a8bf0b1-130531178562688","trial_id":56,"param_name":"REG_W","param_value_internal":0.018517265725981547,"distribution":"{\"name\": \"FloatDistribution\", \"attributes\": {\"step\": null, \"low\": 1e-05, \"high\": 1000.0, \"log\": true}}"}
{"op_code":5,"worker_id":"bbfead14-20b0-477b-a17b-93d21a8bf0b1-130531178562688","trial_id":56,"param_name":"USE_RMS_SCALING","param_value_internal":0,"distribution":"{\"name\": \"CategoricalDistribution\", \"attributes\": {\"choices\": [true, false]}}"}
{"op_code":6,"worker_id":"ce5d4a17-d1b1-43a2-9364-ab3de6b70b5b-137355230647424","trial_id":3,"state":1,"values":[0.7318296596109586],"datetime_complete":"2026-04-30T04:10:08.727844"}
{"op_code":4,"worker_id":"ce5d4a17-d1b1-43a2-9364-ab3de6b70b5b-137355230647424","study_id":0,"datetime_start":"2026-04-30T04:10:08.907580"}
{"op_code":5,"worker_id":"ce5d4a17-d1b1-43a2-9364-ab3de6b70b5b-137355230647424","trial_id":57,"param_name":"RANK_REGRESS","param_value_internal":6.0,"distribution":"{\"name\": \"IntDistribution\", \"attributes\": {\"log\": false, \"step\": 1, \"low\": 5, \"high\": 80}}"}
{"op_code":5,"worker_id":"ce5d4a17-d1b1-43a2-9364-ab3de6b70b5b-137355230647424","trial_id":57,"param_name":"REG_W","param_value_internal":3.2397007083391802,"distribution":"{\"name\": \"FloatDistribution\", \"attributes\": {\"step\": null, \"low\": 1e-05, \"high\": 1000.0, \"log\": true}}"}
{"op_code":5,"worker_id":"ce5d4a17-d1b1-43a2-9364-ab3de6b70b5b-137355230647424","trial_id":57,"param_name":"USE_RMS_SCALING","param_value_internal":1,"distribution":"{\"name\": \"CategoricalDistribution\", \"attributes\": {\"choices\": [true, false]}}"}
{"op_code":6,"worker_id":"8e9073e0-70d6-41aa-b0e6-2597ce58c87c-127044424631424","trial_id":11,"state":1,"values":[0.7318296596109586],"datetime_complete":"2026-04-30T04:14:16.548475"}
{"op_code":4,"worker_id":"8e9073e0-70d6-41aa-b0e6-2597ce58c87c-127044424631424","study_id":0,"datetime_start":"2026-04-30T04:14:16.633357"}
{"op_code":5,"worker_id":"8e9073e0-70d6-41aa-b0e6-2597ce58c87c-127044424631424","trial_id":58,"param_name":"RANK_REGRESS","param_value_internal":6.0,"distribution":"{\"name\": \"IntDistribution\", \"attributes\": {\"log\": false, \"step\": 1, \"low\": 5, \"high\": 80}}"}
{"op_code":5,"worker_id":"8e9073e0-70d6-41aa-b0e6-2597ce58c87c-127044424631424","trial_id":58,"param_name":"REG_W","param_value_internal":3.2397007083391802,"distribution":"{\"name\": \"FloatDistribution\", \"attributes\": {\"step\": null, \"low\": 1e-05, \"high\": 1000.0, \"log\": true}}"}
{"op_code":5,"worker_id":"8e9073e0-70d6-41aa-b0e6-2597ce58c87c-127044424631424","trial_id":58,"param_name":"USE_RMS_SCALING","param_value_internal":1,"distribution":"{\"name\": \"CategoricalDistribution\", \"attributes\": {\"choices\": [true, false]}}"}
{"op_code":6,"worker_id":"64412cbb-adf6-48c4-8391-9b2f7d40aa7c-140022079849600","trial_id":15,"state":1,"values":[0.7318296596109586],"datetime_complete":"2026-04-30T04:16:41.960704"}
{"op_code":4,"worker_id":"64412cbb-adf6-48c4-8391-9b2f7d40aa7c-140022079849600","study_id":0,"datetime_start":"2026-04-30T04:16:42.010090"}
{"op_code":5,"worker_id":"64412cbb-adf6-48c4-8391-9b2f7d40aa7c-140022079849600","trial_id":59,"param_name":"RANK_REGRESS","param_value_internal":6.0,"distribution":"{\"name\": \"IntDistribution\", \"attributes\": {\"log\": false, \"step\": 1, \"low\": 5, \"high\": 80}}"}
{"op_code":5,"worker_id":"64412cbb-adf6-48c4-8391-9b2f7d40aa7c-140022079849600","trial_id":59,"param_name":"REG_W","param_value_internal":3.2397007083391802,"distribution":"{\"name\": \"FloatDistribution\", \"attributes\": {\"step\": null, \"low\": 1e-05, \"high\": 1000.0, \"log\": true}}"}
{"op_code":5,"worker_id":"64412cbb-adf6-48c4-8391-9b2f7d40aa7c-140022079849600","trial_id":59,"param_name":"USE_RMS_SCALING","param_value_internal":1,"distribution":"{\"name\": \"CategoricalDistribution\", \"attributes\": {\"choices\": [true, false]}}"}
{"op_code":6,"worker_id":"4cd1fbae-2000-41d0-a28b-e6b7373734c2-132155829437568","trial_id":30,"state":1,"values":[0.7318296596109586],"datetime_complete":"2026-04-30T04:17:03.397015"}
{"op_code":4,"worker_id":"4cd1fbae-2000-41d0-a28b-e6b7373734c2-132155829437568","study_id":0,"datetime_start":"2026-04-30T04:17:03.595644"}
{"op_code":5,"worker_id":"4cd1fbae-2000-41d0-a28b-e6b7373734c2-132155829437568","trial_id":60,"param_name":"RANK_REGRESS","param_value_internal":6.0,"distribution":"{\"name\": \"IntDistribution\", \"attributes\": {\"log\": false, \"step\": 1, \"low\": 5, \"high\": 80}}"}
{"op_code":5,"worker_id":"4cd1fbae-2000-41d0-a28b-e6b7373734c2-132155829437568","trial_id":60,"param_name":"REG_W","param_value_internal":3.2397007083391802,"distribution":"{\"name\": \"FloatDistribution\", \"attributes\": {\"step\": null, \"low\": 1e-05, \"high\": 1000.0, \"log\": true}}"}
{"op_code":5,"worker_id":"4cd1fbae-2000-41d0-a28b-e6b7373734c2-132155829437568","trial_id":60,"param_name":"USE_RMS_SCALING","param_value_internal":1,"distribution":"{\"name\": \"CategoricalDistribution\", \"attributes\": {\"choices\": [true, false]}}"}
{"op_code":6,"worker_id":"92f3ee7b-1cec-42eb-985a-954ae8e9f684-135075579503744","trial_id":6,"state":1,"values":[0.7318296596109586],"datetime_complete":"2026-04-30T04:20:09.849082"}
{"op_code":4,"worker_id":"92f3ee7b-1cec-42eb-985a-954ae8e9f684-135075579503744","study_id":0,"datetime_start":"2026-04-30T04:20:09.942100"}
{"op_code":5,"worker_id":"92f3ee7b-1cec-42eb-985a-954ae8e9f684-135075579503744","trial_id":61,"param_name":"RANK_REGRESS","param_value_internal":6.0,"distribution":"{\"name\": \"IntDistribution\", \"attributes\": {\"log\": false, \"step\": 1, \"low\": 5, \"high\": 80}}"}
{"op_code":5,"worker_id":"92f3ee7b-1cec-42eb-985a-954ae8e9f684-135075579503744","trial_id":61,"param_name":"REG_W","param_value_internal":3.2397007083391802,"distribution":"{\"name\": \"FloatDistribution\", \"attributes\": {\"step\": null, \"low\": 1e-05, \"high\": 1000.0, \"log\": true}}"}
{"op_code":5,"worker_id":"92f3ee7b-1cec-42eb-985a-954ae8e9f684-135075579503744","trial_id":61,"param_name":"USE_RMS_SCALING","param_value_internal":1,"distribution":"{\"name\": \"CategoricalDistribution\", \"attributes\": {\"choices\": [true, false]}}"}
{"op_code":6,"worker_id":"d5df7c03-1c1b-4c62-90ea-ef58e5d72d04-133686019179648","trial_id":31,"state":1,"values":[0.7318296596109586],"datetime_complete":"2026-04-30T04:24:18.293983"}
{"op_code":4,"worker_id":"d5df7c03-1c1b-4c62-90ea-ef58e5d72d04-133686019179648","study_id":0,"datetime_start":"2026-04-30T04:24:18.347273"}
{"op_code":5,"worker_id":"d5df7c03-1c1b-4c62-90ea-ef58e5d72d04-133686019179648","trial_id":62,"param_name":"RANK_REGRESS","param_value_internal":6.0,"distribution":"{\"name\": \"IntDistribution\", \"attributes\": {\"log\": false, \"step\": 1, \"low\": 5, \"high\": 80}}"}
{"op_code":5,"worker_id":"d5df7c03-1c1b-4c62-90ea-ef58e5d72d04-133686019179648","trial_id":62,"param_name":"REG_W","param_value_internal":3.2397007083391802,"distribution":"{\"name\": \"FloatDistribution\", \"attributes\": {\"step\": null, \"low\": 1e-05, \"high\": 1000.0, \"log\": true}}"}
{"op_code":5,"worker_id":"d5df7c03-1c1b-4c62-90ea-ef58e5d72d04-133686019179648","trial_id":62,"param_name":"USE_RMS_SCALING","param_value_internal":1,"distribution":"{\"name\": \"CategoricalDistribution\", \"attributes\": {\"choices\": [true, false]}}"}
{"op_code":6,"worker_id":"2b2f0957-d8a2-4b9b-bb95-7258e6f89134-139417485669504","trial_id":13,"state":1,"values":[0.7318296596109586],"datetime_complete":"2026-04-30T04:25:42.406903"}
{"op_code":4,"worker_id":"2b2f0957-d8a2-4b9b-bb95-7258e6f89134-139417485669504","study_id":0,"datetime_start":"2026-04-30T04:25:42.499376"}
{"op_code":5,"worker_id":"2b2f0957-d8a2-4b9b-bb95-7258e6f89134-139417485669504","trial_id":63,"param_name":"RANK_REGRESS","param_value_internal":6.0,"distribution":"{\"name\": \"IntDistribution\", \"attributes\": {\"log\": false, \"step\": 1, \"low\": 5, \"high\": 80}}"}
{"op_code":5,"worker_id":"2b2f0957-d8a2-4b9b-bb95-7258e6f89134-139417485669504","trial_id":63,"param_name":"REG_W","param_value_internal":3.2397007083391802,"distribution":"{\"name\": \"FloatDistribution\", \"attributes\": {\"step\": null, \"low\": 1e-05, \"high\": 1000.0, \"log\": true}}"}
{"op_code":5,"worker_id":"2b2f0957-d8a2-4b9b-bb95-7258e6f89134-139417485669504","trial_id":63,"param_name":"USE_RMS_SCALING","param_value_internal":1,"distribution":"{\"name\": \"CategoricalDistribution\", \"attributes\": {\"choices\": [true, false]}}"}
{"op_code":6,"worker_id":"ca374613-08a6-410e-bb49-b6b4415f82fb-134597024961664","trial_id":7,"state":1,"values":[0.7318296596109586],"datetime_complete":"2026-04-30T04:28:03.637898"}
{"op_code":4,"worker_id":"ca374613-08a6-410e-bb49-b6b4415f82fb-134597024961664","study_id":0,"datetime_start":"2026-04-30T04:28:03.722333"}
{"op_code":5,"worker_id":"ca374613-08a6-410e-bb49-b6b4415f82fb-134597024961664","trial_id":64,"param_name":"RANK_REGRESS","param_value_internal":6.0,"distribution":"{\"name\": \"IntDistribution\", \"attributes\": {\"log\": false, \"step\": 1, \"low\": 5, \"high\": 80}}"}
{"op_code":5,"worker_id":"ca374613-08a6-410e-bb49-b6b4415f82fb-134597024961664","trial_id":64,"param_name":"REG_W","param_value_internal":3.2397007083391802,"distribution":"{\"name\": \"FloatDistribution\", \"attributes\": {\"step\": null, \"low\": 1e-05, \"high\": 1000.0, \"log\": true}}"}
{"op_code":5,"worker_id":"ca374613-08a6-410e-bb49-b6b4415f82fb-134597024961664","trial_id":64,"param_name":"USE_RMS_SCALING","param_value_internal":1,"distribution":"{\"name\": \"CategoricalDistribution\", \"attributes\": {\"choices\": [true, false]}}"}
{"op_code":6,"worker_id":"f9dea5bf-05a3-43c9-a878-5d185a9052c2-124013140247680","trial_id":24,"state":1,"values":[0.7318296596109586],"datetime_complete":"2026-04-30T04:30:00.896266"}
{"op_code":4,"worker_id":"f9dea5bf-05a3-43c9-a878-5d185a9052c2-124013140247680","study_id":0,"datetime_start":"2026-04-30T04:30:00.980287"}
{"op_code":5,"worker_id":"f9dea5bf-05a3-43c9-a878-5d185a9052c2-124013140247680","trial_id":65,"param_name":"RANK_REGRESS","param_value_internal":6.0,"distribution":"{\"name\": \"IntDistribution\", \"attributes\": {\"log\": false, \"step\": 1, \"low\": 5, \"high\": 80}}"}
{"op_code":5,"worker_id":"f9dea5bf-05a3-43c9-a878-5d185a9052c2-124013140247680","trial_id":65,"param_name":"REG_W","param_value_internal":3.2397007083391802,"distribution":"{\"name\": \"FloatDistribution\", \"attributes\": {\"step\": null, \"low\": 1e-05, \"high\": 1000.0, \"log\": true}}"}
{"op_code":5,"worker_id":"f9dea5bf-05a3-43c9-a878-5d185a9052c2-124013140247680","trial_id":65,"param_name":"USE_RMS_SCALING","param_value_internal":1,"distribution":"{\"name\": \"CategoricalDistribution\", \"attributes\": {\"choices\": [true, false]}}"}
{"op_code":6,"worker_id":"16f53399-56bd-4c43-b6cb-5a84cccb4656-127383887004800","trial_id":8,"state":1,"values":[0.7318296596109586],"datetime_complete":"2026-04-30T04:31:42.469771"}
{"op_code":4,"worker_id":"16f53399-56bd-4c43-b6cb-5a84cccb4656-127383887004800","study_id":0,"datetime_start":"2026-04-30T04:31:42.558816"}
{"op_code":5,"worker_id":"16f53399-56bd-4c43-b6cb-5a84cccb4656-127383887004800","trial_id":66,"param_name":"RANK_REGRESS","param_value_internal":6.0,"distribution":"{\"name\": \"IntDistribution\", \"attributes\": {\"log\": false, \"step\": 1, \"low\": 5, \"high\": 80}}"}
{"op_code":5,"worker_id":"16f53399-56bd-4c43-b6cb-5a84cccb4656-127383887004800","trial_id":66,"param_name":"REG_W","param_value_internal":3.2397007083391802,"distribution":"{\"name\": \"FloatDistribution\", \"attributes\": {\"step\": null, \"low\": 1e-05, \"high\": 1000.0, \"log\": true}}"}
{"op_code":5,"worker_id":"16f53399-56bd-4c43-b6cb-5a84cccb4656-127383887004800","trial_id":66,"param_name":"USE_RMS_SCALING","param_value_internal":1,"distribution":"{\"name\": \"CategoricalDistribution\", \"attributes\": {\"choices\": [true, false]}}"}
{"op_code":6,"worker_id":"cd22cea5-6dfd-4553-a14c-3c4b3cd7dfaa-133097283654784","trial_id":14,"state":1,"values":[0.7318296596109586],"datetime_complete":"2026-04-30T04:37:43.943644"}
{"op_code":4,"worker_id":"cd22cea5-6dfd-4553-a14c-3c4b3cd7dfaa-133097283654784","study_id":0,"datetime_start":"2026-04-30T04:37:44.036371"}
{"op_code":5,"worker_id":"cd22cea5-6dfd-4553-a14c-3c4b3cd7dfaa-133097283654784","trial_id":67,"param_name":"RANK_REGRESS","param_value_internal":6.0,"distribution":"{\"name\": \"IntDistribution\", \"attributes\": {\"log\": false, \"step\": 1, \"low\": 5, \"high\": 80}}"}
{"op_code":5,"worker_id":"cd22cea5-6dfd-4553-a14c-3c4b3cd7dfaa-133097283654784","trial_id":67,"param_name":"REG_W","param_value_internal":7.576617415227007,"distribution":"{\"name\": \"FloatDistribution\", \"attributes\": {\"step\": null, \"low\": 1e-05, \"high\": 1000.0, \"log\": true}}"}
{"op_code":5,"worker_id":"cd22cea5-6dfd-4553-a14c-3c4b3cd7dfaa-133097283654784","trial_id":67,"param_name":"USE_RMS_SCALING","param_value_internal":1,"distribution":"{\"name\": \"CategoricalDistribution\", \"attributes\": {\"choices\": [true, false]}}"}
{"op_code":6,"worker_id":"34e2108c-6e49-41d6-a91d-a68ba5ac2a0a-138427737789568","trial_id":19,"state":1,"values":[0.7318296596109586],"datetime_complete":"2026-04-30T04:40:26.048043"}
{"op_code":4,"worker_id":"34e2108c-6e49-41d6-a91d-a68ba5ac2a0a-138427737789568","study_id":0,"datetime_start":"2026-04-30T04:40:26.142129"}
{"op_code":5,"worker_id":"34e2108c-6e49-41d6-a91d-a68ba5ac2a0a-138427737789568","trial_id":68,"param_name":"RANK_REGRESS","param_value_internal":6.0,"distribution":"{\"name\": \"IntDistribution\", \"attributes\": {\"log\": false, \"step\": 1, \"low\": 5, \"high\": 80}}"}
{"op_code":5,"worker_id":"34e2108c-6e49-41d6-a91d-a68ba5ac2a0a-138427737789568","trial_id":68,"param_name":"REG_W","param_value_internal":7.576617415227007,"distribution":"{\"name\": \"FloatDistribution\", \"attributes\": {\"step\": null, \"low\": 1e-05, \"high\": 1000.0, \"log\": true}}"}
{"op_code":5,"worker_id":"34e2108c-6e49-41d6-a91d-a68ba5ac2a0a-138427737789568","trial_id":68,"param_name":"USE_RMS_SCALING","param_value_internal":1,"distribution":"{\"name\": \"CategoricalDistribution\", \"attributes\": {\"choices\": [true, false]}}"}
{"op_code":6,"worker_id":"041133be-6631-45ae-9713-cff26f2a001a-139904411194496","trial_id":36,"state":1,"values":[0.7318296596109586],"datetime_complete":"2026-04-30T04:42:00.509742"}
{"op_code":4,"worker_id":"041133be-6631-45ae-9713-cff26f2a001a-139904411194496","study_id":0,"datetime_start":"2026-04-30T04:42:00.707428"}
{"op_code":5,"worker_id":"041133be-6631-45ae-9713-cff26f2a001a-139904411194496","trial_id":69,"param_name":"RANK_REGRESS","param_value_internal":6.0,"distribution":"{\"name\": \"IntDistribution\", \"attributes\": {\"log\": false, \"step\": 1, \"low\": 5, \"high\": 80}}"}
{"op_code":5,"worker_id":"041133be-6631-45ae-9713-cff26f2a001a-139904411194496","trial_id":69,"param_name":"REG_W","param_value_internal":7.576617415227007,"distribution":"{\"name\": \"FloatDistribution\", \"attributes\": {\"step\": null, \"low\": 1e-05, \"high\": 1000.0, \"log\": true}}"}
{"op_code":5,"worker_id":"041133be-6631-45ae-9713-cff26f2a001a-139904411194496","trial_id":69,"param_name":"USE_RMS_SCALING","param_value_internal":1,"distribution":"{\"name\": \"CategoricalDistribution\", \"attributes\": {\"choices\": [true, false]}}"}
{"op_code":6,"worker_id":"a418dbd6-e5c7-4cc0-80a2-6c8b29f158d7-127996062987392","trial_id":37,"state":1,"values":[0.7318296596109586],"datetime_complete":"2026-04-30T04:42:32.463479"}
{"op_code":4,"worker_id":"a418dbd6-e5c7-4cc0-80a2-6c8b29f158d7-127996062987392","study_id":0,"datetime_start":"2026-04-30T04:42:32.533899"}
{"op_code":5,"worker_id":"a418dbd6-e5c7-4cc0-80a2-6c8b29f158d7-127996062987392","trial_id":70,"param_name":"RANK_REGRESS","param_value_internal":6.0,"distribution":"{\"name\": \"IntDistribution\", \"attributes\": {\"log\": false, \"step\": 1, \"low\": 5, \"high\": 80}}"}
{"op_code":5,"worker_id":"a418dbd6-e5c7-4cc0-80a2-6c8b29f158d7-127996062987392","trial_id":70,"param_name":"REG_W","param_value_internal":7.576617415227007,"distribution":"{\"name\": \"FloatDistribution\", \"attributes\": {\"step\": null, \"low\": 1e-05, \"high\": 1000.0, \"log\": true}}"}
{"op_code":5,"worker_id":"a418dbd6-e5c7-4cc0-80a2-6c8b29f158d7-127996062987392","trial_id":70,"param_name":"USE_RMS_SCALING","param_value_internal":1,"distribution":"{\"name\": \"CategoricalDistribution\", \"attributes\": {\"choices\": [true, false]}}"}
{"op_code":6,"worker_id":"ac025d52-9db5-45d7-9ae7-5ae79981d438-125395770553472","trial_id":25,"state":1,"values":[0.7318296596109586],"datetime_complete":"2026-04-30T04:43:48.243108"}
{"op_code":4,"worker_id":"ac025d52-9db5-45d7-9ae7-5ae79981d438-125395770553472","study_id":0,"datetime_start":"2026-04-30T04:43:48.328610"}
{"op_code":5,"worker_id":"ac025d52-9db5-45d7-9ae7-5ae79981d438-125395770553472","trial_id":71,"param_name":"RANK_REGRESS","param_value_internal":6.0,"distribution":"{\"name\": \"IntDistribution\", \"attributes\": {\"log\": false, \"step\": 1, \"low\": 5, \"high\": 80}}"}
{"op_code":5,"worker_id":"ac025d52-9db5-45d7-9ae7-5ae79981d438-125395770553472","trial_id":71,"param_name":"REG_W","param_value_internal":7.576617415227007,"distribution":"{\"name\": \"FloatDistribution\", \"attributes\": {\"step\": null, \"low\": 1e-05, \"high\": 1000.0, \"log\": true}}"}
{"op_code":5,"worker_id":"ac025d52-9db5-45d7-9ae7-5ae79981d438-125395770553472","trial_id":71,"param_name":"USE_RMS_SCALING","param_value_internal":1,"distribution":"{\"name\": \"CategoricalDistribution\", \"attributes\": {\"choices\": [true, false]}}"}
{"op_code":6,"worker_id":"f4fa9042-ac8c-468e-9de7-0934d940db0e-127317078815872","trial_id":34,"state":1,"values":[0.7318296596109586],"datetime_complete":"2026-04-30T04:46:33.626572"}
{"op_code":4,"worker_id":"f4fa9042-ac8c-468e-9de7-0934d940db0e-127317078815872","study_id":0,"datetime_start":"2026-04-30T04:46:33.710017"}
{"op_code":5,"worker_id":"f4fa9042-ac8c-468e-9de7-0934d940db0e-127317078815872","trial_id":72,"param_name":"RANK_REGRESS","param_value_internal":6.0,"distribution":"{\"name\": \"IntDistribution\", \"attributes\": {\"log\": false, \"step\": 1, \"low\": 5, \"high\": 80}}"}
{"op_code":5,"worker_id":"f4fa9042-ac8c-468e-9de7-0934d940db0e-127317078815872","trial_id":72,"param_name":"REG_W","param_value_internal":7.576617415227007,"distribution":"{\"name\": \"FloatDistribution\", \"attributes\": {\"step\": null, \"low\": 1e-05, \"high\": 1000.0, \"log\": true}}"}
{"op_code":5,"worker_id":"f4fa9042-ac8c-468e-9de7-0934d940db0e-127317078815872","trial_id":72,"param_name":"USE_RMS_SCALING","param_value_internal":1,"distribution":"{\"name\": \"CategoricalDistribution\", \"attributes\": {\"choices\": [true, false]}}"}
{"op_code":6,"worker_id":"e8ee7297-7fc8-403c-b3cd-7f7ea71a07d2-130888065901696","trial_id":26,"state":1,"values":[0.7318296596109586],"datetime_complete":"2026-04-30T04:47:03.474852"}
{"op_code":4,"worker_id":"e8ee7297-7fc8-403c-b3cd-7f7ea71a07d2-130888065901696","study_id":0,"datetime_start":"2026-04-30T04:47:03.672782"}
{"op_code":5,"worker_id":"e8ee7297-7fc8-403c-b3cd-7f7ea71a07d2-130888065901696","trial_id":73,"param_name":"RANK_REGRESS","param_value_internal":6.0,"distribution":"{\"name\": \"IntDistribution\", \"attributes\": {\"log\": false, \"step\": 1, \"low\": 5, \"high\": 80}}"}
{"op_code":5,"worker_id":"e8ee7297-7fc8-403c-b3cd-7f7ea71a07d2-130888065901696","trial_id":73,"param_name":"REG_W","param_value_internal":7.576617415227007,"distribution":"{\"name\": \"FloatDistribution\", \"attributes\": {\"step\": null, \"low\": 1e-05, \"high\": 1000.0, \"log\": true}}"}
{"op_code":5,"worker_id":"e8ee7297-7fc8-403c-b3cd-7f7ea71a07d2-130888065901696","trial_id":73,"param_name":"USE_RMS_SCALING","param_value_internal":1,"distribution":"{\"name\": \"CategoricalDistribution\", \"attributes\": {\"choices\": [true, false]}}"}
{"op_code":6,"worker_id":"ce5d4a17-d1b1-43a2-9364-ab3de6b70b5b-137355230647424","trial_id":57,"state":1,"values":[0.11286120565418178],"datetime_complete":"2026-04-30T04:48:26.602784"}
{"op_code":4,"worker_id":"ce5d4a17-d1b1-43a2-9364-ab3de6b70b5b-137355230647424","study_id":0,"datetime_start":"2026-04-30T04:48:26.699524"}
{"op_code":5,"worker_id":"ce5d4a17-d1b1-43a2-9364-ab3de6b70b5b-137355230647424","trial_id":74,"param_name":"RANK_REGRESS","param_value_internal":16.0,"distribution":"{\"name\": \"IntDistribution\", \"attributes\": {\"log\": false, \"step\": 1, \"low\": 5, \"high\": 80}}"}
{"op_code":5,"worker_id":"ce5d4a17-d1b1-43a2-9364-ab3de6b70b5b-137355230647424","trial_id":74,"param_name":"REG_W","param_value_internal":0.02461416303069337,"distribution":"{\"name\": \"FloatDistribution\", \"attributes\": {\"step\": null, \"low\": 1e-05, \"high\": 1000.0, \"log\": true}}"}
{"op_code":5,"worker_id":"ce5d4a17-d1b1-43a2-9364-ab3de6b70b5b-137355230647424","trial_id":74,"param_name":"USE_RMS_SCALING","param_value_internal":0,"distribution":"{\"name\": \"CategoricalDistribution\", \"attributes\": {\"choices\": [true, false]}}"}
{"op_code":6,"worker_id":"64412cbb-adf6-48c4-8391-9b2f7d40aa7c-140022079849600","trial_id":59,"state":1,"values":[0.11286120565418178],"datetime_complete":"2026-04-30T04:50:44.584999"}
{"op_code":4,"worker_id":"64412cbb-adf6-48c4-8391-9b2f7d40aa7c-140022079849600","study_id":0,"datetime_start":"2026-04-30T04:50:44.661401"}
{"op_code":5,"worker_id":"64412cbb-adf6-48c4-8391-9b2f7d40aa7c-140022079849600","trial_id":75,"param_name":"RANK_REGRESS","param_value_internal":16.0,"distribution":"{\"name\": \"IntDistribution\", \"attributes\": {\"log\": false, \"step\": 1, \"low\": 5, \"high\": 80}}"}
{"op_code":5,"worker_id":"64412cbb-adf6-48c4-8391-9b2f7d40aa7c-140022079849600","trial_id":75,"param_name":"REG_W","param_value_internal":0.02461416303069337,"distribution":"{\"name\": \"FloatDistribution\", \"attributes\": {\"step\": null, \"low\": 1e-05, \"high\": 1000.0, \"log\": true}}"}
{"op_code":5,"worker_id":"64412cbb-adf6-48c4-8391-9b2f7d40aa7c-140022079849600","trial_id":75,"param_name":"USE_RMS_SCALING","param_value_internal":0,"distribution":"{\"name\": \"CategoricalDistribution\", \"attributes\": {\"choices\": [true, false]}}"}
{"op_code":6,"worker_id":"e036171f-eb8f-47d4-af16-ae455e394035-133882711090304","trial_id":32,"state":1,"values":[0.7318296596109586],"datetime_complete":"2026-04-30T04:52:08.322042"}
{"op_code":4,"worker_id":"e036171f-eb8f-47d4-af16-ae455e394035-133882711090304","study_id":0,"datetime_start":"2026-04-30T04:52:08.400756"}
{"op_code":5,"worker_id":"e036171f-eb8f-47d4-af16-ae455e394035-133882711090304","trial_id":76,"param_name":"RANK_REGRESS","param_value_internal":35.0,"distribution":"{\"name\": \"IntDistribution\", \"attributes\": {\"log\": false, \"step\": 1, \"low\": 5, \"high\": 80}}"}
{"op_code":5,"worker_id":"e036171f-eb8f-47d4-af16-ae455e394035-133882711090304","trial_id":76,"param_name":"REG_W","param_value_internal":0.018172880992929973,"distribution":"{\"name\": \"FloatDistribution\", \"attributes\": {\"step\": null, \"low\": 1e-05, \"high\": 1000.0, \"log\": true}}"}
{"op_code":5,"worker_id":"e036171f-eb8f-47d4-af16-ae455e394035-133882711090304","trial_id":76,"param_name":"USE_RMS_SCALING","param_value_internal":0,"distribution":"{\"name\": \"CategoricalDistribution\", \"attributes\": {\"choices\": [true, false]}}"}
{"op_code":6,"worker_id":"2076bfee-0b3d-4ae6-9222-88564466d443-128058796860544","trial_id":33,"state":1,"values":[0.7318296596109586],"datetime_complete":"2026-04-30T04:52:31.052703"}
{"op_code":4,"worker_id":"2076bfee-0b3d-4ae6-9222-88564466d443-128058796860544","study_id":0,"datetime_start":"2026-04-30T04:52:31.117959"}
{"op_code":5,"worker_id":"2076bfee-0b3d-4ae6-9222-88564466d443-128058796860544","trial_id":77,"param_name":"RANK_REGRESS","param_value_internal":35.0,"distribution":"{\"name\": \"IntDistribution\", \"attributes\": {\"log\": false, \"step\": 1, \"low\": 5, \"high\": 80}}"}
{"op_code":5,"worker_id":"2076bfee-0b3d-4ae6-9222-88564466d443-128058796860544","trial_id":77,"param_name":"REG_W","param_value_internal":0.09942152421213189,"distribution":"{\"name\": \"FloatDistribution\", \"attributes\": {\"step\": null, \"low\": 1e-05, \"high\": 1000.0, \"log\": true}}"}
{"op_code":5,"worker_id":"2076bfee-0b3d-4ae6-9222-88564466d443-128058796860544","trial_id":77,"param_name":"USE_RMS_SCALING","param_value_internal":0,"distribution":"{\"name\": \"CategoricalDistribution\", \"attributes\": {\"choices\": [true, false]}}"}
{"op_code":6,"worker_id":"8e9073e0-70d6-41aa-b0e6-2597ce58c87c-127044424631424","trial_id":58,"state":1,"values":[0.11286120565418178],"datetime_complete":"2026-04-30T04:52:52.536784"}
{"op_code":4,"worker_id":"8e9073e0-70d6-41aa-b0e6-2597ce58c87c-127044424631424","study_id":0,"datetime_start":"2026-04-30T04:52:52.734329"}
{"op_code":5,"worker_id":"8e9073e0-70d6-41aa-b0e6-2597ce58c87c-127044424631424","trial_id":78,"param_name":"RANK_REGRESS","param_value_internal":6.0,"distribution":"{\"name\": \"IntDistribution\", \"attributes\": {\"log\": false, \"step\": 1, \"low\": 5, \"high\": 80}}"}
{"op_code":5,"worker_id":"8e9073e0-70d6-41aa-b0e6-2597ce58c87c-127044424631424","trial_id":78,"param_name":"REG_W","param_value_internal":44.02342553551059,"distribution":"{\"name\": \"FloatDistribution\", \"attributes\": {\"step\": null, \"low\": 1e-05, \"high\": 1000.0, \"log\": true}}"}
{"op_code":5,"worker_id":"8e9073e0-70d6-41aa-b0e6-2597ce58c87c-127044424631424","trial_id":78,"param_name":"USE_RMS_SCALING","param_value_internal":0,"distribution":"{\"name\": \"CategoricalDistribution\", \"attributes\": {\"choices\": [true, false]}}"}
{"op_code":6,"worker_id":"c4951460-3572-4ac1-ad5c-5bbbaaf096fb-125799624828032","trial_id":29,"state":1,"values":[0.7318296596109586],"datetime_complete":"2026-04-30T04:53:32.625573"}
{"op_code":4,"worker_id":"c4951460-3572-4ac1-ad5c-5bbbaaf096fb-125799624828032","study_id":0,"datetime_start":"2026-04-30T04:53:32.714929"}
{"op_code":5,"worker_id":"c4951460-3572-4ac1-ad5c-5bbbaaf096fb-125799624828032","trial_id":79,"param_name":"RANK_REGRESS","param_value_internal":35.0,"distribution":"{\"name\": \"IntDistribution\", \"attributes\": {\"log\": false, \"step\": 1, \"low\": 5, \"high\": 80}}"}
{"op_code":5,"worker_id":"c4951460-3572-4ac1-ad5c-5bbbaaf096fb-125799624828032","trial_id":79,"param_name":"REG_W","param_value_internal":0.09942152421213189,"distribution":"{\"name\": \"FloatDistribution\", \"attributes\": {\"step\": null, \"low\": 1e-05, \"high\": 1000.0, \"log\": true}}"}
{"op_code":5,"worker_id":"c4951460-3572-4ac1-ad5c-5bbbaaf096fb-125799624828032","trial_id":79,"param_name":"USE_RMS_SCALING","param_value_internal":0,"distribution":"{\"name\": \"CategoricalDistribution\", \"attributes\": {\"choices\": [true, false]}}"}
{"op_code":6,"worker_id":"b64fea1d-9104-4e03-98f9-2ac59e9eeba7-131513078502528","trial_id":41,"state":1,"values":[0.7318296596109586],"datetime_complete":"2026-04-30T04:53:52.826791"}
{"op_code":4,"worker_id":"b64fea1d-9104-4e03-98f9-2ac59e9eeba7-131513078502528","study_id":0,"datetime_start":"2026-04-30T04:53:52.920384"}
{"op_code":5,"worker_id":"b64fea1d-9104-4e03-98f9-2ac59e9eeba7-131513078502528","trial_id":80,"param_name":"RANK_REGRESS","param_value_internal":35.0,"distribution":"{\"name\": \"IntDistribution\", \"attributes\": {\"log\": false, \"step\": 1, \"low\": 5, \"high\": 80}}"}
{"op_code":5,"worker_id":"b64fea1d-9104-4e03-98f9-2ac59e9eeba7-131513078502528","trial_id":80,"param_name":"REG_W","param_value_internal":0.09942152421213189,"distribution":"{\"name\": \"FloatDistribution\", \"attributes\": {\"step\": null, \"low\": 1e-05, \"high\": 1000.0, \"log\": true}}"}
{"op_code":5,"worker_id":"b64fea1d-9104-4e03-98f9-2ac59e9eeba7-131513078502528","trial_id":80,"param_name":"USE_RMS_SCALING","param_value_internal":0,"distribution":"{\"name\": \"CategoricalDistribution\", \"attributes\": {\"choices\": [true, false]}}"}
{"op_code":6,"worker_id":"b52a781a-3d9d-4879-a09d-1a191edf1a19-126016327791744","trial_id":35,"state":1,"values":[0.7318296596109586],"datetime_complete":"2026-04-30T04:54:06.265875"}
{"op_code":4,"worker_id":"b52a781a-3d9d-4879-a09d-1a191edf1a19-126016327791744","study_id":0,"datetime_start":"2026-04-30T04:54:06.351703"}
{"op_code":5,"worker_id":"b52a781a-3d9d-4879-a09d-1a191edf1a19-126016327791744","trial_id":81,"param_name":"RANK_REGRESS","param_value_internal":35.0,"distribution":"{\"name\": \"IntDistribution\", \"attributes\": {\"log\": false, \"step\": 1, \"low\": 5, \"high\": 80}}"}
{"op_code":5,"worker_id":"b52a781a-3d9d-4879-a09d-1a191edf1a19-126016327791744","trial_id":81,"param_name":"REG_W","param_value_internal":0.09942152421213189,"distribution":"{\"name\": \"FloatDistribution\", \"attributes\": {\"step\": null, \"low\": 1e-05, \"high\": 1000.0, \"log\": true}}"}
{"op_code":5,"worker_id":"b52a781a-3d9d-4879-a09d-1a191edf1a19-126016327791744","trial_id":81,"param_name":"USE_RMS_SCALING","param_value_internal":0,"distribution":"{\"name\": \"CategoricalDistribution\", \"attributes\": {\"choices\": [true, false]}}"}
{"op_code":6,"worker_id":"4cd1fbae-2000-41d0-a28b-e6b7373734c2-132155829437568","trial_id":60,"state":1,"values":[0.11286120565418178],"datetime_complete":"2026-04-30T04:55:42.351321"}
{"op_code":4,"worker_id":"4cd1fbae-2000-41d0-a28b-e6b7373734c2-132155829437568","study_id":0,"datetime_start":"2026-04-30T04:55:42.422083"}
{"op_code":5,"worker_id":"4cd1fbae-2000-41d0-a28b-e6b7373734c2-132155829437568","trial_id":82,"param_name":"RANK_REGRESS","param_value_internal":6.0,"distribution":"{\"name\": \"IntDistribution\", \"attributes\": {\"log\": false, \"step\": 1, \"low\": 5, \"high\": 80}}"}
{"op_code":5,"worker_id":"4cd1fbae-2000-41d0-a28b-e6b7373734c2-132155829437568","trial_id":82,"param_name":"REG_W","param_value_internal":44.02342553551059,"distribution":"{\"name\": \"FloatDistribution\", \"attributes\": {\"step\": null, \"low\": 1e-05, \"high\": 1000.0, \"log\": true}}"}
{"op_code":5,"worker_id":"4cd1fbae-2000-41d0-a28b-e6b7373734c2-132155829437568","trial_id":82,"param_name":"USE_RMS_SCALING","param_value_internal":0,"distribution":"{\"name\": \"CategoricalDistribution\", \"attributes\": {\"choices\": [true, false]}}"}
{"op_code":6,"worker_id":"027e784b-7574-49ec-9bb5-854a6b2bdb09-135128110199936","trial_id":4,"state":1,"values":[0.7318296596109586],"datetime_complete":"2026-04-30T04:56:53.416302"}
{"op_code":4,"worker_id":"027e784b-7574-49ec-9bb5-854a6b2bdb09-135128110199936","study_id":0,"datetime_start":"2026-04-30T04:56:53.656670"}
{"op_code":5,"worker_id":"027e784b-7574-49ec-9bb5-854a6b2bdb09-135128110199936","trial_id":83,"param_name":"RANK_REGRESS","param_value_internal":35.0,"distribution":"{\"name\": \"IntDistribution\", \"attributes\": {\"log\": false, \"step\": 1, \"low\": 5, \"high\": 80}}"}
{"op_code":5,"worker_id":"027e784b-7574-49ec-9bb5-854a6b2bdb09-135128110199936","trial_id":83,"param_name":"REG_W","param_value_internal":0.09942152421213189,"distribution":"{\"name\": \"FloatDistribution\", \"attributes\": {\"step\": null, \"low\": 1e-05, \"high\": 1000.0, \"log\": true}}"}
{"op_code":5,"worker_id":"027e784b-7574-49ec-9bb5-854a6b2bdb09-135128110199936","trial_id":83,"param_name":"USE_RMS_SCALING","param_value_internal":0,"distribution":"{\"name\": \"CategoricalDistribution\", \"attributes\": {\"choices\": [true, false]}}"}
{"op_code":6,"worker_id":"d5df7c03-1c1b-4c62-90ea-ef58e5d72d04-133686019179648","trial_id":62,"state":1,"values":[0.11286120565418178],"datetime_complete":"2026-04-30T04:57:00.518112"}
{"op_code":4,"worker_id":"d5df7c03-1c1b-4c62-90ea-ef58e5d72d04-133686019179648","study_id":0,"datetime_start":"2026-04-30T04:57:00.581236"}
{"op_code":5,"worker_id":"d5df7c03-1c1b-4c62-90ea-ef58e5d72d04-133686019179648","trial_id":84,"param_name":"RANK_REGRESS","param_value_internal":6.0,"distribution":"{\"name\": \"IntDistribution\", \"attributes\": {\"log\": false, \"step\": 1, \"low\": 5, \"high\": 80}}"}
{"op_code":5,"worker_id":"d5df7c03-1c1b-4c62-90ea-ef58e5d72d04-133686019179648","trial_id":84,"param_name":"REG_W","param_value_internal":44.02342553551059,"distribution":"{\"name\": \"FloatDistribution\", \"attributes\": {\"step\": null, \"low\": 1e-05, \"high\": 1000.0, \"log\": true}}"}
{"op_code":5,"worker_id":"d5df7c03-1c1b-4c62-90ea-ef58e5d72d04-133686019179648","trial_id":84,"param_name":"USE_RMS_SCALING","param_value_internal":0,"distribution":"{\"name\": \"CategoricalDistribution\", \"attributes\": {\"choices\": [true, false]}}"}
{"op_code":6,"worker_id":"47aa784f-8792-49c6-90dc-9da832068cdb-140035340219520","trial_id":40,"state":1,"values":[0.7318296596109586],"datetime_complete":"2026-04-30T05:00:42.861299"}
{"op_code":4,"worker_id":"47aa784f-8792-49c6-90dc-9da832068cdb-140035340219520","study_id":0,"datetime_start":"2026-04-30T05:00:42.924147"}
{"op_code":5,"worker_id":"47aa784f-8792-49c6-90dc-9da832068cdb-140035340219520","trial_id":85,"param_name":"RANK_REGRESS","param_value_internal":35.0,"distribution":"{\"name\": \"IntDistribution\", \"attributes\": {\"log\": false, \"step\": 1, \"low\": 5, \"high\": 80}}"}
{"op_code":5,"worker_id":"47aa784f-8792-49c6-90dc-9da832068cdb-140035340219520","trial_id":85,"param_name":"REG_W","param_value_internal":0.09942152421213189,"distribution":"{\"name\": \"FloatDistribution\", \"attributes\": {\"step\": null, \"low\": 1e-05, \"high\": 1000.0, \"log\": true}}"}
{"op_code":5,"worker_id":"47aa784f-8792-49c6-90dc-9da832068cdb-140035340219520","trial_id":85,"param_name":"USE_RMS_SCALING","param_value_internal":0,"distribution":"{\"name\": \"CategoricalDistribution\", \"attributes\": {\"choices\": [true, false]}}"}
{"op_code":6,"worker_id":"92f3ee7b-1cec-42eb-985a-954ae8e9f684-135075579503744","trial_id":61,"state":1,"values":[0.11286120565418178],"datetime_complete":"2026-04-30T05:01:36.499302"}
{"op_code":4,"worker_id":"92f3ee7b-1cec-42eb-985a-954ae8e9f684-135075579503744","study_id":0,"datetime_start":"2026-04-30T05:01:36.686487"}
{"op_code":5,"worker_id":"92f3ee7b-1cec-42eb-985a-954ae8e9f684-135075579503744","trial_id":86,"param_name":"RANK_REGRESS","param_value_internal":6.0,"distribution":"{\"name\": \"IntDistribution\", \"attributes\": {\"log\": false, \"step\": 1, \"low\": 5, \"high\": 80}}"}
{"op_code":5,"worker_id":"92f3ee7b-1cec-42eb-985a-954ae8e9f684-135075579503744","trial_id":86,"param_name":"REG_W","param_value_internal":44.02342553551059,"distribution":"{\"name\": \"FloatDistribution\", \"attributes\": {\"step\": null, \"low\": 1e-05, \"high\": 1000.0, \"log\": true}}"}
{"op_code":5,"worker_id":"92f3ee7b-1cec-42eb-985a-954ae8e9f684-135075579503744","trial_id":86,"param_name":"USE_RMS_SCALING","param_value_internal":0,"distribution":"{\"name\": \"CategoricalDistribution\", \"attributes\": {\"choices\": [true, false]}}"}
{"op_code":6,"worker_id":"19359384-c909-4f33-8ab1-3ca97d703472-127747858801792","trial_id":38,"state":1,"values":[0.7318296596109586],"datetime_complete":"2026-04-30T05:03:08.565762"}
{"op_code":4,"worker_id":"19359384-c909-4f33-8ab1-3ca97d703472-127747858801792","study_id":0,"datetime_start":"2026-04-30T05:03:08.655103"}
{"op_code":5,"worker_id":"19359384-c909-4f33-8ab1-3ca97d703472-127747858801792","trial_id":87,"param_name":"RANK_REGRESS","param_value_internal":35.0,"distribution":"{\"name\": \"IntDistribution\", \"attributes\": {\"log\": false, \"step\": 1, \"low\": 5, \"high\": 80}}"}
{"op_code":5,"worker_id":"19359384-c909-4f33-8ab1-3ca97d703472-127747858801792","trial_id":87,"param_name":"REG_W","param_value_internal":0.14755360274341806,"distribution":"{\"name\": \"FloatDistribution\", \"attributes\": {\"step\": null, \"low\": 1e-05, \"high\": 1000.0, \"log\": true}}"}
{"op_code":5,"worker_id":"19359384-c909-4f33-8ab1-3ca97d703472-127747858801792","trial_id":87,"param_name":"USE_RMS_SCALING","param_value_internal":0,"distribution":"{\"name\": \"CategoricalDistribution\", \"attributes\": {\"choices\": [true, false]}}"}
{"op_code":6,"worker_id":"3242c90b-a1a2-4f29-b434-6d18683c0180-139531688252544","trial_id":17,"state":1,"values":[0.7318296596109586],"datetime_complete":"2026-04-30T05:03:08.784227"}
{"op_code":4,"worker_id":"3242c90b-a1a2-4f29-b434-6d18683c0180-139531688252544","study_id":0,"datetime_start":"2026-04-30T05:03:09.060850"}
{"op_code":5,"worker_id":"3242c90b-a1a2-4f29-b434-6d18683c0180-139531688252544","trial_id":88,"param_name":"RANK_REGRESS","param_value_internal":35.0,"distribution":"{\"name\": \"IntDistribution\", \"attributes\": {\"log\": false, \"step\": 1, \"low\": 5, \"high\": 80}}"}
{"op_code":5,"worker_id":"3242c90b-a1a2-4f29-b434-6d18683c0180-139531688252544","trial_id":88,"param_name":"REG_W","param_value_internal":0.14755360274341806,"distribution":"{\"name\": \"FloatDistribution\", \"attributes\": {\"step\": null, \"low\": 1e-05, \"high\": 1000.0, \"log\": true}}"}
{"op_code":5,"worker_id":"3242c90b-a1a2-4f29-b434-6d18683c0180-139531688252544","trial_id":88,"param_name":"USE_RMS_SCALING","param_value_internal":0,"distribution":"{\"name\": \"CategoricalDistribution\", \"attributes\": {\"choices\": [true, false]}}"}
{"op_code":6,"worker_id":"29dc7731-1dcd-4932-8447-c1fa7f66d377-124181493515392","trial_id":39,"state":1,"values":[0.7318296596109586],"datetime_complete":"2026-04-30T05:05:21.821693"}
{"op_code":4,"worker_id":"29dc7731-1dcd-4932-8447-c1fa7f66d377-124181493515392","study_id":0,"datetime_start":"2026-04-30T05:05:21.904600"}
{"op_code":5,"worker_id":"29dc7731-1dcd-4932-8447-c1fa7f66d377-124181493515392","trial_id":89,"param_name":"RANK_REGRESS","param_value_internal":35.0,"distribution":"{\"name\": \"IntDistribution\", \"attributes\": {\"log\": false, \"step\": 1, \"low\": 5, \"high\": 80}}"}
{"op_code":5,"worker_id":"29dc7731-1dcd-4932-8447-c1fa7f66d377-124181493515392","trial_id":89,"param_name":"REG_W","param_value_internal":0.14755360274341806,"distribution":"{\"name\": \"FloatDistribution\", \"attributes\": {\"step\": null, \"low\": 1e-05, \"high\": 1000.0, \"log\": true}}"}
{"op_code":5,"worker_id":"29dc7731-1dcd-4932-8447-c1fa7f66d377-124181493515392","trial_id":89,"param_name":"USE_RMS_SCALING","param_value_internal":0,"distribution":"{\"name\": \"CategoricalDistribution\", \"attributes\": {\"choices\": [true, false]}}"}
{"op_code":6,"worker_id":"ca374613-08a6-410e-bb49-b6b4415f82fb-134597024961664","trial_id":64,"state":1,"values":[0.11286120565418178],"datetime_complete":"2026-04-30T05:10:35.164918"}
{"op_code":4,"worker_id":"ca374613-08a6-410e-bb49-b6b4415f82fb-134597024961664","study_id":0,"datetime_start":"2026-04-30T05:10:35.248147"}
{"op_code":5,"worker_id":"ca374613-08a6-410e-bb49-b6b4415f82fb-134597024961664","trial_id":90,"param_name":"RANK_REGRESS","param_value_internal":5.0,"distribution":"{\"name\": \"IntDistribution\", \"attributes\": {\"log\": false, \"step\": 1, \"low\": 5, \"high\": 80}}"}
{"op_code":5,"worker_id":"ca374613-08a6-410e-bb49-b6b4415f82fb-134597024961664","trial_id":90,"param_name":"REG_W","param_value_internal":47.66867043243194,"distribution":"{\"name\": \"FloatDistribution\", \"attributes\": {\"step\": null, \"low\": 1e-05, \"high\": 1000.0, \"log\": true}}"}
{"op_code":5,"worker_id":"ca374613-08a6-410e-bb49-b6b4415f82fb-134597024961664","trial_id":90,"param_name":"USE_RMS_SCALING","param_value_internal":0,"distribution":"{\"name\": \"CategoricalDistribution\", \"attributes\": {\"choices\": [true, false]}}"}
{"op_code":6,"worker_id":"2b2f0957-d8a2-4b9b-bb95-7258e6f89134-139417485669504","trial_id":63,"state":1,"values":[0.11286120565418178],"datetime_complete":"2026-04-30T05:10:40.438487"}
{"op_code":4,"worker_id":"2b2f0957-d8a2-4b9b-bb95-7258e6f89134-139417485669504","study_id":0,"datetime_start":"2026-04-30T05:10:40.605161"}
{"op_code":5,"worker_id":"2b2f0957-d8a2-4b9b-bb95-7258e6f89134-139417485669504","trial_id":91,"param_name":"RANK_REGRESS","param_value_internal":5.0,"distribution":"{\"name\": \"IntDistribution\", \"attributes\": {\"log\": false, \"step\": 1, \"low\": 5, \"high\": 80}}"}
{"op_code":5,"worker_id":"2b2f0957-d8a2-4b9b-bb95-7258e6f89134-139417485669504","trial_id":91,"param_name":"REG_W","param_value_internal":47.66867043243194,"distribution":"{\"name\": \"FloatDistribution\", \"attributes\": {\"step\": null, \"low\": 1e-05, \"high\": 1000.0, \"log\": true}}"}
{"op_code":5,"worker_id":"2b2f0957-d8a2-4b9b-bb95-7258e6f89134-139417485669504","trial_id":91,"param_name":"USE_RMS_SCALING","param_value_internal":0,"distribution":"{\"name\": \"CategoricalDistribution\", \"attributes\": {\"choices\": [true, false]}}"}
{"op_code":6,"worker_id":"f9dea5bf-05a3-43c9-a878-5d185a9052c2-124013140247680","trial_id":65,"state":1,"values":[0.11286120565418178],"datetime_complete":"2026-04-30T05:10:45.147554"}
{"op_code":4,"worker_id":"f9dea5bf-05a3-43c9-a878-5d185a9052c2-124013140247680","study_id":0,"datetime_start":"2026-04-30T05:10:45.236611"}
{"op_code":5,"worker_id":"f9dea5bf-05a3-43c9-a878-5d185a9052c2-124013140247680","trial_id":92,"param_name":"RANK_REGRESS","param_value_internal":5.0,"distribution":"{\"name\": \"IntDistribution\", \"attributes\": {\"log\": false, \"step\": 1, \"low\": 5, \"high\": 80}}"}
{"op_code":5,"worker_id":"f9dea5bf-05a3-43c9-a878-5d185a9052c2-124013140247680","trial_id":92,"param_name":"REG_W","param_value_internal":47.66867043243194,"distribution":"{\"name\": \"FloatDistribution\", \"attributes\": {\"step\": null, \"low\": 1e-05, \"high\": 1000.0, \"log\": true}}"}
{"op_code":5,"worker_id":"f9dea5bf-05a3-43c9-a878-5d185a9052c2-124013140247680","trial_id":92,"param_name":"USE_RMS_SCALING","param_value_internal":0,"distribution":"{\"name\": \"CategoricalDistribution\", \"attributes\": {\"choices\": [true, false]}}"}
{"op_code":6,"worker_id":"16f53399-56bd-4c43-b6cb-5a84cccb4656-127383887004800","trial_id":66,"state":1,"values":[0.11286120565418178],"datetime_complete":"2026-04-30T05:15:40.650512"}
{"op_code":4,"worker_id":"16f53399-56bd-4c43-b6cb-5a84cccb4656-127383887004800","study_id":0,"datetime_start":"2026-04-30T05:15:40.703857"}
{"op_code":5,"worker_id":"16f53399-56bd-4c43-b6cb-5a84cccb4656-127383887004800","trial_id":93,"param_name":"RANK_REGRESS","param_value_internal":5.0,"distribution":"{\"name\": \"IntDistribution\", \"attributes\": {\"log\": false, \"step\": 1, \"low\": 5, \"high\": 80}}"}
{"op_code":5,"worker_id":"16f53399-56bd-4c43-b6cb-5a84cccb4656-127383887004800","trial_id":93,"param_name":"REG_W","param_value_internal":47.66867043243194,"distribution":"{\"name\": \"FloatDistribution\", \"attributes\": {\"step\": null, \"low\": 1e-05, \"high\": 1000.0, \"log\": true}}"}
{"op_code":5,"worker_id":"16f53399-56bd-4c43-b6cb-5a84cccb4656-127383887004800","trial_id":93,"param_name":"USE_RMS_SCALING","param_value_internal":0,"distribution":"{\"name\": \"CategoricalDistribution\", \"attributes\": {\"choices\": [true, false]}}"}
{"op_code":6,"worker_id":"8a2a8737-88a5-4d74-9d2a-856d76281552-137585638175872","trial_id":23,"state":1,"values":[0.7318296596109586],"datetime_complete":"2026-04-30T05:19:26.434318"}
{"op_code":4,"worker_id":"8a2a8737-88a5-4d74-9d2a-856d76281552-137585638175872","study_id":0,"datetime_start":"2026-04-30T05:19:26.532754"}
{"op_code":5,"worker_id":"8a2a8737-88a5-4d74-9d2a-856d76281552-137585638175872","trial_id":94,"param_name":"RANK_REGRESS","param_value_internal":35.0,"distribution":"{\"name\": \"IntDistribution\", \"attributes\": {\"log\": false, \"step\": 1, \"low\": 5, \"high\": 80}}"}
{"op_code":5,"worker_id":"8a2a8737-88a5-4d74-9d2a-856d76281552-137585638175872","trial_id":94,"param_name":"REG_W","param_value_internal":0.14755360274341806,"distribution":"{\"name\": \"FloatDistribution\", \"attributes\": {\"step\": null, \"low\": 1e-05, \"high\": 1000.0, \"log\": true}}"}
{"op_code":5,"worker_id":"8a2a8737-88a5-4d74-9d2a-856d76281552-137585638175872","trial_id":94,"param_name":"USE_RMS_SCALING","param_value_internal":0,"distribution":"{\"name\": \"CategoricalDistribution\", \"attributes\": {\"choices\": [true, false]}}"}
{"op_code":6,"worker_id":"041133be-6631-45ae-9713-cff26f2a001a-139904411194496","trial_id":69,"state":1,"values":[0.42581427647709824],"datetime_complete":"2026-04-30T05:33:12.454389"}
{"op_code":4,"worker_id":"041133be-6631-45ae-9713-cff26f2a001a-139904411194496","study_id":0,"datetime_start":"2026-04-30T05:33:12.545623"}
{"op_code":5,"worker_id":"041133be-6631-45ae-9713-cff26f2a001a-139904411194496","trial_id":95,"param_name":"RANK_REGRESS","param_value_internal":5.0,"distribution":"{\"name\": \"IntDistribution\", \"attributes\": {\"log\": false, \"step\": 1, \"low\": 5, \"high\": 80}}"}
{"op_code":5,"worker_id":"041133be-6631-45ae-9713-cff26f2a001a-139904411194496","trial_id":95,"param_name":"REG_W","param_value_internal":47.66867043243194,"distribution":"{\"name\": \"FloatDistribution\", \"attributes\": {\"step\": null, \"low\": 1e-05, \"high\": 1000.0, \"log\": true}}"}
{"op_code":5,"worker_id":"041133be-6631-45ae-9713-cff26f2a001a-139904411194496","trial_id":95,"param_name":"USE_RMS_SCALING","param_value_internal":0,"distribution":"{\"name\": \"CategoricalDistribution\", \"attributes\": {\"choices\": [true, false]}}"}
{"op_code":6,"worker_id":"f4fa9042-ac8c-468e-9de7-0934d940db0e-127317078815872","trial_id":72,"state":1,"values":[0.42581427647709824],"datetime_complete":"2026-04-30T05:34:20.167772"}
{"op_code":4,"worker_id":"f4fa9042-ac8c-468e-9de7-0934d940db0e-127317078815872","study_id":0,"datetime_start":"2026-04-30T05:34:20.345212"}
{"op_code":5,"worker_id":"f4fa9042-ac8c-468e-9de7-0934d940db0e-127317078815872","trial_id":96,"param_name":"RANK_REGRESS","param_value_internal":5.0,"distribution":"{\"name\": \"IntDistribution\", \"attributes\": {\"log\": false, \"step\": 1, \"low\": 5, \"high\": 80}}"}
{"op_code":5,"worker_id":"f4fa9042-ac8c-468e-9de7-0934d940db0e-127317078815872","trial_id":96,"param_name":"REG_W","param_value_internal":47.66867043243194,"distribution":"{\"name\": \"FloatDistribution\", \"attributes\": {\"step\": null, \"low\": 1e-05, \"high\": 1000.0, \"log\": true}}"}
{"op_code":5,"worker_id":"f4fa9042-ac8c-468e-9de7-0934d940db0e-127317078815872","trial_id":96,"param_name":"USE_RMS_SCALING","param_value_internal":0,"distribution":"{\"name\": \"CategoricalDistribution\", \"attributes\": {\"choices\": [true, false]}}"}
{"op_code":6,"worker_id":"a418dbd6-e5c7-4cc0-80a2-6c8b29f158d7-127996062987392","trial_id":70,"state":1,"values":[0.42581427647709824],"datetime_complete":"2026-04-30T05:35:42.950506"}
{"op_code":4,"worker_id":"a418dbd6-e5c7-4cc0-80a2-6c8b29f158d7-127996062987392","study_id":0,"datetime_start":"2026-04-30T05:35:43.014444"}
{"op_code":5,"worker_id":"a418dbd6-e5c7-4cc0-80a2-6c8b29f158d7-127996062987392","trial_id":97,"param_name":"RANK_REGRESS","param_value_internal":5.0,"distribution":"{\"name\": \"IntDistribution\", \"attributes\": {\"log\": false, \"step\": 1, \"low\": 5, \"high\": 80}}"}
{"op_code":5,"worker_id":"a418dbd6-e5c7-4cc0-80a2-6c8b29f158d7-127996062987392","trial_id":97,"param_name":"REG_W","param_value_internal":49.68182598407164,"distribution":"{\"name\": \"FloatDistribution\", \"attributes\": {\"step\": null, \"low\": 1e-05, \"high\": 1000.0, \"log\": true}}"}
{"op_code":5,"worker_id":"a418dbd6-e5c7-4cc0-80a2-6c8b29f158d7-127996062987392","trial_id":97,"param_name":"USE_RMS_SCALING","param_value_internal":0,"distribution":"{\"name\": \"CategoricalDistribution\", \"attributes\": {\"choices\": [true, false]}}"}
{"op_code":6,"worker_id":"cd22cea5-6dfd-4553-a14c-3c4b3cd7dfaa-133097283654784","trial_id":67,"state":1,"values":[0.42581427647709824],"datetime_complete":"2026-04-30T05:36:30.554367"}
{"op_code":4,"worker_id":"cd22cea5-6dfd-4553-a14c-3c4b3cd7dfaa-133097283654784","study_id":0,"datetime_start":"2026-04-30T05:36:30.766869"}
{"op_code":5,"worker_id":"cd22cea5-6dfd-4553-a14c-3c4b3cd7dfaa-133097283654784","trial_id":98,"param_name":"RANK_REGRESS","param_value_internal":5.0,"distribution":"{\"name\": \"IntDistribution\", \"attributes\": {\"log\": false, \"step\": 1, \"low\": 5, \"high\": 80}}"}
{"op_code":5,"worker_id":"cd22cea5-6dfd-4553-a14c-3c4b3cd7dfaa-133097283654784","trial_id":98,"param_name":"REG_W","param_value_internal":49.68182598407164,"distribution":"{\"name\": \"FloatDistribution\", \"attributes\": {\"step\": null, \"low\": 1e-05, \"high\": 1000.0, \"log\": true}}"}
{"op_code":5,"worker_id":"cd22cea5-6dfd-4553-a14c-3c4b3cd7dfaa-133097283654784","trial_id":98,"param_name":"USE_RMS_SCALING","param_value_internal":0,"distribution":"{\"name\": \"CategoricalDistribution\", \"attributes\": {\"choices\": [true, false]}}"}
{"op_code":6,"worker_id":"bbfead14-20b0-477b-a17b-93d21a8bf0b1-130531178562688","trial_id":56,"state":1,"values":[0.05862565481887668],"datetime_complete":"2026-04-30T05:38:40.590056"}
{"op_code":4,"worker_id":"bbfead14-20b0-477b-a17b-93d21a8bf0b1-130531178562688","study_id":0,"datetime_start":"2026-04-30T05:38:40.671816"}
{"op_code":5,"worker_id":"bbfead14-20b0-477b-a17b-93d21a8bf0b1-130531178562688","trial_id":99,"param_name":"RANK_REGRESS","param_value_internal":5.0,"distribution":"{\"name\": \"IntDistribution\", \"attributes\": {\"log\": false, \"step\": 1, \"low\": 5, \"high\": 80}}"}
{"op_code":5,"worker_id":"bbfead14-20b0-477b-a17b-93d21a8bf0b1-130531178562688","trial_id":99,"param_name":"REG_W","param_value_internal":49.68182598407164,"distribution":"{\"name\": \"FloatDistribution\", \"attributes\": {\"step\": null, \"low\": 1e-05, \"high\": 1000.0, \"log\": true}}"}
{"op_code":5,"worker_id":"bbfead14-20b0-477b-a17b-93d21a8bf0b1-130531178562688","trial_id":99,"param_name":"USE_RMS_SCALING","param_value_internal":0,"distribution":"{\"name\": \"CategoricalDistribution\", \"attributes\": {\"choices\": [true, false]}}"}
{"op_code":6,"worker_id":"34e2108c-6e49-41d6-a91d-a68ba5ac2a0a-138427737789568","trial_id":68,"state":1,"values":[0.42581427647709824],"datetime_complete":"2026-04-30T05:40:04.062567"}
{"op_code":4,"worker_id":"34e2108c-6e49-41d6-a91d-a68ba5ac2a0a-138427737789568","study_id":0,"datetime_start":"2026-04-30T05:40:04.123740"}
{"op_code":5,"worker_id":"34e2108c-6e49-41d6-a91d-a68ba5ac2a0a-138427737789568","trial_id":100,"param_name":"RANK_REGRESS","param_value_internal":5.0,"distribution":"{\"name\": \"IntDistribution\", \"attributes\": {\"log\": false, \"step\": 1, \"low\": 5, \"high\": 80}}"}
{"op_code":5,"worker_id":"34e2108c-6e49-41d6-a91d-a68ba5ac2a0a-138427737789568","trial_id":100,"param_name":"REG_W","param_value_internal":49.68182598407164,"distribution":"{\"name\": \"FloatDistribution\", \"attributes\": {\"step\": null, \"low\": 1e-05, \"high\": 1000.0, \"log\": true}}"}
{"op_code":5,"worker_id":"34e2108c-6e49-41d6-a91d-a68ba5ac2a0a-138427737789568","trial_id":100,"param_name":"USE_RMS_SCALING","param_value_internal":0,"distribution":"{\"name\": \"CategoricalDistribution\", \"attributes\": {\"choices\": [true, false]}}"}
{"op_code":6,"worker_id":"0ce998c9-3d2c-477e-8fc6-82ecaec3d92b-129877644698752","trial_id":45,"state":1,"values":[0.7318296596109586],"datetime_complete":"2026-04-30T05:40:16.645446"}
{"op_code":4,"worker_id":"0ce998c9-3d2c-477e-8fc6-82ecaec3d92b-129877644698752","study_id":0,"datetime_start":"2026-04-30T05:40:16.831481"}
{"op_code":5,"worker_id":"0ce998c9-3d2c-477e-8fc6-82ecaec3d92b-129877644698752","trial_id":101,"param_name":"RANK_REGRESS","param_value_internal":34.0,"distribution":"{\"name\": \"IntDistribution\", \"attributes\": {\"log\": false, \"step\": 1, \"low\": 5, \"high\": 80}}"}
{"op_code":5,"worker_id":"0ce998c9-3d2c-477e-8fc6-82ecaec3d92b-129877644698752","trial_id":101,"param_name":"REG_W","param_value_internal":0.18170246238253773,"distribution":"{\"name\": \"FloatDistribution\", \"attributes\": {\"step\": null, \"low\": 1e-05, \"high\": 1000.0, \"log\": true}}"}
{"op_code":5,"worker_id":"0ce998c9-3d2c-477e-8fc6-82ecaec3d92b-129877644698752","trial_id":101,"param_name":"USE_RMS_SCALING","param_value_internal":0,"distribution":"{\"name\": \"CategoricalDistribution\", \"attributes\": {\"choices\": [true, false]}}"}
{"op_code":6,"worker_id":"ac025d52-9db5-45d7-9ae7-5ae79981d438-125395770553472","trial_id":71,"state":1,"values":[0.42581427647709824],"datetime_complete":"2026-04-30T05:41:20.705838"}
{"op_code":4,"worker_id":"ac025d52-9db5-45d7-9ae7-5ae79981d438-125395770553472","study_id":0,"datetime_start":"2026-04-30T05:41:20.781711"}
{"op_code":5,"worker_id":"ac025d52-9db5-45d7-9ae7-5ae79981d438-125395770553472","trial_id":102,"param_name":"RANK_REGRESS","param_value_internal":5.0,"distribution":"{\"name\": \"IntDistribution\", \"attributes\": {\"log\": false, \"step\": 1, \"low\": 5, \"high\": 80}}"}
{"op_code":5,"worker_id":"ac025d52-9db5-45d7-9ae7-5ae79981d438-125395770553472","trial_id":102,"param_name":"REG_W","param_value_internal":49.68182598407164,"distribution":"{\"name\": \"FloatDistribution\", \"attributes\": {\"step\": null, \"low\": 1e-05, \"high\": 1000.0, \"log\": true}}"}
{"op_code":5,"worker_id":"ac025d52-9db5-45d7-9ae7-5ae79981d438-125395770553472","trial_id":102,"param_name":"USE_RMS_SCALING","param_value_internal":0,"distribution":"{\"name\": \"CategoricalDistribution\", \"attributes\": {\"choices\": [true, false]}}"}
{"op_code":6,"worker_id":"d5df7c03-1c1b-4c62-90ea-ef58e5d72d04-133686019179648","trial_id":84,"state":1,"values":[0.7318296596109586],"datetime_complete":"2026-04-30T05:45:10.924678"}
{"op_code":4,"worker_id":"d5df7c03-1c1b-4c62-90ea-ef58e5d72d04-133686019179648","study_id":0,"datetime_start":"2026-04-30T05:45:10.988407"}
{"op_code":5,"worker_id":"d5df7c03-1c1b-4c62-90ea-ef58e5d72d04-133686019179648","trial_id":103,"param_name":"RANK_REGRESS","param_value_internal":60.0,"distribution":"{\"name\": \"IntDistribution\", \"attributes\": {\"log\": false, \"step\": 1, \"low\": 5, \"high\": 80}}"}
{"op_code":5,"worker_id":"d5df7c03-1c1b-4c62-90ea-ef58e5d72d04-133686019179648","trial_id":103,"param_name":"REG_W","param_value_internal":1.3233378038466797,"distribution":"{\"name\": \"FloatDistribution\", \"attributes\": {\"step\": null, \"low\": 1e-05, \"high\": 1000.0, \"log\": true}}"}
{"op_code":5,"worker_id":"d5df7c03-1c1b-4c62-90ea-ef58e5d72d04-133686019179648","trial_id":103,"param_name":"USE_RMS_SCALING","param_value_internal":0,"distribution":"{\"name\": \"CategoricalDistribution\", \"attributes\": {\"choices\": [true, false]}}"}
{"op_code":6,"worker_id":"e8ee7297-7fc8-403c-b3cd-7f7ea71a07d2-130888065901696","trial_id":73,"state":1,"values":[0.42581427647709824],"datetime_complete":"2026-04-30T05:46:32.549097"}
{"op_code":4,"worker_id":"e8ee7297-7fc8-403c-b3cd-7f7ea71a07d2-130888065901696","study_id":0,"datetime_start":"2026-04-30T05:46:32.729399"}
{"op_code":5,"worker_id":"e8ee7297-7fc8-403c-b3cd-7f7ea71a07d2-130888065901696","trial_id":104,"param_name":"RANK_REGRESS","param_value_internal":45.0,"distribution":"{\"name\": \"IntDistribution\", \"attributes\": {\"log\": false, \"step\": 1, \"low\": 5, \"high\": 80}}"}
{"op_code":5,"worker_id":"e8ee7297-7fc8-403c-b3cd-7f7ea71a07d2-130888065901696","trial_id":104,"param_name":"REG_W","param_value_internal":0.26550622592866896,"distribution":"{\"name\": \"FloatDistribution\", \"attributes\": {\"step\": null, \"low\": 1e-05, \"high\": 1000.0, \"log\": true}}"}
{"op_code":5,"worker_id":"e8ee7297-7fc8-403c-b3cd-7f7ea71a07d2-130888065901696","trial_id":104,"param_name":"USE_RMS_SCALING","param_value_internal":1,"distribution":"{\"name\": \"CategoricalDistribution\", \"attributes\": {\"choices\": [true, false]}}"}
{"op_code":6,"worker_id":"8e9073e0-70d6-41aa-b0e6-2597ce58c87c-127044424631424","trial_id":78,"state":1,"values":[0.7318296596109586],"datetime_complete":"2026-04-30T05:47:03.570619"}
{"op_code":4,"worker_id":"8e9073e0-70d6-41aa-b0e6-2597ce58c87c-127044424631424","study_id":0,"datetime_start":"2026-04-30T05:47:03.659167"}
{"op_code":5,"worker_id":"8e9073e0-70d6-41aa-b0e6-2597ce58c87c-127044424631424","trial_id":105,"param_name":"RANK_REGRESS","param_value_internal":60.0,"distribution":"{\"name\": \"IntDistribution\", \"attributes\": {\"log\": false, \"step\": 1, \"low\": 5, \"high\": 80}}"}
{"op_code":5,"worker_id":"8e9073e0-70d6-41aa-b0e6-2597ce58c87c-127044424631424","trial_id":105,"param_name":"REG_W","param_value_internal":1.3233378038466797,"distribution":"{\"name\": \"FloatDistribution\", \"attributes\": {\"step\": null, \"low\": 1e-05, \"high\": 1000.0, \"log\": true}}"}
{"op_code":5,"worker_id":"8e9073e0-70d6-41aa-b0e6-2597ce58c87c-127044424631424","trial_id":105,"param_name":"USE_RMS_SCALING","param_value_internal":0,"distribution":"{\"name\": \"CategoricalDistribution\", \"attributes\": {\"choices\": [true, false]}}"}
{"op_code":6,"worker_id":"5e1b4e05-2510-472a-a8c8-3e5befbdf43f-137450313028736","trial_id":47,"state":1,"values":[0.7318296596109586],"datetime_complete":"2026-04-30T05:49:23.001056"}
{"op_code":4,"worker_id":"5e1b4e05-2510-472a-a8c8-3e5befbdf43f-137450313028736","study_id":0,"datetime_start":"2026-04-30T05:49:23.093841"}
{"op_code":5,"worker_id":"5e1b4e05-2510-472a-a8c8-3e5befbdf43f-137450313028736","trial_id":106,"param_name":"RANK_REGRESS","param_value_internal":34.0,"distribution":"{\"name\": \"IntDistribution\", \"attributes\": {\"log\": false, \"step\": 1, \"low\": 5, \"high\": 80}}"}
{"op_code":5,"worker_id":"5e1b4e05-2510-472a-a8c8-3e5befbdf43f-137450313028736","trial_id":106,"param_name":"REG_W","param_value_internal":0.18170246238253773,"distribution":"{\"name\": \"FloatDistribution\", \"attributes\": {\"step\": null, \"low\": 1e-05, \"high\": 1000.0, \"log\": true}}"}
{"op_code":5,"worker_id":"5e1b4e05-2510-472a-a8c8-3e5befbdf43f-137450313028736","trial_id":106,"param_name":"USE_RMS_SCALING","param_value_internal":0,"distribution":"{\"name\": \"CategoricalDistribution\", \"attributes\": {\"choices\": [true, false]}}"}
{"op_code":6,"worker_id":"4cd1fbae-2000-41d0-a28b-e6b7373734c2-132155829437568","trial_id":82,"state":1,"values":[0.7318296596109586],"datetime_complete":"2026-04-30T05:50:09.196314"}
{"op_code":4,"worker_id":"4cd1fbae-2000-41d0-a28b-e6b7373734c2-132155829437568","study_id":0,"datetime_start":"2026-04-30T05:50:09.391271"}
{"op_code":5,"worker_id":"4cd1fbae-2000-41d0-a28b-e6b7373734c2-132155829437568","trial_id":107,"param_name":"RANK_REGRESS","param_value_internal":60.0,"distribution":"{\"name\": \"IntDistribution\", \"attributes\": {\"log\": false, \"step\": 1, \"low\": 5, \"high\": 80}}"}
{"op_code":5,"worker_id":"4cd1fbae-2000-41d0-a28b-e6b7373734c2-132155829437568","trial_id":107,"param_name":"REG_W","param_value_internal":1.506470058487241,"distribution":"{\"name\": \"FloatDistribution\", \"attributes\": {\"step\": null, \"low\": 1e-05, \"high\": 1000.0, \"log\": true}}"}
{"op_code":5,"worker_id":"4cd1fbae-2000-41d0-a28b-e6b7373734c2-132155829437568","trial_id":107,"param_name":"USE_RMS_SCALING","param_value_internal":0,"distribution":"{\"name\": \"CategoricalDistribution\", \"attributes\": {\"choices\": [true, false]}}"}
{"op_code":6,"worker_id":"193bb805-bc39-4d5e-99fd-e32773c899cb-134018476348544","trial_id":46,"state":1,"values":[0.7318296596109586],"datetime_complete":"2026-04-30T05:51:12.222950"}
{"op_code":4,"worker_id":"193bb805-bc39-4d5e-99fd-e32773c899cb-134018476348544","study_id":0,"datetime_start":"2026-04-30T05:51:12.277638"}
{"op_code":5,"worker_id":"193bb805-bc39-4d5e-99fd-e32773c899cb-134018476348544","trial_id":108,"param_name":"RANK_REGRESS","param_value_internal":34.0,"distribution":"{\"name\": \"IntDistribution\", \"attributes\": {\"log\": false, \"step\": 1, \"low\": 5, \"high\": 80}}"}
{"op_code":5,"worker_id":"193bb805-bc39-4d5e-99fd-e32773c899cb-134018476348544","trial_id":108,"param_name":"REG_W","param_value_internal":0.21576200056172357,"distribution":"{\"name\": \"FloatDistribution\", \"attributes\": {\"step\": null, \"low\": 1e-05, \"high\": 1000.0, \"log\": true}}"}
{"op_code":5,"worker_id":"193bb805-bc39-4d5e-99fd-e32773c899cb-134018476348544","trial_id":108,"param_name":"USE_RMS_SCALING","param_value_internal":0,"distribution":"{\"name\": \"CategoricalDistribution\", \"attributes\": {\"choices\": [true, false]}}"}
{"op_code":6,"worker_id":"0ca0ba40-da08-4348-8714-4368f91c5ed1-125818672972928","trial_id":44,"state":1,"values":[0.7318296596109586],"datetime_complete":"2026-04-30T05:52:43.523440"}
{"op_code":4,"worker_id":"0ca0ba40-da08-4348-8714-4368f91c5ed1-125818672972928","study_id":0,"datetime_start":"2026-04-30T05:52:43.608686"}
{"op_code":5,"worker_id":"0ca0ba40-da08-4348-8714-4368f91c5ed1-125818672972928","trial_id":109,"param_name":"RANK_REGRESS","param_value_internal":34.0,"distribution":"{\"name\": \"IntDistribution\", \"attributes\": {\"log\": false, \"step\": 1, \"low\": 5, \"high\": 80}}"}
{"op_code":5,"worker_id":"0ca0ba40-da08-4348-8714-4368f91c5ed1-125818672972928","trial_id":109,"param_name":"REG_W","param_value_internal":0.21576200056172357,"distribution":"{\"name\": \"FloatDistribution\", \"attributes\": {\"step\": null, \"low\": 1e-05, \"high\": 1000.0, \"log\": true}}"}
{"op_code":5,"worker_id":"0ca0ba40-da08-4348-8714-4368f91c5ed1-125818672972928","trial_id":109,"param_name":"USE_RMS_SCALING","param_value_internal":0,"distribution":"{\"name\": \"CategoricalDistribution\", \"attributes\": {\"choices\": [true, false]}}"}
{"op_code":6,"worker_id":"7fe77bc7-280a-402b-9800-272a91ea8269-134891878597760","trial_id":42,"state":1,"values":[0.7318296596109586],"datetime_complete":"2026-04-30T05:54:41.437223"}
{"op_code":4,"worker_id":"7fe77bc7-280a-402b-9800-272a91ea8269-134891878597760","study_id":0,"datetime_start":"2026-04-30T05:54:41.507762"}
{"op_code":5,"worker_id":"7fe77bc7-280a-402b-9800-272a91ea8269-134891878597760","trial_id":110,"param_name":"RANK_REGRESS","param_value_internal":34.0,"distribution":"{\"name\": \"IntDistribution\", \"attributes\": {\"log\": false, \"step\": 1, \"low\": 5, \"high\": 80}}"}
{"op_code":5,"worker_id":"7fe77bc7-280a-402b-9800-272a91ea8269-134891878597760","trial_id":110,"param_name":"REG_W","param_value_internal":0.21576200056172357,"distribution":"{\"name\": \"FloatDistribution\", \"attributes\": {\"step\": null, \"low\": 1e-05, \"high\": 1000.0, \"log\": true}}"}
{"op_code":5,"worker_id":"7fe77bc7-280a-402b-9800-272a91ea8269-134891878597760","trial_id":110,"param_name":"USE_RMS_SCALING","param_value_internal":0,"distribution":"{\"name\": \"CategoricalDistribution\", \"attributes\": {\"choices\": [true, false]}}"}
{"op_code":6,"worker_id":"f9dea5bf-05a3-43c9-a878-5d185a9052c2-124013140247680","trial_id":92,"state":1,"values":[0.7318296596109586],"datetime_complete":"2026-04-30T05:55:05.958175"}
{"op_code":4,"worker_id":"f9dea5bf-05a3-43c9-a878-5d185a9052c2-124013140247680","study_id":0,"datetime_start":"2026-04-30T05:55:06.144049"}
{"op_code":5,"worker_id":"f9dea5bf-05a3-43c9-a878-5d185a9052c2-124013140247680","trial_id":111,"param_name":"RANK_REGRESS","param_value_internal":60.0,"distribution":"{\"name\": \"IntDistribution\", \"attributes\": {\"log\": false, \"step\": 1, \"low\": 5, \"high\": 80}}"}
{"op_code":5,"worker_id":"f9dea5bf-05a3-43c9-a878-5d185a9052c2-124013140247680","trial_id":111,"param_name":"REG_W","param_value_internal":1.506470058487241,"distribution":"{\"name\": \"FloatDistribution\", \"attributes\": {\"step\": null, \"low\": 1e-05, \"high\": 1000.0, \"log\": true}}"}
{"op_code":5,"worker_id":"f9dea5bf-05a3-43c9-a878-5d185a9052c2-124013140247680","trial_id":111,"param_name":"USE_RMS_SCALING","param_value_internal":0,"distribution":"{\"name\": \"CategoricalDistribution\", \"attributes\": {\"choices\": [true, false]}}"}
{"op_code":6,"worker_id":"ca374613-08a6-410e-bb49-b6b4415f82fb-134597024961664","trial_id":90,"state":1,"values":[0.7318296596109586],"datetime_complete":"2026-04-30T05:56:46.691281"}
{"op_code":4,"worker_id":"ca374613-08a6-410e-bb49-b6b4415f82fb-134597024961664","study_id":0,"datetime_start":"2026-04-30T05:56:46.755236"}
{"op_code":5,"worker_id":"ca374613-08a6-410e-bb49-b6b4415f82fb-134597024961664","trial_id":112,"param_name":"RANK_REGRESS","param_value_internal":60.0,"distribution":"{\"name\": \"IntDistribution\", \"attributes\": {\"log\": false, \"step\": 1, \"low\": 5, \"high\": 80}}"}
{"op_code":5,"worker_id":"ca374613-08a6-410e-bb49-b6b4415f82fb-134597024961664","trial_id":112,"param_name":"REG_W","param_value_internal":1.506470058487241,"distribution":"{\"name\": \"FloatDistribution\", \"attributes\": {\"step\": null, \"low\": 1e-05, \"high\": 1000.0, \"log\": true}}"}
{"op_code":5,"worker_id":"ca374613-08a6-410e-bb49-b6b4415f82fb-134597024961664","trial_id":112,"param_name":"USE_RMS_SCALING","param_value_internal":0,"distribution":"{\"name\": \"CategoricalDistribution\", \"attributes\": {\"choices\": [true, false]}}"}
{"op_code":6,"worker_id":"2b2f0957-d8a2-4b9b-bb95-7258e6f89134-139417485669504","trial_id":91,"state":1,"values":[0.7318296596109586],"datetime_complete":"2026-04-30T05:58:45.701374"}
{"op_code":4,"worker_id":"2b2f0957-d8a2-4b9b-bb95-7258e6f89134-139417485669504","study_id":0,"datetime_start":"2026-04-30T05:58:45.795214"}
{"op_code":5,"worker_id":"2b2f0957-d8a2-4b9b-bb95-7258e6f89134-139417485669504","trial_id":113,"param_name":"RANK_REGRESS","param_value_internal":60.0,"distribution":"{\"name\": \"IntDistribution\", \"attributes\": {\"log\": false, \"step\": 1, \"low\": 5, \"high\": 80}}"}
{"op_code":5,"worker_id":"2b2f0957-d8a2-4b9b-bb95-7258e6f89134-139417485669504","trial_id":113,"param_name":"REG_W","param_value_internal":1.506470058487241,"distribution":"{\"name\": \"FloatDistribution\", \"attributes\": {\"step\": null, \"low\": 1e-05, \"high\": 1000.0, \"log\": true}}"}
{"op_code":5,"worker_id":"2b2f0957-d8a2-4b9b-bb95-7258e6f89134-139417485669504","trial_id":113,"param_name":"USE_RMS_SCALING","param_value_internal":0,"distribution":"{\"name\": \"CategoricalDistribution\", \"attributes\": {\"choices\": [true, false]}}"}
{"op_code":6,"worker_id":"90ff1562-832b-4fd8-88ed-0fc6b2201b11-125201594471552","trial_id":43,"state":1,"values":[0.7318296596109586],"datetime_complete":"2026-04-30T05:59:32.078904"}
{"op_code":4,"worker_id":"90ff1562-832b-4fd8-88ed-0fc6b2201b11-125201594471552","study_id":0,"datetime_start":"2026-04-30T05:59:32.268271"}
{"op_code":5,"worker_id":"90ff1562-832b-4fd8-88ed-0fc6b2201b11-125201594471552","trial_id":114,"param_name":"RANK_REGRESS","param_value_internal":34.0,"distribution":"{\"name\": \"IntDistribution\", \"attributes\": {\"log\": false, \"step\": 1, \"low\": 5, \"high\": 80}}"}
{"op_code":5,"worker_id":"90ff1562-832b-4fd8-88ed-0fc6b2201b11-125201594471552","trial_id":114,"param_name":"REG_W","param_value_internal":0.21576200056172357,"distribution":"{\"name\": \"FloatDistribution\", \"attributes\": {\"step\": null, \"low\": 1e-05, \"high\": 1000.0, \"log\": true}}"}
{"op_code":5,"worker_id":"90ff1562-832b-4fd8-88ed-0fc6b2201b11-125201594471552","trial_id":114,"param_name":"USE_RMS_SCALING","param_value_internal":0,"distribution":"{\"name\": \"CategoricalDistribution\", \"attributes\": {\"choices\": [true, false]}}"}
{"op_code":6,"worker_id":"92f3ee7b-1cec-42eb-985a-954ae8e9f684-135075579503744","trial_id":86,"state":1,"values":[0.7318296596109586],"datetime_complete":"2026-04-30T06:00:42.112600"}
{"op_code":4,"worker_id":"92f3ee7b-1cec-42eb-985a-954ae8e9f684-135075579503744","study_id":0,"datetime_start":"2026-04-30T06:00:42.197662"}
{"op_code":5,"worker_id":"92f3ee7b-1cec-42eb-985a-954ae8e9f684-135075579503744","trial_id":115,"param_name":"RANK_REGRESS","param_value_internal":60.0,"distribution":"{\"name\": \"IntDistribution\", \"attributes\": {\"log\": false, \"step\": 1, \"low\": 5, \"high\": 80}}"}
{"op_code":5,"worker_id":"92f3ee7b-1cec-42eb-985a-954ae8e9f684-135075579503744","trial_id":115,"param_name":"REG_W","param_value_internal":1.506470058487241,"distribution":"{\"name\": \"FloatDistribution\", \"attributes\": {\"step\": null, \"low\": 1e-05, \"high\": 1000.0, \"log\": true}}"}
{"op_code":5,"worker_id":"92f3ee7b-1cec-42eb-985a-954ae8e9f684-135075579503744","trial_id":115,"param_name":"USE_RMS_SCALING","param_value_internal":0,"distribution":"{\"name\": \"CategoricalDistribution\", \"attributes\": {\"choices\": [true, false]}}"}
{"op_code":6,"worker_id":"16f53399-56bd-4c43-b6cb-5a84cccb4656-127383887004800","trial_id":93,"state":1,"values":[0.7318296596109586],"datetime_complete":"2026-04-30T06:04:33.329824"}
{"op_code":4,"worker_id":"16f53399-56bd-4c43-b6cb-5a84cccb4656-127383887004800","study_id":0,"datetime_start":"2026-04-30T06:04:33.391240"}
{"op_code":5,"worker_id":"16f53399-56bd-4c43-b6cb-5a84cccb4656-127383887004800","trial_id":116,"param_name":"RANK_REGRESS","param_value_internal":60.0,"distribution":"{\"name\": \"IntDistribution\", \"attributes\": {\"log\": false, \"step\": 1, \"low\": 5, \"high\": 80}}"}
{"op_code":5,"worker_id":"16f53399-56bd-4c43-b6cb-5a84cccb4656-127383887004800","trial_id":116,"param_name":"REG_W","param_value_internal":1.506470058487241,"distribution":"{\"name\": \"FloatDistribution\", \"attributes\": {\"step\": null, \"low\": 1e-05, \"high\": 1000.0, \"log\": true}}"}
{"op_code":5,"worker_id":"16f53399-56bd-4c43-b6cb-5a84cccb4656-127383887004800","trial_id":116,"param_name":"USE_RMS_SCALING","param_value_internal":0,"distribution":"{\"name\": \"CategoricalDistribution\", \"attributes\": {\"choices\": [true, false]}}"}
{"op_code":6,"worker_id":"041133be-6631-45ae-9713-cff26f2a001a-139904411194496","trial_id":95,"state":1,"values":[0.7318296596109586],"datetime_complete":"2026-04-30T06:17:23.546385"}
{"op_code":4,"worker_id":"041133be-6631-45ae-9713-cff26f2a001a-139904411194496","study_id":0,"datetime_start":"2026-04-30T06:17:23.615070"}
{"op_code":5,"worker_id":"041133be-6631-45ae-9713-cff26f2a001a-139904411194496","trial_id":117,"param_name":"RANK_REGRESS","param_value_internal":59.0,"distribution":"{\"name\": \"IntDistribution\", \"attributes\": {\"log\": false, \"step\": 1, \"low\": 5, \"high\": 80}}"}
{"op_code":5,"worker_id":"041133be-6631-45ae-9713-cff26f2a001a-139904411194496","trial_id":117,"param_name":"REG_W","param_value_internal":1.6815834814637576,"distribution":"{\"name\": \"FloatDistribution\", \"attributes\": {\"step\": null, \"low\": 1e-05, \"high\": 1000.0, \"log\": true}}"}
{"op_code":5,"worker_id":"041133be-6631-45ae-9713-cff26f2a001a-139904411194496","trial_id":117,"param_name":"USE_RMS_SCALING","param_value_internal":0,"distribution":"{\"name\": \"CategoricalDistribution\", \"attributes\": {\"choices\": [true, false]}}"}
{"op_code":6,"worker_id":"f4fa9042-ac8c-468e-9de7-0934d940db0e-127317078815872","trial_id":96,"state":1,"values":[0.7318296596109586],"datetime_complete":"2026-04-30T06:18:43.843972"}
{"op_code":4,"worker_id":"f4fa9042-ac8c-468e-9de7-0934d940db0e-127317078815872","study_id":0,"datetime_start":"2026-04-30T06:18:44.031531"}
{"op_code":5,"worker_id":"f4fa9042-ac8c-468e-9de7-0934d940db0e-127317078815872","trial_id":118,"param_name":"RANK_REGRESS","param_value_internal":59.0,"distribution":"{\"name\": \"IntDistribution\", \"attributes\": {\"log\": false, \"step\": 1, \"low\": 5, \"high\": 80}}"}
{"op_code":5,"worker_id":"f4fa9042-ac8c-468e-9de7-0934d940db0e-127317078815872","trial_id":118,"param_name":"REG_W","param_value_internal":1.6815834814637576,"distribution":"{\"name\": \"FloatDistribution\", \"attributes\": {\"step\": null, \"low\": 1e-05, \"high\": 1000.0, \"log\": true}}"}
{"op_code":5,"worker_id":"f4fa9042-ac8c-468e-9de7-0934d940db0e-127317078815872","trial_id":118,"param_name":"USE_RMS_SCALING","param_value_internal":0,"distribution":"{\"name\": \"CategoricalDistribution\", \"attributes\": {\"choices\": [true, false]}}"}
{"op_code":6,"worker_id":"a418dbd6-e5c7-4cc0-80a2-6c8b29f158d7-127996062987392","trial_id":97,"state":1,"values":[0.7318296596109586],"datetime_complete":"2026-04-30T06:19:57.298913"}
{"op_code":4,"worker_id":"a418dbd6-e5c7-4cc0-80a2-6c8b29f158d7-127996062987392","study_id":0,"datetime_start":"2026-04-30T06:19:57.405261"}
{"op_code":5,"worker_id":"a418dbd6-e5c7-4cc0-80a2-6c8b29f158d7-127996062987392","trial_id":119,"param_name":"RANK_REGRESS","param_value_internal":59.0,"distribution":"{\"name\": \"IntDistribution\", \"attributes\": {\"log\": false, \"step\": 1, \"low\": 5, \"high\": 80}}"}
{"op_code":5,"worker_id":"a418dbd6-e5c7-4cc0-80a2-6c8b29f158d7-127996062987392","trial_id":119,"param_name":"REG_W","param_value_internal":1.6815834814637576,"distribution":"{\"name\": \"FloatDistribution\", \"attributes\": {\"step\": null, \"low\": 1e-05, \"high\": 1000.0, \"log\": true}}"}
{"op_code":5,"worker_id":"a418dbd6-e5c7-4cc0-80a2-6c8b29f158d7-127996062987392","trial_id":119,"param_name":"USE_RMS_SCALING","param_value_internal":0,"distribution":"{\"name\": \"CategoricalDistribution\", \"attributes\": {\"choices\": [true, false]}}"}
{"op_code":6,"worker_id":"bbfead14-20b0-477b-a17b-93d21a8bf0b1-130531178562688","trial_id":99,"state":1,"values":[0.7318296596109586],"datetime_complete":"2026-04-30T06:22:56.990330"}
{"op_code":4,"worker_id":"bbfead14-20b0-477b-a17b-93d21a8bf0b1-130531178562688","study_id":0,"datetime_start":"2026-04-30T06:22:57.060429"}
{"op_code":5,"worker_id":"bbfead14-20b0-477b-a17b-93d21a8bf0b1-130531178562688","trial_id":120,"param_name":"RANK_REGRESS","param_value_internal":59.0,"distribution":"{\"name\": \"IntDistribution\", \"attributes\": {\"log\": false, \"step\": 1, \"low\": 5, \"high\": 80}}"}
{"op_code":5,"worker_id":"bbfead14-20b0-477b-a17b-93d21a8bf0b1-130531178562688","trial_id":120,"param_name":"REG_W","param_value_internal":1.6815834814637576,"distribution":"{\"name\": \"FloatDistribution\", \"attributes\": {\"step\": null, \"low\": 1e-05, \"high\": 1000.0, \"log\": true}}"}
{"op_code":5,"worker_id":"bbfead14-20b0-477b-a17b-93d21a8bf0b1-130531178562688","trial_id":120,"param_name":"USE_RMS_SCALING","param_value_internal":0,"distribution":"{\"name\": \"CategoricalDistribution\", \"attributes\": {\"choices\": [true, false]}}"}
{"op_code":6,"worker_id":"cd22cea5-6dfd-4553-a14c-3c4b3cd7dfaa-133097283654784","trial_id":98,"state":1,"values":[0.7318296596109586],"datetime_complete":"2026-04-30T06:27:05.651320"}
{"op_code":4,"worker_id":"cd22cea5-6dfd-4553-a14c-3c4b3cd7dfaa-133097283654784","study_id":0,"datetime_start":"2026-04-30T06:27:05.738206"}
{"op_code":5,"worker_id":"cd22cea5-6dfd-4553-a14c-3c4b3cd7dfaa-133097283654784","trial_id":121,"param_name":"RANK_REGRESS","param_value_internal":59.0,"distribution":"{\"name\": \"IntDistribution\", \"attributes\": {\"log\": false, \"step\": 1, \"low\": 5, \"high\": 80}}"}
{"op_code":5,"worker_id":"cd22cea5-6dfd-4553-a14c-3c4b3cd7dfaa-133097283654784","trial_id":121,"param_name":"REG_W","param_value_internal":1.6815834814637576,"distribution":"{\"name\": \"FloatDistribution\", \"attributes\": {\"step\": null, \"low\": 1e-05, \"high\": 1000.0, \"log\": true}}"}
{"op_code":5,"worker_id":"cd22cea5-6dfd-4553-a14c-3c4b3cd7dfaa-133097283654784","trial_id":121,"param_name":"USE_RMS_SCALING","param_value_internal":0,"distribution":"{\"name\": \"CategoricalDistribution\", \"attributes\": {\"choices\": [true, false]}}"}
{"op_code":6,"worker_id":"34e2108c-6e49-41d6-a91d-a68ba5ac2a0a-138427737789568","trial_id":100,"state":1,"values":[0.7318296596109586],"datetime_complete":"2026-04-30T06:29:28.805011"}
{"op_code":4,"worker_id":"34e2108c-6e49-41d6-a91d-a68ba5ac2a0a-138427737789568","study_id":0,"datetime_start":"2026-04-30T06:29:28.869654"}
{"op_code":5,"worker_id":"34e2108c-6e49-41d6-a91d-a68ba5ac2a0a-138427737789568","trial_id":122,"param_name":"RANK_REGRESS","param_value_internal":59.0,"distribution":"{\"name\": \"IntDistribution\", \"attributes\": {\"log\": false, \"step\": 1, \"low\": 5, \"high\": 80}}"}
{"op_code":5,"worker_id":"34e2108c-6e49-41d6-a91d-a68ba5ac2a0a-138427737789568","trial_id":122,"param_name":"REG_W","param_value_internal":1.6815834814637576,"distribution":"{\"name\": \"FloatDistribution\", \"attributes\": {\"step\": null, \"low\": 1e-05, \"high\": 1000.0, \"log\": true}}"}
{"op_code":5,"worker_id":"34e2108c-6e49-41d6-a91d-a68ba5ac2a0a-138427737789568","trial_id":122,"param_name":"USE_RMS_SCALING","param_value_internal":0,"distribution":"{\"name\": \"CategoricalDistribution\", \"attributes\": {\"choices\": [true, false]}}"}
{"op_code":6,"worker_id":"ac025d52-9db5-45d7-9ae7-5ae79981d438-125395770553472","trial_id":102,"state":1,"values":[0.7318296596109586],"datetime_complete":"2026-04-30T06:29:57.828760"}
{"op_code":4,"worker_id":"ac025d52-9db5-45d7-9ae7-5ae79981d438-125395770553472","study_id":0,"datetime_start":"2026-04-30T06:29:58.014115"}
{"op_code":5,"worker_id":"ac025d52-9db5-45d7-9ae7-5ae79981d438-125395770553472","trial_id":123,"param_name":"RANK_REGRESS","param_value_internal":59.0,"distribution":"{\"name\": \"IntDistribution\", \"attributes\": {\"log\": false, \"step\": 1, \"low\": 5, \"high\": 80}}"}
{"op_code":5,"worker_id":"ac025d52-9db5-45d7-9ae7-5ae79981d438-125395770553472","trial_id":123,"param_name":"REG_W","param_value_internal":1.6815834814637576,"distribution":"{\"name\": \"FloatDistribution\", \"attributes\": {\"step\": null, \"low\": 1e-05, \"high\": 1000.0, \"log\": true}}"}
{"op_code":5,"worker_id":"ac025d52-9db5-45d7-9ae7-5ae79981d438-125395770553472","trial_id":123,"param_name":"USE_RMS_SCALING","param_value_internal":0,"distribution":"{\"name\": \"CategoricalDistribution\", \"attributes\": {\"choices\": [true, false]}}"}
{"op_code":6,"worker_id":"ba8c6c5a-e92f-42f6-813d-7336f7151e32-140566554850432","trial_id":48,"state":1,"values":[-0.27092113315619526],"datetime_complete":"2026-04-30T08:13:52.976792"}
{"op_code":6,"worker_id":"014a49e8-b6c8-4602-9b62-cb9cb65bb9f4-137333935469696","trial_id":50,"state":1,"values":[-0.27092113315619526],"datetime_complete":"2026-04-30T08:16:01.594220"}
{"op_code":6,"worker_id":"1f10ca66-5536-4f19-b85d-ad18e049f939-128767267079296","trial_id":49,"state":1,"values":[-0.27092113315619526],"datetime_complete":"2026-04-30T08:22:22.213618"}
{"op_code":6,"worker_id":"73903831-4cf4-4d0b-9851-8fa352b9d45c-129985746859136","trial_id":51,"state":1,"values":[-0.27092113315619526],"datetime_complete":"2026-04-30T08:36:12.972075"}
{"op_code":6,"worker_id":"daa1a3e4-39f4-4972-955c-99262b23fca7-127363157243008","trial_id":53,"state":1,"values":[-0.27092113315619526],"datetime_complete":"2026-04-30T08:39:22.088994"}
{"op_code":6,"worker_id":"5ecc4f5b-69f9-469e-afb9-60b572bbf7a9-140288872801408","trial_id":54,"state":1,"values":[-0.27092113315619526],"datetime_complete":"2026-04-30T08:39:37.182783"}
{"op_code":6,"worker_id":"ac2261f0-ccef-4918-a986-d53413c3a546-134289272284288","trial_id":52,"state":1,"values":[-0.27092113315619526],"datetime_complete":"2026-04-30T08:49:49.908117"}
{"op_code":6,"worker_id":"64412cbb-adf6-48c4-8391-9b2f7d40aa7c-140022079849600","trial_id":75,"state":1,"values":[-0.07049413306790082],"datetime_complete":"2026-04-30T09:34:47.666437"}
{"op_code":6,"worker_id":"3560a9a4-55bd-4ee4-ae64-2a779643f52d-130476309304448","trial_id":55,"state":1,"values":[-0.27092113315619526],"datetime_complete":"2026-04-30T09:51:38.935413"}
{"op_code":6,"worker_id":"b64fea1d-9104-4e03-98f9-2ac59e9eeba7-131513078502528","trial_id":80,"state":1,"values":[-0.5238985837567515],"datetime_complete":"2026-04-30T10:15:00.622936"}
{"op_code":6,"worker_id":"ce5d4a17-d1b1-43a2-9364-ab3de6b70b5b-137355230647424","trial_id":74,"state":1,"values":[-0.07049413306790082],"datetime_complete":"2026-04-30T10:25:31.042617"}
{"op_code":6,"worker_id":"e036171f-eb8f-47d4-af16-ae455e394035-133882711090304","trial_id":76,"state":1,"values":[-0.853764308016277],"datetime_complete":"2026-04-30T11:28:28.241132"}
{"op_code":6,"worker_id":"2076bfee-0b3d-4ae6-9222-88564466d443-128058796860544","trial_id":77,"state":1,"values":[-0.5238985837567515],"datetime_complete":"2026-04-30T11:28:58.519374"}
{"op_code":6,"worker_id":"b52a781a-3d9d-4879-a09d-1a191edf1a19-126016327791744","trial_id":81,"state":1,"values":[-0.5238985837567515],"datetime_complete":"2026-04-30T11:33:56.477526"}
{"op_code":6,"worker_id":"027e784b-7574-49ec-9bb5-854a6b2bdb09-135128110199936","trial_id":83,"state":1,"values":[-0.5238985837567515],"datetime_complete":"2026-04-30T11:50:33.575763"}
{"op_code":6,"worker_id":"3242c90b-a1a2-4f29-b434-6d18683c0180-139531688252544","trial_id":88,"state":1,"values":[-0.7142844038450105],"datetime_complete":"2026-04-30T11:54:24.627230"}
{"op_code":6,"worker_id":"c4951460-3572-4ac1-ad5c-5bbbaaf096fb-125799624828032","trial_id":79,"state":1,"values":[-0.5238985837567515],"datetime_complete":"2026-04-30T11:58:06.324488"}
{"op_code":6,"worker_id":"8a2a8737-88a5-4d74-9d2a-856d76281552-137585638175872","trial_id":94,"state":1,"values":[-0.7142844038450105],"datetime_complete":"2026-04-30T12:06:02.392367"}
{"op_code":6,"worker_id":"19359384-c909-4f33-8ab1-3ca97d703472-127747858801792","trial_id":87,"state":1,"values":[-0.7142844038450105],"datetime_complete":"2026-04-30T12:07:39.663952"}
{"op_code":6,"worker_id":"47aa784f-8792-49c6-90dc-9da832068cdb-140035340219520","trial_id":85,"state":1,"values":[-0.5238985837567515],"datetime_complete":"2026-04-30T12:08:59.051931"}
{"op_code":6,"worker_id":"29dc7731-1dcd-4932-8447-c1fa7f66d377-124181493515392","trial_id":89,"state":1,"values":[-0.7142844038450105],"datetime_complete":"2026-04-30T12:13:39.150499"}
{"op_code":6,"worker_id":"0ce998c9-3d2c-477e-8fc6-82ecaec3d92b-129877644698752","trial_id":101,"state":1,"values":[-0.5073475601558044],"datetime_complete":"2026-04-30T13:38:44.385496"}
{"op_code":6,"worker_id":"193bb805-bc39-4d5e-99fd-e32773c899cb-134018476348544","trial_id":108,"state":1,"values":[-0.4465027603809191],"datetime_complete":"2026-04-30T13:42:17.000797"}
{"op_code":6,"worker_id":"5e1b4e05-2510-472a-a8c8-3e5befbdf43f-137450313028736","trial_id":106,"state":1,"values":[-0.5073475601558044],"datetime_complete":"2026-04-30T13:43:55.341803"}
{"op_code":6,"worker_id":"e907fc6c-830a-4f84-8d3c-b0d904c2a360-139726384907392","trial_id":2,"state":1,"values":[0.7318296596109586],"datetime_complete":"2026-04-30T13:53:26.870132"}
{"op_code":6,"worker_id":"0ca0ba40-da08-4348-8714-4368f91c5ed1-125818672972928","trial_id":109,"state":1,"values":[-0.4465027603809191],"datetime_complete":"2026-04-30T14:00:50.762430"}
{"op_code":6,"worker_id":"7fe77bc7-280a-402b-9800-272a91ea8269-134891878597760","trial_id":110,"state":1,"values":[-0.4465027603809191],"datetime_complete":"2026-04-30T14:01:00.939884"}
{"op_code":6,"worker_id":"90ff1562-832b-4fd8-88ed-0fc6b2201b11-125201594471552","trial_id":114,"state":1,"values":[-0.4465027603809191],"datetime_complete":"2026-04-30T14:06:36.272393"}
{"op_code":6,"worker_id":"e74d4984-bd48-44b3-8a50-758e06ca1eef-131558468154496","trial_id":16,"state":1,"values":[0.7318296596109586],"datetime_complete":"2026-04-30T14:13:19.018728"}
{"op_code":6,"worker_id":"0409b665-0d18-4946-924a-c56a429fdb89-132850471122048","trial_id":28,"state":1,"values":[0.7318296596109586],"datetime_complete":"2026-04-30T14:20:06.015739"}
{"op_code":6,"worker_id":"e8ee7297-7fc8-403c-b3cd-7f7ea71a07d2-130888065901696","trial_id":104,"state":1,"values":[-0.6837959176760421],"datetime_complete":"2026-04-30T14:27:58.564972"}
{"op_code":6,"worker_id":"4cd1fbae-2000-41d0-a28b-e6b7373734c2-132155829437568","trial_id":107,"state":1,"values":[-0.12788852388845492],"datetime_complete":"2026-04-30T14:42:01.564775"}
{"op_code":6,"worker_id":"d5df7c03-1c1b-4c62-90ea-ef58e5d72d04-133686019179648","trial_id":103,"state":1,"values":[-0.2927323802293288],"datetime_complete":"2026-04-30T15:02:09.920207"}
{"op_code":6,"worker_id":"f9dea5bf-05a3-43c9-a878-5d185a9052c2-124013140247680","trial_id":111,"state":1,"values":[-0.12788852388845492],"datetime_complete":"2026-04-30T15:08:27.464911"}
{"op_code":6,"worker_id":"8e9073e0-70d6-41aa-b0e6-2597ce58c87c-127044424631424","trial_id":105,"state":1,"values":[-0.2927323802293288],"datetime_complete":"2026-04-30T15:22:51.997785"}
