{"op_code":0,"worker_id":"15b01b02-9dbb-4c4b-901c-01b0b8d8f901-135118096381056","study_name":"cp_pred_surprise_L2_residual_delta","directions":[2]}
{"op_code":4,"worker_id":"15b01b02-9dbb-4c4b-901c-01b0b8d8f901-135118096381056","study_id":0,"datetime_start":"2026-04-30T15:43:57.869592"}
{"op_code":5,"worker_id":"15b01b02-9dbb-4c4b-901c-01b0b8d8f901-135118096381056","trial_id":0,"param_name":"RANK_REGRESS","param_value_internal":15.0,"distribution":"{\"name\": \"IntDistribution\", \"attributes\": {\"log\": false, \"step\": 1, \"low\": 5, \"high\": 80}}"}
{"op_code":5,"worker_id":"15b01b02-9dbb-4c4b-901c-01b0b8d8f901-135118096381056","trial_id":0,"param_name":"REG_W","param_value_internal":0.03277329657850952,"distribution":"{\"name\": \"FloatDistribution\", \"attributes\": {\"step\": null, \"low\": 1e-05, \"high\": 1000.0, \"log\": true}}"}
{"op_code":5,"worker_id":"15b01b02-9dbb-4c4b-901c-01b0b8d8f901-135118096381056","trial_id":0,"param_name":"USE_RMS_SCALING","param_value_internal":1,"distribution":"{\"name\": \"CategoricalDistribution\", \"attributes\": {\"choices\": [true, false]}}"}
{"op_code":0,"worker_id":"cf74148e-4b89-4171-a4ce-d36485d7275b-123263376540800","study_name":"cp_pred_surprise_L2_residual_delta","directions":[2]}
{"op_code":4,"worker_id":"cf74148e-4b89-4171-a4ce-d36485d7275b-123263376540800","study_id":0,"datetime_start":"2026-04-30T15:43:59.586480"}
{"op_code":5,"worker_id":"cf74148e-4b89-4171-a4ce-d36485d7275b-123263376540800","trial_id":1,"param_name":"RANK_REGRESS","param_value_internal":74.0,"distribution":"{\"name\": \"IntDistribution\", \"attributes\": {\"log\": false, \"step\": 1, \"low\": 5, \"high\": 80}}"}
{"op_code":5,"worker_id":"cf74148e-4b89-4171-a4ce-d36485d7275b-123263376540800","trial_id":1,"param_name":"REG_W","param_value_internal":0.011228265849433526,"distribution":"{\"name\": \"FloatDistribution\", \"attributes\": {\"step\": null, \"low\": 1e-05, \"high\": 1000.0, \"log\": true}}"}
{"op_code":5,"worker_id":"cf74148e-4b89-4171-a4ce-d36485d7275b-123263376540800","trial_id":1,"param_name":"USE_RMS_SCALING","param_value_internal":1,"distribution":"{\"name\": \"CategoricalDistribution\", \"attributes\": {\"choices\": [true, false]}}"}
{"op_code":0,"worker_id":"6df96b38-7a8d-4d4c-9e4f-1f3a7e085b04-127361222997120","study_name":"cp_pred_surprise_L2_residual_delta","directions":[2]}
{"op_code":4,"worker_id":"6df96b38-7a8d-4d4c-9e4f-1f3a7e085b04-127361222997120","study_id":0,"datetime_start":"2026-04-30T15:44:01.769185"}
{"op_code":5,"worker_id":"6df96b38-7a8d-4d4c-9e4f-1f3a7e085b04-127361222997120","trial_id":2,"param_name":"RANK_REGRESS","param_value_internal":54.0,"distribution":"{\"name\": \"IntDistribution\", \"attributes\": {\"log\": false, \"step\": 1, \"low\": 5, \"high\": 80}}"}
{"op_code":5,"worker_id":"6df96b38-7a8d-4d4c-9e4f-1f3a7e085b04-127361222997120","trial_id":2,"param_name":"REG_W","param_value_internal":299.6614526817235,"distribution":"{\"name\": \"FloatDistribution\", \"attributes\": {\"step\": null, \"low\": 1e-05, \"high\": 1000.0, \"log\": true}}"}
{"op_code":5,"worker_id":"6df96b38-7a8d-4d4c-9e4f-1f3a7e085b04-127361222997120","trial_id":2,"param_name":"USE_RMS_SCALING","param_value_internal":0,"distribution":"{\"name\": \"CategoricalDistribution\", \"attributes\": {\"choices\": [true, false]}}"}
{"op_code":0,"worker_id":"7d53e311-dd1e-4218-a458-d1c6f9b1e33f-125242223895680","study_name":"cp_pred_surprise_L2_residual_delta","directions":[2]}
{"op_code":4,"worker_id":"7d53e311-dd1e-4218-a458-d1c6f9b1e33f-125242223895680","study_id":0,"datetime_start":"2026-04-30T15:44:02.043603"}
{"op_code":5,"worker_id":"7d53e311-dd1e-4218-a458-d1c6f9b1e33f-125242223895680","trial_id":3,"param_name":"RANK_REGRESS","param_value_internal":31.0,"distribution":"{\"name\": \"IntDistribution\", \"attributes\": {\"log\": false, \"step\": 1, \"low\": 5, \"high\": 80}}"}
{"op_code":5,"worker_id":"7d53e311-dd1e-4218-a458-d1c6f9b1e33f-125242223895680","trial_id":3,"param_name":"REG_W","param_value_internal":0.0004584837209995674,"distribution":"{\"name\": \"FloatDistribution\", \"attributes\": {\"step\": null, \"low\": 1e-05, \"high\": 1000.0, \"log\": true}}"}
{"op_code":5,"worker_id":"7d53e311-dd1e-4218-a458-d1c6f9b1e33f-125242223895680","trial_id":3,"param_name":"USE_RMS_SCALING","param_value_internal":1,"distribution":"{\"name\": \"CategoricalDistribution\", \"attributes\": {\"choices\": [true, false]}}"}
{"op_code":0,"worker_id":"9fc23632-0f40-4183-b864-8e1d4a82ed91-126149338862720","study_name":"cp_pred_surprise_L2_residual_delta","directions":[2]}
{"op_code":4,"worker_id":"9fc23632-0f40-4183-b864-8e1d4a82ed91-126149338862720","study_id":0,"datetime_start":"2026-04-30T15:44:03.207732"}
{"op_code":5,"worker_id":"9fc23632-0f40-4183-b864-8e1d4a82ed91-126149338862720","trial_id":4,"param_name":"RANK_REGRESS","param_value_internal":36.0,"distribution":"{\"name\": \"IntDistribution\", \"attributes\": {\"log\": false, \"step\": 1, \"low\": 5, \"high\": 80}}"}
{"op_code":5,"worker_id":"9fc23632-0f40-4183-b864-8e1d4a82ed91-126149338862720","trial_id":4,"param_name":"REG_W","param_value_internal":5.62273791869451,"distribution":"{\"name\": \"FloatDistribution\", \"attributes\": {\"step\": null, \"low\": 1e-05, \"high\": 1000.0, \"log\": true}}"}
{"op_code":5,"worker_id":"9fc23632-0f40-4183-b864-8e1d4a82ed91-126149338862720","trial_id":4,"param_name":"USE_RMS_SCALING","param_value_internal":1,"distribution":"{\"name\": \"CategoricalDistribution\", \"attributes\": {\"choices\": [true, false]}}"}
{"op_code":0,"worker_id":"1ad9d507-68a4-43ae-a538-1b11db4d9552-123793829037184","study_name":"cp_pred_surprise_L2_residual_delta","directions":[2]}
{"op_code":4,"worker_id":"1ad9d507-68a4-43ae-a538-1b11db4d9552-123793829037184","study_id":0,"datetime_start":"2026-04-30T15:44:04.935338"}
{"op_code":5,"worker_id":"1ad9d507-68a4-43ae-a538-1b11db4d9552-123793829037184","trial_id":5,"param_name":"RANK_REGRESS","param_value_internal":33.0,"distribution":"{\"name\": \"IntDistribution\", \"attributes\": {\"log\": false, \"step\": 1, \"low\": 5, \"high\": 80}}"}
{"op_code":5,"worker_id":"1ad9d507-68a4-43ae-a538-1b11db4d9552-123793829037184","trial_id":5,"param_name":"REG_W","param_value_internal":0.04237766618742564,"distribution":"{\"name\": \"FloatDistribution\", \"attributes\": {\"step\": null, \"low\": 1e-05, \"high\": 1000.0, \"log\": true}}"}
{"op_code":5,"worker_id":"1ad9d507-68a4-43ae-a538-1b11db4d9552-123793829037184","trial_id":5,"param_name":"USE_RMS_SCALING","param_value_internal":1,"distribution":"{\"name\": \"CategoricalDistribution\", \"attributes\": {\"choices\": [true, false]}}"}
{"op_code":0,"worker_id":"536f5944-adef-462d-901e-c66b4787b8c1-125863347184768","study_name":"cp_pred_surprise_L2_residual_delta","directions":[2]}
{"op_code":4,"worker_id":"536f5944-adef-462d-901e-c66b4787b8c1-125863347184768","study_id":0,"datetime_start":"2026-04-30T15:44:06.806525"}
{"op_code":5,"worker_id":"536f5944-adef-462d-901e-c66b4787b8c1-125863347184768","trial_id":6,"param_name":"RANK_REGRESS","param_value_internal":70.0,"distribution":"{\"name\": \"IntDistribution\", \"attributes\": {\"log\": false, \"step\": 1, \"low\": 5, \"high\": 80}}"}
{"op_code":5,"worker_id":"536f5944-adef-462d-901e-c66b4787b8c1-125863347184768","trial_id":6,"param_name":"REG_W","param_value_internal":0.27194277192361377,"distribution":"{\"name\": \"FloatDistribution\", \"attributes\": {\"step\": null, \"low\": 1e-05, \"high\": 1000.0, \"log\": true}}"}
{"op_code":5,"worker_id":"536f5944-adef-462d-901e-c66b4787b8c1-125863347184768","trial_id":6,"param_name":"USE_RMS_SCALING","param_value_internal":1,"distribution":"{\"name\": \"CategoricalDistribution\", \"attributes\": {\"choices\": [true, false]}}"}
{"op_code":0,"worker_id":"7d32c647-6217-4970-b9ff-c599ead12373-124021749474432","study_name":"cp_pred_surprise_L2_residual_delta","directions":[2]}
{"op_code":4,"worker_id":"7d32c647-6217-4970-b9ff-c599ead12373-124021749474432","study_id":0,"datetime_start":"2026-04-30T15:44:07.991301"}
{"op_code":5,"worker_id":"7d32c647-6217-4970-b9ff-c599ead12373-124021749474432","trial_id":7,"param_name":"RANK_REGRESS","param_value_internal":78.0,"distribution":"{\"name\": \"IntDistribution\", \"attributes\": {\"log\": false, \"step\": 1, \"low\": 5, \"high\": 80}}"}
{"op_code":5,"worker_id":"7d32c647-6217-4970-b9ff-c599ead12373-124021749474432","trial_id":7,"param_name":"REG_W","param_value_internal":2.1722407215378725,"distribution":"{\"name\": \"FloatDistribution\", \"attributes\": {\"step\": null, \"low\": 1e-05, \"high\": 1000.0, \"log\": true}}"}
{"op_code":5,"worker_id":"7d32c647-6217-4970-b9ff-c599ead12373-124021749474432","trial_id":7,"param_name":"USE_RMS_SCALING","param_value_internal":1,"distribution":"{\"name\": \"CategoricalDistribution\", \"attributes\": {\"choices\": [true, false]}}"}
{"op_code":0,"worker_id":"58b3f088-f04b-4cb2-afd8-127b68e8a715-133493801612416","study_name":"cp_pred_surprise_L2_residual_delta","directions":[2]}
{"op_code":4,"worker_id":"58b3f088-f04b-4cb2-afd8-127b68e8a715-133493801612416","study_id":0,"datetime_start":"2026-04-30T15:44:08.738823"}
{"op_code":5,"worker_id":"58b3f088-f04b-4cb2-afd8-127b68e8a715-133493801612416","trial_id":8,"param_name":"RANK_REGRESS","param_value_internal":71.0,"distribution":"{\"name\": \"IntDistribution\", \"attributes\": {\"log\": false, \"step\": 1, \"low\": 5, \"high\": 80}}"}
{"op_code":5,"worker_id":"58b3f088-f04b-4cb2-afd8-127b68e8a715-133493801612416","trial_id":8,"param_name":"REG_W","param_value_internal":238.07021104359674,"distribution":"{\"name\": \"FloatDistribution\", \"attributes\": {\"step\": null, \"low\": 1e-05, \"high\": 1000.0, \"log\": true}}"}
{"op_code":5,"worker_id":"58b3f088-f04b-4cb2-afd8-127b68e8a715-133493801612416","trial_id":8,"param_name":"USE_RMS_SCALING","param_value_internal":1,"distribution":"{\"name\": \"CategoricalDistribution\", \"attributes\": {\"choices\": [true, false]}}"}
{"op_code":0,"worker_id":"3aedf309-547b-431b-adf8-36506af31672-138992876860544","study_name":"cp_pred_surprise_L2_residual_delta","directions":[2]}
{"op_code":4,"worker_id":"3aedf309-547b-431b-adf8-36506af31672-138992876860544","study_id":0,"datetime_start":"2026-04-30T15:44:09.378776"}
{"op_code":5,"worker_id":"3aedf309-547b-431b-adf8-36506af31672-138992876860544","trial_id":9,"param_name":"RANK_REGRESS","param_value_internal":21.0,"distribution":"{\"name\": \"IntDistribution\", \"attributes\": {\"log\": false, \"step\": 1, \"low\": 5, \"high\": 80}}"}
{"op_code":5,"worker_id":"3aedf309-547b-431b-adf8-36506af31672-138992876860544","trial_id":9,"param_name":"REG_W","param_value_internal":0.001626717094561856,"distribution":"{\"name\": \"FloatDistribution\", \"attributes\": {\"step\": null, \"low\": 1e-05, \"high\": 1000.0, \"log\": true}}"}
{"op_code":5,"worker_id":"3aedf309-547b-431b-adf8-36506af31672-138992876860544","trial_id":9,"param_name":"USE_RMS_SCALING","param_value_internal":1,"distribution":"{\"name\": \"CategoricalDistribution\", \"attributes\": {\"choices\": [true, false]}}"}
{"op_code":0,"worker_id":"79c34175-b9f1-45f7-9bd5-105b6759a1dd-126883468141696","study_name":"cp_pred_surprise_L2_residual_delta","directions":[2]}
{"op_code":4,"worker_id":"79c34175-b9f1-45f7-9bd5-105b6759a1dd-126883468141696","study_id":0,"datetime_start":"2026-04-30T15:44:10.788394"}
{"op_code":5,"worker_id":"79c34175-b9f1-45f7-9bd5-105b6759a1dd-126883468141696","trial_id":10,"param_name":"RANK_REGRESS","param_value_internal":37.0,"distribution":"{\"name\": \"IntDistribution\", \"attributes\": {\"log\": false, \"step\": 1, \"low\": 5, \"high\": 80}}"}
{"op_code":5,"worker_id":"79c34175-b9f1-45f7-9bd5-105b6759a1dd-126883468141696","trial_id":10,"param_name":"REG_W","param_value_internal":7.523658795892136,"distribution":"{\"name\": \"FloatDistribution\", \"attributes\": {\"step\": null, \"low\": 1e-05, \"high\": 1000.0, \"log\": true}}"}
{"op_code":5,"worker_id":"79c34175-b9f1-45f7-9bd5-105b6759a1dd-126883468141696","trial_id":10,"param_name":"USE_RMS_SCALING","param_value_internal":0,"distribution":"{\"name\": \"CategoricalDistribution\", \"attributes\": {\"choices\": [true, false]}}"}
{"op_code":0,"worker_id":"44b772b6-5483-4b82-9406-82a907446440-133951069783168","study_name":"cp_pred_surprise_L2_residual_delta","directions":[2]}
{"op_code":4,"worker_id":"44b772b6-5483-4b82-9406-82a907446440-133951069783168","study_id":0,"datetime_start":"2026-04-30T15:44:13.412589"}
{"op_code":5,"worker_id":"44b772b6-5483-4b82-9406-82a907446440-133951069783168","trial_id":11,"param_name":"RANK_REGRESS","param_value_internal":79.0,"distribution":"{\"name\": \"IntDistribution\", \"attributes\": {\"log\": false, \"step\": 1, \"low\": 5, \"high\": 80}}"}
{"op_code":5,"worker_id":"44b772b6-5483-4b82-9406-82a907446440-133951069783168","trial_id":11,"param_name":"REG_W","param_value_internal":0.00024323789082022785,"distribution":"{\"name\": \"FloatDistribution\", \"attributes\": {\"step\": null, \"low\": 1e-05, \"high\": 1000.0, \"log\": true}}"}
{"op_code":5,"worker_id":"44b772b6-5483-4b82-9406-82a907446440-133951069783168","trial_id":11,"param_name":"USE_RMS_SCALING","param_value_internal":0,"distribution":"{\"name\": \"CategoricalDistribution\", \"attributes\": {\"choices\": [true, false]}}"}
{"op_code":0,"worker_id":"da3a3166-2bbd-4ecb-9382-aec175f7b732-128394150311040","study_name":"cp_pred_surprise_L2_residual_delta","directions":[2]}
{"op_code":4,"worker_id":"da3a3166-2bbd-4ecb-9382-aec175f7b732-128394150311040","study_id":0,"datetime_start":"2026-04-30T15:44:13.954447"}
{"op_code":5,"worker_id":"da3a3166-2bbd-4ecb-9382-aec175f7b732-128394150311040","trial_id":12,"param_name":"RANK_REGRESS","param_value_internal":36.0,"distribution":"{\"name\": \"IntDistribution\", \"attributes\": {\"log\": false, \"step\": 1, \"low\": 5, \"high\": 80}}"}
{"op_code":5,"worker_id":"da3a3166-2bbd-4ecb-9382-aec175f7b732-128394150311040","trial_id":12,"param_name":"REG_W","param_value_internal":9.27827126008832,"distribution":"{\"name\": \"FloatDistribution\", \"attributes\": {\"step\": null, \"low\": 1e-05, \"high\": 1000.0, \"log\": true}}"}
{"op_code":5,"worker_id":"da3a3166-2bbd-4ecb-9382-aec175f7b732-128394150311040","trial_id":12,"param_name":"USE_RMS_SCALING","param_value_internal":0,"distribution":"{\"name\": \"CategoricalDistribution\", \"attributes\": {\"choices\": [true, false]}}"}
{"op_code":0,"worker_id":"02fdff14-0f35-40cd-bc48-ac3b3615022d-124304412898432","study_name":"cp_pred_surprise_L2_residual_delta","directions":[2]}
{"op_code":4,"worker_id":"02fdff14-0f35-40cd-bc48-ac3b3615022d-124304412898432","study_id":0,"datetime_start":"2026-04-30T15:44:15.598616"}
{"op_code":5,"worker_id":"02fdff14-0f35-40cd-bc48-ac3b3615022d-124304412898432","trial_id":13,"param_name":"RANK_REGRESS","param_value_internal":54.0,"distribution":"{\"name\": \"IntDistribution\", \"attributes\": {\"log\": false, \"step\": 1, \"low\": 5, \"high\": 80}}"}
{"op_code":5,"worker_id":"02fdff14-0f35-40cd-bc48-ac3b3615022d-124304412898432","trial_id":13,"param_name":"REG_W","param_value_internal":4.768289892318727,"distribution":"{\"name\": \"FloatDistribution\", \"attributes\": {\"step\": null, \"low\": 1e-05, \"high\": 1000.0, \"log\": true}}"}
{"op_code":5,"worker_id":"02fdff14-0f35-40cd-bc48-ac3b3615022d-124304412898432","trial_id":13,"param_name":"USE_RMS_SCALING","param_value_internal":0,"distribution":"{\"name\": \"CategoricalDistribution\", \"attributes\": {\"choices\": [true, false]}}"}
{"op_code":0,"worker_id":"0c084854-ce4e-490f-b935-564081cfcbd5-126055260587136","study_name":"cp_pred_surprise_L2_residual_delta","directions":[2]}
{"op_code":4,"worker_id":"0c084854-ce4e-490f-b935-564081cfcbd5-126055260587136","study_id":0,"datetime_start":"2026-04-30T15:44:16.512942"}
{"op_code":5,"worker_id":"0c084854-ce4e-490f-b935-564081cfcbd5-126055260587136","trial_id":14,"param_name":"RANK_REGRESS","param_value_internal":35.0,"distribution":"{\"name\": \"IntDistribution\", \"attributes\": {\"log\": false, \"step\": 1, \"low\": 5, \"high\": 80}}"}
{"op_code":0,"worker_id":"b7de9042-bb1f-417d-b5bc-a4dac866e2c0-128976403289216","study_name":"cp_pred_surprise_L2_residual_delta","directions":[2]}
{"op_code":5,"worker_id":"0c084854-ce4e-490f-b935-564081cfcbd5-126055260587136","trial_id":14,"param_name":"REG_W","param_value_internal":133.97561243534201,"distribution":"{\"name\": \"FloatDistribution\", \"attributes\": {\"step\": null, \"low\": 1e-05, \"high\": 1000.0, \"log\": true}}"}
{"op_code":5,"worker_id":"0c084854-ce4e-490f-b935-564081cfcbd5-126055260587136","trial_id":14,"param_name":"USE_RMS_SCALING","param_value_internal":0,"distribution":"{\"name\": \"CategoricalDistribution\", \"attributes\": {\"choices\": [true, false]}}"}
{"op_code":4,"worker_id":"b7de9042-bb1f-417d-b5bc-a4dac866e2c0-128976403289216","study_id":0,"datetime_start":"2026-04-30T15:44:16.601891"}
{"op_code":5,"worker_id":"b7de9042-bb1f-417d-b5bc-a4dac866e2c0-128976403289216","trial_id":15,"param_name":"RANK_REGRESS","param_value_internal":38.0,"distribution":"{\"name\": \"IntDistribution\", \"attributes\": {\"log\": false, \"step\": 1, \"low\": 5, \"high\": 80}}"}
{"op_code":5,"worker_id":"b7de9042-bb1f-417d-b5bc-a4dac866e2c0-128976403289216","trial_id":15,"param_name":"REG_W","param_value_internal":4.875846652827131,"distribution":"{\"name\": \"FloatDistribution\", \"attributes\": {\"step\": null, \"low\": 1e-05, \"high\": 1000.0, \"log\": true}}"}
{"op_code":5,"worker_id":"b7de9042-bb1f-417d-b5bc-a4dac866e2c0-128976403289216","trial_id":15,"param_name":"USE_RMS_SCALING","param_value_internal":0,"distribution":"{\"name\": \"CategoricalDistribution\", \"attributes\": {\"choices\": [true, false]}}"}
{"op_code":0,"worker_id":"8c69a8e3-a425-47e8-a2db-b752fd4c0fc8-127412693828736","study_name":"cp_pred_surprise_L2_residual_delta","directions":[2]}
{"op_code":4,"worker_id":"8c69a8e3-a425-47e8-a2db-b752fd4c0fc8-127412693828736","study_id":0,"datetime_start":"2026-04-30T15:44:18.254602"}
{"op_code":5,"worker_id":"8c69a8e3-a425-47e8-a2db-b752fd4c0fc8-127412693828736","trial_id":16,"param_name":"RANK_REGRESS","param_value_internal":27.0,"distribution":"{\"name\": \"IntDistribution\", \"attributes\": {\"log\": false, \"step\": 1, \"low\": 5, \"high\": 80}}"}
{"op_code":5,"worker_id":"8c69a8e3-a425-47e8-a2db-b752fd4c0fc8-127412693828736","trial_id":16,"param_name":"REG_W","param_value_internal":2.8797774844049856e-05,"distribution":"{\"name\": \"FloatDistribution\", \"attributes\": {\"step\": null, \"low\": 1e-05, \"high\": 1000.0, \"log\": true}}"}
{"op_code":5,"worker_id":"8c69a8e3-a425-47e8-a2db-b752fd4c0fc8-127412693828736","trial_id":16,"param_name":"USE_RMS_SCALING","param_value_internal":1,"distribution":"{\"name\": \"CategoricalDistribution\", \"attributes\": {\"choices\": [true, false]}}"}
{"op_code":0,"worker_id":"9f876bc0-e3e0-46b7-83de-55f9fbcc7197-131982611063936","study_name":"cp_pred_surprise_L2_residual_delta","directions":[2]}
{"op_code":4,"worker_id":"9f876bc0-e3e0-46b7-83de-55f9fbcc7197-131982611063936","study_id":0,"datetime_start":"2026-04-30T15:44:19.571303"}
{"op_code":5,"worker_id":"9f876bc0-e3e0-46b7-83de-55f9fbcc7197-131982611063936","trial_id":17,"param_name":"RANK_REGRESS","param_value_internal":73.0,"distribution":"{\"name\": \"IntDistribution\", \"attributes\": {\"log\": false, \"step\": 1, \"low\": 5, \"high\": 80}}"}
{"op_code":5,"worker_id":"9f876bc0-e3e0-46b7-83de-55f9fbcc7197-131982611063936","trial_id":17,"param_name":"REG_W","param_value_internal":2.045132575900963,"distribution":"{\"name\": \"FloatDistribution\", \"attributes\": {\"step\": null, \"low\": 1e-05, \"high\": 1000.0, \"log\": true}}"}
{"op_code":5,"worker_id":"9f876bc0-e3e0-46b7-83de-55f9fbcc7197-131982611063936","trial_id":17,"param_name":"USE_RMS_SCALING","param_value_internal":1,"distribution":"{\"name\": \"CategoricalDistribution\", \"attributes\": {\"choices\": [true, false]}}"}
{"op_code":0,"worker_id":"1cf95c8a-2986-4be0-bec4-acdf3907eaaf-128340572447872","study_name":"cp_pred_surprise_L2_residual_delta","directions":[2]}
{"op_code":0,"worker_id":"1fb15fda-69eb-47d5-824b-2c5bafe6411d-125438182945920","study_name":"cp_pred_surprise_L2_residual_delta","directions":[2]}
{"op_code":4,"worker_id":"1cf95c8a-2986-4be0-bec4-acdf3907eaaf-128340572447872","study_id":0,"datetime_start":"2026-04-30T15:44:23.597966"}
{"op_code":0,"worker_id":"0d7a1d97-1e9a-4c21-a606-cbaf7992122a-133082149819520","study_name":"cp_pred_surprise_L2_residual_delta","directions":[2]}
{"op_code":5,"worker_id":"1cf95c8a-2986-4be0-bec4-acdf3907eaaf-128340572447872","trial_id":18,"param_name":"RANK_REGRESS","param_value_internal":42.0,"distribution":"{\"name\": \"IntDistribution\", \"attributes\": {\"log\": false, \"step\": 1, \"low\": 5, \"high\": 80}}"}
{"op_code":4,"worker_id":"1fb15fda-69eb-47d5-824b-2c5bafe6411d-125438182945920","study_id":0,"datetime_start":"2026-04-30T15:44:23.646457"}
{"op_code":5,"worker_id":"1cf95c8a-2986-4be0-bec4-acdf3907eaaf-128340572447872","trial_id":18,"param_name":"REG_W","param_value_internal":5.8734187998379787e-05,"distribution":"{\"name\": \"FloatDistribution\", \"attributes\": {\"step\": null, \"low\": 1e-05, \"high\": 1000.0, \"log\": true}}"}
{"op_code":5,"worker_id":"1fb15fda-69eb-47d5-824b-2c5bafe6411d-125438182945920","trial_id":19,"param_name":"RANK_REGRESS","param_value_internal":47.0,"distribution":"{\"name\": \"IntDistribution\", \"attributes\": {\"log\": false, \"step\": 1, \"low\": 5, \"high\": 80}}"}
{"op_code":5,"worker_id":"1cf95c8a-2986-4be0-bec4-acdf3907eaaf-128340572447872","trial_id":18,"param_name":"USE_RMS_SCALING","param_value_internal":1,"distribution":"{\"name\": \"CategoricalDistribution\", \"attributes\": {\"choices\": [true, false]}}"}
{"op_code":5,"worker_id":"1fb15fda-69eb-47d5-824b-2c5bafe6411d-125438182945920","trial_id":19,"param_name":"REG_W","param_value_internal":0.5308334406571844,"distribution":"{\"name\": \"FloatDistribution\", \"attributes\": {\"step\": null, \"low\": 1e-05, \"high\": 1000.0, \"log\": true}}"}
{"op_code":4,"worker_id":"0d7a1d97-1e9a-4c21-a606-cbaf7992122a-133082149819520","study_id":0,"datetime_start":"2026-04-30T15:44:23.678572"}
{"op_code":5,"worker_id":"1fb15fda-69eb-47d5-824b-2c5bafe6411d-125438182945920","trial_id":19,"param_name":"USE_RMS_SCALING","param_value_internal":1,"distribution":"{\"name\": \"CategoricalDistribution\", \"attributes\": {\"choices\": [true, false]}}"}
{"op_code":5,"worker_id":"0d7a1d97-1e9a-4c21-a606-cbaf7992122a-133082149819520","trial_id":20,"param_name":"RANK_REGRESS","param_value_internal":63.0,"distribution":"{\"name\": \"IntDistribution\", \"attributes\": {\"log\": false, \"step\": 1, \"low\": 5, \"high\": 80}}"}
{"op_code":5,"worker_id":"0d7a1d97-1e9a-4c21-a606-cbaf7992122a-133082149819520","trial_id":20,"param_name":"REG_W","param_value_internal":0.2546435553730165,"distribution":"{\"name\": \"FloatDistribution\", \"attributes\": {\"step\": null, \"low\": 1e-05, \"high\": 1000.0, \"log\": true}}"}
{"op_code":5,"worker_id":"0d7a1d97-1e9a-4c21-a606-cbaf7992122a-133082149819520","trial_id":20,"param_name":"USE_RMS_SCALING","param_value_internal":1,"distribution":"{\"name\": \"CategoricalDistribution\", \"attributes\": {\"choices\": [true, false]}}"}
{"op_code":6,"worker_id":"15b01b02-9dbb-4c4b-901c-01b0b8d8f901-135118096381056","trial_id":0,"state":1,"values":[-0.6693347339575472],"datetime_complete":"2026-04-30T18:08:18.961387"}
{"op_code":4,"worker_id":"15b01b02-9dbb-4c4b-901c-01b0b8d8f901-135118096381056","study_id":0,"datetime_start":"2026-04-30T18:08:19.004404"}
{"op_code":5,"worker_id":"15b01b02-9dbb-4c4b-901c-01b0b8d8f901-135118096381056","trial_id":21,"param_name":"RANK_REGRESS","param_value_internal":62.0,"distribution":"{\"name\": \"IntDistribution\", \"attributes\": {\"log\": false, \"step\": 1, \"low\": 5, \"high\": 80}}"}
{"op_code":5,"worker_id":"15b01b02-9dbb-4c4b-901c-01b0b8d8f901-135118096381056","trial_id":21,"param_name":"REG_W","param_value_internal":0.45300185472741744,"distribution":"{\"name\": \"FloatDistribution\", \"attributes\": {\"step\": null, \"low\": 1e-05, \"high\": 1000.0, \"log\": true}}"}
{"op_code":5,"worker_id":"15b01b02-9dbb-4c4b-901c-01b0b8d8f901-135118096381056","trial_id":21,"param_name":"USE_RMS_SCALING","param_value_internal":0,"distribution":"{\"name\": \"CategoricalDistribution\", \"attributes\": {\"choices\": [true, false]}}"}
{"op_code":6,"worker_id":"3aedf309-547b-431b-adf8-36506af31672-138992876860544","trial_id":9,"state":1,"values":[-0.9845524328299994],"datetime_complete":"2026-04-30T18:30:37.297764"}
{"op_code":4,"worker_id":"3aedf309-547b-431b-adf8-36506af31672-138992876860544","study_id":0,"datetime_start":"2026-04-30T18:30:37.354507"}
{"op_code":5,"worker_id":"3aedf309-547b-431b-adf8-36506af31672-138992876860544","trial_id":22,"param_name":"RANK_REGRESS","param_value_internal":11.0,"distribution":"{\"name\": \"IntDistribution\", \"attributes\": {\"log\": false, \"step\": 1, \"low\": 5, \"high\": 80}}"}
{"op_code":5,"worker_id":"3aedf309-547b-431b-adf8-36506af31672-138992876860544","trial_id":22,"param_name":"REG_W","param_value_internal":0.0018048909691001278,"distribution":"{\"name\": \"FloatDistribution\", \"attributes\": {\"step\": null, \"low\": 1e-05, \"high\": 1000.0, \"log\": true}}"}
{"op_code":5,"worker_id":"3aedf309-547b-431b-adf8-36506af31672-138992876860544","trial_id":22,"param_name":"USE_RMS_SCALING","param_value_internal":1,"distribution":"{\"name\": \"CategoricalDistribution\", \"attributes\": {\"choices\": [true, false]}}"}
{"op_code":6,"worker_id":"8c69a8e3-a425-47e8-a2db-b752fd4c0fc8-127412693828736","trial_id":16,"state":1,"values":[-1.0],"datetime_complete":"2026-04-30T19:34:57.128944"}
{"op_code":4,"worker_id":"8c69a8e3-a425-47e8-a2db-b752fd4c0fc8-127412693828736","study_id":0,"datetime_start":"2026-04-30T19:34:57.175498"}
{"op_code":5,"worker_id":"8c69a8e3-a425-47e8-a2db-b752fd4c0fc8-127412693828736","trial_id":23,"param_name":"RANK_REGRESS","param_value_internal":74.0,"distribution":"{\"name\": \"IntDistribution\", \"attributes\": {\"log\": false, \"step\": 1, \"low\": 5, \"high\": 80}}"}
{"op_code":5,"worker_id":"8c69a8e3-a425-47e8-a2db-b752fd4c0fc8-127412693828736","trial_id":23,"param_name":"REG_W","param_value_internal":0.007541379054727852,"distribution":"{\"name\": \"FloatDistribution\", \"attributes\": {\"step\": null, \"low\": 1e-05, \"high\": 1000.0, \"log\": true}}"}
{"op_code":5,"worker_id":"8c69a8e3-a425-47e8-a2db-b752fd4c0fc8-127412693828736","trial_id":23,"param_name":"USE_RMS_SCALING","param_value_internal":1,"distribution":"{\"name\": \"CategoricalDistribution\", \"attributes\": {\"choices\": [true, false]}}"}
{"op_code":6,"worker_id":"3aedf309-547b-431b-adf8-36506af31672-138992876860544","trial_id":22,"state":1,"values":[-0.8597357585067114],"datetime_complete":"2026-04-30T19:50:13.985743"}
{"op_code":4,"worker_id":"3aedf309-547b-431b-adf8-36506af31672-138992876860544","study_id":0,"datetime_start":"2026-04-30T19:50:14.027354"}
{"op_code":5,"worker_id":"3aedf309-547b-431b-adf8-36506af31672-138992876860544","trial_id":24,"param_name":"RANK_REGRESS","param_value_internal":64.0,"distribution":"{\"name\": \"IntDistribution\", \"attributes\": {\"log\": false, \"step\": 1, \"low\": 5, \"high\": 80}}"}
{"op_code":5,"worker_id":"3aedf309-547b-431b-adf8-36506af31672-138992876860544","trial_id":24,"param_name":"REG_W","param_value_internal":0.00106195709883797,"distribution":"{\"name\": \"FloatDistribution\", \"attributes\": {\"step\": null, \"low\": 1e-05, \"high\": 1000.0, \"log\": true}}"}
{"op_code":5,"worker_id":"3aedf309-547b-431b-adf8-36506af31672-138992876860544","trial_id":24,"param_name":"USE_RMS_SCALING","param_value_internal":1,"distribution":"{\"name\": \"CategoricalDistribution\", \"attributes\": {\"choices\": [true, false]}}"}
{"op_code":6,"worker_id":"b7de9042-bb1f-417d-b5bc-a4dac866e2c0-128976403289216","trial_id":15,"state":1,"values":[-0.1094304210983728],"datetime_complete":"2026-04-30T20:01:14.795677"}
{"op_code":4,"worker_id":"b7de9042-bb1f-417d-b5bc-a4dac866e2c0-128976403289216","study_id":0,"datetime_start":"2026-04-30T20:01:14.853076"}
{"op_code":5,"worker_id":"b7de9042-bb1f-417d-b5bc-a4dac866e2c0-128976403289216","trial_id":25,"param_name":"RANK_REGRESS","param_value_internal":37.0,"distribution":"{\"name\": \"IntDistribution\", \"attributes\": {\"log\": false, \"step\": 1, \"low\": 5, \"high\": 80}}"}
{"op_code":5,"worker_id":"b7de9042-bb1f-417d-b5bc-a4dac866e2c0-128976403289216","trial_id":25,"param_name":"REG_W","param_value_internal":12.165730417796828,"distribution":"{\"name\": \"FloatDistribution\", \"attributes\": {\"step\": null, \"low\": 1e-05, \"high\": 1000.0, \"log\": true}}"}
{"op_code":5,"worker_id":"b7de9042-bb1f-417d-b5bc-a4dac866e2c0-128976403289216","trial_id":25,"param_name":"USE_RMS_SCALING","param_value_internal":1,"distribution":"{\"name\": \"CategoricalDistribution\", \"attributes\": {\"choices\": [true, false]}}"}
{"op_code":6,"worker_id":"0c084854-ce4e-490f-b935-564081cfcbd5-126055260587136","trial_id":14,"state":1,"values":[0.0],"datetime_complete":"2026-04-30T21:03:13.763157"}
{"op_code":4,"worker_id":"0c084854-ce4e-490f-b935-564081cfcbd5-126055260587136","study_id":0,"datetime_start":"2026-04-30T21:03:13.807073"}
{"op_code":5,"worker_id":"0c084854-ce4e-490f-b935-564081cfcbd5-126055260587136","trial_id":26,"param_name":"RANK_REGRESS","param_value_internal":27.0,"distribution":"{\"name\": \"IntDistribution\", \"attributes\": {\"log\": false, \"step\": 1, \"low\": 5, \"high\": 80}}"}
{"op_code":5,"worker_id":"0c084854-ce4e-490f-b935-564081cfcbd5-126055260587136","trial_id":26,"param_name":"REG_W","param_value_internal":1.4519703536178534,"distribution":"{\"name\": \"FloatDistribution\", \"attributes\": {\"step\": null, \"low\": 1e-05, \"high\": 1000.0, \"log\": true}}"}
{"op_code":5,"worker_id":"0c084854-ce4e-490f-b935-564081cfcbd5-126055260587136","trial_id":26,"param_name":"USE_RMS_SCALING","param_value_internal":0,"distribution":"{\"name\": \"CategoricalDistribution\", \"attributes\": {\"choices\": [true, false]}}"}
{"op_code":6,"worker_id":"da3a3166-2bbd-4ecb-9382-aec175f7b732-128394150311040","trial_id":12,"state":1,"values":[-0.04821315600372145],"datetime_complete":"2026-04-30T21:06:07.303623"}
{"op_code":4,"worker_id":"da3a3166-2bbd-4ecb-9382-aec175f7b732-128394150311040","study_id":0,"datetime_start":"2026-04-30T21:06:07.346621"}
{"op_code":5,"worker_id":"da3a3166-2bbd-4ecb-9382-aec175f7b732-128394150311040","trial_id":27,"param_name":"RANK_REGRESS","param_value_internal":30.0,"distribution":"{\"name\": \"IntDistribution\", \"attributes\": {\"log\": false, \"step\": 1, \"low\": 5, \"high\": 80}}"}
{"op_code":5,"worker_id":"da3a3166-2bbd-4ecb-9382-aec175f7b732-128394150311040","trial_id":27,"param_name":"REG_W","param_value_internal":964.0905545388878,"distribution":"{\"name\": \"FloatDistribution\", \"attributes\": {\"step\": null, \"low\": 1e-05, \"high\": 1000.0, \"log\": true}}"}
{"op_code":5,"worker_id":"da3a3166-2bbd-4ecb-9382-aec175f7b732-128394150311040","trial_id":27,"param_name":"USE_RMS_SCALING","param_value_internal":0,"distribution":"{\"name\": \"CategoricalDistribution\", \"attributes\": {\"choices\": [true, false]}}"}
{"op_code":6,"worker_id":"9fc23632-0f40-4183-b864-8e1d4a82ed91-126149338862720","trial_id":4,"state":1,"values":[-0.36452071455163765],"datetime_complete":"2026-04-30T21:25:46.986339"}
{"op_code":4,"worker_id":"9fc23632-0f40-4183-b864-8e1d4a82ed91-126149338862720","study_id":0,"datetime_start":"2026-04-30T21:25:47.036387"}
{"op_code":5,"worker_id":"9fc23632-0f40-4183-b864-8e1d4a82ed91-126149338862720","trial_id":28,"param_name":"RANK_REGRESS","param_value_internal":56.0,"distribution":"{\"name\": \"IntDistribution\", \"attributes\": {\"log\": false, \"step\": 1, \"low\": 5, \"high\": 80}}"}
{"op_code":5,"worker_id":"9fc23632-0f40-4183-b864-8e1d4a82ed91-126149338862720","trial_id":28,"param_name":"REG_W","param_value_internal":66.4611339865899,"distribution":"{\"name\": \"FloatDistribution\", \"attributes\": {\"step\": null, \"low\": 1e-05, \"high\": 1000.0, \"log\": true}}"}
{"op_code":5,"worker_id":"9fc23632-0f40-4183-b864-8e1d4a82ed91-126149338862720","trial_id":28,"param_name":"USE_RMS_SCALING","param_value_internal":1,"distribution":"{\"name\": \"CategoricalDistribution\", \"attributes\": {\"choices\": [true, false]}}"}
{"op_code":6,"worker_id":"79c34175-b9f1-45f7-9bd5-105b6759a1dd-126883468141696","trial_id":10,"state":1,"values":[-0.0366961767473322],"datetime_complete":"2026-04-30T21:30:20.558703"}
{"op_code":4,"worker_id":"79c34175-b9f1-45f7-9bd5-105b6759a1dd-126883468141696","study_id":0,"datetime_start":"2026-04-30T21:30:20.603407"}
{"op_code":5,"worker_id":"79c34175-b9f1-45f7-9bd5-105b6759a1dd-126883468141696","trial_id":29,"param_name":"RANK_REGRESS","param_value_internal":78.0,"distribution":"{\"name\": \"IntDistribution\", \"attributes\": {\"log\": false, \"step\": 1, \"low\": 5, \"high\": 80}}"}
{"op_code":5,"worker_id":"79c34175-b9f1-45f7-9bd5-105b6759a1dd-126883468141696","trial_id":29,"param_name":"REG_W","param_value_internal":1.54058179022598,"distribution":"{\"name\": \"FloatDistribution\", \"attributes\": {\"step\": null, \"low\": 1e-05, \"high\": 1000.0, \"log\": true}}"}
{"op_code":5,"worker_id":"79c34175-b9f1-45f7-9bd5-105b6759a1dd-126883468141696","trial_id":29,"param_name":"USE_RMS_SCALING","param_value_internal":1,"distribution":"{\"name\": \"CategoricalDistribution\", \"attributes\": {\"choices\": [true, false]}}"}
{"op_code":6,"worker_id":"1ad9d507-68a4-43ae-a538-1b11db4d9552-123793829037184","trial_id":5,"state":1,"values":[-1.0],"datetime_complete":"2026-04-30T21:56:09.595075"}
{"op_code":4,"worker_id":"1ad9d507-68a4-43ae-a538-1b11db4d9552-123793829037184","study_id":0,"datetime_start":"2026-04-30T21:56:09.646622"}
{"op_code":5,"worker_id":"1ad9d507-68a4-43ae-a538-1b11db4d9552-123793829037184","trial_id":30,"param_name":"RANK_REGRESS","param_value_internal":65.0,"distribution":"{\"name\": \"IntDistribution\", \"attributes\": {\"log\": false, \"step\": 1, \"low\": 5, \"high\": 80}}"}
{"op_code":5,"worker_id":"1ad9d507-68a4-43ae-a538-1b11db4d9552-123793829037184","trial_id":30,"param_name":"REG_W","param_value_internal":1.234596714033963,"distribution":"{\"name\": \"FloatDistribution\", \"attributes\": {\"step\": null, \"low\": 1e-05, \"high\": 1000.0, \"log\": true}}"}
{"op_code":5,"worker_id":"1ad9d507-68a4-43ae-a538-1b11db4d9552-123793829037184","trial_id":30,"param_name":"USE_RMS_SCALING","param_value_internal":0,"distribution":"{\"name\": \"CategoricalDistribution\", \"attributes\": {\"choices\": [true, false]}}"}
{"op_code":6,"worker_id":"1cf95c8a-2986-4be0-bec4-acdf3907eaaf-128340572447872","trial_id":18,"state":1,"values":[-1.0],"datetime_complete":"2026-04-30T22:27:04.931485"}
{"op_code":4,"worker_id":"1cf95c8a-2986-4be0-bec4-acdf3907eaaf-128340572447872","study_id":0,"datetime_start":"2026-04-30T22:27:04.976381"}
{"op_code":5,"worker_id":"1cf95c8a-2986-4be0-bec4-acdf3907eaaf-128340572447872","trial_id":31,"param_name":"RANK_REGRESS","param_value_internal":10.0,"distribution":"{\"name\": \"IntDistribution\", \"attributes\": {\"log\": false, \"step\": 1, \"low\": 5, \"high\": 80}}"}
{"op_code":5,"worker_id":"1cf95c8a-2986-4be0-bec4-acdf3907eaaf-128340572447872","trial_id":31,"param_name":"REG_W","param_value_internal":0.0007044075607751274,"distribution":"{\"name\": \"FloatDistribution\", \"attributes\": {\"step\": null, \"low\": 1e-05, \"high\": 1000.0, \"log\": true}}"}
{"op_code":5,"worker_id":"1cf95c8a-2986-4be0-bec4-acdf3907eaaf-128340572447872","trial_id":31,"param_name":"USE_RMS_SCALING","param_value_internal":1,"distribution":"{\"name\": \"CategoricalDistribution\", \"attributes\": {\"choices\": [true, false]}}"}
{"op_code":6,"worker_id":"1fb15fda-69eb-47d5-824b-2c5bafe6411d-125438182945920","trial_id":19,"state":1,"values":[-0.8757472884434708],"datetime_complete":"2026-04-30T23:29:24.866902"}
{"op_code":4,"worker_id":"1fb15fda-69eb-47d5-824b-2c5bafe6411d-125438182945920","study_id":0,"datetime_start":"2026-04-30T23:29:24.913086"}
{"op_code":5,"worker_id":"1fb15fda-69eb-47d5-824b-2c5bafe6411d-125438182945920","trial_id":32,"param_name":"RANK_REGRESS","param_value_internal":39.0,"distribution":"{\"name\": \"IntDistribution\", \"attributes\": {\"log\": false, \"step\": 1, \"low\": 5, \"high\": 80}}"}
{"op_code":5,"worker_id":"1fb15fda-69eb-47d5-824b-2c5bafe6411d-125438182945920","trial_id":32,"param_name":"REG_W","param_value_internal":0.00012357735252672682,"distribution":"{\"name\": \"FloatDistribution\", \"attributes\": {\"step\": null, \"low\": 1e-05, \"high\": 1000.0, \"log\": true}}"}
{"op_code":5,"worker_id":"1fb15fda-69eb-47d5-824b-2c5bafe6411d-125438182945920","trial_id":32,"param_name":"USE_RMS_SCALING","param_value_internal":0,"distribution":"{\"name\": \"CategoricalDistribution\", \"attributes\": {\"choices\": [true, false]}}"}
{"op_code":6,"worker_id":"1cf95c8a-2986-4be0-bec4-acdf3907eaaf-128340572447872","trial_id":31,"state":1,"values":[-0.571837011337492],"datetime_complete":"2026-04-30T23:43:47.812629"}
{"op_code":4,"worker_id":"1cf95c8a-2986-4be0-bec4-acdf3907eaaf-128340572447872","study_id":0,"datetime_start":"2026-04-30T23:43:47.872052"}
{"op_code":5,"worker_id":"1cf95c8a-2986-4be0-bec4-acdf3907eaaf-128340572447872","trial_id":33,"param_name":"RANK_REGRESS","param_value_internal":75.0,"distribution":"{\"name\": \"IntDistribution\", \"attributes\": {\"log\": false, \"step\": 1, \"low\": 5, \"high\": 80}}"}
{"op_code":5,"worker_id":"1cf95c8a-2986-4be0-bec4-acdf3907eaaf-128340572447872","trial_id":33,"param_name":"REG_W","param_value_internal":0.00026827214849338405,"distribution":"{\"name\": \"FloatDistribution\", \"attributes\": {\"step\": null, \"low\": 1e-05, \"high\": 1000.0, \"log\": true}}"}
{"op_code":5,"worker_id":"1cf95c8a-2986-4be0-bec4-acdf3907eaaf-128340572447872","trial_id":33,"param_name":"USE_RMS_SCALING","param_value_internal":0,"distribution":"{\"name\": \"CategoricalDistribution\", \"attributes\": {\"choices\": [true, false]}}"}
{"op_code":6,"worker_id":"6df96b38-7a8d-4d4c-9e4f-1f3a7e085b04-127361222997120","trial_id":2,"state":1,"values":[0.0],"datetime_complete":"2026-05-01T00:13:17.539544"}
{"op_code":4,"worker_id":"6df96b38-7a8d-4d4c-9e4f-1f3a7e085b04-127361222997120","study_id":0,"datetime_start":"2026-05-01T00:13:17.585387"}
{"op_code":5,"worker_id":"6df96b38-7a8d-4d4c-9e4f-1f3a7e085b04-127361222997120","trial_id":34,"param_name":"RANK_REGRESS","param_value_internal":71.0,"distribution":"{\"name\": \"IntDistribution\", \"attributes\": {\"log\": false, \"step\": 1, \"low\": 5, \"high\": 80}}"}
{"op_code":5,"worker_id":"6df96b38-7a8d-4d4c-9e4f-1f3a7e085b04-127361222997120","trial_id":34,"param_name":"REG_W","param_value_internal":0.00848074469319298,"distribution":"{\"name\": \"FloatDistribution\", \"attributes\": {\"step\": null, \"low\": 1e-05, \"high\": 1000.0, \"log\": true}}"}
{"op_code":5,"worker_id":"6df96b38-7a8d-4d4c-9e4f-1f3a7e085b04-127361222997120","trial_id":34,"param_name":"USE_RMS_SCALING","param_value_internal":0,"distribution":"{\"name\": \"CategoricalDistribution\", \"attributes\": {\"choices\": [true, false]}}"}
{"op_code":6,"worker_id":"02fdff14-0f35-40cd-bc48-ac3b3615022d-124304412898432","trial_id":13,"state":1,"values":[-0.1824704033767136],"datetime_complete":"2026-05-01T00:44:29.311460"}
{"op_code":4,"worker_id":"02fdff14-0f35-40cd-bc48-ac3b3615022d-124304412898432","study_id":0,"datetime_start":"2026-05-01T00:44:29.364176"}
{"op_code":5,"worker_id":"02fdff14-0f35-40cd-bc48-ac3b3615022d-124304412898432","trial_id":35,"param_name":"RANK_REGRESS","param_value_internal":40.0,"distribution":"{\"name\": \"IntDistribution\", \"attributes\": {\"log\": false, \"step\": 1, \"low\": 5, \"high\": 80}}"}
{"op_code":5,"worker_id":"02fdff14-0f35-40cd-bc48-ac3b3615022d-124304412898432","trial_id":35,"param_name":"REG_W","param_value_internal":193.26672320570077,"distribution":"{\"name\": \"FloatDistribution\", \"attributes\": {\"step\": null, \"low\": 1e-05, \"high\": 1000.0, \"log\": true}}"}
{"op_code":5,"worker_id":"02fdff14-0f35-40cd-bc48-ac3b3615022d-124304412898432","trial_id":35,"param_name":"USE_RMS_SCALING","param_value_internal":0,"distribution":"{\"name\": \"CategoricalDistribution\", \"attributes\": {\"choices\": [true, false]}}"}
{"op_code":6,"worker_id":"0c084854-ce4e-490f-b935-564081cfcbd5-126055260587136","trial_id":26,"state":1,"values":[-0.31907699039844645],"datetime_complete":"2026-05-01T01:01:53.657543"}
{"op_code":4,"worker_id":"0c084854-ce4e-490f-b935-564081cfcbd5-126055260587136","study_id":0,"datetime_start":"2026-05-01T01:01:53.716124"}
{"op_code":5,"worker_id":"0c084854-ce4e-490f-b935-564081cfcbd5-126055260587136","trial_id":36,"param_name":"RANK_REGRESS","param_value_internal":23.0,"distribution":"{\"name\": \"IntDistribution\", \"attributes\": {\"log\": false, \"step\": 1, \"low\": 5, \"high\": 80}}"}
{"op_code":5,"worker_id":"0c084854-ce4e-490f-b935-564081cfcbd5-126055260587136","trial_id":36,"param_name":"REG_W","param_value_internal":9.649222148815598,"distribution":"{\"name\": \"FloatDistribution\", \"attributes\": {\"step\": null, \"low\": 1e-05, \"high\": 1000.0, \"log\": true}}"}
{"op_code":5,"worker_id":"0c084854-ce4e-490f-b935-564081cfcbd5-126055260587136","trial_id":36,"param_name":"USE_RMS_SCALING","param_value_internal":1,"distribution":"{\"name\": \"CategoricalDistribution\", \"attributes\": {\"choices\": [true, false]}}"}
{"op_code":6,"worker_id":"da3a3166-2bbd-4ecb-9382-aec175f7b732-128394150311040","trial_id":27,"state":1,"values":[0.0],"datetime_complete":"2026-05-01T01:38:21.745274"}
{"op_code":4,"worker_id":"da3a3166-2bbd-4ecb-9382-aec175f7b732-128394150311040","study_id":0,"datetime_start":"2026-05-01T01:38:21.810968"}
{"op_code":5,"worker_id":"da3a3166-2bbd-4ecb-9382-aec175f7b732-128394150311040","trial_id":37,"param_name":"RANK_REGRESS","param_value_internal":41.0,"distribution":"{\"name\": \"IntDistribution\", \"attributes\": {\"log\": false, \"step\": 1, \"low\": 5, \"high\": 80}}"}
{"op_code":5,"worker_id":"da3a3166-2bbd-4ecb-9382-aec175f7b732-128394150311040","trial_id":37,"param_name":"REG_W","param_value_internal":0.00016288153261222345,"distribution":"{\"name\": \"FloatDistribution\", \"attributes\": {\"step\": null, \"low\": 1e-05, \"high\": 1000.0, \"log\": true}}"}
{"op_code":5,"worker_id":"da3a3166-2bbd-4ecb-9382-aec175f7b732-128394150311040","trial_id":37,"param_name":"USE_RMS_SCALING","param_value_internal":0,"distribution":"{\"name\": \"CategoricalDistribution\", \"attributes\": {\"choices\": [true, false]}}"}
{"op_code":6,"worker_id":"b7de9042-bb1f-417d-b5bc-a4dac866e2c0-128976403289216","trial_id":25,"state":1,"values":[-0.16232813798649373],"datetime_complete":"2026-05-01T01:50:34.690533"}
{"op_code":4,"worker_id":"b7de9042-bb1f-417d-b5bc-a4dac866e2c0-128976403289216","study_id":0,"datetime_start":"2026-05-01T01:50:34.729176"}
{"op_code":5,"worker_id":"b7de9042-bb1f-417d-b5bc-a4dac866e2c0-128976403289216","trial_id":38,"param_name":"RANK_REGRESS","param_value_internal":33.0,"distribution":"{\"name\": \"IntDistribution\", \"attributes\": {\"log\": false, \"step\": 1, \"low\": 5, \"high\": 80}}"}
{"op_code":5,"worker_id":"b7de9042-bb1f-417d-b5bc-a4dac866e2c0-128976403289216","trial_id":38,"param_name":"REG_W","param_value_internal":4.050522457808079,"distribution":"{\"name\": \"FloatDistribution\", \"attributes\": {\"step\": null, \"low\": 1e-05, \"high\": 1000.0, \"log\": true}}"}
{"op_code":5,"worker_id":"b7de9042-bb1f-417d-b5bc-a4dac866e2c0-128976403289216","trial_id":38,"param_name":"USE_RMS_SCALING","param_value_internal":1,"distribution":"{\"name\": \"CategoricalDistribution\", \"attributes\": {\"choices\": [true, false]}}"}
{"op_code":6,"worker_id":"0d7a1d97-1e9a-4c21-a606-cbaf7992122a-133082149819520","trial_id":20,"state":1,"values":[-0.8097751621742394],"datetime_complete":"2026-05-01T02:54:38.984399"}
{"op_code":4,"worker_id":"0d7a1d97-1e9a-4c21-a606-cbaf7992122a-133082149819520","study_id":0,"datetime_start":"2026-05-01T02:54:39.028308"}
{"op_code":5,"worker_id":"0d7a1d97-1e9a-4c21-a606-cbaf7992122a-133082149819520","trial_id":39,"param_name":"RANK_REGRESS","param_value_internal":74.0,"distribution":"{\"name\": \"IntDistribution\", \"attributes\": {\"log\": false, \"step\": 1, \"low\": 5, \"high\": 80}}"}
{"op_code":5,"worker_id":"0d7a1d97-1e9a-4c21-a606-cbaf7992122a-133082149819520","trial_id":39,"param_name":"REG_W","param_value_internal":1.2686334181269887,"distribution":"{\"name\": \"FloatDistribution\", \"attributes\": {\"step\": null, \"low\": 1e-05, \"high\": 1000.0, \"log\": true}}"}
{"op_code":5,"worker_id":"0d7a1d97-1e9a-4c21-a606-cbaf7992122a-133082149819520","trial_id":39,"param_name":"USE_RMS_SCALING","param_value_internal":0,"distribution":"{\"name\": \"CategoricalDistribution\", \"attributes\": {\"choices\": [true, false]}}"}
{"op_code":6,"worker_id":"15b01b02-9dbb-4c4b-901c-01b0b8d8f901-135118096381056","trial_id":21,"state":1,"values":[-0.7908267035648482],"datetime_complete":"2026-05-01T03:01:38.433298"}
{"op_code":4,"worker_id":"15b01b02-9dbb-4c4b-901c-01b0b8d8f901-135118096381056","study_id":0,"datetime_start":"2026-05-01T03:01:38.474398"}
{"op_code":5,"worker_id":"15b01b02-9dbb-4c4b-901c-01b0b8d8f901-135118096381056","trial_id":40,"param_name":"RANK_REGRESS","param_value_internal":20.0,"distribution":"{\"name\": \"IntDistribution\", \"attributes\": {\"log\": false, \"step\": 1, \"low\": 5, \"high\": 80}}"}
{"op_code":5,"worker_id":"15b01b02-9dbb-4c4b-901c-01b0b8d8f901-135118096381056","trial_id":40,"param_name":"REG_W","param_value_internal":0.017213192231719326,"distribution":"{\"name\": \"FloatDistribution\", \"attributes\": {\"step\": null, \"low\": 1e-05, \"high\": 1000.0, \"log\": true}}"}
{"op_code":5,"worker_id":"15b01b02-9dbb-4c4b-901c-01b0b8d8f901-135118096381056","trial_id":40,"param_name":"USE_RMS_SCALING","param_value_internal":0,"distribution":"{\"name\": \"CategoricalDistribution\", \"attributes\": {\"choices\": [true, false]}}"}
{"op_code":6,"worker_id":"7d53e311-dd1e-4218-a458-d1c6f9b1e33f-125242223895680","trial_id":3,"state":1,"values":[-1.0],"datetime_complete":"2026-05-01T03:40:37.269797"}
{"op_code":4,"worker_id":"7d53e311-dd1e-4218-a458-d1c6f9b1e33f-125242223895680","study_id":0,"datetime_start":"2026-05-01T03:40:37.347942"}
{"op_code":5,"worker_id":"7d53e311-dd1e-4218-a458-d1c6f9b1e33f-125242223895680","trial_id":41,"param_name":"RANK_REGRESS","param_value_internal":22.0,"distribution":"{\"name\": \"IntDistribution\", \"attributes\": {\"log\": false, \"step\": 1, \"low\": 5, \"high\": 80}}"}
{"op_code":5,"worker_id":"7d53e311-dd1e-4218-a458-d1c6f9b1e33f-125242223895680","trial_id":41,"param_name":"REG_W","param_value_internal":1.3059175889731961e-05,"distribution":"{\"name\": \"FloatDistribution\", \"attributes\": {\"step\": null, \"low\": 1e-05, \"high\": 1000.0, \"log\": true}}"}
{"op_code":5,"worker_id":"7d53e311-dd1e-4218-a458-d1c6f9b1e33f-125242223895680","trial_id":41,"param_name":"USE_RMS_SCALING","param_value_internal":1,"distribution":"{\"name\": \"CategoricalDistribution\", \"attributes\": {\"choices\": [true, false]}}"}
{"op_code":6,"worker_id":"536f5944-adef-462d-901e-c66b4787b8c1-125863347184768","trial_id":6,"state":1,"values":[-0.9397174718085739],"datetime_complete":"2026-05-01T03:54:15.907997"}
{"op_code":4,"worker_id":"536f5944-adef-462d-901e-c66b4787b8c1-125863347184768","study_id":0,"datetime_start":"2026-05-01T03:54:15.953488"}
{"op_code":5,"worker_id":"536f5944-adef-462d-901e-c66b4787b8c1-125863347184768","trial_id":42,"param_name":"RANK_REGRESS","param_value_internal":29.0,"distribution":"{\"name\": \"IntDistribution\", \"attributes\": {\"log\": false, \"step\": 1, \"low\": 5, \"high\": 80}}"}
{"op_code":5,"worker_id":"536f5944-adef-462d-901e-c66b4787b8c1-125863347184768","trial_id":42,"param_name":"REG_W","param_value_internal":117.69121279856323,"distribution":"{\"name\": \"FloatDistribution\", \"attributes\": {\"step\": null, \"low\": 1e-05, \"high\": 1000.0, \"log\": true}}"}
{"op_code":5,"worker_id":"536f5944-adef-462d-901e-c66b4787b8c1-125863347184768","trial_id":42,"param_name":"USE_RMS_SCALING","param_value_internal":0,"distribution":"{\"name\": \"CategoricalDistribution\", \"attributes\": {\"choices\": [true, false]}}"}
{"op_code":6,"worker_id":"0c084854-ce4e-490f-b935-564081cfcbd5-126055260587136","trial_id":36,"state":1,"values":[-0.17519932858646683],"datetime_complete":"2026-05-01T04:24:46.938004"}
{"op_code":4,"worker_id":"0c084854-ce4e-490f-b935-564081cfcbd5-126055260587136","study_id":0,"datetime_start":"2026-05-01T04:24:47.010507"}
{"op_code":5,"worker_id":"0c084854-ce4e-490f-b935-564081cfcbd5-126055260587136","trial_id":43,"param_name":"RANK_REGRESS","param_value_internal":33.0,"distribution":"{\"name\": \"IntDistribution\", \"attributes\": {\"log\": false, \"step\": 1, \"low\": 5, \"high\": 80}}"}
{"op_code":5,"worker_id":"0c084854-ce4e-490f-b935-564081cfcbd5-126055260587136","trial_id":43,"param_name":"REG_W","param_value_internal":0.0020212543137065556,"distribution":"{\"name\": \"FloatDistribution\", \"attributes\": {\"step\": null, \"low\": 1e-05, \"high\": 1000.0, \"log\": true}}"}
{"op_code":5,"worker_id":"0c084854-ce4e-490f-b935-564081cfcbd5-126055260587136","trial_id":43,"param_name":"USE_RMS_SCALING","param_value_internal":1,"distribution":"{\"name\": \"CategoricalDistribution\", \"attributes\": {\"choices\": [true, false]}}"}
{"op_code":6,"worker_id":"15b01b02-9dbb-4c4b-901c-01b0b8d8f901-135118096381056","trial_id":40,"state":1,"values":[-0.7215288532398075],"datetime_complete":"2026-05-01T05:10:05.885825"}
{"op_code":4,"worker_id":"15b01b02-9dbb-4c4b-901c-01b0b8d8f901-135118096381056","study_id":0,"datetime_start":"2026-05-01T05:10:05.937382"}
{"op_code":5,"worker_id":"15b01b02-9dbb-4c4b-901c-01b0b8d8f901-135118096381056","trial_id":44,"param_name":"RANK_REGRESS","param_value_internal":48.0,"distribution":"{\"name\": \"IntDistribution\", \"attributes\": {\"log\": false, \"step\": 1, \"low\": 5, \"high\": 80}}"}
{"op_code":5,"worker_id":"15b01b02-9dbb-4c4b-901c-01b0b8d8f901-135118096381056","trial_id":44,"param_name":"REG_W","param_value_internal":0.0016524302656590977,"distribution":"{\"name\": \"FloatDistribution\", \"attributes\": {\"step\": null, \"low\": 1e-05, \"high\": 1000.0, \"log\": true}}"}
{"op_code":5,"worker_id":"15b01b02-9dbb-4c4b-901c-01b0b8d8f901-135118096381056","trial_id":44,"param_name":"USE_RMS_SCALING","param_value_internal":1,"distribution":"{\"name\": \"CategoricalDistribution\", \"attributes\": {\"choices\": [true, false]}}"}
{"op_code":6,"worker_id":"58b3f088-f04b-4cb2-afd8-127b68e8a715-133493801612416","trial_id":8,"state":1,"values":[0.0],"datetime_complete":"2026-05-01T05:32:44.017935"}
{"op_code":4,"worker_id":"58b3f088-f04b-4cb2-afd8-127b68e8a715-133493801612416","study_id":0,"datetime_start":"2026-05-01T05:32:44.053805"}
{"op_code":5,"worker_id":"58b3f088-f04b-4cb2-afd8-127b68e8a715-133493801612416","trial_id":45,"param_name":"RANK_REGRESS","param_value_internal":11.0,"distribution":"{\"name\": \"IntDistribution\", \"attributes\": {\"log\": false, \"step\": 1, \"low\": 5, \"high\": 80}}"}
{"op_code":5,"worker_id":"58b3f088-f04b-4cb2-afd8-127b68e8a715-133493801612416","trial_id":45,"param_name":"REG_W","param_value_internal":5.925527193559805,"distribution":"{\"name\": \"FloatDistribution\", \"attributes\": {\"step\": null, \"low\": 1e-05, \"high\": 1000.0, \"log\": true}}"}
{"op_code":5,"worker_id":"58b3f088-f04b-4cb2-afd8-127b68e8a715-133493801612416","trial_id":45,"param_name":"USE_RMS_SCALING","param_value_internal":1,"distribution":"{\"name\": \"CategoricalDistribution\", \"attributes\": {\"choices\": [true, false]}}"}
{"op_code":6,"worker_id":"9f876bc0-e3e0-46b7-83de-55f9fbcc7197-131982611063936","trial_id":17,"state":1,"values":[-0.6560060562287239],"datetime_complete":"2026-05-01T05:37:26.218866"}
{"op_code":4,"worker_id":"9f876bc0-e3e0-46b7-83de-55f9fbcc7197-131982611063936","study_id":0,"datetime_start":"2026-05-01T05:37:26.262181"}
{"op_code":5,"worker_id":"9f876bc0-e3e0-46b7-83de-55f9fbcc7197-131982611063936","trial_id":46,"param_name":"RANK_REGRESS","param_value_internal":54.0,"distribution":"{\"name\": \"IntDistribution\", \"attributes\": {\"log\": false, \"step\": 1, \"low\": 5, \"high\": 80}}"}
{"op_code":5,"worker_id":"9f876bc0-e3e0-46b7-83de-55f9fbcc7197-131982611063936","trial_id":46,"param_name":"REG_W","param_value_internal":1.072181977865036e-05,"distribution":"{\"name\": \"FloatDistribution\", \"attributes\": {\"step\": null, \"low\": 1e-05, \"high\": 1000.0, \"log\": true}}"}
{"op_code":5,"worker_id":"9f876bc0-e3e0-46b7-83de-55f9fbcc7197-131982611063936","trial_id":46,"param_name":"USE_RMS_SCALING","param_value_internal":1,"distribution":"{\"name\": \"CategoricalDistribution\", \"attributes\": {\"choices\": [true, false]}}"}
{"op_code":6,"worker_id":"7d32c647-6217-4970-b9ff-c599ead12373-124021749474432","trial_id":7,"state":1,"values":[-0.7623502062982603],"datetime_complete":"2026-05-01T05:42:45.460896"}
{"op_code":4,"worker_id":"7d32c647-6217-4970-b9ff-c599ead12373-124021749474432","study_id":0,"datetime_start":"2026-05-01T05:42:45.500956"}
{"op_code":5,"worker_id":"7d32c647-6217-4970-b9ff-c599ead12373-124021749474432","trial_id":47,"param_name":"RANK_REGRESS","param_value_internal":79.0,"distribution":"{\"name\": \"IntDistribution\", \"attributes\": {\"log\": false, \"step\": 1, \"low\": 5, \"high\": 80}}"}
{"op_code":5,"worker_id":"7d32c647-6217-4970-b9ff-c599ead12373-124021749474432","trial_id":47,"param_name":"REG_W","param_value_internal":0.0020888124803479253,"distribution":"{\"name\": \"FloatDistribution\", \"attributes\": {\"step\": null, \"low\": 1e-05, \"high\": 1000.0, \"log\": true}}"}
{"op_code":5,"worker_id":"7d32c647-6217-4970-b9ff-c599ead12373-124021749474432","trial_id":47,"param_name":"USE_RMS_SCALING","param_value_internal":0,"distribution":"{\"name\": \"CategoricalDistribution\", \"attributes\": {\"choices\": [true, false]}}"}
{"op_code":6,"worker_id":"cf74148e-4b89-4171-a4ce-d36485d7275b-123263376540800","trial_id":1,"state":1,"values":[-1.0],"datetime_complete":"2026-05-01T05:57:59.170746"}
{"op_code":4,"worker_id":"cf74148e-4b89-4171-a4ce-d36485d7275b-123263376540800","study_id":0,"datetime_start":"2026-05-01T05:57:59.231372"}
{"op_code":5,"worker_id":"cf74148e-4b89-4171-a4ce-d36485d7275b-123263376540800","trial_id":48,"param_name":"RANK_REGRESS","param_value_internal":54.0,"distribution":"{\"name\": \"IntDistribution\", \"attributes\": {\"log\": false, \"step\": 1, \"low\": 5, \"high\": 80}}"}
{"op_code":5,"worker_id":"cf74148e-4b89-4171-a4ce-d36485d7275b-123263376540800","trial_id":48,"param_name":"REG_W","param_value_internal":1.728654777310131e-05,"distribution":"{\"name\": \"FloatDistribution\", \"attributes\": {\"step\": null, \"low\": 1e-05, \"high\": 1000.0, \"log\": true}}"}
{"op_code":5,"worker_id":"cf74148e-4b89-4171-a4ce-d36485d7275b-123263376540800","trial_id":48,"param_name":"USE_RMS_SCALING","param_value_internal":0,"distribution":"{\"name\": \"CategoricalDistribution\", \"attributes\": {\"choices\": [true, false]}}"}
{"op_code":6,"worker_id":"1fb15fda-69eb-47d5-824b-2c5bafe6411d-125438182945920","trial_id":32,"state":1,"values":[-1.0],"datetime_complete":"2026-05-01T06:03:06.438758"}
{"op_code":4,"worker_id":"1fb15fda-69eb-47d5-824b-2c5bafe6411d-125438182945920","study_id":0,"datetime_start":"2026-05-01T06:03:06.502046"}
{"op_code":5,"worker_id":"1fb15fda-69eb-47d5-824b-2c5bafe6411d-125438182945920","trial_id":49,"param_name":"RANK_REGRESS","param_value_internal":22.0,"distribution":"{\"name\": \"IntDistribution\", \"attributes\": {\"log\": false, \"step\": 1, \"low\": 5, \"high\": 80}}"}
{"op_code":5,"worker_id":"1fb15fda-69eb-47d5-824b-2c5bafe6411d-125438182945920","trial_id":49,"param_name":"REG_W","param_value_internal":0.0001826540674509542,"distribution":"{\"name\": \"FloatDistribution\", \"attributes\": {\"step\": null, \"low\": 1e-05, \"high\": 1000.0, \"log\": true}}"}
{"op_code":5,"worker_id":"1fb15fda-69eb-47d5-824b-2c5bafe6411d-125438182945920","trial_id":49,"param_name":"USE_RMS_SCALING","param_value_internal":0,"distribution":"{\"name\": \"CategoricalDistribution\", \"attributes\": {\"choices\": [true, false]}}"}
{"op_code":6,"worker_id":"58b3f088-f04b-4cb2-afd8-127b68e8a715-133493801612416","trial_id":45,"state":1,"values":[-0.11447320162284103],"datetime_complete":"2026-05-01T06:43:16.590623"}
{"op_code":4,"worker_id":"58b3f088-f04b-4cb2-afd8-127b68e8a715-133493801612416","study_id":0,"datetime_start":"2026-05-01T06:43:16.652152"}
{"op_code":5,"worker_id":"58b3f088-f04b-4cb2-afd8-127b68e8a715-133493801612416","trial_id":50,"param_name":"RANK_REGRESS","param_value_internal":15.0,"distribution":"{\"name\": \"IntDistribution\", \"attributes\": {\"log\": false, \"step\": 1, \"low\": 5, \"high\": 80}}"}
{"op_code":5,"worker_id":"58b3f088-f04b-4cb2-afd8-127b68e8a715-133493801612416","trial_id":50,"param_name":"REG_W","param_value_internal":3.475929593448122,"distribution":"{\"name\": \"FloatDistribution\", \"attributes\": {\"step\": null, \"low\": 1e-05, \"high\": 1000.0, \"log\": true}}"}
{"op_code":5,"worker_id":"58b3f088-f04b-4cb2-afd8-127b68e8a715-133493801612416","trial_id":50,"param_name":"USE_RMS_SCALING","param_value_internal":1,"distribution":"{\"name\": \"CategoricalDistribution\", \"attributes\": {\"choices\": [true, false]}}"}
{"op_code":6,"worker_id":"44b772b6-5483-4b82-9406-82a907446440-133951069783168","trial_id":11,"state":1,"values":[-1.0],"datetime_complete":"2026-05-01T06:43:43.604708"}
{"op_code":4,"worker_id":"44b772b6-5483-4b82-9406-82a907446440-133951069783168","study_id":0,"datetime_start":"2026-05-01T06:43:43.779188"}
{"op_code":5,"worker_id":"44b772b6-5483-4b82-9406-82a907446440-133951069783168","trial_id":51,"param_name":"RANK_REGRESS","param_value_internal":70.0,"distribution":"{\"name\": \"IntDistribution\", \"attributes\": {\"log\": false, \"step\": 1, \"low\": 5, \"high\": 80}}"}
{"op_code":5,"worker_id":"44b772b6-5483-4b82-9406-82a907446440-133951069783168","trial_id":51,"param_name":"REG_W","param_value_internal":4.281904218447939e-05,"distribution":"{\"name\": \"FloatDistribution\", \"attributes\": {\"step\": null, \"low\": 1e-05, \"high\": 1000.0, \"log\": true}}"}
{"op_code":5,"worker_id":"44b772b6-5483-4b82-9406-82a907446440-133951069783168","trial_id":51,"param_name":"USE_RMS_SCALING","param_value_internal":0,"distribution":"{\"name\": \"CategoricalDistribution\", \"attributes\": {\"choices\": [true, false]}}"}
{"op_code":0,"worker_id":"1c5b397b-8af1-4e6a-9dfd-cd75fc476979-124635985052800","study_name":"cp_pred_surprise_L2_residual_delta","directions":[2]}
{"op_code":0,"worker_id":"e95d3356-36cd-489e-939f-ec8185196232-137392327521408","study_name":"cp_pred_surprise_L2_residual_delta","directions":[2]}
{"op_code":4,"worker_id":"1c5b397b-8af1-4e6a-9dfd-cd75fc476979-124635985052800","study_id":0,"datetime_start":"2026-05-02T11:56:29.017521"}
{"op_code":4,"worker_id":"e95d3356-36cd-489e-939f-ec8185196232-137392327521408","study_id":0,"datetime_start":"2026-05-02T11:56:29.071239"}
{"op_code":5,"worker_id":"1c5b397b-8af1-4e6a-9dfd-cd75fc476979-124635985052800","trial_id":52,"param_name":"RANK_REGRESS","param_value_internal":22.0,"distribution":"{\"name\": \"IntDistribution\", \"attributes\": {\"log\": false, \"step\": 1, \"low\": 5, \"high\": 80}}"}
{"op_code":5,"worker_id":"e95d3356-36cd-489e-939f-ec8185196232-137392327521408","trial_id":53,"param_name":"RANK_REGRESS","param_value_internal":17.0,"distribution":"{\"name\": \"IntDistribution\", \"attributes\": {\"log\": false, \"step\": 1, \"low\": 5, \"high\": 80}}"}
{"op_code":5,"worker_id":"1c5b397b-8af1-4e6a-9dfd-cd75fc476979-124635985052800","trial_id":52,"param_name":"REG_W","param_value_internal":0.05893923859671172,"distribution":"{\"name\": \"FloatDistribution\", \"attributes\": {\"step\": null, \"low\": 1e-05, \"high\": 1000.0, \"log\": true}}"}
{"op_code":5,"worker_id":"e95d3356-36cd-489e-939f-ec8185196232-137392327521408","trial_id":53,"param_name":"REG_W","param_value_internal":4.801228286657393,"distribution":"{\"name\": \"FloatDistribution\", \"attributes\": {\"step\": null, \"low\": 1e-05, \"high\": 1000.0, \"log\": true}}"}
{"op_code":5,"worker_id":"1c5b397b-8af1-4e6a-9dfd-cd75fc476979-124635985052800","trial_id":52,"param_name":"USE_RMS_SCALING","param_value_internal":0,"distribution":"{\"name\": \"CategoricalDistribution\", \"attributes\": {\"choices\": [true, false]}}"}
{"op_code":5,"worker_id":"e95d3356-36cd-489e-939f-ec8185196232-137392327521408","trial_id":53,"param_name":"USE_RMS_SCALING","param_value_internal":0,"distribution":"{\"name\": \"CategoricalDistribution\", \"attributes\": {\"choices\": [true, false]}}"}
{"op_code":0,"worker_id":"14e8b5bb-63c0-443b-9fe2-f2729000ddb6-135591413355648","study_name":"cp_pred_surprise_L2_residual_delta","directions":[2]}
{"op_code":0,"worker_id":"b6a47a77-ae6b-4539-b2ec-f688661018a2-126463643825280","study_name":"cp_pred_surprise_L2_residual_delta","directions":[2]}
{"op_code":4,"worker_id":"14e8b5bb-63c0-443b-9fe2-f2729000ddb6-135591413355648","study_id":0,"datetime_start":"2026-05-02T11:56:30.727963"}
{"op_code":4,"worker_id":"b6a47a77-ae6b-4539-b2ec-f688661018a2-126463643825280","study_id":0,"datetime_start":"2026-05-02T11:56:30.768244"}
{"op_code":5,"worker_id":"14e8b5bb-63c0-443b-9fe2-f2729000ddb6-135591413355648","trial_id":54,"param_name":"RANK_REGRESS","param_value_internal":56.0,"distribution":"{\"name\": \"IntDistribution\", \"attributes\": {\"log\": false, \"step\": 1, \"low\": 5, \"high\": 80}}"}
{"op_code":5,"worker_id":"b6a47a77-ae6b-4539-b2ec-f688661018a2-126463643825280","trial_id":55,"param_name":"RANK_REGRESS","param_value_internal":5.0,"distribution":"{\"name\": \"IntDistribution\", \"attributes\": {\"log\": false, \"step\": 1, \"low\": 5, \"high\": 80}}"}
{"op_code":5,"worker_id":"14e8b5bb-63c0-443b-9fe2-f2729000ddb6-135591413355648","trial_id":54,"param_name":"REG_W","param_value_internal":1.993053018172549,"distribution":"{\"name\": \"FloatDistribution\", \"attributes\": {\"step\": null, \"low\": 1e-05, \"high\": 1000.0, \"log\": true}}"}
{"op_code":5,"worker_id":"b6a47a77-ae6b-4539-b2ec-f688661018a2-126463643825280","trial_id":55,"param_name":"REG_W","param_value_internal":15.123671653381008,"distribution":"{\"name\": \"FloatDistribution\", \"attributes\": {\"step\": null, \"low\": 1e-05, \"high\": 1000.0, \"log\": true}}"}
{"op_code":5,"worker_id":"14e8b5bb-63c0-443b-9fe2-f2729000ddb6-135591413355648","trial_id":54,"param_name":"USE_RMS_SCALING","param_value_internal":1,"distribution":"{\"name\": \"CategoricalDistribution\", \"attributes\": {\"choices\": [true, false]}}"}
{"op_code":5,"worker_id":"b6a47a77-ae6b-4539-b2ec-f688661018a2-126463643825280","trial_id":55,"param_name":"USE_RMS_SCALING","param_value_internal":1,"distribution":"{\"name\": \"CategoricalDistribution\", \"attributes\": {\"choices\": [true, false]}}"}
{"op_code":0,"worker_id":"208b2348-1790-4f2f-9952-2a747ae60531-125848688923776","study_name":"cp_pred_surprise_L2_residual_delta","directions":[2]}
{"op_code":0,"worker_id":"579f7132-c768-4fae-9f24-fd5475090032-137929741575296","study_name":"cp_pred_surprise_L2_residual_delta","directions":[2]}
{"op_code":4,"worker_id":"208b2348-1790-4f2f-9952-2a747ae60531-125848688923776","study_id":0,"datetime_start":"2026-05-02T11:56:32.898364"}
{"op_code":4,"worker_id":"579f7132-c768-4fae-9f24-fd5475090032-137929741575296","study_id":0,"datetime_start":"2026-05-02T11:56:32.903779"}
{"op_code":5,"worker_id":"208b2348-1790-4f2f-9952-2a747ae60531-125848688923776","trial_id":56,"param_name":"RANK_REGRESS","param_value_internal":7.0,"distribution":"{\"name\": \"IntDistribution\", \"attributes\": {\"log\": false, \"step\": 1, \"low\": 5, \"high\": 80}}"}
{"op_code":5,"worker_id":"579f7132-c768-4fae-9f24-fd5475090032-137929741575296","trial_id":57,"param_name":"RANK_REGRESS","param_value_internal":54.0,"distribution":"{\"name\": \"IntDistribution\", \"attributes\": {\"log\": false, \"step\": 1, \"low\": 5, \"high\": 80}}"}
{"op_code":5,"worker_id":"208b2348-1790-4f2f-9952-2a747ae60531-125848688923776","trial_id":56,"param_name":"REG_W","param_value_internal":1.766636586120895e-05,"distribution":"{\"name\": \"FloatDistribution\", \"attributes\": {\"step\": null, \"low\": 1e-05, \"high\": 1000.0, \"log\": true}}"}
{"op_code":5,"worker_id":"579f7132-c768-4fae-9f24-fd5475090032-137929741575296","trial_id":57,"param_name":"REG_W","param_value_internal":0.0013536887548663713,"distribution":"{\"name\": \"FloatDistribution\", \"attributes\": {\"step\": null, \"low\": 1e-05, \"high\": 1000.0, \"log\": true}}"}
{"op_code":5,"worker_id":"208b2348-1790-4f2f-9952-2a747ae60531-125848688923776","trial_id":56,"param_name":"USE_RMS_SCALING","param_value_internal":1,"distribution":"{\"name\": \"CategoricalDistribution\", \"attributes\": {\"choices\": [true, false]}}"}
{"op_code":5,"worker_id":"579f7132-c768-4fae-9f24-fd5475090032-137929741575296","trial_id":57,"param_name":"USE_RMS_SCALING","param_value_internal":1,"distribution":"{\"name\": \"CategoricalDistribution\", \"attributes\": {\"choices\": [true, false]}}"}
{"op_code":0,"worker_id":"0463559c-5b2b-4c9d-b68c-d784f095e6e3-136809101444224","study_name":"cp_pred_surprise_L2_residual_delta","directions":[2]}
{"op_code":0,"worker_id":"55bc4747-c130-48bc-b820-77c4580b094d-132785420067968","study_name":"cp_pred_surprise_L2_residual_delta","directions":[2]}
{"op_code":4,"worker_id":"0463559c-5b2b-4c9d-b68c-d784f095e6e3-136809101444224","study_id":0,"datetime_start":"2026-05-02T11:56:33.790721"}
{"op_code":4,"worker_id":"55bc4747-c130-48bc-b820-77c4580b094d-132785420067968","study_id":0,"datetime_start":"2026-05-02T11:56:33.798028"}
{"op_code":5,"worker_id":"0463559c-5b2b-4c9d-b68c-d784f095e6e3-136809101444224","trial_id":58,"param_name":"RANK_REGRESS","param_value_internal":48.0,"distribution":"{\"name\": \"IntDistribution\", \"attributes\": {\"log\": false, \"step\": 1, \"low\": 5, \"high\": 80}}"}
{"op_code":5,"worker_id":"55bc4747-c130-48bc-b820-77c4580b094d-132785420067968","trial_id":59,"param_name":"RANK_REGRESS","param_value_internal":65.0,"distribution":"{\"name\": \"IntDistribution\", \"attributes\": {\"log\": false, \"step\": 1, \"low\": 5, \"high\": 80}}"}
{"op_code":5,"worker_id":"0463559c-5b2b-4c9d-b68c-d784f095e6e3-136809101444224","trial_id":58,"param_name":"REG_W","param_value_internal":192.62099798932343,"distribution":"{\"name\": \"FloatDistribution\", \"attributes\": {\"step\": null, \"low\": 1e-05, \"high\": 1000.0, \"log\": true}}"}
{"op_code":5,"worker_id":"55bc4747-c130-48bc-b820-77c4580b094d-132785420067968","trial_id":59,"param_name":"REG_W","param_value_internal":0.002553066455572697,"distribution":"{\"name\": \"FloatDistribution\", \"attributes\": {\"step\": null, \"low\": 1e-05, \"high\": 1000.0, \"log\": true}}"}
{"op_code":5,"worker_id":"0463559c-5b2b-4c9d-b68c-d784f095e6e3-136809101444224","trial_id":58,"param_name":"USE_RMS_SCALING","param_value_internal":0,"distribution":"{\"name\": \"CategoricalDistribution\", \"attributes\": {\"choices\": [true, false]}}"}
{"op_code":5,"worker_id":"55bc4747-c130-48bc-b820-77c4580b094d-132785420067968","trial_id":59,"param_name":"USE_RMS_SCALING","param_value_internal":1,"distribution":"{\"name\": \"CategoricalDistribution\", \"attributes\": {\"choices\": [true, false]}}"}
{"op_code":0,"worker_id":"1fb9727e-4fca-4de9-a5c6-82599c29e04e-135844655027328","study_name":"cp_pred_surprise_L2_residual_delta","directions":[2]}
{"op_code":0,"worker_id":"8d699acd-dc12-4409-884c-060c7903e5b8-128458334266496","study_name":"cp_pred_surprise_L2_residual_delta","directions":[2]}
{"op_code":4,"worker_id":"1fb9727e-4fca-4de9-a5c6-82599c29e04e-135844655027328","study_id":0,"datetime_start":"2026-05-02T11:56:35.696031"}
{"op_code":4,"worker_id":"8d699acd-dc12-4409-884c-060c7903e5b8-128458334266496","study_id":0,"datetime_start":"2026-05-02T11:56:35.718612"}
{"op_code":5,"worker_id":"1fb9727e-4fca-4de9-a5c6-82599c29e04e-135844655027328","trial_id":60,"param_name":"RANK_REGRESS","param_value_internal":43.0,"distribution":"{\"name\": \"IntDistribution\", \"attributes\": {\"log\": false, \"step\": 1, \"low\": 5, \"high\": 80}}"}
{"op_code":5,"worker_id":"8d699acd-dc12-4409-884c-060c7903e5b8-128458334266496","trial_id":61,"param_name":"RANK_REGRESS","param_value_internal":22.0,"distribution":"{\"name\": \"IntDistribution\", \"attributes\": {\"log\": false, \"step\": 1, \"low\": 5, \"high\": 80}}"}
{"op_code":5,"worker_id":"1fb9727e-4fca-4de9-a5c6-82599c29e04e-135844655027328","trial_id":60,"param_name":"REG_W","param_value_internal":261.21084985451796,"distribution":"{\"name\": \"FloatDistribution\", \"attributes\": {\"step\": null, \"low\": 1e-05, \"high\": 1000.0, \"log\": true}}"}
{"op_code":5,"worker_id":"8d699acd-dc12-4409-884c-060c7903e5b8-128458334266496","trial_id":61,"param_name":"REG_W","param_value_internal":256.5731443202521,"distribution":"{\"name\": \"FloatDistribution\", \"attributes\": {\"step\": null, \"low\": 1e-05, \"high\": 1000.0, \"log\": true}}"}
{"op_code":5,"worker_id":"1fb9727e-4fca-4de9-a5c6-82599c29e04e-135844655027328","trial_id":60,"param_name":"USE_RMS_SCALING","param_value_internal":0,"distribution":"{\"name\": \"CategoricalDistribution\", \"attributes\": {\"choices\": [true, false]}}"}
{"op_code":5,"worker_id":"8d699acd-dc12-4409-884c-060c7903e5b8-128458334266496","trial_id":61,"param_name":"USE_RMS_SCALING","param_value_internal":0,"distribution":"{\"name\": \"CategoricalDistribution\", \"attributes\": {\"choices\": [true, false]}}"}
{"op_code":0,"worker_id":"c3b601f2-78ab-4f6c-861b-fc80a22a343f-140074247292032","study_name":"cp_pred_surprise_L2_residual_delta","directions":[2]}
{"op_code":0,"worker_id":"5d038537-6c5a-4128-9fcf-3a0b5c95b368-134813775701120","study_name":"cp_pred_surprise_L2_residual_delta","directions":[2]}
{"op_code":4,"worker_id":"5d038537-6c5a-4128-9fcf-3a0b5c95b368-134813775701120","study_id":0,"datetime_start":"2026-05-02T11:56:37.196339"}
{"op_code":4,"worker_id":"c3b601f2-78ab-4f6c-861b-fc80a22a343f-140074247292032","study_id":0,"datetime_start":"2026-05-02T11:56:37.197961"}
{"op_code":5,"worker_id":"5d038537-6c5a-4128-9fcf-3a0b5c95b368-134813775701120","trial_id":62,"param_name":"RANK_REGRESS","param_value_internal":41.0,"distribution":"{\"name\": \"IntDistribution\", \"attributes\": {\"log\": false, \"step\": 1, \"low\": 5, \"high\": 80}}"}
{"op_code":5,"worker_id":"c3b601f2-78ab-4f6c-861b-fc80a22a343f-140074247292032","trial_id":63,"param_name":"RANK_REGRESS","param_value_internal":44.0,"distribution":"{\"name\": \"IntDistribution\", \"attributes\": {\"log\": false, \"step\": 1, \"low\": 5, \"high\": 80}}"}
{"op_code":5,"worker_id":"5d038537-6c5a-4128-9fcf-3a0b5c95b368-134813775701120","trial_id":62,"param_name":"REG_W","param_value_internal":0.019800453491915226,"distribution":"{\"name\": \"FloatDistribution\", \"attributes\": {\"step\": null, \"low\": 1e-05, \"high\": 1000.0, \"log\": true}}"}
{"op_code":5,"worker_id":"c3b601f2-78ab-4f6c-861b-fc80a22a343f-140074247292032","trial_id":63,"param_name":"REG_W","param_value_internal":8.16375466479174,"distribution":"{\"name\": \"FloatDistribution\", \"attributes\": {\"step\": null, \"low\": 1e-05, \"high\": 1000.0, \"log\": true}}"}
{"op_code":5,"worker_id":"5d038537-6c5a-4128-9fcf-3a0b5c95b368-134813775701120","trial_id":62,"param_name":"USE_RMS_SCALING","param_value_internal":1,"distribution":"{\"name\": \"CategoricalDistribution\", \"attributes\": {\"choices\": [true, false]}}"}
{"op_code":5,"worker_id":"c3b601f2-78ab-4f6c-861b-fc80a22a343f-140074247292032","trial_id":63,"param_name":"USE_RMS_SCALING","param_value_internal":0,"distribution":"{\"name\": \"CategoricalDistribution\", \"attributes\": {\"choices\": [true, false]}}"}
{"op_code":0,"worker_id":"3c61780f-435e-43d7-8ef4-5dc760d5a6a0-128921860641920","study_name":"cp_pred_surprise_L2_residual_delta","directions":[2]}
{"op_code":0,"worker_id":"cfa24a30-5cdf-4315-b574-d736ba95e6eb-140092588250240","study_name":"cp_pred_surprise_L2_residual_delta","directions":[2]}
{"op_code":4,"worker_id":"3c61780f-435e-43d7-8ef4-5dc760d5a6a0-128921860641920","study_id":0,"datetime_start":"2026-05-02T11:56:39.092347"}
{"op_code":4,"worker_id":"cfa24a30-5cdf-4315-b574-d736ba95e6eb-140092588250240","study_id":0,"datetime_start":"2026-05-02T11:56:39.126576"}
{"op_code":5,"worker_id":"3c61780f-435e-43d7-8ef4-5dc760d5a6a0-128921860641920","trial_id":64,"param_name":"RANK_REGRESS","param_value_internal":52.0,"distribution":"{\"name\": \"IntDistribution\", \"attributes\": {\"log\": false, \"step\": 1, \"low\": 5, \"high\": 80}}"}
{"op_code":5,"worker_id":"cfa24a30-5cdf-4315-b574-d736ba95e6eb-140092588250240","trial_id":65,"param_name":"RANK_REGRESS","param_value_internal":6.0,"distribution":"{\"name\": \"IntDistribution\", \"attributes\": {\"log\": false, \"step\": 1, \"low\": 5, \"high\": 80}}"}
{"op_code":5,"worker_id":"3c61780f-435e-43d7-8ef4-5dc760d5a6a0-128921860641920","trial_id":64,"param_name":"REG_W","param_value_internal":30.502821035704418,"distribution":"{\"name\": \"FloatDistribution\", \"attributes\": {\"step\": null, \"low\": 1e-05, \"high\": 1000.0, \"log\": true}}"}
{"op_code":5,"worker_id":"cfa24a30-5cdf-4315-b574-d736ba95e6eb-140092588250240","trial_id":65,"param_name":"REG_W","param_value_internal":0.03410028801035141,"distribution":"{\"name\": \"FloatDistribution\", \"attributes\": {\"step\": null, \"low\": 1e-05, \"high\": 1000.0, \"log\": true}}"}
{"op_code":5,"worker_id":"3c61780f-435e-43d7-8ef4-5dc760d5a6a0-128921860641920","trial_id":64,"param_name":"USE_RMS_SCALING","param_value_internal":0,"distribution":"{\"name\": \"CategoricalDistribution\", \"attributes\": {\"choices\": [true, false]}}"}
{"op_code":5,"worker_id":"cfa24a30-5cdf-4315-b574-d736ba95e6eb-140092588250240","trial_id":65,"param_name":"USE_RMS_SCALING","param_value_internal":0,"distribution":"{\"name\": \"CategoricalDistribution\", \"attributes\": {\"choices\": [true, false]}}"}
{"op_code":0,"worker_id":"23bcec5b-2d5a-42d8-9fa6-26a3c2ef14fa-131977542296704","study_name":"cp_pred_surprise_L2_residual_delta","directions":[2]}
{"op_code":0,"worker_id":"a1011124-c893-4f39-9f77-3048d76ab65d-128295545742464","study_name":"cp_pred_surprise_L2_residual_delta","directions":[2]}
{"op_code":4,"worker_id":"23bcec5b-2d5a-42d8-9fa6-26a3c2ef14fa-131977542296704","study_id":0,"datetime_start":"2026-05-02T11:56:40.813096"}
{"op_code":4,"worker_id":"a1011124-c893-4f39-9f77-3048d76ab65d-128295545742464","study_id":0,"datetime_start":"2026-05-02T11:56:40.857950"}
{"op_code":5,"worker_id":"23bcec5b-2d5a-42d8-9fa6-26a3c2ef14fa-131977542296704","trial_id":66,"param_name":"RANK_REGRESS","param_value_internal":10.0,"distribution":"{\"name\": \"IntDistribution\", \"attributes\": {\"log\": false, \"step\": 1, \"low\": 5, \"high\": 80}}"}
{"op_code":5,"worker_id":"a1011124-c893-4f39-9f77-3048d76ab65d-128295545742464","trial_id":67,"param_name":"RANK_REGRESS","param_value_internal":33.0,"distribution":"{\"name\": \"IntDistribution\", \"attributes\": {\"log\": false, \"step\": 1, \"low\": 5, \"high\": 80}}"}
{"op_code":5,"worker_id":"23bcec5b-2d5a-42d8-9fa6-26a3c2ef14fa-131977542296704","trial_id":66,"param_name":"REG_W","param_value_internal":0.005593951853367629,"distribution":"{\"name\": \"FloatDistribution\", \"attributes\": {\"step\": null, \"low\": 1e-05, \"high\": 1000.0, \"log\": true}}"}
{"op_code":5,"worker_id":"a1011124-c893-4f39-9f77-3048d76ab65d-128295545742464","trial_id":67,"param_name":"REG_W","param_value_internal":0.014238043110783784,"distribution":"{\"name\": \"FloatDistribution\", \"attributes\": {\"step\": null, \"low\": 1e-05, \"high\": 1000.0, \"log\": true}}"}
{"op_code":5,"worker_id":"23bcec5b-2d5a-42d8-9fa6-26a3c2ef14fa-131977542296704","trial_id":66,"param_name":"USE_RMS_SCALING","param_value_internal":1,"distribution":"{\"name\": \"CategoricalDistribution\", \"attributes\": {\"choices\": [true, false]}}"}
{"op_code":5,"worker_id":"a1011124-c893-4f39-9f77-3048d76ab65d-128295545742464","trial_id":67,"param_name":"USE_RMS_SCALING","param_value_internal":0,"distribution":"{\"name\": \"CategoricalDistribution\", \"attributes\": {\"choices\": [true, false]}}"}
{"op_code":0,"worker_id":"736a9114-d3ab-4e43-ba48-a27c41987db5-134041357927552","study_name":"cp_pred_surprise_L2_residual_delta","directions":[2]}
{"op_code":0,"worker_id":"a6ab512c-c536-4825-bccb-7d2609fabec7-123532939093120","study_name":"cp_pred_surprise_L2_residual_delta","directions":[2]}
{"op_code":4,"worker_id":"736a9114-d3ab-4e43-ba48-a27c41987db5-134041357927552","study_id":0,"datetime_start":"2026-05-02T11:56:42.282081"}
{"op_code":4,"worker_id":"a6ab512c-c536-4825-bccb-7d2609fabec7-123532939093120","study_id":0,"datetime_start":"2026-05-02T11:56:42.304483"}
{"op_code":5,"worker_id":"736a9114-d3ab-4e43-ba48-a27c41987db5-134041357927552","trial_id":68,"param_name":"RANK_REGRESS","param_value_internal":74.0,"distribution":"{\"name\": \"IntDistribution\", \"attributes\": {\"log\": false, \"step\": 1, \"low\": 5, \"high\": 80}}"}
{"op_code":5,"worker_id":"a6ab512c-c536-4825-bccb-7d2609fabec7-123532939093120","trial_id":69,"param_name":"RANK_REGRESS","param_value_internal":14.0,"distribution":"{\"name\": \"IntDistribution\", \"attributes\": {\"log\": false, \"step\": 1, \"low\": 5, \"high\": 80}}"}
{"op_code":5,"worker_id":"736a9114-d3ab-4e43-ba48-a27c41987db5-134041357927552","trial_id":68,"param_name":"REG_W","param_value_internal":0.36560000116813474,"distribution":"{\"name\": \"FloatDistribution\", \"attributes\": {\"step\": null, \"low\": 1e-05, \"high\": 1000.0, \"log\": true}}"}
{"op_code":5,"worker_id":"a6ab512c-c536-4825-bccb-7d2609fabec7-123532939093120","trial_id":69,"param_name":"REG_W","param_value_internal":0.005062983798817489,"distribution":"{\"name\": \"FloatDistribution\", \"attributes\": {\"step\": null, \"low\": 1e-05, \"high\": 1000.0, \"log\": true}}"}
{"op_code":5,"worker_id":"736a9114-d3ab-4e43-ba48-a27c41987db5-134041357927552","trial_id":68,"param_name":"USE_RMS_SCALING","param_value_internal":1,"distribution":"{\"name\": \"CategoricalDistribution\", \"attributes\": {\"choices\": [true, false]}}"}
{"op_code":5,"worker_id":"a6ab512c-c536-4825-bccb-7d2609fabec7-123532939093120","trial_id":69,"param_name":"USE_RMS_SCALING","param_value_internal":0,"distribution":"{\"name\": \"CategoricalDistribution\", \"attributes\": {\"choices\": [true, false]}}"}
{"op_code":0,"worker_id":"284298b5-12c9-4ddb-8870-0236459f57c5-130499196728448","study_name":"cp_pred_surprise_L2_residual_delta","directions":[2]}
{"op_code":0,"worker_id":"19cff626-483e-44b6-ab70-7524933856a1-139549253211264","study_name":"cp_pred_surprise_L2_residual_delta","directions":[2]}
{"op_code":4,"worker_id":"284298b5-12c9-4ddb-8870-0236459f57c5-130499196728448","study_id":0,"datetime_start":"2026-05-02T11:56:42.592450"}
{"op_code":4,"worker_id":"19cff626-483e-44b6-ab70-7524933856a1-139549253211264","study_id":0,"datetime_start":"2026-05-02T11:56:42.599420"}
{"op_code":5,"worker_id":"284298b5-12c9-4ddb-8870-0236459f57c5-130499196728448","trial_id":70,"param_name":"RANK_REGRESS","param_value_internal":10.0,"distribution":"{\"name\": \"IntDistribution\", \"attributes\": {\"log\": false, \"step\": 1, \"low\": 5, \"high\": 80}}"}
{"op_code":5,"worker_id":"19cff626-483e-44b6-ab70-7524933856a1-139549253211264","trial_id":71,"param_name":"RANK_REGRESS","param_value_internal":20.0,"distribution":"{\"name\": \"IntDistribution\", \"attributes\": {\"log\": false, \"step\": 1, \"low\": 5, \"high\": 80}}"}
{"op_code":5,"worker_id":"284298b5-12c9-4ddb-8870-0236459f57c5-130499196728448","trial_id":70,"param_name":"REG_W","param_value_internal":2.4265776569082123e-05,"distribution":"{\"name\": \"FloatDistribution\", \"attributes\": {\"step\": null, \"low\": 1e-05, \"high\": 1000.0, \"log\": true}}"}
{"op_code":5,"worker_id":"19cff626-483e-44b6-ab70-7524933856a1-139549253211264","trial_id":71,"param_name":"REG_W","param_value_internal":0.0026325547243032515,"distribution":"{\"name\": \"FloatDistribution\", \"attributes\": {\"step\": null, \"low\": 1e-05, \"high\": 1000.0, \"log\": true}}"}
{"op_code":5,"worker_id":"284298b5-12c9-4ddb-8870-0236459f57c5-130499196728448","trial_id":70,"param_name":"USE_RMS_SCALING","param_value_internal":0,"distribution":"{\"name\": \"CategoricalDistribution\", \"attributes\": {\"choices\": [true, false]}}"}
{"op_code":5,"worker_id":"19cff626-483e-44b6-ab70-7524933856a1-139549253211264","trial_id":71,"param_name":"USE_RMS_SCALING","param_value_internal":0,"distribution":"{\"name\": \"CategoricalDistribution\", \"attributes\": {\"choices\": [true, false]}}"}
{"op_code":0,"worker_id":"76ad5dd4-3a0e-4979-94a7-c4acea7be0d4-125408042288256","study_name":"cp_pred_surprise_L2_residual_delta","directions":[2]}
{"op_code":0,"worker_id":"02cf8bfe-a82f-4cda-a318-b4d1b6e307e4-126270808622208","study_name":"cp_pred_surprise_L2_residual_delta","directions":[2]}
{"op_code":4,"worker_id":"76ad5dd4-3a0e-4979-94a7-c4acea7be0d4-125408042288256","study_id":0,"datetime_start":"2026-05-02T11:56:42.891654"}
{"op_code":4,"worker_id":"02cf8bfe-a82f-4cda-a318-b4d1b6e307e4-126270808622208","study_id":0,"datetime_start":"2026-05-02T11:56:42.946076"}
{"op_code":5,"worker_id":"76ad5dd4-3a0e-4979-94a7-c4acea7be0d4-125408042288256","trial_id":72,"param_name":"RANK_REGRESS","param_value_internal":23.0,"distribution":"{\"name\": \"IntDistribution\", \"attributes\": {\"log\": false, \"step\": 1, \"low\": 5, \"high\": 80}}"}
{"op_code":5,"worker_id":"02cf8bfe-a82f-4cda-a318-b4d1b6e307e4-126270808622208","trial_id":73,"param_name":"RANK_REGRESS","param_value_internal":18.0,"distribution":"{\"name\": \"IntDistribution\", \"attributes\": {\"log\": false, \"step\": 1, \"low\": 5, \"high\": 80}}"}
{"op_code":5,"worker_id":"76ad5dd4-3a0e-4979-94a7-c4acea7be0d4-125408042288256","trial_id":72,"param_name":"REG_W","param_value_internal":0.031120451951663575,"distribution":"{\"name\": \"FloatDistribution\", \"attributes\": {\"step\": null, \"low\": 1e-05, \"high\": 1000.0, \"log\": true}}"}
{"op_code":5,"worker_id":"02cf8bfe-a82f-4cda-a318-b4d1b6e307e4-126270808622208","trial_id":73,"param_name":"REG_W","param_value_internal":0.0010437042491236504,"distribution":"{\"name\": \"FloatDistribution\", \"attributes\": {\"step\": null, \"low\": 1e-05, \"high\": 1000.0, \"log\": true}}"}
{"op_code":5,"worker_id":"76ad5dd4-3a0e-4979-94a7-c4acea7be0d4-125408042288256","trial_id":72,"param_name":"USE_RMS_SCALING","param_value_internal":1,"distribution":"{\"name\": \"CategoricalDistribution\", \"attributes\": {\"choices\": [true, false]}}"}
{"op_code":5,"worker_id":"02cf8bfe-a82f-4cda-a318-b4d1b6e307e4-126270808622208","trial_id":73,"param_name":"USE_RMS_SCALING","param_value_internal":1,"distribution":"{\"name\": \"CategoricalDistribution\", \"attributes\": {\"choices\": [true, false]}}"}
{"op_code":0,"worker_id":"dcc06af6-ffeb-4c29-b589-14d803a2203e-135485405373568","study_name":"cp_pred_surprise_L2_residual_delta","directions":[2]}
{"op_code":0,"worker_id":"54d39d97-87f9-449a-a4fa-95569d23c5bd-123978401191040","study_name":"cp_pred_surprise_L2_residual_delta","directions":[2]}
{"op_code":4,"worker_id":"dcc06af6-ffeb-4c29-b589-14d803a2203e-135485405373568","study_id":0,"datetime_start":"2026-05-02T11:56:45.996822"}
{"op_code":4,"worker_id":"54d39d97-87f9-449a-a4fa-95569d23c5bd-123978401191040","study_id":0,"datetime_start":"2026-05-02T11:56:46.038927"}
{"op_code":5,"worker_id":"dcc06af6-ffeb-4c29-b589-14d803a2203e-135485405373568","trial_id":74,"param_name":"RANK_REGRESS","param_value_internal":52.0,"distribution":"{\"name\": \"IntDistribution\", \"attributes\": {\"log\": false, \"step\": 1, \"low\": 5, \"high\": 80}}"}
{"op_code":5,"worker_id":"54d39d97-87f9-449a-a4fa-95569d23c5bd-123978401191040","trial_id":75,"param_name":"RANK_REGRESS","param_value_internal":76.0,"distribution":"{\"name\": \"IntDistribution\", \"attributes\": {\"log\": false, \"step\": 1, \"low\": 5, \"high\": 80}}"}
{"op_code":5,"worker_id":"dcc06af6-ffeb-4c29-b589-14d803a2203e-135485405373568","trial_id":74,"param_name":"REG_W","param_value_internal":0.005348631431761711,"distribution":"{\"name\": \"FloatDistribution\", \"attributes\": {\"step\": null, \"low\": 1e-05, \"high\": 1000.0, \"log\": true}}"}
{"op_code":5,"worker_id":"54d39d97-87f9-449a-a4fa-95569d23c5bd-123978401191040","trial_id":75,"param_name":"REG_W","param_value_internal":0.013410248677832531,"distribution":"{\"name\": \"FloatDistribution\", \"attributes\": {\"step\": null, \"low\": 1e-05, \"high\": 1000.0, \"log\": true}}"}
{"op_code":5,"worker_id":"dcc06af6-ffeb-4c29-b589-14d803a2203e-135485405373568","trial_id":74,"param_name":"USE_RMS_SCALING","param_value_internal":0,"distribution":"{\"name\": \"CategoricalDistribution\", \"attributes\": {\"choices\": [true, false]}}"}
{"op_code":5,"worker_id":"54d39d97-87f9-449a-a4fa-95569d23c5bd-123978401191040","trial_id":75,"param_name":"USE_RMS_SCALING","param_value_internal":1,"distribution":"{\"name\": \"CategoricalDistribution\", \"attributes\": {\"choices\": [true, false]}}"}
{"op_code":0,"worker_id":"2288eed0-b6be-42ba-a917-304ede3b7a7a-130396156359808","study_name":"cp_pred_surprise_L2_residual_delta","directions":[2]}
{"op_code":0,"worker_id":"7ec12d7c-b945-45dd-8d39-5b28b911e494-132094707983488","study_name":"cp_pred_surprise_L2_residual_delta","directions":[2]}
{"op_code":4,"worker_id":"7ec12d7c-b945-45dd-8d39-5b28b911e494-132094707983488","study_id":0,"datetime_start":"2026-05-02T11:56:48.130911"}
{"op_code":4,"worker_id":"2288eed0-b6be-42ba-a917-304ede3b7a7a-130396156359808","study_id":0,"datetime_start":"2026-05-02T11:56:48.134420"}
{"op_code":5,"worker_id":"7ec12d7c-b945-45dd-8d39-5b28b911e494-132094707983488","trial_id":76,"param_name":"RANK_REGRESS","param_value_internal":29.0,"distribution":"{\"name\": \"IntDistribution\", \"attributes\": {\"log\": false, \"step\": 1, \"low\": 5, \"high\": 80}}"}
{"op_code":5,"worker_id":"2288eed0-b6be-42ba-a917-304ede3b7a7a-130396156359808","trial_id":77,"param_name":"RANK_REGRESS","param_value_internal":24.0,"distribution":"{\"name\": \"IntDistribution\", \"attributes\": {\"log\": false, \"step\": 1, \"low\": 5, \"high\": 80}}"}
{"op_code":5,"worker_id":"7ec12d7c-b945-45dd-8d39-5b28b911e494-132094707983488","trial_id":76,"param_name":"REG_W","param_value_internal":0.2235966130496568,"distribution":"{\"name\": \"FloatDistribution\", \"attributes\": {\"step\": null, \"low\": 1e-05, \"high\": 1000.0, \"log\": true}}"}
{"op_code":5,"worker_id":"2288eed0-b6be-42ba-a917-304ede3b7a7a-130396156359808","trial_id":77,"param_name":"REG_W","param_value_internal":0.023228279455658547,"distribution":"{\"name\": \"FloatDistribution\", \"attributes\": {\"step\": null, \"low\": 1e-05, \"high\": 1000.0, \"log\": true}}"}
{"op_code":5,"worker_id":"7ec12d7c-b945-45dd-8d39-5b28b911e494-132094707983488","trial_id":76,"param_name":"USE_RMS_SCALING","param_value_internal":1,"distribution":"{\"name\": \"CategoricalDistribution\", \"attributes\": {\"choices\": [true, false]}}"}
{"op_code":5,"worker_id":"2288eed0-b6be-42ba-a917-304ede3b7a7a-130396156359808","trial_id":77,"param_name":"USE_RMS_SCALING","param_value_internal":0,"distribution":"{\"name\": \"CategoricalDistribution\", \"attributes\": {\"choices\": [true, false]}}"}
{"op_code":0,"worker_id":"f15711dd-e81f-4448-b5d8-443b6044d40c-138894413161600","study_name":"cp_pred_surprise_L2_residual_delta","directions":[2]}
{"op_code":0,"worker_id":"135af5fa-f71b-414c-a336-0ae04a15426c-128852333425792","study_name":"cp_pred_surprise_L2_residual_delta","directions":[2]}
{"op_code":4,"worker_id":"f15711dd-e81f-4448-b5d8-443b6044d40c-138894413161600","study_id":0,"datetime_start":"2026-05-02T11:56:49.528367"}
{"op_code":4,"worker_id":"135af5fa-f71b-414c-a336-0ae04a15426c-128852333425792","study_id":0,"datetime_start":"2026-05-02T11:56:49.564500"}
{"op_code":5,"worker_id":"f15711dd-e81f-4448-b5d8-443b6044d40c-138894413161600","trial_id":78,"param_name":"RANK_REGRESS","param_value_internal":50.0,"distribution":"{\"name\": \"IntDistribution\", \"attributes\": {\"log\": false, \"step\": 1, \"low\": 5, \"high\": 80}}"}
{"op_code":5,"worker_id":"135af5fa-f71b-414c-a336-0ae04a15426c-128852333425792","trial_id":79,"param_name":"RANK_REGRESS","param_value_internal":17.0,"distribution":"{\"name\": \"IntDistribution\", \"attributes\": {\"log\": false, \"step\": 1, \"low\": 5, \"high\": 80}}"}
{"op_code":5,"worker_id":"f15711dd-e81f-4448-b5d8-443b6044d40c-138894413161600","trial_id":78,"param_name":"REG_W","param_value_internal":0.08700684480674806,"distribution":"{\"name\": \"FloatDistribution\", \"attributes\": {\"step\": null, \"low\": 1e-05, \"high\": 1000.0, \"log\": true}}"}
{"op_code":5,"worker_id":"135af5fa-f71b-414c-a336-0ae04a15426c-128852333425792","trial_id":79,"param_name":"REG_W","param_value_internal":40.05803967371997,"distribution":"{\"name\": \"FloatDistribution\", \"attributes\": {\"step\": null, \"low\": 1e-05, \"high\": 1000.0, \"log\": true}}"}
{"op_code":5,"worker_id":"f15711dd-e81f-4448-b5d8-443b6044d40c-138894413161600","trial_id":78,"param_name":"USE_RMS_SCALING","param_value_internal":1,"distribution":"{\"name\": \"CategoricalDistribution\", \"attributes\": {\"choices\": [true, false]}}"}
{"op_code":5,"worker_id":"135af5fa-f71b-414c-a336-0ae04a15426c-128852333425792","trial_id":79,"param_name":"USE_RMS_SCALING","param_value_internal":1,"distribution":"{\"name\": \"CategoricalDistribution\", \"attributes\": {\"choices\": [true, false]}}"}
{"op_code":0,"worker_id":"9288ba5e-9c63-46b5-ad55-b7e1653018c3-134714844083328","study_name":"cp_pred_surprise_L2_residual_delta","directions":[2]}
{"op_code":0,"worker_id":"85815eee-3851-402c-bd13-9478c3a4927c-124799198311552","study_name":"cp_pred_surprise_L2_residual_delta","directions":[2]}
{"op_code":4,"worker_id":"85815eee-3851-402c-bd13-9478c3a4927c-124799198311552","study_id":0,"datetime_start":"2026-05-02T11:56:51.591883"}
{"op_code":4,"worker_id":"9288ba5e-9c63-46b5-ad55-b7e1653018c3-134714844083328","study_id":0,"datetime_start":"2026-05-02T11:56:51.595050"}
{"op_code":5,"worker_id":"85815eee-3851-402c-bd13-9478c3a4927c-124799198311552","trial_id":80,"param_name":"RANK_REGRESS","param_value_internal":19.0,"distribution":"{\"name\": \"IntDistribution\", \"attributes\": {\"log\": false, \"step\": 1, \"low\": 5, \"high\": 80}}"}
{"op_code":5,"worker_id":"9288ba5e-9c63-46b5-ad55-b7e1653018c3-134714844083328","trial_id":81,"param_name":"RANK_REGRESS","param_value_internal":28.0,"distribution":"{\"name\": \"IntDistribution\", \"attributes\": {\"log\": false, \"step\": 1, \"low\": 5, \"high\": 80}}"}
{"op_code":5,"worker_id":"85815eee-3851-402c-bd13-9478c3a4927c-124799198311552","trial_id":80,"param_name":"REG_W","param_value_internal":0.0020022286978004537,"distribution":"{\"name\": \"FloatDistribution\", \"attributes\": {\"step\": null, \"low\": 1e-05, \"high\": 1000.0, \"log\": true}}"}
{"op_code":5,"worker_id":"9288ba5e-9c63-46b5-ad55-b7e1653018c3-134714844083328","trial_id":81,"param_name":"REG_W","param_value_internal":2.1305910722375354,"distribution":"{\"name\": \"FloatDistribution\", \"attributes\": {\"step\": null, \"low\": 1e-05, \"high\": 1000.0, \"log\": true}}"}
{"op_code":5,"worker_id":"85815eee-3851-402c-bd13-9478c3a4927c-124799198311552","trial_id":80,"param_name":"USE_RMS_SCALING","param_value_internal":1,"distribution":"{\"name\": \"CategoricalDistribution\", \"attributes\": {\"choices\": [true, false]}}"}
{"op_code":5,"worker_id":"9288ba5e-9c63-46b5-ad55-b7e1653018c3-134714844083328","trial_id":81,"param_name":"USE_RMS_SCALING","param_value_internal":0,"distribution":"{\"name\": \"CategoricalDistribution\", \"attributes\": {\"choices\": [true, false]}}"}
{"op_code":0,"worker_id":"4e51d8c5-b43f-4f0c-a668-d3151288a706-139670607983744","study_name":"cp_pred_surprise_L2_residual_delta","directions":[2]}
{"op_code":0,"worker_id":"72443bfb-d706-4d8d-9933-2a11f2b6d286-124827275187328","study_name":"cp_pred_surprise_L2_residual_delta","directions":[2]}
{"op_code":4,"worker_id":"4e51d8c5-b43f-4f0c-a668-d3151288a706-139670607983744","study_id":0,"datetime_start":"2026-05-02T11:56:53.164869"}
{"op_code":4,"worker_id":"72443bfb-d706-4d8d-9933-2a11f2b6d286-124827275187328","study_id":0,"datetime_start":"2026-05-02T11:56:53.189891"}
{"op_code":5,"worker_id":"4e51d8c5-b43f-4f0c-a668-d3151288a706-139670607983744","trial_id":82,"param_name":"RANK_REGRESS","param_value_internal":51.0,"distribution":"{\"name\": \"IntDistribution\", \"attributes\": {\"log\": false, \"step\": 1, \"low\": 5, \"high\": 80}}"}
{"op_code":5,"worker_id":"72443bfb-d706-4d8d-9933-2a11f2b6d286-124827275187328","trial_id":83,"param_name":"RANK_REGRESS","param_value_internal":53.0,"distribution":"{\"name\": \"IntDistribution\", \"attributes\": {\"log\": false, \"step\": 1, \"low\": 5, \"high\": 80}}"}
{"op_code":5,"worker_id":"4e51d8c5-b43f-4f0c-a668-d3151288a706-139670607983744","trial_id":82,"param_name":"REG_W","param_value_internal":223.37856227131326,"distribution":"{\"name\": \"FloatDistribution\", \"attributes\": {\"step\": null, \"low\": 1e-05, \"high\": 1000.0, \"log\": true}}"}
{"op_code":5,"worker_id":"72443bfb-d706-4d8d-9933-2a11f2b6d286-124827275187328","trial_id":83,"param_name":"REG_W","param_value_internal":0.0089000657896947,"distribution":"{\"name\": \"FloatDistribution\", \"attributes\": {\"step\": null, \"low\": 1e-05, \"high\": 1000.0, \"log\": true}}"}
{"op_code":5,"worker_id":"4e51d8c5-b43f-4f0c-a668-d3151288a706-139670607983744","trial_id":82,"param_name":"USE_RMS_SCALING","param_value_internal":1,"distribution":"{\"name\": \"CategoricalDistribution\", \"attributes\": {\"choices\": [true, false]}}"}
{"op_code":5,"worker_id":"72443bfb-d706-4d8d-9933-2a11f2b6d286-124827275187328","trial_id":83,"param_name":"USE_RMS_SCALING","param_value_internal":1,"distribution":"{\"name\": \"CategoricalDistribution\", \"attributes\": {\"choices\": [true, false]}}"}
{"op_code":0,"worker_id":"39de2a02-14d4-47cc-b42c-52c79eb86f67-132068653438080","study_name":"cp_pred_surprise_L2_residual_delta","directions":[2]}
{"op_code":0,"worker_id":"1d26dc79-2a25-4f32-93b6-2b844512f4c5-137487432017024","study_name":"cp_pred_surprise_L2_residual_delta","directions":[2]}
{"op_code":4,"worker_id":"39de2a02-14d4-47cc-b42c-52c79eb86f67-132068653438080","study_id":0,"datetime_start":"2026-05-02T11:56:55.222733"}
{"op_code":4,"worker_id":"1d26dc79-2a25-4f32-93b6-2b844512f4c5-137487432017024","study_id":0,"datetime_start":"2026-05-02T11:56:55.274261"}
{"op_code":5,"worker_id":"39de2a02-14d4-47cc-b42c-52c79eb86f67-132068653438080","trial_id":84,"param_name":"RANK_REGRESS","param_value_internal":24.0,"distribution":"{\"name\": \"IntDistribution\", \"attributes\": {\"log\": false, \"step\": 1, \"low\": 5, \"high\": 80}}"}
{"op_code":5,"worker_id":"1d26dc79-2a25-4f32-93b6-2b844512f4c5-137487432017024","trial_id":85,"param_name":"RANK_REGRESS","param_value_internal":28.0,"distribution":"{\"name\": \"IntDistribution\", \"attributes\": {\"log\": false, \"step\": 1, \"low\": 5, \"high\": 80}}"}
{"op_code":5,"worker_id":"39de2a02-14d4-47cc-b42c-52c79eb86f67-132068653438080","trial_id":84,"param_name":"REG_W","param_value_internal":2.680373980805712,"distribution":"{\"name\": \"FloatDistribution\", \"attributes\": {\"step\": null, \"low\": 1e-05, \"high\": 1000.0, \"log\": true}}"}
{"op_code":5,"worker_id":"1d26dc79-2a25-4f32-93b6-2b844512f4c5-137487432017024","trial_id":85,"param_name":"REG_W","param_value_internal":0.0042148216697508525,"distribution":"{\"name\": \"FloatDistribution\", \"attributes\": {\"step\": null, \"low\": 1e-05, \"high\": 1000.0, \"log\": true}}"}
{"op_code":5,"worker_id":"39de2a02-14d4-47cc-b42c-52c79eb86f67-132068653438080","trial_id":84,"param_name":"USE_RMS_SCALING","param_value_internal":1,"distribution":"{\"name\": \"CategoricalDistribution\", \"attributes\": {\"choices\": [true, false]}}"}
{"op_code":5,"worker_id":"1d26dc79-2a25-4f32-93b6-2b844512f4c5-137487432017024","trial_id":85,"param_name":"USE_RMS_SCALING","param_value_internal":0,"distribution":"{\"name\": \"CategoricalDistribution\", \"attributes\": {\"choices\": [true, false]}}"}
{"op_code":0,"worker_id":"0b6ca395-2a0f-4694-b50a-d20992ca6222-126653408150656","study_name":"cp_pred_surprise_L2_residual_delta","directions":[2]}
{"op_code":0,"worker_id":"7eb67c7b-f668-4e74-989d-cbc23e535a5e-128390610117760","study_name":"cp_pred_surprise_L2_residual_delta","directions":[2]}
{"op_code":4,"worker_id":"0b6ca395-2a0f-4694-b50a-d20992ca6222-126653408150656","study_id":0,"datetime_start":"2026-05-02T11:56:56.558168"}
{"op_code":4,"worker_id":"7eb67c7b-f668-4e74-989d-cbc23e535a5e-128390610117760","study_id":0,"datetime_start":"2026-05-02T11:56:56.566823"}
{"op_code":5,"worker_id":"0b6ca395-2a0f-4694-b50a-d20992ca6222-126653408150656","trial_id":86,"param_name":"RANK_REGRESS","param_value_internal":67.0,"distribution":"{\"name\": \"IntDistribution\", \"attributes\": {\"log\": false, \"step\": 1, \"low\": 5, \"high\": 80}}"}
{"op_code":5,"worker_id":"7eb67c7b-f668-4e74-989d-cbc23e535a5e-128390610117760","trial_id":87,"param_name":"RANK_REGRESS","param_value_internal":20.0,"distribution":"{\"name\": \"IntDistribution\", \"attributes\": {\"log\": false, \"step\": 1, \"low\": 5, \"high\": 80}}"}
{"op_code":5,"worker_id":"0b6ca395-2a0f-4694-b50a-d20992ca6222-126653408150656","trial_id":86,"param_name":"REG_W","param_value_internal":620.2276271910606,"distribution":"{\"name\": \"FloatDistribution\", \"attributes\": {\"step\": null, \"low\": 1e-05, \"high\": 1000.0, \"log\": true}}"}
{"op_code":5,"worker_id":"7eb67c7b-f668-4e74-989d-cbc23e535a5e-128390610117760","trial_id":87,"param_name":"REG_W","param_value_internal":0.6740875746280733,"distribution":"{\"name\": \"FloatDistribution\", \"attributes\": {\"step\": null, \"low\": 1e-05, \"high\": 1000.0, \"log\": true}}"}
{"op_code":5,"worker_id":"0b6ca395-2a0f-4694-b50a-d20992ca6222-126653408150656","trial_id":86,"param_name":"USE_RMS_SCALING","param_value_internal":0,"distribution":"{\"name\": \"CategoricalDistribution\", \"attributes\": {\"choices\": [true, false]}}"}
{"op_code":5,"worker_id":"7eb67c7b-f668-4e74-989d-cbc23e535a5e-128390610117760","trial_id":87,"param_name":"USE_RMS_SCALING","param_value_internal":1,"distribution":"{\"name\": \"CategoricalDistribution\", \"attributes\": {\"choices\": [true, false]}}"}
{"op_code":0,"worker_id":"47936ccd-5927-4684-891f-6d9993b49349-132549542831232","study_name":"cp_pred_surprise_L2_residual_delta","directions":[2]}
{"op_code":0,"worker_id":"52a21040-6047-4eae-907b-568c6aa284b9-136247239738496","study_name":"cp_pred_surprise_L2_residual_delta","directions":[2]}
{"op_code":4,"worker_id":"47936ccd-5927-4684-891f-6d9993b49349-132549542831232","study_id":0,"datetime_start":"2026-05-02T11:56:58.323252"}
{"op_code":5,"worker_id":"47936ccd-5927-4684-891f-6d9993b49349-132549542831232","trial_id":88,"param_name":"RANK_REGRESS","param_value_internal":9.0,"distribution":"{\"name\": \"IntDistribution\", \"attributes\": {\"log\": false, \"step\": 1, \"low\": 5, \"high\": 80}}"}
{"op_code":4,"worker_id":"52a21040-6047-4eae-907b-568c6aa284b9-136247239738496","study_id":0,"datetime_start":"2026-05-02T11:56:58.369824"}
{"op_code":5,"worker_id":"47936ccd-5927-4684-891f-6d9993b49349-132549542831232","trial_id":88,"param_name":"REG_W","param_value_internal":2.1994140462715093,"distribution":"{\"name\": \"FloatDistribution\", \"attributes\": {\"step\": null, \"low\": 1e-05, \"high\": 1000.0, \"log\": true}}"}
{"op_code":0,"worker_id":"18caf71b-2ea1-4d18-9153-ef14e5cc216b-129677076116608","study_name":"cp_pred_surprise_L2_residual_delta","directions":[2]}
{"op_code":5,"worker_id":"52a21040-6047-4eae-907b-568c6aa284b9-136247239738496","trial_id":89,"param_name":"RANK_REGRESS","param_value_internal":9.0,"distribution":"{\"name\": \"IntDistribution\", \"attributes\": {\"log\": false, \"step\": 1, \"low\": 5, \"high\": 80}}"}
{"op_code":5,"worker_id":"47936ccd-5927-4684-891f-6d9993b49349-132549542831232","trial_id":88,"param_name":"USE_RMS_SCALING","param_value_internal":1,"distribution":"{\"name\": \"CategoricalDistribution\", \"attributes\": {\"choices\": [true, false]}}"}
{"op_code":0,"worker_id":"c8fd575f-0001-4f38-917d-9306cd300252-123487115510912","study_name":"cp_pred_surprise_L2_residual_delta","directions":[2]}
{"op_code":5,"worker_id":"52a21040-6047-4eae-907b-568c6aa284b9-136247239738496","trial_id":89,"param_name":"REG_W","param_value_internal":0.0006747528769812443,"distribution":"{\"name\": \"FloatDistribution\", \"attributes\": {\"step\": null, \"low\": 1e-05, \"high\": 1000.0, \"log\": true}}"}
{"op_code":4,"worker_id":"18caf71b-2ea1-4d18-9153-ef14e5cc216b-129677076116608","study_id":0,"datetime_start":"2026-05-02T11:56:58.559701"}
{"op_code":5,"worker_id":"52a21040-6047-4eae-907b-568c6aa284b9-136247239738496","trial_id":89,"param_name":"USE_RMS_SCALING","param_value_internal":1,"distribution":"{\"name\": \"CategoricalDistribution\", \"attributes\": {\"choices\": [true, false]}}"}
{"op_code":4,"worker_id":"c8fd575f-0001-4f38-917d-9306cd300252-123487115510912","study_id":0,"datetime_start":"2026-05-02T11:56:58.624159"}
{"op_code":5,"worker_id":"18caf71b-2ea1-4d18-9153-ef14e5cc216b-129677076116608","trial_id":90,"param_name":"RANK_REGRESS","param_value_internal":41.0,"distribution":"{\"name\": \"IntDistribution\", \"attributes\": {\"log\": false, \"step\": 1, \"low\": 5, \"high\": 80}}"}
{"op_code":5,"worker_id":"c8fd575f-0001-4f38-917d-9306cd300252-123487115510912","trial_id":91,"param_name":"RANK_REGRESS","param_value_internal":13.0,"distribution":"{\"name\": \"IntDistribution\", \"attributes\": {\"log\": false, \"step\": 1, \"low\": 5, \"high\": 80}}"}
{"op_code":5,"worker_id":"18caf71b-2ea1-4d18-9153-ef14e5cc216b-129677076116608","trial_id":90,"param_name":"REG_W","param_value_internal":0.000640461689903303,"distribution":"{\"name\": \"FloatDistribution\", \"attributes\": {\"step\": null, \"low\": 1e-05, \"high\": 1000.0, \"log\": true}}"}
{"op_code":5,"worker_id":"c8fd575f-0001-4f38-917d-9306cd300252-123487115510912","trial_id":91,"param_name":"REG_W","param_value_internal":1.345576232112861,"distribution":"{\"name\": \"FloatDistribution\", \"attributes\": {\"step\": null, \"low\": 1e-05, \"high\": 1000.0, \"log\": true}}"}
{"op_code":5,"worker_id":"18caf71b-2ea1-4d18-9153-ef14e5cc216b-129677076116608","trial_id":90,"param_name":"USE_RMS_SCALING","param_value_internal":1,"distribution":"{\"name\": \"CategoricalDistribution\", \"attributes\": {\"choices\": [true, false]}}"}
{"op_code":5,"worker_id":"c8fd575f-0001-4f38-917d-9306cd300252-123487115510912","trial_id":91,"param_name":"USE_RMS_SCALING","param_value_internal":0,"distribution":"{\"name\": \"CategoricalDistribution\", \"attributes\": {\"choices\": [true, false]}}"}
{"op_code":0,"worker_id":"d65ed675-2f73-40f6-84d5-ecd7fdc246ec-129809193858176","study_name":"cp_pred_surprise_L2_residual_delta","directions":[2]}
{"op_code":4,"worker_id":"d65ed675-2f73-40f6-84d5-ecd7fdc246ec-129809193858176","study_id":0,"datetime_start":"2026-05-02T11:57:00.898368"}
{"op_code":5,"worker_id":"d65ed675-2f73-40f6-84d5-ecd7fdc246ec-129809193858176","trial_id":92,"param_name":"RANK_REGRESS","param_value_internal":38.0,"distribution":"{\"name\": \"IntDistribution\", \"attributes\": {\"log\": false, \"step\": 1, \"low\": 5, \"high\": 80}}"}
{"op_code":5,"worker_id":"d65ed675-2f73-40f6-84d5-ecd7fdc246ec-129809193858176","trial_id":92,"param_name":"REG_W","param_value_internal":0.015751082079123284,"distribution":"{\"name\": \"FloatDistribution\", \"attributes\": {\"step\": null, \"low\": 1e-05, \"high\": 1000.0, \"log\": true}}"}
{"op_code":5,"worker_id":"d65ed675-2f73-40f6-84d5-ecd7fdc246ec-129809193858176","trial_id":92,"param_name":"USE_RMS_SCALING","param_value_internal":0,"distribution":"{\"name\": \"CategoricalDistribution\", \"attributes\": {\"choices\": [true, false]}}"}
{"op_code":0,"worker_id":"98b72fc7-0046-45f1-8f03-74a2c8e6f4d1-138435635287168","study_name":"cp_pred_surprise_L2_residual_delta","directions":[2]}
{"op_code":4,"worker_id":"98b72fc7-0046-45f1-8f03-74a2c8e6f4d1-138435635287168","study_id":0,"datetime_start":"2026-05-02T11:57:05.470851"}
{"op_code":5,"worker_id":"98b72fc7-0046-45f1-8f03-74a2c8e6f4d1-138435635287168","trial_id":93,"param_name":"RANK_REGRESS","param_value_internal":40.0,"distribution":"{\"name\": \"IntDistribution\", \"attributes\": {\"log\": false, \"step\": 1, \"low\": 5, \"high\": 80}}"}
{"op_code":5,"worker_id":"98b72fc7-0046-45f1-8f03-74a2c8e6f4d1-138435635287168","trial_id":93,"param_name":"REG_W","param_value_internal":4.795361536922726,"distribution":"{\"name\": \"FloatDistribution\", \"attributes\": {\"step\": null, \"low\": 1e-05, \"high\": 1000.0, \"log\": true}}"}
{"op_code":5,"worker_id":"98b72fc7-0046-45f1-8f03-74a2c8e6f4d1-138435635287168","trial_id":93,"param_name":"USE_RMS_SCALING","param_value_internal":0,"distribution":"{\"name\": \"CategoricalDistribution\", \"attributes\": {\"choices\": [true, false]}}"}
{"op_code":6,"worker_id":"b6a47a77-ae6b-4539-b2ec-f688661018a2-126463643825280","trial_id":55,"state":1,"values":[-0.013702843870376347],"datetime_complete":"2026-05-02T12:32:11.106972"}
{"op_code":4,"worker_id":"b6a47a77-ae6b-4539-b2ec-f688661018a2-126463643825280","study_id":0,"datetime_start":"2026-05-02T12:32:11.156440"}
{"op_code":5,"worker_id":"b6a47a77-ae6b-4539-b2ec-f688661018a2-126463643825280","trial_id":94,"param_name":"RANK_REGRESS","param_value_internal":24.0,"distribution":"{\"name\": \"IntDistribution\", \"attributes\": {\"log\": false, \"step\": 1, \"low\": 5, \"high\": 80}}"}
{"op_code":5,"worker_id":"b6a47a77-ae6b-4539-b2ec-f688661018a2-126463643825280","trial_id":94,"param_name":"REG_W","param_value_internal":0.05963426918344226,"distribution":"{\"name\": \"FloatDistribution\", \"attributes\": {\"step\": null, \"low\": 1e-05, \"high\": 1000.0, \"log\": true}}"}
{"op_code":5,"worker_id":"b6a47a77-ae6b-4539-b2ec-f688661018a2-126463643825280","trial_id":94,"param_name":"USE_RMS_SCALING","param_value_internal":0,"distribution":"{\"name\": \"CategoricalDistribution\", \"attributes\": {\"choices\": [true, false]}}"}
{"op_code":6,"worker_id":"cfa24a30-5cdf-4315-b574-d736ba95e6eb-140092588250240","trial_id":65,"state":1,"values":[-0.3885324113594118],"datetime_complete":"2026-05-02T12:37:16.807035"}
{"op_code":4,"worker_id":"cfa24a30-5cdf-4315-b574-d736ba95e6eb-140092588250240","study_id":0,"datetime_start":"2026-05-02T12:37:16.857649"}
{"op_code":5,"worker_id":"cfa24a30-5cdf-4315-b574-d736ba95e6eb-140092588250240","trial_id":95,"param_name":"RANK_REGRESS","param_value_internal":44.0,"distribution":"{\"name\": \"IntDistribution\", \"attributes\": {\"log\": false, \"step\": 1, \"low\": 5, \"high\": 80}}"}
{"op_code":5,"worker_id":"cfa24a30-5cdf-4315-b574-d736ba95e6eb-140092588250240","trial_id":95,"param_name":"REG_W","param_value_internal":2.1334199301719683,"distribution":"{\"name\": \"FloatDistribution\", \"attributes\": {\"step\": null, \"low\": 1e-05, \"high\": 1000.0, \"log\": true}}"}
{"op_code":5,"worker_id":"cfa24a30-5cdf-4315-b574-d736ba95e6eb-140092588250240","trial_id":95,"param_name":"USE_RMS_SCALING","param_value_internal":0,"distribution":"{\"name\": \"CategoricalDistribution\", \"attributes\": {\"choices\": [true, false]}}"}
{"op_code":6,"worker_id":"52a21040-6047-4eae-907b-568c6aa284b9-136247239738496","trial_id":89,"state":1,"values":[-0.47626469302108454],"datetime_complete":"2026-05-02T13:00:32.499377"}
{"op_code":4,"worker_id":"52a21040-6047-4eae-907b-568c6aa284b9-136247239738496","study_id":0,"datetime_start":"2026-05-02T13:00:32.559490"}
{"op_code":5,"worker_id":"52a21040-6047-4eae-907b-568c6aa284b9-136247239738496","trial_id":96,"param_name":"RANK_REGRESS","param_value_internal":44.0,"distribution":"{\"name\": \"IntDistribution\", \"attributes\": {\"log\": false, \"step\": 1, \"low\": 5, \"high\": 80}}"}
{"op_code":5,"worker_id":"52a21040-6047-4eae-907b-568c6aa284b9-136247239738496","trial_id":96,"param_name":"REG_W","param_value_internal":14.595979532241572,"distribution":"{\"name\": \"FloatDistribution\", \"attributes\": {\"step\": null, \"low\": 1e-05, \"high\": 1000.0, \"log\": true}}"}
{"op_code":5,"worker_id":"52a21040-6047-4eae-907b-568c6aa284b9-136247239738496","trial_id":96,"param_name":"USE_RMS_SCALING","param_value_internal":0,"distribution":"{\"name\": \"CategoricalDistribution\", \"attributes\": {\"choices\": [true, false]}}"}
{"op_code":6,"worker_id":"47936ccd-5927-4684-891f-6d9993b49349-132549542831232","trial_id":88,"state":1,"values":[-0.47245698264418184],"datetime_complete":"2026-05-02T13:00:42.564848"}
{"op_code":4,"worker_id":"47936ccd-5927-4684-891f-6d9993b49349-132549542831232","study_id":0,"datetime_start":"2026-05-02T13:00:42.612229"}
{"op_code":5,"worker_id":"47936ccd-5927-4684-891f-6d9993b49349-132549542831232","trial_id":97,"param_name":"RANK_REGRESS","param_value_internal":51.0,"distribution":"{\"name\": \"IntDistribution\", \"attributes\": {\"log\": false, \"step\": 1, \"low\": 5, \"high\": 80}}"}
{"op_code":5,"worker_id":"47936ccd-5927-4684-891f-6d9993b49349-132549542831232","trial_id":97,"param_name":"REG_W","param_value_internal":1.4331993331410956e-05,"distribution":"{\"name\": \"FloatDistribution\", \"attributes\": {\"step\": null, \"low\": 1e-05, \"high\": 1000.0, \"log\": true}}"}
{"op_code":5,"worker_id":"47936ccd-5927-4684-891f-6d9993b49349-132549542831232","trial_id":97,"param_name":"USE_RMS_SCALING","param_value_internal":0,"distribution":"{\"name\": \"CategoricalDistribution\", \"attributes\": {\"choices\": [true, false]}}"}
{"op_code":6,"worker_id":"23bcec5b-2d5a-42d8-9fa6-26a3c2ef14fa-131977542296704","trial_id":66,"state":1,"values":[-0.577159098765098],"datetime_complete":"2026-05-02T13:12:21.090932"}
{"op_code":4,"worker_id":"23bcec5b-2d5a-42d8-9fa6-26a3c2ef14fa-131977542296704","study_id":0,"datetime_start":"2026-05-02T13:12:21.150892"}
{"op_code":5,"worker_id":"23bcec5b-2d5a-42d8-9fa6-26a3c2ef14fa-131977542296704","trial_id":98,"param_name":"RANK_REGRESS","param_value_internal":18.0,"distribution":"{\"name\": \"IntDistribution\", \"attributes\": {\"log\": false, \"step\": 1, \"low\": 5, \"high\": 80}}"}
{"op_code":5,"worker_id":"23bcec5b-2d5a-42d8-9fa6-26a3c2ef14fa-131977542296704","trial_id":98,"param_name":"REG_W","param_value_internal":0.018761459245803642,"distribution":"{\"name\": \"FloatDistribution\", \"attributes\": {\"step\": null, \"low\": 1e-05, \"high\": 1000.0, \"log\": true}}"}
{"op_code":5,"worker_id":"23bcec5b-2d5a-42d8-9fa6-26a3c2ef14fa-131977542296704","trial_id":98,"param_name":"USE_RMS_SCALING","param_value_internal":1,"distribution":"{\"name\": \"CategoricalDistribution\", \"attributes\": {\"choices\": [true, false]}}"}
{"op_code":6,"worker_id":"284298b5-12c9-4ddb-8870-0236459f57c5-130499196728448","trial_id":70,"state":1,"values":[-0.5705175385900804],"datetime_complete":"2026-05-02T13:14:32.205892"}
{"op_code":4,"worker_id":"284298b5-12c9-4ddb-8870-0236459f57c5-130499196728448","study_id":0,"datetime_start":"2026-05-02T13:14:32.256087"}
{"op_code":5,"worker_id":"284298b5-12c9-4ddb-8870-0236459f57c5-130499196728448","trial_id":99,"param_name":"RANK_REGRESS","param_value_internal":25.0,"distribution":"{\"name\": \"IntDistribution\", \"attributes\": {\"log\": false, \"step\": 1, \"low\": 5, \"high\": 80}}"}
{"op_code":5,"worker_id":"284298b5-12c9-4ddb-8870-0236459f57c5-130499196728448","trial_id":99,"param_name":"REG_W","param_value_internal":0.004150769780121502,"distribution":"{\"name\": \"FloatDistribution\", \"attributes\": {\"step\": null, \"low\": 1e-05, \"high\": 1000.0, \"log\": true}}"}
{"op_code":5,"worker_id":"284298b5-12c9-4ddb-8870-0236459f57c5-130499196728448","trial_id":99,"param_name":"USE_RMS_SCALING","param_value_internal":1,"distribution":"{\"name\": \"CategoricalDistribution\", \"attributes\": {\"choices\": [true, false]}}"}
{"op_code":6,"worker_id":"a6ab512c-c536-4825-bccb-7d2609fabec7-123532939093120","trial_id":69,"state":1,"values":[-0.7882409489674901],"datetime_complete":"2026-05-02T13:42:24.267557"}
{"op_code":4,"worker_id":"a6ab512c-c536-4825-bccb-7d2609fabec7-123532939093120","study_id":0,"datetime_start":"2026-05-02T13:42:24.326461"}
{"op_code":5,"worker_id":"a6ab512c-c536-4825-bccb-7d2609fabec7-123532939093120","trial_id":100,"param_name":"RANK_REGRESS","param_value_internal":42.0,"distribution":"{\"name\": \"IntDistribution\", \"attributes\": {\"log\": false, \"step\": 1, \"low\": 5, \"high\": 80}}"}
{"op_code":5,"worker_id":"a6ab512c-c536-4825-bccb-7d2609fabec7-123532939093120","trial_id":100,"param_name":"REG_W","param_value_internal":0.0001128023119514914,"distribution":"{\"name\": \"FloatDistribution\", \"attributes\": {\"step\": null, \"low\": 1e-05, \"high\": 1000.0, \"log\": true}}"}
{"op_code":5,"worker_id":"a6ab512c-c536-4825-bccb-7d2609fabec7-123532939093120","trial_id":100,"param_name":"USE_RMS_SCALING","param_value_internal":1,"distribution":"{\"name\": \"CategoricalDistribution\", \"attributes\": {\"choices\": [true, false]}}"}
{"op_code":6,"worker_id":"c8fd575f-0001-4f38-917d-9306cd300252-123487115510912","trial_id":91,"state":1,"values":[-0.1907307601573522],"datetime_complete":"2026-05-02T13:43:41.800917"}
{"op_code":4,"worker_id":"c8fd575f-0001-4f38-917d-9306cd300252-123487115510912","study_id":0,"datetime_start":"2026-05-02T13:43:41.852889"}
{"op_code":5,"worker_id":"c8fd575f-0001-4f38-917d-9306cd300252-123487115510912","trial_id":101,"param_name":"RANK_REGRESS","param_value_internal":26.0,"distribution":"{\"name\": \"IntDistribution\", \"attributes\": {\"log\": false, \"step\": 1, \"low\": 5, \"high\": 80}}"}
{"op_code":5,"worker_id":"c8fd575f-0001-4f38-917d-9306cd300252-123487115510912","trial_id":101,"param_name":"REG_W","param_value_internal":91.7812464569886,"distribution":"{\"name\": \"FloatDistribution\", \"attributes\": {\"step\": null, \"low\": 1e-05, \"high\": 1000.0, \"log\": true}}"}
{"op_code":5,"worker_id":"c8fd575f-0001-4f38-917d-9306cd300252-123487115510912","trial_id":101,"param_name":"USE_RMS_SCALING","param_value_internal":0,"distribution":"{\"name\": \"CategoricalDistribution\", \"attributes\": {\"choices\": [true, false]}}"}
{"op_code":6,"worker_id":"02cf8bfe-a82f-4cda-a318-b4d1b6e307e4-126270808622208","trial_id":73,"state":1,"values":[-0.8636636535241351],"datetime_complete":"2026-05-02T14:28:11.136795"}
{"op_code":4,"worker_id":"02cf8bfe-a82f-4cda-a318-b4d1b6e307e4-126270808622208","study_id":0,"datetime_start":"2026-05-02T14:28:11.211948"}
{"op_code":9,"worker_id":"02cf8bfe-a82f-4cda-a318-b4d1b6e307e4-126270808622208","trial_id":102,"system_attr":{"tpe:relative_params:0":"{\"RANK_REGRESS\": 73, \"REG_W\": 333.6026509060843, \"USE_RMS_SCALING\": false}"}}
{"op_code":5,"worker_id":"02cf8bfe-a82f-4cda-a318-b4d1b6e307e4-126270808622208","trial_id":102,"param_name":"RANK_REGRESS","param_value_internal":73.0,"distribution":"{\"name\": \"IntDistribution\", \"attributes\": {\"log\": false, \"step\": 1, \"low\": 5, \"high\": 80}}"}
{"op_code":5,"worker_id":"02cf8bfe-a82f-4cda-a318-b4d1b6e307e4-126270808622208","trial_id":102,"param_name":"REG_W","param_value_internal":333.6026509060843,"distribution":"{\"name\": \"FloatDistribution\", \"attributes\": {\"step\": null, \"low\": 1e-05, \"high\": 1000.0, \"log\": true}}"}
{"op_code":5,"worker_id":"02cf8bfe-a82f-4cda-a318-b4d1b6e307e4-126270808622208","trial_id":102,"param_name":"USE_RMS_SCALING","param_value_internal":1,"distribution":"{\"name\": \"CategoricalDistribution\", \"attributes\": {\"choices\": [true, false]}}"}
{"op_code":6,"worker_id":"1c5b397b-8af1-4e6a-9dfd-cd75fc476979-124635985052800","trial_id":52,"state":1,"values":[-0.7588822453333942],"datetime_complete":"2026-05-02T14:31:28.233222"}
{"op_code":4,"worker_id":"1c5b397b-8af1-4e6a-9dfd-cd75fc476979-124635985052800","study_id":0,"datetime_start":"2026-05-02T14:31:28.283507"}
{"op_code":9,"worker_id":"1c5b397b-8af1-4e6a-9dfd-cd75fc476979-124635985052800","trial_id":103,"system_attr":{"tpe:relative_params:0":"{\"RANK_REGRESS\": 23, \"REG_W\": 871.1526990065897, \"USE_RMS_SCALING\": true}"}}
{"op_code":5,"worker_id":"1c5b397b-8af1-4e6a-9dfd-cd75fc476979-124635985052800","trial_id":103,"param_name":"RANK_REGRESS","param_value_internal":23.0,"distribution":"{\"name\": \"IntDistribution\", \"attributes\": {\"log\": false, \"step\": 1, \"low\": 5, \"high\": 80}}"}
{"op_code":5,"worker_id":"1c5b397b-8af1-4e6a-9dfd-cd75fc476979-124635985052800","trial_id":103,"param_name":"REG_W","param_value_internal":871.1526990065897,"distribution":"{\"name\": \"FloatDistribution\", \"attributes\": {\"step\": null, \"low\": 1e-05, \"high\": 1000.0, \"log\": true}}"}
{"op_code":5,"worker_id":"1c5b397b-8af1-4e6a-9dfd-cd75fc476979-124635985052800","trial_id":103,"param_name":"USE_RMS_SCALING","param_value_internal":0,"distribution":"{\"name\": \"CategoricalDistribution\", \"attributes\": {\"choices\": [true, false]}}"}
{"op_code":6,"worker_id":"208b2348-1790-4f2f-9952-2a747ae60531-125848688923776","trial_id":56,"state":1,"values":[-0.5230362289638242],"datetime_complete":"2026-05-02T14:33:03.319340"}
{"op_code":4,"worker_id":"208b2348-1790-4f2f-9952-2a747ae60531-125848688923776","study_id":0,"datetime_start":"2026-05-02T14:33:03.487355"}
{"op_code":9,"worker_id":"208b2348-1790-4f2f-9952-2a747ae60531-125848688923776","trial_id":104,"system_attr":{"tpe:relative_params:0":"{\"RANK_REGRESS\": 80, \"REG_W\": 103.6085276302149, \"USE_RMS_SCALING\": false}"}}
{"op_code":5,"worker_id":"208b2348-1790-4f2f-9952-2a747ae60531-125848688923776","trial_id":104,"param_name":"RANK_REGRESS","param_value_internal":80.0,"distribution":"{\"name\": \"IntDistribution\", \"attributes\": {\"log\": false, \"step\": 1, \"low\": 5, \"high\": 80}}"}
{"op_code":5,"worker_id":"208b2348-1790-4f2f-9952-2a747ae60531-125848688923776","trial_id":104,"param_name":"REG_W","param_value_internal":103.6085276302149,"distribution":"{\"name\": \"FloatDistribution\", \"attributes\": {\"step\": null, \"low\": 1e-05, \"high\": 1000.0, \"log\": true}}"}
{"op_code":5,"worker_id":"208b2348-1790-4f2f-9952-2a747ae60531-125848688923776","trial_id":104,"param_name":"USE_RMS_SCALING","param_value_internal":1,"distribution":"{\"name\": \"CategoricalDistribution\", \"attributes\": {\"choices\": [true, false]}}"}
{"op_code":6,"worker_id":"85815eee-3851-402c-bd13-9478c3a4927c-124799198311552","trial_id":80,"state":1,"values":[-0.784345845496321],"datetime_complete":"2026-05-02T14:33:29.908638"}
{"op_code":4,"worker_id":"85815eee-3851-402c-bd13-9478c3a4927c-124799198311552","study_id":0,"datetime_start":"2026-05-02T14:33:29.956097"}
{"op_code":9,"worker_id":"85815eee-3851-402c-bd13-9478c3a4927c-124799198311552","trial_id":105,"system_attr":{"tpe:relative_params:0":"{\"RANK_REGRESS\": 63, \"REG_W\": 953.3097530560548, \"USE_RMS_SCALING\": false}"}}
{"op_code":5,"worker_id":"85815eee-3851-402c-bd13-9478c3a4927c-124799198311552","trial_id":105,"param_name":"RANK_REGRESS","param_value_internal":63.0,"distribution":"{\"name\": \"IntDistribution\", \"attributes\": {\"log\": false, \"step\": 1, \"low\": 5, \"high\": 80}}"}
{"op_code":5,"worker_id":"85815eee-3851-402c-bd13-9478c3a4927c-124799198311552","trial_id":105,"param_name":"REG_W","param_value_internal":953.3097530560548,"distribution":"{\"name\": \"FloatDistribution\", \"attributes\": {\"step\": null, \"low\": 1e-05, \"high\": 1000.0, \"log\": true}}"}
{"op_code":5,"worker_id":"85815eee-3851-402c-bd13-9478c3a4927c-124799198311552","trial_id":105,"param_name":"USE_RMS_SCALING","param_value_internal":1,"distribution":"{\"name\": \"CategoricalDistribution\", \"attributes\": {\"choices\": [true, false]}}"}
{"op_code":6,"worker_id":"7eb67c7b-f668-4e74-989d-cbc23e535a5e-128390610117760","trial_id":87,"state":1,"values":[-0.718984432642622],"datetime_complete":"2026-05-02T14:37:31.535949"}
{"op_code":4,"worker_id":"7eb67c7b-f668-4e74-989d-cbc23e535a5e-128390610117760","study_id":0,"datetime_start":"2026-05-02T14:37:31.612855"}
{"op_code":9,"worker_id":"7eb67c7b-f668-4e74-989d-cbc23e535a5e-128390610117760","trial_id":106,"system_attr":{"tpe:relative_params:0":"{\"RANK_REGRESS\": 6, \"REG_W\": 172.439284959539, \"USE_RMS_SCALING\": false}"}}
{"op_code":5,"worker_id":"7eb67c7b-f668-4e74-989d-cbc23e535a5e-128390610117760","trial_id":106,"param_name":"RANK_REGRESS","param_value_internal":6.0,"distribution":"{\"name\": \"IntDistribution\", \"attributes\": {\"log\": false, \"step\": 1, \"low\": 5, \"high\": 80}}"}
{"op_code":5,"worker_id":"7eb67c7b-f668-4e74-989d-cbc23e535a5e-128390610117760","trial_id":106,"param_name":"REG_W","param_value_internal":172.439284959539,"distribution":"{\"name\": \"FloatDistribution\", \"attributes\": {\"step\": null, \"low\": 1e-05, \"high\": 1000.0, \"log\": true}}"}
{"op_code":5,"worker_id":"7eb67c7b-f668-4e74-989d-cbc23e535a5e-128390610117760","trial_id":106,"param_name":"USE_RMS_SCALING","param_value_internal":1,"distribution":"{\"name\": \"CategoricalDistribution\", \"attributes\": {\"choices\": [true, false]}}"}
{"op_code":6,"worker_id":"19cff626-483e-44b6-ab70-7524933856a1-139549253211264","trial_id":71,"state":1,"values":[-0.8540867705976704],"datetime_complete":"2026-05-02T14:38:07.751936"}
{"op_code":4,"worker_id":"19cff626-483e-44b6-ab70-7524933856a1-139549253211264","study_id":0,"datetime_start":"2026-05-02T14:38:07.805775"}
{"op_code":9,"worker_id":"19cff626-483e-44b6-ab70-7524933856a1-139549253211264","trial_id":107,"system_attr":{"tpe:relative_params:0":"{\"RANK_REGRESS\": 40, \"REG_W\": 638.7599760393239, \"USE_RMS_SCALING\": true}"}}
{"op_code":5,"worker_id":"19cff626-483e-44b6-ab70-7524933856a1-139549253211264","trial_id":107,"param_name":"RANK_REGRESS","param_value_internal":40.0,"distribution":"{\"name\": \"IntDistribution\", \"attributes\": {\"log\": false, \"step\": 1, \"low\": 5, \"high\": 80}}"}
{"op_code":5,"worker_id":"19cff626-483e-44b6-ab70-7524933856a1-139549253211264","trial_id":107,"param_name":"REG_W","param_value_internal":638.7599760393239,"distribution":"{\"name\": \"FloatDistribution\", \"attributes\": {\"step\": null, \"low\": 1e-05, \"high\": 1000.0, \"log\": true}}"}
{"op_code":5,"worker_id":"19cff626-483e-44b6-ab70-7524933856a1-139549253211264","trial_id":107,"param_name":"USE_RMS_SCALING","param_value_internal":0,"distribution":"{\"name\": \"CategoricalDistribution\", \"attributes\": {\"choices\": [true, false]}}"}
{"op_code":6,"worker_id":"e95d3356-36cd-489e-939f-ec8185196232-137392327521408","trial_id":53,"state":1,"values":[-0.05670432432621667],"datetime_complete":"2026-05-02T14:50:09.793992"}
{"op_code":4,"worker_id":"e95d3356-36cd-489e-939f-ec8185196232-137392327521408","study_id":0,"datetime_start":"2026-05-02T14:50:09.843822"}
{"op_code":9,"worker_id":"e95d3356-36cd-489e-939f-ec8185196232-137392327521408","trial_id":108,"system_attr":{"tpe:relative_params:0":"{\"RANK_REGRESS\": 5, \"REG_W\": 97.48828949716588, \"USE_RMS_SCALING\": true}"}}
{"op_code":5,"worker_id":"e95d3356-36cd-489e-939f-ec8185196232-137392327521408","trial_id":108,"param_name":"RANK_REGRESS","param_value_internal":5.0,"distribution":"{\"name\": \"IntDistribution\", \"attributes\": {\"log\": false, \"step\": 1, \"low\": 5, \"high\": 80}}"}
{"op_code":5,"worker_id":"e95d3356-36cd-489e-939f-ec8185196232-137392327521408","trial_id":108,"param_name":"REG_W","param_value_internal":97.48828949716588,"distribution":"{\"name\": \"FloatDistribution\", \"attributes\": {\"step\": null, \"low\": 1e-05, \"high\": 1000.0, \"log\": true}}"}
{"op_code":5,"worker_id":"e95d3356-36cd-489e-939f-ec8185196232-137392327521408","trial_id":108,"param_name":"USE_RMS_SCALING","param_value_internal":0,"distribution":"{\"name\": \"CategoricalDistribution\", \"attributes\": {\"choices\": [true, false]}}"}
{"op_code":6,"worker_id":"76ad5dd4-3a0e-4979-94a7-c4acea7be0d4-125408042288256","trial_id":72,"state":1,"values":[-0.8282731097370742],"datetime_complete":"2026-05-02T15:19:28.542075"}
{"op_code":4,"worker_id":"76ad5dd4-3a0e-4979-94a7-c4acea7be0d4-125408042288256","study_id":0,"datetime_start":"2026-05-02T15:19:28.601571"}
{"op_code":9,"worker_id":"76ad5dd4-3a0e-4979-94a7-c4acea7be0d4-125408042288256","trial_id":109,"system_attr":{"tpe:relative_params:0":"{\"RANK_REGRESS\": 20, \"REG_W\": 786.5820763322506, \"USE_RMS_SCALING\": false}"}}
{"op_code":5,"worker_id":"76ad5dd4-3a0e-4979-94a7-c4acea7be0d4-125408042288256","trial_id":109,"param_name":"RANK_REGRESS","param_value_internal":20.0,"distribution":"{\"name\": \"IntDistribution\", \"attributes\": {\"log\": false, \"step\": 1, \"low\": 5, \"high\": 80}}"}
{"op_code":5,"worker_id":"76ad5dd4-3a0e-4979-94a7-c4acea7be0d4-125408042288256","trial_id":109,"param_name":"REG_W","param_value_internal":786.5820763322506,"distribution":"{\"name\": \"FloatDistribution\", \"attributes\": {\"step\": null, \"low\": 1e-05, \"high\": 1000.0, \"log\": true}}"}
{"op_code":5,"worker_id":"76ad5dd4-3a0e-4979-94a7-c4acea7be0d4-125408042288256","trial_id":109,"param_name":"USE_RMS_SCALING","param_value_internal":1,"distribution":"{\"name\": \"CategoricalDistribution\", \"attributes\": {\"choices\": [true, false]}}"}
{"op_code":6,"worker_id":"e95d3356-36cd-489e-939f-ec8185196232-137392327521408","trial_id":108,"state":1,"values":[0.0],"datetime_complete":"2026-05-02T15:19:29.997760"}
{"op_code":4,"worker_id":"e95d3356-36cd-489e-939f-ec8185196232-137392327521408","study_id":0,"datetime_start":"2026-05-02T15:19:30.052952"}
{"op_code":9,"worker_id":"e95d3356-36cd-489e-939f-ec8185196232-137392327521408","trial_id":110,"system_attr":{"tpe:relative_params:0":"{\"RANK_REGRESS\": 11, \"REG_W\": 61.72453565617138, \"USE_RMS_SCALING\": true}"}}
{"op_code":5,"worker_id":"e95d3356-36cd-489e-939f-ec8185196232-137392327521408","trial_id":110,"param_name":"RANK_REGRESS","param_value_internal":11.0,"distribution":"{\"name\": \"IntDistribution\", \"attributes\": {\"log\": false, \"step\": 1, \"low\": 5, \"high\": 80}}"}
{"op_code":5,"worker_id":"e95d3356-36cd-489e-939f-ec8185196232-137392327521408","trial_id":110,"param_name":"REG_W","param_value_internal":61.72453565617138,"distribution":"{\"name\": \"FloatDistribution\", \"attributes\": {\"step\": null, \"low\": 1e-05, \"high\": 1000.0, \"log\": true}}"}
{"op_code":5,"worker_id":"e95d3356-36cd-489e-939f-ec8185196232-137392327521408","trial_id":110,"param_name":"USE_RMS_SCALING","param_value_internal":0,"distribution":"{\"name\": \"CategoricalDistribution\", \"attributes\": {\"choices\": [true, false]}}"}
{"op_code":6,"worker_id":"7eb67c7b-f668-4e74-989d-cbc23e535a5e-128390610117760","trial_id":106,"state":1,"values":[0.0],"datetime_complete":"2026-05-02T15:24:15.355861"}
{"op_code":4,"worker_id":"7eb67c7b-f668-4e74-989d-cbc23e535a5e-128390610117760","study_id":0,"datetime_start":"2026-05-02T15:24:15.418262"}
{"op_code":9,"worker_id":"7eb67c7b-f668-4e74-989d-cbc23e535a5e-128390610117760","trial_id":111,"system_attr":{"tpe:relative_params:0":"{\"RANK_REGRESS\": 38, \"REG_W\": 458.7897376763036, \"USE_RMS_SCALING\": false}"}}
{"op_code":5,"worker_id":"7eb67c7b-f668-4e74-989d-cbc23e535a5e-128390610117760","trial_id":111,"param_name":"RANK_REGRESS","param_value_internal":38.0,"distribution":"{\"name\": \"IntDistribution\", \"attributes\": {\"log\": false, \"step\": 1, \"low\": 5, \"high\": 80}}"}
{"op_code":5,"worker_id":"7eb67c7b-f668-4e74-989d-cbc23e535a5e-128390610117760","trial_id":111,"param_name":"REG_W","param_value_internal":458.7897376763036,"distribution":"{\"name\": \"FloatDistribution\", \"attributes\": {\"step\": null, \"low\": 1e-05, \"high\": 1000.0, \"log\": true}}"}
{"op_code":5,"worker_id":"7eb67c7b-f668-4e74-989d-cbc23e535a5e-128390610117760","trial_id":111,"param_name":"USE_RMS_SCALING","param_value_internal":1,"distribution":"{\"name\": \"CategoricalDistribution\", \"attributes\": {\"choices\": [true, false]}}"}
{"op_code":6,"worker_id":"135af5fa-f71b-414c-a336-0ae04a15426c-128852333425792","trial_id":79,"state":1,"values":[-0.019557435375194793],"datetime_complete":"2026-05-02T15:26:44.393886"}
{"op_code":4,"worker_id":"135af5fa-f71b-414c-a336-0ae04a15426c-128852333425792","study_id":0,"datetime_start":"2026-05-02T15:26:44.455651"}
{"op_code":9,"worker_id":"135af5fa-f71b-414c-a336-0ae04a15426c-128852333425792","trial_id":112,"system_attr":{"tpe:relative_params:0":"{\"RANK_REGRESS\": 7, \"REG_W\": 88.71655220788351, \"USE_RMS_SCALING\": false}"}}
{"op_code":5,"worker_id":"135af5fa-f71b-414c-a336-0ae04a15426c-128852333425792","trial_id":112,"param_name":"RANK_REGRESS","param_value_internal":7.0,"distribution":"{\"name\": \"IntDistribution\", \"attributes\": {\"log\": false, \"step\": 1, \"low\": 5, \"high\": 80}}"}
{"op_code":5,"worker_id":"135af5fa-f71b-414c-a336-0ae04a15426c-128852333425792","trial_id":112,"param_name":"REG_W","param_value_internal":88.71655220788351,"distribution":"{\"name\": \"FloatDistribution\", \"attributes\": {\"step\": null, \"low\": 1e-05, \"high\": 1000.0, \"log\": true}}"}
{"op_code":5,"worker_id":"135af5fa-f71b-414c-a336-0ae04a15426c-128852333425792","trial_id":112,"param_name":"USE_RMS_SCALING","param_value_internal":1,"distribution":"{\"name\": \"CategoricalDistribution\", \"attributes\": {\"choices\": [true, false]}}"}
{"op_code":6,"worker_id":"23bcec5b-2d5a-42d8-9fa6-26a3c2ef14fa-131977542296704","trial_id":98,"state":1,"values":[-0.8159933152554325],"datetime_complete":"2026-05-02T15:40:47.365042"}
{"op_code":4,"worker_id":"23bcec5b-2d5a-42d8-9fa6-26a3c2ef14fa-131977542296704","study_id":0,"datetime_start":"2026-05-02T15:40:47.413546"}
{"op_code":9,"worker_id":"23bcec5b-2d5a-42d8-9fa6-26a3c2ef14fa-131977542296704","trial_id":113,"system_attr":{"tpe:relative_params:0":"{\"RANK_REGRESS\": 13, \"REG_W\": 212.75257672776232, \"USE_RMS_SCALING\": true}"}}
{"op_code":5,"worker_id":"23bcec5b-2d5a-42d8-9fa6-26a3c2ef14fa-131977542296704","trial_id":113,"param_name":"RANK_REGRESS","param_value_internal":13.0,"distribution":"{\"name\": \"IntDistribution\", \"attributes\": {\"log\": false, \"step\": 1, \"low\": 5, \"high\": 80}}"}
{"op_code":5,"worker_id":"23bcec5b-2d5a-42d8-9fa6-26a3c2ef14fa-131977542296704","trial_id":113,"param_name":"REG_W","param_value_internal":212.75257672776232,"distribution":"{\"name\": \"FloatDistribution\", \"attributes\": {\"step\": null, \"low\": 1e-05, \"high\": 1000.0, \"log\": true}}"}
{"op_code":5,"worker_id":"23bcec5b-2d5a-42d8-9fa6-26a3c2ef14fa-131977542296704","trial_id":113,"param_name":"USE_RMS_SCALING","param_value_internal":0,"distribution":"{\"name\": \"CategoricalDistribution\", \"attributes\": {\"choices\": [true, false]}}"}
{"op_code":6,"worker_id":"8d699acd-dc12-4409-884c-060c7903e5b8-128458334266496","trial_id":61,"state":1,"values":[0.0],"datetime_complete":"2026-05-02T15:43:14.278548"}
{"op_code":4,"worker_id":"8d699acd-dc12-4409-884c-060c7903e5b8-128458334266496","study_id":0,"datetime_start":"2026-05-02T15:43:14.368937"}
{"op_code":9,"worker_id":"8d699acd-dc12-4409-884c-060c7903e5b8-128458334266496","trial_id":114,"system_attr":{"tpe:relative_params:0":"{\"RANK_REGRESS\": 32, \"REG_W\": 46.44805926157244, \"USE_RMS_SCALING\": true}"}}
{"op_code":5,"worker_id":"8d699acd-dc12-4409-884c-060c7903e5b8-128458334266496","trial_id":114,"param_name":"RANK_REGRESS","param_value_internal":32.0,"distribution":"{\"name\": \"IntDistribution\", \"attributes\": {\"log\": false, \"step\": 1, \"low\": 5, \"high\": 80}}"}
{"op_code":5,"worker_id":"8d699acd-dc12-4409-884c-060c7903e5b8-128458334266496","trial_id":114,"param_name":"REG_W","param_value_internal":46.44805926157244,"distribution":"{\"name\": \"FloatDistribution\", \"attributes\": {\"step\": null, \"low\": 1e-05, \"high\": 1000.0, \"log\": true}}"}
{"op_code":5,"worker_id":"8d699acd-dc12-4409-884c-060c7903e5b8-128458334266496","trial_id":114,"param_name":"USE_RMS_SCALING","param_value_internal":0,"distribution":"{\"name\": \"CategoricalDistribution\", \"attributes\": {\"choices\": [true, false]}}"}
{"op_code":6,"worker_id":"1d26dc79-2a25-4f32-93b6-2b844512f4c5-137487432017024","trial_id":85,"state":1,"values":[-1.0],"datetime_complete":"2026-05-02T15:47:06.015403"}
{"op_code":4,"worker_id":"1d26dc79-2a25-4f32-93b6-2b844512f4c5-137487432017024","study_id":0,"datetime_start":"2026-05-02T15:47:06.077863"}
{"op_code":9,"worker_id":"1d26dc79-2a25-4f32-93b6-2b844512f4c5-137487432017024","trial_id":115,"system_attr":{"tpe:relative_params:0":"{\"RANK_REGRESS\": 7, \"REG_W\": 525.0305551259789, \"USE_RMS_SCALING\": false}"}}
{"op_code":5,"worker_id":"1d26dc79-2a25-4f32-93b6-2b844512f4c5-137487432017024","trial_id":115,"param_name":"RANK_REGRESS","param_value_internal":7.0,"distribution":"{\"name\": \"IntDistribution\", \"attributes\": {\"log\": false, \"step\": 1, \"low\": 5, \"high\": 80}}"}
{"op_code":5,"worker_id":"1d26dc79-2a25-4f32-93b6-2b844512f4c5-137487432017024","trial_id":115,"param_name":"REG_W","param_value_internal":525.0305551259789,"distribution":"{\"name\": \"FloatDistribution\", \"attributes\": {\"step\": null, \"low\": 1e-05, \"high\": 1000.0, \"log\": true}}"}
{"op_code":5,"worker_id":"1d26dc79-2a25-4f32-93b6-2b844512f4c5-137487432017024","trial_id":115,"param_name":"USE_RMS_SCALING","param_value_internal":1,"distribution":"{\"name\": \"CategoricalDistribution\", \"attributes\": {\"choices\": [true, false]}}"}
{"op_code":6,"worker_id":"9288ba5e-9c63-46b5-ad55-b7e1653018c3-134714844083328","trial_id":81,"state":1,"values":[-0.21847576872442867],"datetime_complete":"2026-05-02T15:47:13.937666"}
{"op_code":4,"worker_id":"9288ba5e-9c63-46b5-ad55-b7e1653018c3-134714844083328","study_id":0,"datetime_start":"2026-05-02T15:47:13.992831"}
{"op_code":9,"worker_id":"9288ba5e-9c63-46b5-ad55-b7e1653018c3-134714844083328","trial_id":116,"system_attr":{"tpe:relative_params:0":"{\"RANK_REGRESS\": 28, \"REG_W\": 519.7631845448088, \"USE_RMS_SCALING\": true}"}}
{"op_code":5,"worker_id":"9288ba5e-9c63-46b5-ad55-b7e1653018c3-134714844083328","trial_id":116,"param_name":"RANK_REGRESS","param_value_internal":28.0,"distribution":"{\"name\": \"IntDistribution\", \"attributes\": {\"log\": false, \"step\": 1, \"low\": 5, \"high\": 80}}"}
{"op_code":5,"worker_id":"9288ba5e-9c63-46b5-ad55-b7e1653018c3-134714844083328","trial_id":116,"param_name":"REG_W","param_value_internal":519.7631845448088,"distribution":"{\"name\": \"FloatDistribution\", \"attributes\": {\"step\": null, \"low\": 1e-05, \"high\": 1000.0, \"log\": true}}"}
{"op_code":5,"worker_id":"9288ba5e-9c63-46b5-ad55-b7e1653018c3-134714844083328","trial_id":116,"param_name":"USE_RMS_SCALING","param_value_internal":0,"distribution":"{\"name\": \"CategoricalDistribution\", \"attributes\": {\"choices\": [true, false]}}"}
{"op_code":6,"worker_id":"39de2a02-14d4-47cc-b42c-52c79eb86f67-132068653438080","trial_id":84,"state":1,"values":[-0.5030902262609435],"datetime_complete":"2026-05-02T16:04:38.220936"}
{"op_code":4,"worker_id":"39de2a02-14d4-47cc-b42c-52c79eb86f67-132068653438080","study_id":0,"datetime_start":"2026-05-02T16:04:38.276781"}
{"op_code":9,"worker_id":"39de2a02-14d4-47cc-b42c-52c79eb86f67-132068653438080","trial_id":117,"system_attr":{"tpe:relative_params:0":"{\"RANK_REGRESS\": 63, \"REG_W\": 6.8272780419373005, \"USE_RMS_SCALING\": false}"}}
{"op_code":5,"worker_id":"39de2a02-14d4-47cc-b42c-52c79eb86f67-132068653438080","trial_id":117,"param_name":"RANK_REGRESS","param_value_internal":63.0,"distribution":"{\"name\": \"IntDistribution\", \"attributes\": {\"log\": false, \"step\": 1, \"low\": 5, \"high\": 80}}"}
{"op_code":5,"worker_id":"39de2a02-14d4-47cc-b42c-52c79eb86f67-132068653438080","trial_id":117,"param_name":"REG_W","param_value_internal":6.8272780419373005,"distribution":"{\"name\": \"FloatDistribution\", \"attributes\": {\"step\": null, \"low\": 1e-05, \"high\": 1000.0, \"log\": true}}"}
{"op_code":5,"worker_id":"39de2a02-14d4-47cc-b42c-52c79eb86f67-132068653438080","trial_id":117,"param_name":"USE_RMS_SCALING","param_value_internal":1,"distribution":"{\"name\": \"CategoricalDistribution\", \"attributes\": {\"choices\": [true, false]}}"}
{"op_code":6,"worker_id":"2288eed0-b6be-42ba-a917-304ede3b7a7a-130396156359808","trial_id":77,"state":1,"values":[-0.7349495165917376],"datetime_complete":"2026-05-02T16:10:01.547224"}
{"op_code":4,"worker_id":"2288eed0-b6be-42ba-a917-304ede3b7a7a-130396156359808","study_id":0,"datetime_start":"2026-05-02T16:10:01.598337"}
{"op_code":9,"worker_id":"2288eed0-b6be-42ba-a917-304ede3b7a7a-130396156359808","trial_id":118,"system_attr":{"tpe:relative_params:0":"{\"RANK_REGRESS\": 49, \"REG_W\": 640.6761544209883, \"USE_RMS_SCALING\": true}"}}
{"op_code":5,"worker_id":"2288eed0-b6be-42ba-a917-304ede3b7a7a-130396156359808","trial_id":118,"param_name":"RANK_REGRESS","param_value_internal":49.0,"distribution":"{\"name\": \"IntDistribution\", \"attributes\": {\"log\": false, \"step\": 1, \"low\": 5, \"high\": 80}}"}
{"op_code":5,"worker_id":"2288eed0-b6be-42ba-a917-304ede3b7a7a-130396156359808","trial_id":118,"param_name":"REG_W","param_value_internal":640.6761544209883,"distribution":"{\"name\": \"FloatDistribution\", \"attributes\": {\"step\": null, \"low\": 1e-05, \"high\": 1000.0, \"log\": true}}"}
{"op_code":5,"worker_id":"2288eed0-b6be-42ba-a917-304ede3b7a7a-130396156359808","trial_id":118,"param_name":"USE_RMS_SCALING","param_value_internal":0,"distribution":"{\"name\": \"CategoricalDistribution\", \"attributes\": {\"choices\": [true, false]}}"}
{"op_code":6,"worker_id":"7ec12d7c-b945-45dd-8d39-5b28b911e494-132094707983488","trial_id":76,"state":1,"values":[-0.820921437999075],"datetime_complete":"2026-05-02T16:17:17.973475"}
{"op_code":4,"worker_id":"7ec12d7c-b945-45dd-8d39-5b28b911e494-132094707983488","study_id":0,"datetime_start":"2026-05-02T16:17:18.032416"}
{"op_code":9,"worker_id":"7ec12d7c-b945-45dd-8d39-5b28b911e494-132094707983488","trial_id":119,"system_attr":{"tpe:relative_params:0":"{\"RANK_REGRESS\": 59, \"REG_W\": 58.69179574638611, \"USE_RMS_SCALING\": true}"}}
{"op_code":5,"worker_id":"7ec12d7c-b945-45dd-8d39-5b28b911e494-132094707983488","trial_id":119,"param_name":"RANK_REGRESS","param_value_internal":59.0,"distribution":"{\"name\": \"IntDistribution\", \"attributes\": {\"log\": false, \"step\": 1, \"low\": 5, \"high\": 80}}"}
{"op_code":5,"worker_id":"7ec12d7c-b945-45dd-8d39-5b28b911e494-132094707983488","trial_id":119,"param_name":"REG_W","param_value_internal":58.69179574638611,"distribution":"{\"name\": \"FloatDistribution\", \"attributes\": {\"step\": null, \"low\": 1e-05, \"high\": 1000.0, \"log\": true}}"}
{"op_code":5,"worker_id":"7ec12d7c-b945-45dd-8d39-5b28b911e494-132094707983488","trial_id":119,"param_name":"USE_RMS_SCALING","param_value_internal":0,"distribution":"{\"name\": \"CategoricalDistribution\", \"attributes\": {\"choices\": [true, false]}}"}
{"op_code":6,"worker_id":"135af5fa-f71b-414c-a336-0ae04a15426c-128852333425792","trial_id":112,"state":1,"values":[0.004556579779156615],"datetime_complete":"2026-05-02T16:19:41.751288"}
{"op_code":4,"worker_id":"135af5fa-f71b-414c-a336-0ae04a15426c-128852333425792","study_id":0,"datetime_start":"2026-05-02T16:19:41.798614"}
{"op_code":9,"worker_id":"135af5fa-f71b-414c-a336-0ae04a15426c-128852333425792","trial_id":120,"system_attr":{"tpe:relative_params:0":"{\"RANK_REGRESS\": 37, \"REG_W\": 569.7785905832532, \"USE_RMS_SCALING\": true}"}}
{"op_code":5,"worker_id":"135af5fa-f71b-414c-a336-0ae04a15426c-128852333425792","trial_id":120,"param_name":"RANK_REGRESS","param_value_internal":37.0,"distribution":"{\"name\": \"IntDistribution\", \"attributes\": {\"log\": false, \"step\": 1, \"low\": 5, \"high\": 80}}"}
{"op_code":5,"worker_id":"135af5fa-f71b-414c-a336-0ae04a15426c-128852333425792","trial_id":120,"param_name":"REG_W","param_value_internal":569.7785905832532,"distribution":"{\"name\": \"FloatDistribution\", \"attributes\": {\"step\": null, \"low\": 1e-05, \"high\": 1000.0, \"log\": true}}"}
{"op_code":5,"worker_id":"135af5fa-f71b-414c-a336-0ae04a15426c-128852333425792","trial_id":120,"param_name":"USE_RMS_SCALING","param_value_internal":0,"distribution":"{\"name\": \"CategoricalDistribution\", \"attributes\": {\"choices\": [true, false]}}"}
{"op_code":6,"worker_id":"e95d3356-36cd-489e-939f-ec8185196232-137392327521408","trial_id":110,"state":1,"values":[0.0],"datetime_complete":"2026-05-02T16:28:02.212281"}
{"op_code":4,"worker_id":"e95d3356-36cd-489e-939f-ec8185196232-137392327521408","study_id":0,"datetime_start":"2026-05-02T16:28:02.256201"}
{"op_code":9,"worker_id":"e95d3356-36cd-489e-939f-ec8185196232-137392327521408","trial_id":121,"system_attr":{"tpe:relative_params:0":"{\"RANK_REGRESS\": 80, \"REG_W\": 7.581177035858928e-05, \"USE_RMS_SCALING\": false}"}}
{"op_code":5,"worker_id":"e95d3356-36cd-489e-939f-ec8185196232-137392327521408","trial_id":121,"param_name":"RANK_REGRESS","param_value_internal":80.0,"distribution":"{\"name\": \"IntDistribution\", \"attributes\": {\"log\": false, \"step\": 1, \"low\": 5, \"high\": 80}}"}
{"op_code":5,"worker_id":"e95d3356-36cd-489e-939f-ec8185196232-137392327521408","trial_id":121,"param_name":"REG_W","param_value_internal":7.581177035858928e-05,"distribution":"{\"name\": \"FloatDistribution\", \"attributes\": {\"step\": null, \"low\": 1e-05, \"high\": 1000.0, \"log\": true}}"}
{"op_code":5,"worker_id":"e95d3356-36cd-489e-939f-ec8185196232-137392327521408","trial_id":121,"param_name":"USE_RMS_SCALING","param_value_internal":1,"distribution":"{\"name\": \"CategoricalDistribution\", \"attributes\": {\"choices\": [true, false]}}"}
{"op_code":6,"worker_id":"b6a47a77-ae6b-4539-b2ec-f688661018a2-126463643825280","trial_id":94,"state":1,"values":[-0.6392339418199592],"datetime_complete":"2026-05-02T16:33:26.253551"}
{"op_code":4,"worker_id":"b6a47a77-ae6b-4539-b2ec-f688661018a2-126463643825280","study_id":0,"datetime_start":"2026-05-02T16:33:26.297530"}
{"op_code":9,"worker_id":"b6a47a77-ae6b-4539-b2ec-f688661018a2-126463643825280","trial_id":122,"system_attr":{"tpe:relative_params:0":"{\"RANK_REGRESS\": 19, \"REG_W\": 740.2873614725328, \"USE_RMS_SCALING\": true}"}}
{"op_code":5,"worker_id":"b6a47a77-ae6b-4539-b2ec-f688661018a2-126463643825280","trial_id":122,"param_name":"RANK_REGRESS","param_value_internal":19.0,"distribution":"{\"name\": \"IntDistribution\", \"attributes\": {\"log\": false, \"step\": 1, \"low\": 5, \"high\": 80}}"}
{"op_code":5,"worker_id":"b6a47a77-ae6b-4539-b2ec-f688661018a2-126463643825280","trial_id":122,"param_name":"REG_W","param_value_internal":740.2873614725328,"distribution":"{\"name\": \"FloatDistribution\", \"attributes\": {\"step\": null, \"low\": 1e-05, \"high\": 1000.0, \"log\": true}}"}
{"op_code":5,"worker_id":"b6a47a77-ae6b-4539-b2ec-f688661018a2-126463643825280","trial_id":122,"param_name":"USE_RMS_SCALING","param_value_internal":0,"distribution":"{\"name\": \"CategoricalDistribution\", \"attributes\": {\"choices\": [true, false]}}"}
{"op_code":6,"worker_id":"1d26dc79-2a25-4f32-93b6-2b844512f4c5-137487432017024","trial_id":115,"state":1,"values":[0.0],"datetime_complete":"2026-05-02T16:39:43.615041"}
{"op_code":4,"worker_id":"1d26dc79-2a25-4f32-93b6-2b844512f4c5-137487432017024","study_id":0,"datetime_start":"2026-05-02T16:39:43.659733"}
{"op_code":9,"worker_id":"1d26dc79-2a25-4f32-93b6-2b844512f4c5-137487432017024","trial_id":123,"system_attr":{"tpe:relative_params:0":"{\"RANK_REGRESS\": 5, \"REG_W\": 26.86376698190248, \"USE_RMS_SCALING\": false}"}}
{"op_code":5,"worker_id":"1d26dc79-2a25-4f32-93b6-2b844512f4c5-137487432017024","trial_id":123,"param_name":"RANK_REGRESS","param_value_internal":5.0,"distribution":"{\"name\": \"IntDistribution\", \"attributes\": {\"log\": false, \"step\": 1, \"low\": 5, \"high\": 80}}"}
{"op_code":5,"worker_id":"1d26dc79-2a25-4f32-93b6-2b844512f4c5-137487432017024","trial_id":123,"param_name":"REG_W","param_value_internal":26.86376698190248,"distribution":"{\"name\": \"FloatDistribution\", \"attributes\": {\"step\": null, \"low\": 1e-05, \"high\": 1000.0, \"log\": true}}"}
{"op_code":5,"worker_id":"1d26dc79-2a25-4f32-93b6-2b844512f4c5-137487432017024","trial_id":123,"param_name":"USE_RMS_SCALING","param_value_internal":1,"distribution":"{\"name\": \"CategoricalDistribution\", \"attributes\": {\"choices\": [true, false]}}"}
{"op_code":6,"worker_id":"cfa24a30-5cdf-4315-b574-d736ba95e6eb-140092588250240","trial_id":95,"state":1,"values":[-0.317173756184389],"datetime_complete":"2026-05-02T16:59:42.776621"}
{"op_code":4,"worker_id":"cfa24a30-5cdf-4315-b574-d736ba95e6eb-140092588250240","study_id":0,"datetime_start":"2026-05-02T16:59:42.827091"}
{"op_code":9,"worker_id":"cfa24a30-5cdf-4315-b574-d736ba95e6eb-140092588250240","trial_id":124,"system_attr":{"tpe:relative_params:0":"{\"RANK_REGRESS\": 16, \"REG_W\": 425.60721313456366, \"USE_RMS_SCALING\": false}"}}
{"op_code":5,"worker_id":"cfa24a30-5cdf-4315-b574-d736ba95e6eb-140092588250240","trial_id":124,"param_name":"RANK_REGRESS","param_value_internal":16.0,"distribution":"{\"name\": \"IntDistribution\", \"attributes\": {\"log\": false, \"step\": 1, \"low\": 5, \"high\": 80}}"}
{"op_code":5,"worker_id":"cfa24a30-5cdf-4315-b574-d736ba95e6eb-140092588250240","trial_id":124,"param_name":"REG_W","param_value_internal":425.60721313456366,"distribution":"{\"name\": \"FloatDistribution\", \"attributes\": {\"step\": null, \"low\": 1e-05, \"high\": 1000.0, \"log\": true}}"}
{"op_code":5,"worker_id":"cfa24a30-5cdf-4315-b574-d736ba95e6eb-140092588250240","trial_id":124,"param_name":"USE_RMS_SCALING","param_value_internal":1,"distribution":"{\"name\": \"CategoricalDistribution\", \"attributes\": {\"choices\": [true, false]}}"}
{"op_code":6,"worker_id":"284298b5-12c9-4ddb-8870-0236459f57c5-130499196728448","trial_id":99,"state":1,"values":[-0.9755620925445087],"datetime_complete":"2026-05-02T17:00:07.026553"}
{"op_code":4,"worker_id":"284298b5-12c9-4ddb-8870-0236459f57c5-130499196728448","study_id":0,"datetime_start":"2026-05-02T17:00:07.081426"}
{"op_code":9,"worker_id":"284298b5-12c9-4ddb-8870-0236459f57c5-130499196728448","trial_id":125,"system_attr":{"tpe:relative_params:0":"{\"RANK_REGRESS\": 7, \"REG_W\": 617.8732233841107, \"USE_RMS_SCALING\": false}"}}
{"op_code":5,"worker_id":"284298b5-12c9-4ddb-8870-0236459f57c5-130499196728448","trial_id":125,"param_name":"RANK_REGRESS","param_value_internal":7.0,"distribution":"{\"name\": \"IntDistribution\", \"attributes\": {\"log\": false, \"step\": 1, \"low\": 5, \"high\": 80}}"}
{"op_code":5,"worker_id":"284298b5-12c9-4ddb-8870-0236459f57c5-130499196728448","trial_id":125,"param_name":"REG_W","param_value_internal":617.8732233841107,"distribution":"{\"name\": \"FloatDistribution\", \"attributes\": {\"step\": null, \"low\": 1e-05, \"high\": 1000.0, \"log\": true}}"}
{"op_code":5,"worker_id":"284298b5-12c9-4ddb-8870-0236459f57c5-130499196728448","trial_id":125,"param_name":"USE_RMS_SCALING","param_value_internal":1,"distribution":"{\"name\": \"CategoricalDistribution\", \"attributes\": {\"choices\": [true, false]}}"}
{"op_code":6,"worker_id":"1c5b397b-8af1-4e6a-9dfd-cd75fc476979-124635985052800","trial_id":103,"state":1,"values":[0.0],"datetime_complete":"2026-05-02T17:09:03.551516"}
{"op_code":4,"worker_id":"1c5b397b-8af1-4e6a-9dfd-cd75fc476979-124635985052800","study_id":0,"datetime_start":"2026-05-02T17:09:03.615747"}
{"op_code":9,"worker_id":"1c5b397b-8af1-4e6a-9dfd-cd75fc476979-124635985052800","trial_id":126,"system_attr":{"tpe:relative_params:0":"{\"RANK_REGRESS\": 17, \"REG_W\": 810.1455277186171, \"USE_RMS_SCALING\": true}"}}
{"op_code":5,"worker_id":"1c5b397b-8af1-4e6a-9dfd-cd75fc476979-124635985052800","trial_id":126,"param_name":"RANK_REGRESS","param_value_internal":17.0,"distribution":"{\"name\": \"IntDistribution\", \"attributes\": {\"log\": false, \"step\": 1, \"low\": 5, \"high\": 80}}"}
{"op_code":5,"worker_id":"1c5b397b-8af1-4e6a-9dfd-cd75fc476979-124635985052800","trial_id":126,"param_name":"REG_W","param_value_internal":810.1455277186171,"distribution":"{\"name\": \"FloatDistribution\", \"attributes\": {\"step\": null, \"low\": 1e-05, \"high\": 1000.0, \"log\": true}}"}
{"op_code":5,"worker_id":"1c5b397b-8af1-4e6a-9dfd-cd75fc476979-124635985052800","trial_id":126,"param_name":"USE_RMS_SCALING","param_value_internal":0,"distribution":"{\"name\": \"CategoricalDistribution\", \"attributes\": {\"choices\": [true, false]}}"}
{"op_code":6,"worker_id":"1d26dc79-2a25-4f32-93b6-2b844512f4c5-137487432017024","trial_id":123,"state":1,"values":[-0.003400654395941246],"datetime_complete":"2026-05-02T17:12:16.314005"}
{"op_code":4,"worker_id":"1d26dc79-2a25-4f32-93b6-2b844512f4c5-137487432017024","study_id":0,"datetime_start":"2026-05-02T17:12:16.367908"}
{"op_code":9,"worker_id":"1d26dc79-2a25-4f32-93b6-2b844512f4c5-137487432017024","trial_id":127,"system_attr":{"tpe:relative_params:0":"{\"RANK_REGRESS\": 26, \"REG_W\": 797.6529864194792, \"USE_RMS_SCALING\": true}"}}
{"op_code":5,"worker_id":"1d26dc79-2a25-4f32-93b6-2b844512f4c5-137487432017024","trial_id":127,"param_name":"RANK_REGRESS","param_value_internal":26.0,"distribution":"{\"name\": \"IntDistribution\", \"attributes\": {\"log\": false, \"step\": 1, \"low\": 5, \"high\": 80}}"}
{"op_code":5,"worker_id":"1d26dc79-2a25-4f32-93b6-2b844512f4c5-137487432017024","trial_id":127,"param_name":"REG_W","param_value_internal":797.6529864194792,"distribution":"{\"name\": \"FloatDistribution\", \"attributes\": {\"step\": null, \"low\": 1e-05, \"high\": 1000.0, \"log\": true}}"}
{"op_code":5,"worker_id":"1d26dc79-2a25-4f32-93b6-2b844512f4c5-137487432017024","trial_id":127,"param_name":"USE_RMS_SCALING","param_value_internal":0,"distribution":"{\"name\": \"CategoricalDistribution\", \"attributes\": {\"choices\": [true, false]}}"}
{"op_code":6,"worker_id":"23bcec5b-2d5a-42d8-9fa6-26a3c2ef14fa-131977542296704","trial_id":113,"state":1,"values":[0.0],"datetime_complete":"2026-05-02T17:26:07.004412"}
{"op_code":4,"worker_id":"23bcec5b-2d5a-42d8-9fa6-26a3c2ef14fa-131977542296704","study_id":0,"datetime_start":"2026-05-02T17:26:07.051242"}
{"op_code":9,"worker_id":"23bcec5b-2d5a-42d8-9fa6-26a3c2ef14fa-131977542296704","trial_id":128,"system_attr":{"tpe:relative_params:0":"{\"RANK_REGRESS\": 25, \"REG_W\": 46.75800088816952, \"USE_RMS_SCALING\": true}"}}
{"op_code":5,"worker_id":"23bcec5b-2d5a-42d8-9fa6-26a3c2ef14fa-131977542296704","trial_id":128,"param_name":"RANK_REGRESS","param_value_internal":25.0,"distribution":"{\"name\": \"IntDistribution\", \"attributes\": {\"log\": false, \"step\": 1, \"low\": 5, \"high\": 80}}"}
{"op_code":5,"worker_id":"23bcec5b-2d5a-42d8-9fa6-26a3c2ef14fa-131977542296704","trial_id":128,"param_name":"REG_W","param_value_internal":46.75800088816952,"distribution":"{\"name\": \"FloatDistribution\", \"attributes\": {\"step\": null, \"low\": 1e-05, \"high\": 1000.0, \"log\": true}}"}
{"op_code":5,"worker_id":"23bcec5b-2d5a-42d8-9fa6-26a3c2ef14fa-131977542296704","trial_id":128,"param_name":"USE_RMS_SCALING","param_value_internal":0,"distribution":"{\"name\": \"CategoricalDistribution\", \"attributes\": {\"choices\": [true, false]}}"}
{"op_code":6,"worker_id":"c8fd575f-0001-4f38-917d-9306cd300252-123487115510912","trial_id":101,"state":1,"values":[0.0],"datetime_complete":"2026-05-02T17:41:48.974121"}
{"op_code":4,"worker_id":"c8fd575f-0001-4f38-917d-9306cd300252-123487115510912","study_id":0,"datetime_start":"2026-05-02T17:41:49.020693"}
{"op_code":9,"worker_id":"c8fd575f-0001-4f38-917d-9306cd300252-123487115510912","trial_id":129,"system_attr":{"tpe:relative_params:0":"{\"RANK_REGRESS\": 30, \"REG_W\": 17.861054525915776, \"USE_RMS_SCALING\": true}"}}
{"op_code":5,"worker_id":"c8fd575f-0001-4f38-917d-9306cd300252-123487115510912","trial_id":129,"param_name":"RANK_REGRESS","param_value_internal":30.0,"distribution":"{\"name\": \"IntDistribution\", \"attributes\": {\"log\": false, \"step\": 1, \"low\": 5, \"high\": 80}}"}
{"op_code":5,"worker_id":"c8fd575f-0001-4f38-917d-9306cd300252-123487115510912","trial_id":129,"param_name":"REG_W","param_value_internal":17.861054525915776,"distribution":"{\"name\": \"FloatDistribution\", \"attributes\": {\"step\": null, \"low\": 1e-05, \"high\": 1000.0, \"log\": true}}"}
{"op_code":5,"worker_id":"c8fd575f-0001-4f38-917d-9306cd300252-123487115510912","trial_id":129,"param_name":"USE_RMS_SCALING","param_value_internal":0,"distribution":"{\"name\": \"CategoricalDistribution\", \"attributes\": {\"choices\": [true, false]}}"}
{"op_code":6,"worker_id":"d65ed675-2f73-40f6-84d5-ecd7fdc246ec-129809193858176","trial_id":92,"state":1,"values":[-1.0],"datetime_complete":"2026-05-02T17:50:08.659249"}
{"op_code":4,"worker_id":"d65ed675-2f73-40f6-84d5-ecd7fdc246ec-129809193858176","study_id":0,"datetime_start":"2026-05-02T17:50:08.715606"}
{"op_code":9,"worker_id":"d65ed675-2f73-40f6-84d5-ecd7fdc246ec-129809193858176","trial_id":130,"system_attr":{"tpe:relative_params:0":"{\"RANK_REGRESS\": 31, \"REG_W\": 211.19285597711766, \"USE_RMS_SCALING\": true}"}}
{"op_code":5,"worker_id":"d65ed675-2f73-40f6-84d5-ecd7fdc246ec-129809193858176","trial_id":130,"param_name":"RANK_REGRESS","param_value_internal":31.0,"distribution":"{\"name\": \"IntDistribution\", \"attributes\": {\"log\": false, \"step\": 1, \"low\": 5, \"high\": 80}}"}
{"op_code":5,"worker_id":"d65ed675-2f73-40f6-84d5-ecd7fdc246ec-129809193858176","trial_id":130,"param_name":"REG_W","param_value_internal":211.19285597711766,"distribution":"{\"name\": \"FloatDistribution\", \"attributes\": {\"step\": null, \"low\": 1e-05, \"high\": 1000.0, \"log\": true}}"}
{"op_code":5,"worker_id":"d65ed675-2f73-40f6-84d5-ecd7fdc246ec-129809193858176","trial_id":130,"param_name":"USE_RMS_SCALING","param_value_internal":0,"distribution":"{\"name\": \"CategoricalDistribution\", \"attributes\": {\"choices\": [true, false]}}"}
{"op_code":6,"worker_id":"284298b5-12c9-4ddb-8870-0236459f57c5-130499196728448","trial_id":125,"state":1,"values":[0.0],"datetime_complete":"2026-05-02T17:54:25.812873"}
{"op_code":4,"worker_id":"284298b5-12c9-4ddb-8870-0236459f57c5-130499196728448","study_id":0,"datetime_start":"2026-05-02T17:54:25.858844"}
{"op_code":9,"worker_id":"284298b5-12c9-4ddb-8870-0236459f57c5-130499196728448","trial_id":131,"system_attr":{"tpe:relative_params:0":"{\"RANK_REGRESS\": 79, \"REG_W\": 926.844339205878, \"USE_RMS_SCALING\": true}"}}
{"op_code":5,"worker_id":"284298b5-12c9-4ddb-8870-0236459f57c5-130499196728448","trial_id":131,"param_name":"RANK_REGRESS","param_value_internal":79.0,"distribution":"{\"name\": \"IntDistribution\", \"attributes\": {\"log\": false, \"step\": 1, \"low\": 5, \"high\": 80}}"}
{"op_code":5,"worker_id":"284298b5-12c9-4ddb-8870-0236459f57c5-130499196728448","trial_id":131,"param_name":"REG_W","param_value_internal":926.844339205878,"distribution":"{\"name\": \"FloatDistribution\", \"attributes\": {\"step\": null, \"low\": 1e-05, \"high\": 1000.0, \"log\": true}}"}
{"op_code":5,"worker_id":"284298b5-12c9-4ddb-8870-0236459f57c5-130499196728448","trial_id":131,"param_name":"USE_RMS_SCALING","param_value_internal":0,"distribution":"{\"name\": \"CategoricalDistribution\", \"attributes\": {\"choices\": [true, false]}}"}
{"op_code":6,"worker_id":"76ad5dd4-3a0e-4979-94a7-c4acea7be0d4-125408042288256","trial_id":109,"state":1,"values":[0.0],"datetime_complete":"2026-05-02T18:02:27.327377"}
{"op_code":4,"worker_id":"76ad5dd4-3a0e-4979-94a7-c4acea7be0d4-125408042288256","study_id":0,"datetime_start":"2026-05-02T18:02:27.371485"}
{"op_code":9,"worker_id":"76ad5dd4-3a0e-4979-94a7-c4acea7be0d4-125408042288256","trial_id":132,"system_attr":{"tpe:relative_params:0":"{\"RANK_REGRESS\": 26, \"REG_W\": 7.1688427083532105, \"USE_RMS_SCALING\": true}"}}
{"op_code":5,"worker_id":"76ad5dd4-3a0e-4979-94a7-c4acea7be0d4-125408042288256","trial_id":132,"param_name":"RANK_REGRESS","param_value_internal":26.0,"distribution":"{\"name\": \"IntDistribution\", \"attributes\": {\"log\": false, \"step\": 1, \"low\": 5, \"high\": 80}}"}
{"op_code":5,"worker_id":"76ad5dd4-3a0e-4979-94a7-c4acea7be0d4-125408042288256","trial_id":132,"param_name":"REG_W","param_value_internal":7.1688427083532105,"distribution":"{\"name\": \"FloatDistribution\", \"attributes\": {\"step\": null, \"low\": 1e-05, \"high\": 1000.0, \"log\": true}}"}
{"op_code":5,"worker_id":"76ad5dd4-3a0e-4979-94a7-c4acea7be0d4-125408042288256","trial_id":132,"param_name":"USE_RMS_SCALING","param_value_internal":0,"distribution":"{\"name\": \"CategoricalDistribution\", \"attributes\": {\"choices\": [true, false]}}"}
{"op_code":6,"worker_id":"a1011124-c893-4f39-9f77-3048d76ab65d-128295545742464","trial_id":67,"state":1,"values":[-1.0],"datetime_complete":"2026-05-02T18:18:51.412515"}
{"op_code":4,"worker_id":"a1011124-c893-4f39-9f77-3048d76ab65d-128295545742464","study_id":0,"datetime_start":"2026-05-02T18:18:51.461284"}
{"op_code":9,"worker_id":"a1011124-c893-4f39-9f77-3048d76ab65d-128295545742464","trial_id":133,"system_attr":{"tpe:relative_params:0":"{\"RANK_REGRESS\": 31, \"REG_W\": 901.6508370576757, \"USE_RMS_SCALING\": true}"}}
{"op_code":5,"worker_id":"a1011124-c893-4f39-9f77-3048d76ab65d-128295545742464","trial_id":133,"param_name":"RANK_REGRESS","param_value_internal":31.0,"distribution":"{\"name\": \"IntDistribution\", \"attributes\": {\"log\": false, \"step\": 1, \"low\": 5, \"high\": 80}}"}
{"op_code":5,"worker_id":"a1011124-c893-4f39-9f77-3048d76ab65d-128295545742464","trial_id":133,"param_name":"REG_W","param_value_internal":901.6508370576757,"distribution":"{\"name\": \"FloatDistribution\", \"attributes\": {\"step\": null, \"low\": 1e-05, \"high\": 1000.0, \"log\": true}}"}
{"op_code":5,"worker_id":"a1011124-c893-4f39-9f77-3048d76ab65d-128295545742464","trial_id":133,"param_name":"USE_RMS_SCALING","param_value_internal":0,"distribution":"{\"name\": \"CategoricalDistribution\", \"attributes\": {\"choices\": [true, false]}}"}
{"op_code":6,"worker_id":"c3b601f2-78ab-4f6c-861b-fc80a22a343f-140074247292032","trial_id":63,"state":1,"values":[-0.0427692315488889],"datetime_complete":"2026-05-02T18:32:08.081658"}
{"op_code":4,"worker_id":"c3b601f2-78ab-4f6c-861b-fc80a22a343f-140074247292032","study_id":0,"datetime_start":"2026-05-02T18:32:08.136805"}
{"op_code":9,"worker_id":"c3b601f2-78ab-4f6c-861b-fc80a22a343f-140074247292032","trial_id":134,"system_attr":{"tpe:relative_params:0":"{\"RANK_REGRESS\": 18, \"REG_W\": 114.71065763162639, \"USE_RMS_SCALING\": true}"}}
{"op_code":5,"worker_id":"c3b601f2-78ab-4f6c-861b-fc80a22a343f-140074247292032","trial_id":134,"param_name":"RANK_REGRESS","param_value_internal":18.0,"distribution":"{\"name\": \"IntDistribution\", \"attributes\": {\"log\": false, \"step\": 1, \"low\": 5, \"high\": 80}}"}
{"op_code":5,"worker_id":"c3b601f2-78ab-4f6c-861b-fc80a22a343f-140074247292032","trial_id":134,"param_name":"REG_W","param_value_internal":114.71065763162639,"distribution":"{\"name\": \"FloatDistribution\", \"attributes\": {\"step\": null, \"low\": 1e-05, \"high\": 1000.0, \"log\": true}}"}
{"op_code":5,"worker_id":"c3b601f2-78ab-4f6c-861b-fc80a22a343f-140074247292032","trial_id":134,"param_name":"USE_RMS_SCALING","param_value_internal":0,"distribution":"{\"name\": \"CategoricalDistribution\", \"attributes\": {\"choices\": [true, false]}}"}
{"op_code":6,"worker_id":"98b72fc7-0046-45f1-8f03-74a2c8e6f4d1-138435635287168","trial_id":93,"state":1,"values":[-0.18906226661578332],"datetime_complete":"2026-05-02T18:40:40.923783"}
{"op_code":4,"worker_id":"98b72fc7-0046-45f1-8f03-74a2c8e6f4d1-138435635287168","study_id":0,"datetime_start":"2026-05-02T18:40:40.986133"}
{"op_code":9,"worker_id":"98b72fc7-0046-45f1-8f03-74a2c8e6f4d1-138435635287168","trial_id":135,"system_attr":{"tpe:relative_params:0":"{\"RANK_REGRESS\": 27, \"REG_W\": 966.1622767919539, \"USE_RMS_SCALING\": true}"}}
{"op_code":5,"worker_id":"98b72fc7-0046-45f1-8f03-74a2c8e6f4d1-138435635287168","trial_id":135,"param_name":"RANK_REGRESS","param_value_internal":27.0,"distribution":"{\"name\": \"IntDistribution\", \"attributes\": {\"log\": false, \"step\": 1, \"low\": 5, \"high\": 80}}"}
{"op_code":5,"worker_id":"98b72fc7-0046-45f1-8f03-74a2c8e6f4d1-138435635287168","trial_id":135,"param_name":"REG_W","param_value_internal":966.1622767919539,"distribution":"{\"name\": \"FloatDistribution\", \"attributes\": {\"step\": null, \"low\": 1e-05, \"high\": 1000.0, \"log\": true}}"}
{"op_code":5,"worker_id":"98b72fc7-0046-45f1-8f03-74a2c8e6f4d1-138435635287168","trial_id":135,"param_name":"USE_RMS_SCALING","param_value_internal":0,"distribution":"{\"name\": \"CategoricalDistribution\", \"attributes\": {\"choices\": [true, false]}}"}
{"op_code":6,"worker_id":"5d038537-6c5a-4128-9fcf-3a0b5c95b368-134813775701120","trial_id":62,"state":1,"values":[-1.0],"datetime_complete":"2026-05-02T18:44:53.398403"}
{"op_code":4,"worker_id":"5d038537-6c5a-4128-9fcf-3a0b5c95b368-134813775701120","study_id":0,"datetime_start":"2026-05-02T18:44:53.441062"}
{"op_code":9,"worker_id":"5d038537-6c5a-4128-9fcf-3a0b5c95b368-134813775701120","trial_id":136,"system_attr":{"tpe:relative_params:0":"{\"RANK_REGRESS\": 67, \"REG_W\": 41.0091156868739, \"USE_RMS_SCALING\": false}"}}
{"op_code":5,"worker_id":"5d038537-6c5a-4128-9fcf-3a0b5c95b368-134813775701120","trial_id":136,"param_name":"RANK_REGRESS","param_value_internal":67.0,"distribution":"{\"name\": \"IntDistribution\", \"attributes\": {\"log\": false, \"step\": 1, \"low\": 5, \"high\": 80}}"}
{"op_code":5,"worker_id":"5d038537-6c5a-4128-9fcf-3a0b5c95b368-134813775701120","trial_id":136,"param_name":"REG_W","param_value_internal":41.0091156868739,"distribution":"{\"name\": \"FloatDistribution\", \"attributes\": {\"step\": null, \"low\": 1e-05, \"high\": 1000.0, \"log\": true}}"}
{"op_code":5,"worker_id":"5d038537-6c5a-4128-9fcf-3a0b5c95b368-134813775701120","trial_id":136,"param_name":"USE_RMS_SCALING","param_value_internal":1,"distribution":"{\"name\": \"CategoricalDistribution\", \"attributes\": {\"choices\": [true, false]}}"}
{"op_code":6,"worker_id":"52a21040-6047-4eae-907b-568c6aa284b9-136247239738496","trial_id":96,"state":1,"values":[-0.02146107370362808],"datetime_complete":"2026-05-02T18:53:50.774407"}
{"op_code":4,"worker_id":"52a21040-6047-4eae-907b-568c6aa284b9-136247239738496","study_id":0,"datetime_start":"2026-05-02T18:53:50.835442"}
{"op_code":9,"worker_id":"52a21040-6047-4eae-907b-568c6aa284b9-136247239738496","trial_id":137,"system_attr":{"tpe:relative_params:0":"{\"RANK_REGRESS\": 21, \"REG_W\": 19.37285984670619, \"USE_RMS_SCALING\": true}"}}
{"op_code":5,"worker_id":"52a21040-6047-4eae-907b-568c6aa284b9-136247239738496","trial_id":137,"param_name":"RANK_REGRESS","param_value_internal":21.0,"distribution":"{\"name\": \"IntDistribution\", \"attributes\": {\"log\": false, \"step\": 1, \"low\": 5, \"high\": 80}}"}
{"op_code":5,"worker_id":"52a21040-6047-4eae-907b-568c6aa284b9-136247239738496","trial_id":137,"param_name":"REG_W","param_value_internal":19.37285984670619,"distribution":"{\"name\": \"FloatDistribution\", \"attributes\": {\"step\": null, \"low\": 1e-05, \"high\": 1000.0, \"log\": true}}"}
{"op_code":5,"worker_id":"52a21040-6047-4eae-907b-568c6aa284b9-136247239738496","trial_id":137,"param_name":"USE_RMS_SCALING","param_value_internal":0,"distribution":"{\"name\": \"CategoricalDistribution\", \"attributes\": {\"choices\": [true, false]}}"}
{"op_code":6,"worker_id":"b6a47a77-ae6b-4539-b2ec-f688661018a2-126463643825280","trial_id":122,"state":1,"values":[0.0],"datetime_complete":"2026-05-02T19:08:41.723486"}
{"op_code":4,"worker_id":"b6a47a77-ae6b-4539-b2ec-f688661018a2-126463643825280","study_id":0,"datetime_start":"2026-05-02T19:08:41.766978"}
{"op_code":9,"worker_id":"b6a47a77-ae6b-4539-b2ec-f688661018a2-126463643825280","trial_id":138,"system_attr":{"tpe:relative_params:0":"{\"RANK_REGRESS\": 28, \"REG_W\": 87.95536465816578, \"USE_RMS_SCALING\": true}"}}
{"op_code":5,"worker_id":"b6a47a77-ae6b-4539-b2ec-f688661018a2-126463643825280","trial_id":138,"param_name":"RANK_REGRESS","param_value_internal":28.0,"distribution":"{\"name\": \"IntDistribution\", \"attributes\": {\"log\": false, \"step\": 1, \"low\": 5, \"high\": 80}}"}
{"op_code":5,"worker_id":"b6a47a77-ae6b-4539-b2ec-f688661018a2-126463643825280","trial_id":138,"param_name":"REG_W","param_value_internal":87.95536465816578,"distribution":"{\"name\": \"FloatDistribution\", \"attributes\": {\"step\": null, \"low\": 1e-05, \"high\": 1000.0, \"log\": true}}"}
{"op_code":5,"worker_id":"b6a47a77-ae6b-4539-b2ec-f688661018a2-126463643825280","trial_id":138,"param_name":"USE_RMS_SCALING","param_value_internal":0,"distribution":"{\"name\": \"CategoricalDistribution\", \"attributes\": {\"choices\": [true, false]}}"}
{"op_code":6,"worker_id":"18caf71b-2ea1-4d18-9153-ef14e5cc216b-129677076116608","trial_id":90,"state":1,"values":[-1.0],"datetime_complete":"2026-05-02T19:11:43.991932"}
{"op_code":4,"worker_id":"18caf71b-2ea1-4d18-9153-ef14e5cc216b-129677076116608","study_id":0,"datetime_start":"2026-05-02T19:11:44.065086"}
{"op_code":9,"worker_id":"18caf71b-2ea1-4d18-9153-ef14e5cc216b-129677076116608","trial_id":139,"system_attr":{"tpe:relative_params:0":"{\"RANK_REGRESS\": 23, \"REG_W\": 650.121895639892, \"USE_RMS_SCALING\": true}"}}
{"op_code":5,"worker_id":"18caf71b-2ea1-4d18-9153-ef14e5cc216b-129677076116608","trial_id":139,"param_name":"RANK_REGRESS","param_value_internal":23.0,"distribution":"{\"name\": \"IntDistribution\", \"attributes\": {\"log\": false, \"step\": 1, \"low\": 5, \"high\": 80}}"}
{"op_code":5,"worker_id":"18caf71b-2ea1-4d18-9153-ef14e5cc216b-129677076116608","trial_id":139,"param_name":"REG_W","param_value_internal":650.121895639892,"distribution":"{\"name\": \"FloatDistribution\", \"attributes\": {\"step\": null, \"low\": 1e-05, \"high\": 1000.0, \"log\": true}}"}
{"op_code":5,"worker_id":"18caf71b-2ea1-4d18-9153-ef14e5cc216b-129677076116608","trial_id":139,"param_name":"USE_RMS_SCALING","param_value_internal":0,"distribution":"{\"name\": \"CategoricalDistribution\", \"attributes\": {\"choices\": [true, false]}}"}
{"op_code":6,"worker_id":"9288ba5e-9c63-46b5-ad55-b7e1653018c3-134714844083328","trial_id":116,"state":1,"values":[0.0],"datetime_complete":"2026-05-02T19:37:21.909444"}
{"op_code":4,"worker_id":"9288ba5e-9c63-46b5-ad55-b7e1653018c3-134714844083328","study_id":0,"datetime_start":"2026-05-02T19:37:21.953360"}
{"op_code":9,"worker_id":"9288ba5e-9c63-46b5-ad55-b7e1653018c3-134714844083328","trial_id":140,"system_attr":{"tpe:relative_params:0":"{\"RANK_REGRESS\": 60, \"REG_W\": 594.1017904602875, \"USE_RMS_SCALING\": true}"}}
{"op_code":5,"worker_id":"9288ba5e-9c63-46b5-ad55-b7e1653018c3-134714844083328","trial_id":140,"param_name":"RANK_REGRESS","param_value_internal":60.0,"distribution":"{\"name\": \"IntDistribution\", \"attributes\": {\"log\": false, \"step\": 1, \"low\": 5, \"high\": 80}}"}
{"op_code":5,"worker_id":"9288ba5e-9c63-46b5-ad55-b7e1653018c3-134714844083328","trial_id":140,"param_name":"REG_W","param_value_internal":594.1017904602875,"distribution":"{\"name\": \"FloatDistribution\", \"attributes\": {\"step\": null, \"low\": 1e-05, \"high\": 1000.0, \"log\": true}}"}
{"op_code":5,"worker_id":"9288ba5e-9c63-46b5-ad55-b7e1653018c3-134714844083328","trial_id":140,"param_name":"USE_RMS_SCALING","param_value_internal":0,"distribution":"{\"name\": \"CategoricalDistribution\", \"attributes\": {\"choices\": [true, false]}}"}
{"op_code":6,"worker_id":"a6ab512c-c536-4825-bccb-7d2609fabec7-123532939093120","trial_id":100,"state":1,"values":[-1.0],"datetime_complete":"2026-05-02T19:55:39.927308"}
{"op_code":4,"worker_id":"a6ab512c-c536-4825-bccb-7d2609fabec7-123532939093120","study_id":0,"datetime_start":"2026-05-02T19:55:39.979447"}
{"op_code":9,"worker_id":"a6ab512c-c536-4825-bccb-7d2609fabec7-123532939093120","trial_id":141,"system_attr":{"tpe:relative_params:0":"{\"RANK_REGRESS\": 38, \"REG_W\": 60.239613923609475, \"USE_RMS_SCALING\": true}"}}
{"op_code":5,"worker_id":"a6ab512c-c536-4825-bccb-7d2609fabec7-123532939093120","trial_id":141,"param_name":"RANK_REGRESS","param_value_internal":38.0,"distribution":"{\"name\": \"IntDistribution\", \"attributes\": {\"log\": false, \"step\": 1, \"low\": 5, \"high\": 80}}"}
{"op_code":5,"worker_id":"a6ab512c-c536-4825-bccb-7d2609fabec7-123532939093120","trial_id":141,"param_name":"REG_W","param_value_internal":60.239613923609475,"distribution":"{\"name\": \"FloatDistribution\", \"attributes\": {\"step\": null, \"low\": 1e-05, \"high\": 1000.0, \"log\": true}}"}
{"op_code":5,"worker_id":"a6ab512c-c536-4825-bccb-7d2609fabec7-123532939093120","trial_id":141,"param_name":"USE_RMS_SCALING","param_value_internal":0,"distribution":"{\"name\": \"CategoricalDistribution\", \"attributes\": {\"choices\": [true, false]}}"}
{"op_code":6,"worker_id":"1fb9727e-4fca-4de9-a5c6-82599c29e04e-135844655027328","trial_id":60,"state":1,"values":[0.0],"datetime_complete":"2026-05-02T20:05:41.806627"}
{"op_code":4,"worker_id":"1fb9727e-4fca-4de9-a5c6-82599c29e04e-135844655027328","study_id":0,"datetime_start":"2026-05-02T20:05:41.862734"}
{"op_code":9,"worker_id":"1fb9727e-4fca-4de9-a5c6-82599c29e04e-135844655027328","trial_id":142,"system_attr":{"tpe:relative_params:0":"{\"RANK_REGRESS\": 53, \"REG_W\": 965.2470128118313, \"USE_RMS_SCALING\": true}"}}
{"op_code":5,"worker_id":"1fb9727e-4fca-4de9-a5c6-82599c29e04e-135844655027328","trial_id":142,"param_name":"RANK_REGRESS","param_value_internal":53.0,"distribution":"{\"name\": \"IntDistribution\", \"attributes\": {\"log\": false, \"step\": 1, \"low\": 5, \"high\": 80}}"}
{"op_code":5,"worker_id":"1fb9727e-4fca-4de9-a5c6-82599c29e04e-135844655027328","trial_id":142,"param_name":"REG_W","param_value_internal":965.2470128118313,"distribution":"{\"name\": \"FloatDistribution\", \"attributes\": {\"step\": null, \"low\": 1e-05, \"high\": 1000.0, \"log\": true}}"}
{"op_code":5,"worker_id":"1fb9727e-4fca-4de9-a5c6-82599c29e04e-135844655027328","trial_id":142,"param_name":"USE_RMS_SCALING","param_value_internal":0,"distribution":"{\"name\": \"CategoricalDistribution\", \"attributes\": {\"choices\": [true, false]}}"}
{"op_code":6,"worker_id":"dcc06af6-ffeb-4c29-b589-14d803a2203e-135485405373568","trial_id":74,"state":1,"values":[-0.9178914043164604],"datetime_complete":"2026-05-02T20:11:42.325437"}
{"op_code":4,"worker_id":"dcc06af6-ffeb-4c29-b589-14d803a2203e-135485405373568","study_id":0,"datetime_start":"2026-05-02T20:11:42.386138"}
{"op_code":9,"worker_id":"dcc06af6-ffeb-4c29-b589-14d803a2203e-135485405373568","trial_id":143,"system_attr":{"tpe:relative_params:0":"{\"RANK_REGRESS\": 46, \"REG_W\": 79.18768461017294, \"USE_RMS_SCALING\": true}"}}
{"op_code":5,"worker_id":"dcc06af6-ffeb-4c29-b589-14d803a2203e-135485405373568","trial_id":143,"param_name":"RANK_REGRESS","param_value_internal":46.0,"distribution":"{\"name\": \"IntDistribution\", \"attributes\": {\"log\": false, \"step\": 1, \"low\": 5, \"high\": 80}}"}
{"op_code":5,"worker_id":"dcc06af6-ffeb-4c29-b589-14d803a2203e-135485405373568","trial_id":143,"param_name":"REG_W","param_value_internal":79.18768461017294,"distribution":"{\"name\": \"FloatDistribution\", \"attributes\": {\"step\": null, \"low\": 1e-05, \"high\": 1000.0, \"log\": true}}"}
{"op_code":5,"worker_id":"dcc06af6-ffeb-4c29-b589-14d803a2203e-135485405373568","trial_id":143,"param_name":"USE_RMS_SCALING","param_value_internal":0,"distribution":"{\"name\": \"CategoricalDistribution\", \"attributes\": {\"choices\": [true, false]}}"}
{"op_code":6,"worker_id":"3c61780f-435e-43d7-8ef4-5dc760d5a6a0-128921860641920","trial_id":64,"state":1,"values":[0.0],"datetime_complete":"2026-05-02T20:24:50.585804"}
{"op_code":4,"worker_id":"3c61780f-435e-43d7-8ef4-5dc760d5a6a0-128921860641920","study_id":0,"datetime_start":"2026-05-02T20:24:50.636951"}
{"op_code":9,"worker_id":"3c61780f-435e-43d7-8ef4-5dc760d5a6a0-128921860641920","trial_id":144,"system_attr":{"tpe:relative_params:0":"{\"RANK_REGRESS\": 46, \"REG_W\": 16.38791835361734, \"USE_RMS_SCALING\": true}"}}
{"op_code":5,"worker_id":"3c61780f-435e-43d7-8ef4-5dc760d5a6a0-128921860641920","trial_id":144,"param_name":"RANK_REGRESS","param_value_internal":46.0,"distribution":"{\"name\": \"IntDistribution\", \"attributes\": {\"log\": false, \"step\": 1, \"low\": 5, \"high\": 80}}"}
{"op_code":5,"worker_id":"3c61780f-435e-43d7-8ef4-5dc760d5a6a0-128921860641920","trial_id":144,"param_name":"REG_W","param_value_internal":16.38791835361734,"distribution":"{\"name\": \"FloatDistribution\", \"attributes\": {\"step\": null, \"low\": 1e-05, \"high\": 1000.0, \"log\": true}}"}
{"op_code":5,"worker_id":"3c61780f-435e-43d7-8ef4-5dc760d5a6a0-128921860641920","trial_id":144,"param_name":"USE_RMS_SCALING","param_value_internal":0,"distribution":"{\"name\": \"CategoricalDistribution\", \"attributes\": {\"choices\": [true, false]}}"}
{"op_code":6,"worker_id":"1c5b397b-8af1-4e6a-9dfd-cd75fc476979-124635985052800","trial_id":126,"state":1,"values":[0.0],"datetime_complete":"2026-05-02T20:25:36.916468"}
{"op_code":4,"worker_id":"1c5b397b-8af1-4e6a-9dfd-cd75fc476979-124635985052800","study_id":0,"datetime_start":"2026-05-02T20:25:36.980825"}
{"op_code":9,"worker_id":"1c5b397b-8af1-4e6a-9dfd-cd75fc476979-124635985052800","trial_id":145,"system_attr":{"tpe:relative_params:0":"{\"RANK_REGRESS\": 63, \"REG_W\": 6.911889687555488, \"USE_RMS_SCALING\": true}"}}
{"op_code":5,"worker_id":"1c5b397b-8af1-4e6a-9dfd-cd75fc476979-124635985052800","trial_id":145,"param_name":"RANK_REGRESS","param_value_internal":63.0,"distribution":"{\"name\": \"IntDistribution\", \"attributes\": {\"log\": false, \"step\": 1, \"low\": 5, \"high\": 80}}"}
{"op_code":5,"worker_id":"1c5b397b-8af1-4e6a-9dfd-cd75fc476979-124635985052800","trial_id":145,"param_name":"REG_W","param_value_internal":6.911889687555488,"distribution":"{\"name\": \"FloatDistribution\", \"attributes\": {\"step\": null, \"low\": 1e-05, \"high\": 1000.0, \"log\": true}}"}
{"op_code":5,"worker_id":"1c5b397b-8af1-4e6a-9dfd-cd75fc476979-124635985052800","trial_id":145,"param_name":"USE_RMS_SCALING","param_value_internal":0,"distribution":"{\"name\": \"CategoricalDistribution\", \"attributes\": {\"choices\": [true, false]}}"}
{"op_code":6,"worker_id":"72443bfb-d706-4d8d-9933-2a11f2b6d286-124827275187328","trial_id":83,"state":1,"values":[-1.0],"datetime_complete":"2026-05-02T20:41:30.151593"}
{"op_code":4,"worker_id":"72443bfb-d706-4d8d-9933-2a11f2b6d286-124827275187328","study_id":0,"datetime_start":"2026-05-02T20:41:30.219820"}
{"op_code":9,"worker_id":"72443bfb-d706-4d8d-9933-2a11f2b6d286-124827275187328","trial_id":146,"system_attr":{"tpe:relative_params:0":"{\"RANK_REGRESS\": 51, \"REG_W\": 105.17775566022597, \"USE_RMS_SCALING\": true}"}}
{"op_code":5,"worker_id":"72443bfb-d706-4d8d-9933-2a11f2b6d286-124827275187328","trial_id":146,"param_name":"RANK_REGRESS","param_value_internal":51.0,"distribution":"{\"name\": \"IntDistribution\", \"attributes\": {\"log\": false, \"step\": 1, \"low\": 5, \"high\": 80}}"}
{"op_code":5,"worker_id":"72443bfb-d706-4d8d-9933-2a11f2b6d286-124827275187328","trial_id":146,"param_name":"REG_W","param_value_internal":105.17775566022597,"distribution":"{\"name\": \"FloatDistribution\", \"attributes\": {\"step\": null, \"low\": 1e-05, \"high\": 1000.0, \"log\": true}}"}
{"op_code":5,"worker_id":"72443bfb-d706-4d8d-9933-2a11f2b6d286-124827275187328","trial_id":146,"param_name":"USE_RMS_SCALING","param_value_internal":0,"distribution":"{\"name\": \"CategoricalDistribution\", \"attributes\": {\"choices\": [true, false]}}"}
{"op_code":6,"worker_id":"4e51d8c5-b43f-4f0c-a668-d3151288a706-139670607983744","trial_id":82,"state":1,"values":[0.0],"datetime_complete":"2026-05-02T20:47:14.806800"}
{"op_code":4,"worker_id":"4e51d8c5-b43f-4f0c-a668-d3151288a706-139670607983744","study_id":0,"datetime_start":"2026-05-02T20:47:14.858174"}
{"op_code":9,"worker_id":"4e51d8c5-b43f-4f0c-a668-d3151288a706-139670607983744","trial_id":147,"system_attr":{"tpe:relative_params:0":"{\"RANK_REGRESS\": 39, \"REG_W\": 81.29234316414315, \"USE_RMS_SCALING\": false}"}}
{"op_code":5,"worker_id":"4e51d8c5-b43f-4f0c-a668-d3151288a706-139670607983744","trial_id":147,"param_name":"RANK_REGRESS","param_value_internal":39.0,"distribution":"{\"name\": \"IntDistribution\", \"attributes\": {\"log\": false, \"step\": 1, \"low\": 5, \"high\": 80}}"}
{"op_code":5,"worker_id":"4e51d8c5-b43f-4f0c-a668-d3151288a706-139670607983744","trial_id":147,"param_name":"REG_W","param_value_internal":81.29234316414315,"distribution":"{\"name\": \"FloatDistribution\", \"attributes\": {\"step\": null, \"low\": 1e-05, \"high\": 1000.0, \"log\": true}}"}
{"op_code":5,"worker_id":"4e51d8c5-b43f-4f0c-a668-d3151288a706-139670607983744","trial_id":147,"param_name":"USE_RMS_SCALING","param_value_internal":1,"distribution":"{\"name\": \"CategoricalDistribution\", \"attributes\": {\"choices\": [true, false]}}"}
{"op_code":6,"worker_id":"47936ccd-5927-4684-891f-6d9993b49349-132549542831232","trial_id":97,"state":1,"values":[-1.0],"datetime_complete":"2026-05-02T20:57:21.099612"}
{"op_code":4,"worker_id":"47936ccd-5927-4684-891f-6d9993b49349-132549542831232","study_id":0,"datetime_start":"2026-05-02T20:57:21.160356"}
{"op_code":9,"worker_id":"47936ccd-5927-4684-891f-6d9993b49349-132549542831232","trial_id":148,"system_attr":{"tpe:relative_params:0":"{\"RANK_REGRESS\": 46, \"REG_W\": 38.12435969288817, \"USE_RMS_SCALING\": false}"}}
{"op_code":5,"worker_id":"47936ccd-5927-4684-891f-6d9993b49349-132549542831232","trial_id":148,"param_name":"RANK_REGRESS","param_value_internal":46.0,"distribution":"{\"name\": \"IntDistribution\", \"attributes\": {\"log\": false, \"step\": 1, \"low\": 5, \"high\": 80}}"}
{"op_code":5,"worker_id":"47936ccd-5927-4684-891f-6d9993b49349-132549542831232","trial_id":148,"param_name":"REG_W","param_value_internal":38.12435969288817,"distribution":"{\"name\": \"FloatDistribution\", \"attributes\": {\"step\": null, \"low\": 1e-05, \"high\": 1000.0, \"log\": true}}"}
{"op_code":5,"worker_id":"47936ccd-5927-4684-891f-6d9993b49349-132549542831232","trial_id":148,"param_name":"USE_RMS_SCALING","param_value_internal":1,"distribution":"{\"name\": \"CategoricalDistribution\", \"attributes\": {\"choices\": [true, false]}}"}
{"op_code":6,"worker_id":"1d26dc79-2a25-4f32-93b6-2b844512f4c5-137487432017024","trial_id":127,"state":1,"values":[0.0],"datetime_complete":"2026-05-02T20:59:26.562243"}
{"op_code":4,"worker_id":"1d26dc79-2a25-4f32-93b6-2b844512f4c5-137487432017024","study_id":0,"datetime_start":"2026-05-02T20:59:26.606625"}
{"op_code":9,"worker_id":"1d26dc79-2a25-4f32-93b6-2b844512f4c5-137487432017024","trial_id":149,"system_attr":{"tpe:relative_params:0":"{\"RANK_REGRESS\": 56, \"REG_W\": 687.8141418046614, \"USE_RMS_SCALING\": false}"}}
{"op_code":5,"worker_id":"1d26dc79-2a25-4f32-93b6-2b844512f4c5-137487432017024","trial_id":149,"param_name":"RANK_REGRESS","param_value_internal":56.0,"distribution":"{\"name\": \"IntDistribution\", \"attributes\": {\"log\": false, \"step\": 1, \"low\": 5, \"high\": 80}}"}
{"op_code":5,"worker_id":"1d26dc79-2a25-4f32-93b6-2b844512f4c5-137487432017024","trial_id":149,"param_name":"REG_W","param_value_internal":687.8141418046614,"distribution":"{\"name\": \"FloatDistribution\", \"attributes\": {\"step\": null, \"low\": 1e-05, \"high\": 1000.0, \"log\": true}}"}
{"op_code":5,"worker_id":"1d26dc79-2a25-4f32-93b6-2b844512f4c5-137487432017024","trial_id":149,"param_name":"USE_RMS_SCALING","param_value_internal":1,"distribution":"{\"name\": \"CategoricalDistribution\", \"attributes\": {\"choices\": [true, false]}}"}
{"op_code":6,"worker_id":"c3b601f2-78ab-4f6c-861b-fc80a22a343f-140074247292032","trial_id":134,"state":1,"values":[0.0],"datetime_complete":"2026-05-02T20:59:39.273724"}
{"op_code":4,"worker_id":"c3b601f2-78ab-4f6c-861b-fc80a22a343f-140074247292032","study_id":0,"datetime_start":"2026-05-02T20:59:39.330410"}
{"op_code":9,"worker_id":"c3b601f2-78ab-4f6c-861b-fc80a22a343f-140074247292032","trial_id":150,"system_attr":{"tpe:relative_params:0":"{\"RANK_REGRESS\": 60, \"REG_W\": 202.07135451355617, \"USE_RMS_SCALING\": false}"}}
{"op_code":5,"worker_id":"c3b601f2-78ab-4f6c-861b-fc80a22a343f-140074247292032","trial_id":150,"param_name":"RANK_REGRESS","param_value_internal":60.0,"distribution":"{\"name\": \"IntDistribution\", \"attributes\": {\"log\": false, \"step\": 1, \"low\": 5, \"high\": 80}}"}
{"op_code":5,"worker_id":"c3b601f2-78ab-4f6c-861b-fc80a22a343f-140074247292032","trial_id":150,"param_name":"REG_W","param_value_internal":202.07135451355617,"distribution":"{\"name\": \"FloatDistribution\", \"attributes\": {\"step\": null, \"low\": 1e-05, \"high\": 1000.0, \"log\": true}}"}
{"op_code":5,"worker_id":"c3b601f2-78ab-4f6c-861b-fc80a22a343f-140074247292032","trial_id":150,"param_name":"USE_RMS_SCALING","param_value_internal":1,"distribution":"{\"name\": \"CategoricalDistribution\", \"attributes\": {\"choices\": [true, false]}}"}
{"op_code":6,"worker_id":"19cff626-483e-44b6-ab70-7524933856a1-139549253211264","trial_id":107,"state":1,"values":[0.0],"datetime_complete":"2026-05-02T21:14:58.877902"}
{"op_code":4,"worker_id":"19cff626-483e-44b6-ab70-7524933856a1-139549253211264","study_id":0,"datetime_start":"2026-05-02T21:14:58.928925"}
{"op_code":9,"worker_id":"19cff626-483e-44b6-ab70-7524933856a1-139549253211264","trial_id":151,"system_attr":{"tpe:relative_params:0":"{\"RANK_REGRESS\": 49, \"REG_W\": 185.58454616514095, \"USE_RMS_SCALING\": false}"}}
{"op_code":5,"worker_id":"19cff626-483e-44b6-ab70-7524933856a1-139549253211264","trial_id":151,"param_name":"RANK_REGRESS","param_value_internal":49.0,"distribution":"{\"name\": \"IntDistribution\", \"attributes\": {\"log\": false, \"step\": 1, \"low\": 5, \"high\": 80}}"}
{"op_code":5,"worker_id":"19cff626-483e-44b6-ab70-7524933856a1-139549253211264","trial_id":151,"param_name":"REG_W","param_value_internal":185.58454616514095,"distribution":"{\"name\": \"FloatDistribution\", \"attributes\": {\"step\": null, \"low\": 1e-05, \"high\": 1000.0, \"log\": true}}"}
{"op_code":5,"worker_id":"19cff626-483e-44b6-ab70-7524933856a1-139549253211264","trial_id":151,"param_name":"USE_RMS_SCALING","param_value_internal":1,"distribution":"{\"name\": \"CategoricalDistribution\", \"attributes\": {\"choices\": [true, false]}}"}
{"op_code":6,"worker_id":"23bcec5b-2d5a-42d8-9fa6-26a3c2ef14fa-131977542296704","trial_id":128,"state":1,"values":[0.0],"datetime_complete":"2026-05-02T21:22:17.612151"}
{"op_code":4,"worker_id":"23bcec5b-2d5a-42d8-9fa6-26a3c2ef14fa-131977542296704","study_id":0,"datetime_start":"2026-05-02T21:22:17.650523"}
{"op_code":9,"worker_id":"23bcec5b-2d5a-42d8-9fa6-26a3c2ef14fa-131977542296704","trial_id":152,"system_attr":{"tpe:relative_params:0":"{\"RANK_REGRESS\": 60, \"REG_W\": 23.865301284386632, \"USE_RMS_SCALING\": true}"}}
{"op_code":5,"worker_id":"23bcec5b-2d5a-42d8-9fa6-26a3c2ef14fa-131977542296704","trial_id":152,"param_name":"RANK_REGRESS","param_value_internal":60.0,"distribution":"{\"name\": \"IntDistribution\", \"attributes\": {\"log\": false, \"step\": 1, \"low\": 5, \"high\": 80}}"}
{"op_code":5,"worker_id":"23bcec5b-2d5a-42d8-9fa6-26a3c2ef14fa-131977542296704","trial_id":152,"param_name":"REG_W","param_value_internal":23.865301284386632,"distribution":"{\"name\": \"FloatDistribution\", \"attributes\": {\"step\": null, \"low\": 1e-05, \"high\": 1000.0, \"log\": true}}"}
{"op_code":5,"worker_id":"23bcec5b-2d5a-42d8-9fa6-26a3c2ef14fa-131977542296704","trial_id":152,"param_name":"USE_RMS_SCALING","param_value_internal":0,"distribution":"{\"name\": \"CategoricalDistribution\", \"attributes\": {\"choices\": [true, false]}}"}
{"op_code":6,"worker_id":"14e8b5bb-63c0-443b-9fe2-f2729000ddb6-135591413355648","trial_id":54,"state":1,"values":[-0.7203809383378271],"datetime_complete":"2026-05-02T21:27:11.021166"}
{"op_code":4,"worker_id":"14e8b5bb-63c0-443b-9fe2-f2729000ddb6-135591413355648","study_id":0,"datetime_start":"2026-05-02T21:27:11.068181"}
{"op_code":9,"worker_id":"14e8b5bb-63c0-443b-9fe2-f2729000ddb6-135591413355648","trial_id":153,"system_attr":{"tpe:relative_params:0":"{\"RANK_REGRESS\": 46, \"REG_W\": 344.74036937090136, \"USE_RMS_SCALING\": true}"}}
{"op_code":5,"worker_id":"14e8b5bb-63c0-443b-9fe2-f2729000ddb6-135591413355648","trial_id":153,"param_name":"RANK_REGRESS","param_value_internal":46.0,"distribution":"{\"name\": \"IntDistribution\", \"attributes\": {\"log\": false, \"step\": 1, \"low\": 5, \"high\": 80}}"}
{"op_code":5,"worker_id":"14e8b5bb-63c0-443b-9fe2-f2729000ddb6-135591413355648","trial_id":153,"param_name":"REG_W","param_value_internal":344.74036937090136,"distribution":"{\"name\": \"FloatDistribution\", \"attributes\": {\"step\": null, \"low\": 1e-05, \"high\": 1000.0, \"log\": true}}"}
{"op_code":5,"worker_id":"14e8b5bb-63c0-443b-9fe2-f2729000ddb6-135591413355648","trial_id":153,"param_name":"USE_RMS_SCALING","param_value_internal":0,"distribution":"{\"name\": \"CategoricalDistribution\", \"attributes\": {\"choices\": [true, false]}}"}
{"op_code":6,"worker_id":"7eb67c7b-f668-4e74-989d-cbc23e535a5e-128390610117760","trial_id":111,"state":1,"values":[0.0],"datetime_complete":"2026-05-02T21:37:44.385653"}
{"op_code":4,"worker_id":"7eb67c7b-f668-4e74-989d-cbc23e535a5e-128390610117760","study_id":0,"datetime_start":"2026-05-02T21:37:44.446522"}
{"op_code":9,"worker_id":"7eb67c7b-f668-4e74-989d-cbc23e535a5e-128390610117760","trial_id":154,"system_attr":{"tpe:relative_params:0":"{\"RANK_REGRESS\": 41, \"REG_W\": 987.1858420429666, \"USE_RMS_SCALING\": true}"}}
{"op_code":5,"worker_id":"7eb67c7b-f668-4e74-989d-cbc23e535a5e-128390610117760","trial_id":154,"param_name":"RANK_REGRESS","param_value_internal":41.0,"distribution":"{\"name\": \"IntDistribution\", \"attributes\": {\"log\": false, \"step\": 1, \"low\": 5, \"high\": 80}}"}
{"op_code":5,"worker_id":"7eb67c7b-f668-4e74-989d-cbc23e535a5e-128390610117760","trial_id":154,"param_name":"REG_W","param_value_internal":987.1858420429666,"distribution":"{\"name\": \"FloatDistribution\", \"attributes\": {\"step\": null, \"low\": 1e-05, \"high\": 1000.0, \"log\": true}}"}
{"op_code":5,"worker_id":"7eb67c7b-f668-4e74-989d-cbc23e535a5e-128390610117760","trial_id":154,"param_name":"USE_RMS_SCALING","param_value_internal":0,"distribution":"{\"name\": \"CategoricalDistribution\", \"attributes\": {\"choices\": [true, false]}}"}
{"op_code":6,"worker_id":"52a21040-6047-4eae-907b-568c6aa284b9-136247239738496","trial_id":137,"state":1,"values":[-0.0008836741123698181],"datetime_complete":"2026-05-02T21:50:31.923253"}
{"op_code":4,"worker_id":"52a21040-6047-4eae-907b-568c6aa284b9-136247239738496","study_id":0,"datetime_start":"2026-05-02T21:50:31.967096"}
{"op_code":9,"worker_id":"52a21040-6047-4eae-907b-568c6aa284b9-136247239738496","trial_id":155,"system_attr":{"tpe:relative_params:0":"{\"RANK_REGRESS\": 76, \"REG_W\": 260.4434178545568, \"USE_RMS_SCALING\": false}"}}
{"op_code":5,"worker_id":"52a21040-6047-4eae-907b-568c6aa284b9-136247239738496","trial_id":155,"param_name":"RANK_REGRESS","param_value_internal":76.0,"distribution":"{\"name\": \"IntDistribution\", \"attributes\": {\"log\": false, \"step\": 1, \"low\": 5, \"high\": 80}}"}
{"op_code":5,"worker_id":"52a21040-6047-4eae-907b-568c6aa284b9-136247239738496","trial_id":155,"param_name":"REG_W","param_value_internal":260.4434178545568,"distribution":"{\"name\": \"FloatDistribution\", \"attributes\": {\"step\": null, \"low\": 1e-05, \"high\": 1000.0, \"log\": true}}"}
{"op_code":5,"worker_id":"52a21040-6047-4eae-907b-568c6aa284b9-136247239738496","trial_id":155,"param_name":"USE_RMS_SCALING","param_value_internal":1,"distribution":"{\"name\": \"CategoricalDistribution\", \"attributes\": {\"choices\": [true, false]}}"}
{"op_code":6,"worker_id":"135af5fa-f71b-414c-a336-0ae04a15426c-128852333425792","trial_id":120,"state":1,"values":[0.0],"datetime_complete":"2026-05-02T21:54:17.659859"}
{"op_code":4,"worker_id":"135af5fa-f71b-414c-a336-0ae04a15426c-128852333425792","study_id":0,"datetime_start":"2026-05-02T21:54:17.699955"}
{"op_code":9,"worker_id":"135af5fa-f71b-414c-a336-0ae04a15426c-128852333425792","trial_id":156,"system_attr":{"tpe:relative_params:0":"{\"RANK_REGRESS\": 56, \"REG_W\": 1.4879594282117816, \"USE_RMS_SCALING\": true}"}}
{"op_code":5,"worker_id":"135af5fa-f71b-414c-a336-0ae04a15426c-128852333425792","trial_id":156,"param_name":"RANK_REGRESS","param_value_internal":56.0,"distribution":"{\"name\": \"IntDistribution\", \"attributes\": {\"log\": false, \"step\": 1, \"low\": 5, \"high\": 80}}"}
{"op_code":5,"worker_id":"135af5fa-f71b-414c-a336-0ae04a15426c-128852333425792","trial_id":156,"param_name":"REG_W","param_value_internal":1.4879594282117816,"distribution":"{\"name\": \"FloatDistribution\", \"attributes\": {\"step\": null, \"low\": 1e-05, \"high\": 1000.0, \"log\": true}}"}
{"op_code":5,"worker_id":"135af5fa-f71b-414c-a336-0ae04a15426c-128852333425792","trial_id":156,"param_name":"USE_RMS_SCALING","param_value_internal":0,"distribution":"{\"name\": \"CategoricalDistribution\", \"attributes\": {\"choices\": [true, false]}}"}
{"op_code":6,"worker_id":"f15711dd-e81f-4448-b5d8-443b6044d40c-138894413161600","trial_id":78,"state":1,"values":[-0.9589466896389359],"datetime_complete":"2026-05-02T21:55:50.878609"}
{"op_code":4,"worker_id":"f15711dd-e81f-4448-b5d8-443b6044d40c-138894413161600","study_id":0,"datetime_start":"2026-05-02T21:55:50.939670"}
{"op_code":9,"worker_id":"f15711dd-e81f-4448-b5d8-443b6044d40c-138894413161600","trial_id":157,"system_attr":{"tpe:relative_params:0":"{\"RANK_REGRESS\": 54, \"REG_W\": 32.41966206249228, \"USE_RMS_SCALING\": true}"}}
{"op_code":5,"worker_id":"f15711dd-e81f-4448-b5d8-443b6044d40c-138894413161600","trial_id":157,"param_name":"RANK_REGRESS","param_value_internal":54.0,"distribution":"{\"name\": \"IntDistribution\", \"attributes\": {\"log\": false, \"step\": 1, \"low\": 5, \"high\": 80}}"}
{"op_code":5,"worker_id":"f15711dd-e81f-4448-b5d8-443b6044d40c-138894413161600","trial_id":157,"param_name":"REG_W","param_value_internal":32.41966206249228,"distribution":"{\"name\": \"FloatDistribution\", \"attributes\": {\"step\": null, \"low\": 1e-05, \"high\": 1000.0, \"log\": true}}"}
{"op_code":5,"worker_id":"f15711dd-e81f-4448-b5d8-443b6044d40c-138894413161600","trial_id":157,"param_name":"USE_RMS_SCALING","param_value_internal":0,"distribution":"{\"name\": \"CategoricalDistribution\", \"attributes\": {\"choices\": [true, false]}}"}
{"op_code":6,"worker_id":"76ad5dd4-3a0e-4979-94a7-c4acea7be0d4-125408042288256","trial_id":132,"state":1,"values":[-0.039329619758691425],"datetime_complete":"2026-05-02T21:59:24.383351"}
{"op_code":4,"worker_id":"76ad5dd4-3a0e-4979-94a7-c4acea7be0d4-125408042288256","study_id":0,"datetime_start":"2026-05-02T21:59:24.459061"}
{"op_code":9,"worker_id":"76ad5dd4-3a0e-4979-94a7-c4acea7be0d4-125408042288256","trial_id":158,"system_attr":{"tpe:relative_params:0":"{\"RANK_REGRESS\": 48, \"REG_W\": 821.5199135973072, \"USE_RMS_SCALING\": false}"}}
{"op_code":5,"worker_id":"76ad5dd4-3a0e-4979-94a7-c4acea7be0d4-125408042288256","trial_id":158,"param_name":"RANK_REGRESS","param_value_internal":48.0,"distribution":"{\"name\": \"IntDistribution\", \"attributes\": {\"log\": false, \"step\": 1, \"low\": 5, \"high\": 80}}"}
{"op_code":5,"worker_id":"76ad5dd4-3a0e-4979-94a7-c4acea7be0d4-125408042288256","trial_id":158,"param_name":"REG_W","param_value_internal":821.5199135973072,"distribution":"{\"name\": \"FloatDistribution\", \"attributes\": {\"step\": null, \"low\": 1e-05, \"high\": 1000.0, \"log\": true}}"}
{"op_code":5,"worker_id":"76ad5dd4-3a0e-4979-94a7-c4acea7be0d4-125408042288256","trial_id":158,"param_name":"USE_RMS_SCALING","param_value_internal":1,"distribution":"{\"name\": \"CategoricalDistribution\", \"attributes\": {\"choices\": [true, false]}}"}
{"op_code":6,"worker_id":"c8fd575f-0001-4f38-917d-9306cd300252-123487115510912","trial_id":129,"state":1,"values":[0.0027498043447609457],"datetime_complete":"2026-05-02T22:31:17.685912"}
{"op_code":4,"worker_id":"c8fd575f-0001-4f38-917d-9306cd300252-123487115510912","study_id":0,"datetime_start":"2026-05-02T22:31:17.735330"}
{"op_code":9,"worker_id":"c8fd575f-0001-4f38-917d-9306cd300252-123487115510912","trial_id":159,"system_attr":{"tpe:relative_params:0":"{\"RANK_REGRESS\": 43, \"REG_W\": 101.64535361504805, \"USE_RMS_SCALING\": true}"}}
{"op_code":5,"worker_id":"c8fd575f-0001-4f38-917d-9306cd300252-123487115510912","trial_id":159,"param_name":"RANK_REGRESS","param_value_internal":43.0,"distribution":"{\"name\": \"IntDistribution\", \"attributes\": {\"log\": false, \"step\": 1, \"low\": 5, \"high\": 80}}"}
{"op_code":5,"worker_id":"c8fd575f-0001-4f38-917d-9306cd300252-123487115510912","trial_id":159,"param_name":"REG_W","param_value_internal":101.64535361504805,"distribution":"{\"name\": \"FloatDistribution\", \"attributes\": {\"step\": null, \"low\": 1e-05, \"high\": 1000.0, \"log\": true}}"}
{"op_code":5,"worker_id":"c8fd575f-0001-4f38-917d-9306cd300252-123487115510912","trial_id":159,"param_name":"USE_RMS_SCALING","param_value_internal":0,"distribution":"{\"name\": \"CategoricalDistribution\", \"attributes\": {\"choices\": [true, false]}}"}
{"op_code":6,"worker_id":"18caf71b-2ea1-4d18-9153-ef14e5cc216b-129677076116608","trial_id":139,"state":1,"values":[0.0],"datetime_complete":"2026-05-02T22:32:50.198196"}
{"op_code":4,"worker_id":"18caf71b-2ea1-4d18-9153-ef14e5cc216b-129677076116608","study_id":0,"datetime_start":"2026-05-02T22:32:50.245405"}
{"op_code":9,"worker_id":"18caf71b-2ea1-4d18-9153-ef14e5cc216b-129677076116608","trial_id":160,"system_attr":{"tpe:relative_params:0":"{\"RANK_REGRESS\": 37, \"REG_W\": 12.129170095097715, \"USE_RMS_SCALING\": true}"}}
{"op_code":5,"worker_id":"18caf71b-2ea1-4d18-9153-ef14e5cc216b-129677076116608","trial_id":160,"param_name":"RANK_REGRESS","param_value_internal":37.0,"distribution":"{\"name\": \"IntDistribution\", \"attributes\": {\"log\": false, \"step\": 1, \"low\": 5, \"high\": 80}}"}
{"op_code":5,"worker_id":"18caf71b-2ea1-4d18-9153-ef14e5cc216b-129677076116608","trial_id":160,"param_name":"REG_W","param_value_internal":12.129170095097715,"distribution":"{\"name\": \"FloatDistribution\", \"attributes\": {\"step\": null, \"low\": 1e-05, \"high\": 1000.0, \"log\": true}}"}
{"op_code":5,"worker_id":"18caf71b-2ea1-4d18-9153-ef14e5cc216b-129677076116608","trial_id":160,"param_name":"USE_RMS_SCALING","param_value_internal":0,"distribution":"{\"name\": \"CategoricalDistribution\", \"attributes\": {\"choices\": [true, false]}}"}
{"op_code":6,"worker_id":"d65ed675-2f73-40f6-84d5-ecd7fdc246ec-129809193858176","trial_id":130,"state":1,"values":[0.0],"datetime_complete":"2026-05-02T22:32:58.751351"}
{"op_code":4,"worker_id":"d65ed675-2f73-40f6-84d5-ecd7fdc246ec-129809193858176","study_id":0,"datetime_start":"2026-05-02T22:32:58.795683"}
{"op_code":9,"worker_id":"d65ed675-2f73-40f6-84d5-ecd7fdc246ec-129809193858176","trial_id":161,"system_attr":{"tpe:relative_params:0":"{\"RANK_REGRESS\": 38, \"REG_W\": 32.12020590465739, \"USE_RMS_SCALING\": true}"}}
{"op_code":5,"worker_id":"d65ed675-2f73-40f6-84d5-ecd7fdc246ec-129809193858176","trial_id":161,"param_name":"RANK_REGRESS","param_value_internal":38.0,"distribution":"{\"name\": \"IntDistribution\", \"attributes\": {\"log\": false, \"step\": 1, \"low\": 5, \"high\": 80}}"}
{"op_code":5,"worker_id":"d65ed675-2f73-40f6-84d5-ecd7fdc246ec-129809193858176","trial_id":161,"param_name":"REG_W","param_value_internal":32.12020590465739,"distribution":"{\"name\": \"FloatDistribution\", \"attributes\": {\"step\": null, \"low\": 1e-05, \"high\": 1000.0, \"log\": true}}"}
{"op_code":5,"worker_id":"d65ed675-2f73-40f6-84d5-ecd7fdc246ec-129809193858176","trial_id":161,"param_name":"USE_RMS_SCALING","param_value_internal":0,"distribution":"{\"name\": \"CategoricalDistribution\", \"attributes\": {\"choices\": [true, false]}}"}
{"op_code":6,"worker_id":"98b72fc7-0046-45f1-8f03-74a2c8e6f4d1-138435635287168","trial_id":135,"state":1,"values":[0.0],"datetime_complete":"2026-05-02T22:35:47.664733"}
{"op_code":4,"worker_id":"98b72fc7-0046-45f1-8f03-74a2c8e6f4d1-138435635287168","study_id":0,"datetime_start":"2026-05-02T22:35:47.706396"}
{"op_code":9,"worker_id":"98b72fc7-0046-45f1-8f03-74a2c8e6f4d1-138435635287168","trial_id":162,"system_attr":{"tpe:relative_params:0":"{\"RANK_REGRESS\": 63, \"REG_W\": 58.4531979498955, \"USE_RMS_SCALING\": false}"}}
{"op_code":5,"worker_id":"98b72fc7-0046-45f1-8f03-74a2c8e6f4d1-138435635287168","trial_id":162,"param_name":"RANK_REGRESS","param_value_internal":63.0,"distribution":"{\"name\": \"IntDistribution\", \"attributes\": {\"log\": false, \"step\": 1, \"low\": 5, \"high\": 80}}"}
{"op_code":5,"worker_id":"98b72fc7-0046-45f1-8f03-74a2c8e6f4d1-138435635287168","trial_id":162,"param_name":"REG_W","param_value_internal":58.4531979498955,"distribution":"{\"name\": \"FloatDistribution\", \"attributes\": {\"step\": null, \"low\": 1e-05, \"high\": 1000.0, \"log\": true}}"}
{"op_code":5,"worker_id":"98b72fc7-0046-45f1-8f03-74a2c8e6f4d1-138435635287168","trial_id":162,"param_name":"USE_RMS_SCALING","param_value_internal":1,"distribution":"{\"name\": \"CategoricalDistribution\", \"attributes\": {\"choices\": [true, false]}}"}
{"op_code":6,"worker_id":"a1011124-c893-4f39-9f77-3048d76ab65d-128295545742464","trial_id":133,"state":1,"values":[0.0],"datetime_complete":"2026-05-02T22:49:31.045404"}
{"op_code":4,"worker_id":"a1011124-c893-4f39-9f77-3048d76ab65d-128295545742464","study_id":0,"datetime_start":"2026-05-02T22:49:31.094119"}
{"op_code":9,"worker_id":"a1011124-c893-4f39-9f77-3048d76ab65d-128295545742464","trial_id":163,"system_attr":{"tpe:relative_params:0":"{\"RANK_REGRESS\": 35, \"REG_W\": 31.15752867938479, \"USE_RMS_SCALING\": true}"}}
{"op_code":5,"worker_id":"a1011124-c893-4f39-9f77-3048d76ab65d-128295545742464","trial_id":163,"param_name":"RANK_REGRESS","param_value_internal":35.0,"distribution":"{\"name\": \"IntDistribution\", \"attributes\": {\"log\": false, \"step\": 1, \"low\": 5, \"high\": 80}}"}
{"op_code":5,"worker_id":"a1011124-c893-4f39-9f77-3048d76ab65d-128295545742464","trial_id":163,"param_name":"REG_W","param_value_internal":31.15752867938479,"distribution":"{\"name\": \"FloatDistribution\", \"attributes\": {\"step\": null, \"low\": 1e-05, \"high\": 1000.0, \"log\": true}}"}
{"op_code":5,"worker_id":"a1011124-c893-4f39-9f77-3048d76ab65d-128295545742464","trial_id":163,"param_name":"USE_RMS_SCALING","param_value_internal":0,"distribution":"{\"name\": \"CategoricalDistribution\", \"attributes\": {\"choices\": [true, false]}}"}
{"op_code":6,"worker_id":"cfa24a30-5cdf-4315-b574-d736ba95e6eb-140092588250240","trial_id":124,"state":1,"values":[0.0],"datetime_complete":"2026-05-02T22:50:57.840719"}
{"op_code":4,"worker_id":"cfa24a30-5cdf-4315-b574-d736ba95e6eb-140092588250240","study_id":0,"datetime_start":"2026-05-02T22:50:57.884492"}
{"op_code":9,"worker_id":"cfa24a30-5cdf-4315-b574-d736ba95e6eb-140092588250240","trial_id":164,"system_attr":{"tpe:relative_params:0":"{\"RANK_REGRESS\": 21, \"REG_W\": 10.121546594586484, \"USE_RMS_SCALING\": true}"}}
{"op_code":5,"worker_id":"cfa24a30-5cdf-4315-b574-d736ba95e6eb-140092588250240","trial_id":164,"param_name":"RANK_REGRESS","param_value_internal":21.0,"distribution":"{\"name\": \"IntDistribution\", \"attributes\": {\"log\": false, \"step\": 1, \"low\": 5, \"high\": 80}}"}
{"op_code":5,"worker_id":"cfa24a30-5cdf-4315-b574-d736ba95e6eb-140092588250240","trial_id":164,"param_name":"REG_W","param_value_internal":10.121546594586484,"distribution":"{\"name\": \"FloatDistribution\", \"attributes\": {\"step\": null, \"low\": 1e-05, \"high\": 1000.0, \"log\": true}}"}
{"op_code":5,"worker_id":"cfa24a30-5cdf-4315-b574-d736ba95e6eb-140092588250240","trial_id":164,"param_name":"USE_RMS_SCALING","param_value_internal":0,"distribution":"{\"name\": \"CategoricalDistribution\", \"attributes\": {\"choices\": [true, false]}}"}
{"op_code":6,"worker_id":"b6a47a77-ae6b-4539-b2ec-f688661018a2-126463643825280","trial_id":138,"state":1,"values":[0.0],"datetime_complete":"2026-05-02T23:15:39.083854"}
{"op_code":4,"worker_id":"b6a47a77-ae6b-4539-b2ec-f688661018a2-126463643825280","study_id":0,"datetime_start":"2026-05-02T23:15:39.136310"}
{"op_code":9,"worker_id":"b6a47a77-ae6b-4539-b2ec-f688661018a2-126463643825280","trial_id":165,"system_attr":{"tpe:relative_params:0":"{\"RANK_REGRESS\": 36, \"REG_W\": 29.57771845442226, \"USE_RMS_SCALING\": true}"}}
{"op_code":5,"worker_id":"b6a47a77-ae6b-4539-b2ec-f688661018a2-126463643825280","trial_id":165,"param_name":"RANK_REGRESS","param_value_internal":36.0,"distribution":"{\"name\": \"IntDistribution\", \"attributes\": {\"log\": false, \"step\": 1, \"low\": 5, \"high\": 80}}"}
{"op_code":5,"worker_id":"b6a47a77-ae6b-4539-b2ec-f688661018a2-126463643825280","trial_id":165,"param_name":"REG_W","param_value_internal":29.57771845442226,"distribution":"{\"name\": \"FloatDistribution\", \"attributes\": {\"step\": null, \"low\": 1e-05, \"high\": 1000.0, \"log\": true}}"}
{"op_code":5,"worker_id":"b6a47a77-ae6b-4539-b2ec-f688661018a2-126463643825280","trial_id":165,"param_name":"USE_RMS_SCALING","param_value_internal":0,"distribution":"{\"name\": \"CategoricalDistribution\", \"attributes\": {\"choices\": [true, false]}}"}
{"op_code":6,"worker_id":"55bc4747-c130-48bc-b820-77c4580b094d-132785420067968","trial_id":59,"state":1,"values":[-1.0],"datetime_complete":"2026-05-03T00:06:43.272158"}
{"op_code":6,"worker_id":"cfa24a30-5cdf-4315-b574-d736ba95e6eb-140092588250240","trial_id":164,"state":1,"values":[-0.01429235399611443],"datetime_complete":"2026-05-03T01:18:11.989045"}
{"op_code":6,"worker_id":"54d39d97-87f9-449a-a4fa-95569d23c5bd-123978401191040","trial_id":75,"state":1,"values":[-1.0],"datetime_complete":"2026-05-03T01:38:09.730342"}
{"op_code":6,"worker_id":"736a9114-d3ab-4e43-ba48-a27c41987db5-134041357927552","trial_id":68,"state":1,"values":[-0.9023175864488312],"datetime_complete":"2026-05-03T01:44:36.214567"}
{"op_code":6,"worker_id":"85815eee-3851-402c-bd13-9478c3a4927c-124799198311552","trial_id":105,"state":1,"values":[0.0],"datetime_complete":"2026-05-03T01:45:39.461254"}
{"op_code":6,"worker_id":"a6ab512c-c536-4825-bccb-7d2609fabec7-123532939093120","trial_id":141,"state":1,"values":[0.0],"datetime_complete":"2026-05-03T01:54:18.773383"}
{"op_code":6,"worker_id":"0b6ca395-2a0f-4694-b50a-d20992ca6222-126653408150656","trial_id":86,"state":1,"values":[0.0],"datetime_complete":"2026-05-03T01:55:43.706509"}
{"op_code":6,"worker_id":"39de2a02-14d4-47cc-b42c-52c79eb86f67-132068653438080","trial_id":117,"state":1,"values":[-0.5034974296622853],"datetime_complete":"2026-05-03T02:43:52.330759"}
{"op_code":6,"worker_id":"4e51d8c5-b43f-4f0c-a668-d3151288a706-139670607983744","trial_id":147,"state":1,"values":[-0.00034234816174461],"datetime_complete":"2026-05-03T02:58:27.067937"}
{"op_code":6,"worker_id":"7ec12d7c-b945-45dd-8d39-5b28b911e494-132094707983488","trial_id":119,"state":1,"values":[0.0],"datetime_complete":"2026-05-03T03:04:29.772726"}
{"op_code":6,"worker_id":"2288eed0-b6be-42ba-a917-304ede3b7a7a-130396156359808","trial_id":118,"state":1,"values":[0.0],"datetime_complete":"2026-05-03T03:50:51.253084"}
{"op_code":6,"worker_id":"dcc06af6-ffeb-4c29-b589-14d803a2203e-135485405373568","trial_id":143,"state":1,"values":[0.0],"datetime_complete":"2026-05-03T03:50:58.810010"}
{"op_code":6,"worker_id":"3c61780f-435e-43d7-8ef4-5dc760d5a6a0-128921860641920","trial_id":144,"state":1,"values":[-0.0010804495050597736],"datetime_complete":"2026-05-03T03:54:25.124251"}
{"op_code":6,"worker_id":"47936ccd-5927-4684-891f-6d9993b49349-132549542831232","trial_id":148,"state":1,"values":[-0.02164433819776331],"datetime_complete":"2026-05-03T04:01:31.816575"}
{"op_code":6,"worker_id":"7eb67c7b-f668-4e74-989d-cbc23e535a5e-128390610117760","trial_id":154,"state":1,"values":[0.0],"datetime_complete":"2026-05-03T04:09:43.152092"}
{"op_code":6,"worker_id":"a1011124-c893-4f39-9f77-3048d76ab65d-128295545742464","trial_id":163,"state":1,"values":[0.0],"datetime_complete":"2026-05-03T04:13:30.388313"}
{"op_code":6,"worker_id":"b6a47a77-ae6b-4539-b2ec-f688661018a2-126463643825280","trial_id":165,"state":1,"values":[0.0],"datetime_complete":"2026-05-03T04:20:43.974542"}
{"op_code":6,"worker_id":"14e8b5bb-63c0-443b-9fe2-f2729000ddb6-135591413355648","trial_id":153,"state":1,"values":[0.0],"datetime_complete":"2026-05-03T04:22:37.665902"}
{"op_code":6,"worker_id":"18caf71b-2ea1-4d18-9153-ef14e5cc216b-129677076116608","trial_id":160,"state":1,"values":[-0.01507898923122993],"datetime_complete":"2026-05-03T04:33:16.273239"}
{"op_code":6,"worker_id":"9288ba5e-9c63-46b5-ad55-b7e1653018c3-134714844083328","trial_id":140,"state":1,"values":[0.0],"datetime_complete":"2026-05-03T04:46:33.985555"}
{"op_code":6,"worker_id":"1c5b397b-8af1-4e6a-9dfd-cd75fc476979-124635985052800","trial_id":145,"state":1,"values":[-0.09847204705534103],"datetime_complete":"2026-05-03T04:51:20.580462"}
{"op_code":6,"worker_id":"8d699acd-dc12-4409-884c-060c7903e5b8-128458334266496","trial_id":114,"state":1,"values":[0.0],"datetime_complete":"2026-05-03T04:51:54.469963"}
{"op_code":6,"worker_id":"02cf8bfe-a82f-4cda-a318-b4d1b6e307e4-126270808622208","trial_id":102,"state":1,"values":[0.0],"datetime_complete":"2026-05-03T04:54:49.569282"}
{"op_code":6,"worker_id":"d65ed675-2f73-40f6-84d5-ecd7fdc246ec-129809193858176","trial_id":161,"state":1,"values":[0.0],"datetime_complete":"2026-05-03T05:12:28.863850"}
{"op_code":6,"worker_id":"72443bfb-d706-4d8d-9933-2a11f2b6d286-124827275187328","trial_id":146,"state":1,"values":[0.0],"datetime_complete":"2026-05-03T05:25:43.132363"}
{"op_code":6,"worker_id":"0463559c-5b2b-4c9d-b68c-d784f095e6e3-136809101444224","trial_id":58,"state":1,"values":[0.0],"datetime_complete":"2026-05-03T05:36:04.444900"}
{"op_code":6,"worker_id":"c8fd575f-0001-4f38-917d-9306cd300252-123487115510912","trial_id":159,"state":1,"values":[0.0],"datetime_complete":"2026-05-03T05:46:07.350957"}
{"op_code":6,"worker_id":"1fb9727e-4fca-4de9-a5c6-82599c29e04e-135844655027328","trial_id":142,"state":1,"values":[0.0],"datetime_complete":"2026-05-03T06:01:26.627286"}
{"op_code":6,"worker_id":"1d26dc79-2a25-4f32-93b6-2b844512f4c5-137487432017024","trial_id":149,"state":1,"values":[0.0],"datetime_complete":"2026-05-03T06:29:06.312673"}
{"op_code":6,"worker_id":"c3b601f2-78ab-4f6c-861b-fc80a22a343f-140074247292032","trial_id":150,"state":1,"values":[0.0],"datetime_complete":"2026-05-03T06:43:37.150864"}
{"op_code":6,"worker_id":"23bcec5b-2d5a-42d8-9fa6-26a3c2ef14fa-131977542296704","trial_id":152,"state":1,"values":[0.0],"datetime_complete":"2026-05-03T07:13:33.900114"}
{"op_code":6,"worker_id":"e95d3356-36cd-489e-939f-ec8185196232-137392327521408","trial_id":121,"state":1,"values":[-1.0],"datetime_complete":"2026-05-03T07:44:04.441956"}
{"op_code":6,"worker_id":"135af5fa-f71b-414c-a336-0ae04a15426c-128852333425792","trial_id":156,"state":1,"values":[-0.42705073055744736],"datetime_complete":"2026-05-03T07:47:55.219489"}
{"op_code":6,"worker_id":"5d038537-6c5a-4128-9fcf-3a0b5c95b368-134813775701120","trial_id":136,"state":1,"values":[-0.0685094266119265],"datetime_complete":"2026-05-03T07:55:58.812196"}
{"op_code":6,"worker_id":"284298b5-12c9-4ddb-8870-0236459f57c5-130499196728448","trial_id":131,"state":1,"values":[0.0],"datetime_complete":"2026-05-03T08:33:24.228048"}
{"op_code":6,"worker_id":"f15711dd-e81f-4448-b5d8-443b6044d40c-138894413161600","trial_id":157,"state":1,"values":[0.0],"datetime_complete":"2026-05-03T08:43:26.418489"}
{"op_code":6,"worker_id":"52a21040-6047-4eae-907b-568c6aa284b9-136247239738496","trial_id":155,"state":1,"values":[0.0],"datetime_complete":"2026-05-03T08:47:26.255132"}
{"op_code":6,"worker_id":"19cff626-483e-44b6-ab70-7524933856a1-139549253211264","trial_id":151,"state":1,"values":[0.0],"datetime_complete":"2026-05-03T09:18:56.232919"}
{"op_code":6,"worker_id":"98b72fc7-0046-45f1-8f03-74a2c8e6f4d1-138435635287168","trial_id":162,"state":1,"values":[-0.010230893146313388],"datetime_complete":"2026-05-03T09:53:34.242341"}
{"op_code":6,"worker_id":"579f7132-c768-4fae-9f24-fd5475090032-137929741575296","trial_id":57,"state":1,"values":[-1.0],"datetime_complete":"2026-05-03T11:11:56.326109"}
{"op_code":6,"worker_id":"76ad5dd4-3a0e-4979-94a7-c4acea7be0d4-125408042288256","trial_id":158,"state":1,"values":[0.0],"datetime_complete":"2026-05-03T15:25:17.217570"}
{"op_code":6,"worker_id":"208b2348-1790-4f2f-9952-2a747ae60531-125848688923776","trial_id":104,"state":1,"values":[0.0],"datetime_complete":"2026-05-05T01:16:25.345263"}
{"op_code":0,"worker_id":"0acffa4f-4de1-410c-89c6-4c591875aed4-140444089611392","study_name":"cp_pred_surprise_L2_residual_delta","directions":[2]}
{"op_code":0,"worker_id":"bd5583ef-6856-4fcf-9750-4ce44843d0f6-125292668929152","study_name":"cp_pred_surprise_L2_residual_delta","directions":[2]}
{"op_code":4,"worker_id":"0acffa4f-4de1-410c-89c6-4c591875aed4-140444089611392","study_id":0,"datetime_start":"2026-05-05T15:11:59.596553"}
{"op_code":4,"worker_id":"bd5583ef-6856-4fcf-9750-4ce44843d0f6-125292668929152","study_id":0,"datetime_start":"2026-05-05T15:11:59.601580"}
{"op_code":9,"worker_id":"0acffa4f-4de1-410c-89c6-4c591875aed4-140444089611392","trial_id":166,"system_attr":{"tpe:relative_params:0":"{\"RANK_REGRESS\": 68, \"REG_W\": 27.73362602815471, \"USE_RMS_SCALING\": true}"}}
{"op_code":9,"worker_id":"bd5583ef-6856-4fcf-9750-4ce44843d0f6-125292668929152","trial_id":167,"system_attr":{"tpe:relative_params:0":"{\"RANK_REGRESS\": 70, \"REG_W\": 207.00775689764032, \"USE_RMS_SCALING\": false}"}}
{"op_code":5,"worker_id":"0acffa4f-4de1-410c-89c6-4c591875aed4-140444089611392","trial_id":166,"param_name":"RANK_REGRESS","param_value_internal":68.0,"distribution":"{\"name\": \"IntDistribution\", \"attributes\": {\"log\": false, \"step\": 1, \"low\": 5, \"high\": 80}}"}
{"op_code":5,"worker_id":"bd5583ef-6856-4fcf-9750-4ce44843d0f6-125292668929152","trial_id":167,"param_name":"RANK_REGRESS","param_value_internal":70.0,"distribution":"{\"name\": \"IntDistribution\", \"attributes\": {\"log\": false, \"step\": 1, \"low\": 5, \"high\": 80}}"}
{"op_code":5,"worker_id":"0acffa4f-4de1-410c-89c6-4c591875aed4-140444089611392","trial_id":166,"param_name":"REG_W","param_value_internal":27.73362602815471,"distribution":"{\"name\": \"FloatDistribution\", \"attributes\": {\"step\": null, \"low\": 1e-05, \"high\": 1000.0, \"log\": true}}"}
{"op_code":5,"worker_id":"bd5583ef-6856-4fcf-9750-4ce44843d0f6-125292668929152","trial_id":167,"param_name":"REG_W","param_value_internal":207.00775689764032,"distribution":"{\"name\": \"FloatDistribution\", \"attributes\": {\"step\": null, \"low\": 1e-05, \"high\": 1000.0, \"log\": true}}"}
{"op_code":5,"worker_id":"0acffa4f-4de1-410c-89c6-4c591875aed4-140444089611392","trial_id":166,"param_name":"USE_RMS_SCALING","param_value_internal":0,"distribution":"{\"name\": \"CategoricalDistribution\", \"attributes\": {\"choices\": [true, false]}}"}
{"op_code":5,"worker_id":"bd5583ef-6856-4fcf-9750-4ce44843d0f6-125292668929152","trial_id":167,"param_name":"USE_RMS_SCALING","param_value_internal":1,"distribution":"{\"name\": \"CategoricalDistribution\", \"attributes\": {\"choices\": [true, false]}}"}
{"op_code":0,"worker_id":"9c27ba24-8a7b-4f4a-bfcd-c60b7fb8667f-129226793280640","study_name":"cp_pred_surprise_L2_residual_delta","directions":[2]}
{"op_code":4,"worker_id":"9c27ba24-8a7b-4f4a-bfcd-c60b7fb8667f-129226793280640","study_id":0,"datetime_start":"2026-05-05T15:16:21.137116"}
{"op_code":9,"worker_id":"9c27ba24-8a7b-4f4a-bfcd-c60b7fb8667f-129226793280640","trial_id":168,"system_attr":{"tpe:relative_params:0":"{\"RANK_REGRESS\": 80, \"REG_W\": 736.1811394617658, \"USE_RMS_SCALING\": false}"}}
{"op_code":5,"worker_id":"9c27ba24-8a7b-4f4a-bfcd-c60b7fb8667f-129226793280640","trial_id":168,"param_name":"RANK_REGRESS","param_value_internal":80.0,"distribution":"{\"name\": \"IntDistribution\", \"attributes\": {\"log\": false, \"step\": 1, \"low\": 5, \"high\": 80}}"}
{"op_code":5,"worker_id":"9c27ba24-8a7b-4f4a-bfcd-c60b7fb8667f-129226793280640","trial_id":168,"param_name":"REG_W","param_value_internal":736.1811394617658,"distribution":"{\"name\": \"FloatDistribution\", \"attributes\": {\"step\": null, \"low\": 1e-05, \"high\": 1000.0, \"log\": true}}"}
{"op_code":5,"worker_id":"9c27ba24-8a7b-4f4a-bfcd-c60b7fb8667f-129226793280640","trial_id":168,"param_name":"USE_RMS_SCALING","param_value_internal":1,"distribution":"{\"name\": \"CategoricalDistribution\", \"attributes\": {\"choices\": [true, false]}}"}
{"op_code":0,"worker_id":"4dc6f473-9b82-4bbf-896b-dbf6a0a38561-128150108099712","study_name":"cp_pred_surprise_L2_residual_delta","directions":[2]}
{"op_code":4,"worker_id":"4dc6f473-9b82-4bbf-896b-dbf6a0a38561-128150108099712","study_id":0,"datetime_start":"2026-05-05T15:16:24.055026"}
{"op_code":9,"worker_id":"4dc6f473-9b82-4bbf-896b-dbf6a0a38561-128150108099712","trial_id":169,"system_attr":{"tpe:relative_params:0":"{\"RANK_REGRESS\": 64, \"REG_W\": 222.40425622276388, \"USE_RMS_SCALING\": true}"}}
{"op_code":5,"worker_id":"4dc6f473-9b82-4bbf-896b-dbf6a0a38561-128150108099712","trial_id":169,"param_name":"RANK_REGRESS","param_value_internal":64.0,"distribution":"{\"name\": \"IntDistribution\", \"attributes\": {\"log\": false, \"step\": 1, \"low\": 5, \"high\": 80}}"}
{"op_code":5,"worker_id":"4dc6f473-9b82-4bbf-896b-dbf6a0a38561-128150108099712","trial_id":169,"param_name":"REG_W","param_value_internal":222.40425622276388,"distribution":"{\"name\": \"FloatDistribution\", \"attributes\": {\"step\": null, \"low\": 1e-05, \"high\": 1000.0, \"log\": true}}"}
{"op_code":5,"worker_id":"4dc6f473-9b82-4bbf-896b-dbf6a0a38561-128150108099712","trial_id":169,"param_name":"USE_RMS_SCALING","param_value_internal":0,"distribution":"{\"name\": \"CategoricalDistribution\", \"attributes\": {\"choices\": [true, false]}}"}
{"op_code":0,"worker_id":"14a57ef9-4238-4276-8451-f3d2127d640e-123240437810304","study_name":"cp_pred_surprise_L2_residual_delta","directions":[2]}
{"op_code":4,"worker_id":"14a57ef9-4238-4276-8451-f3d2127d640e-123240437810304","study_id":0,"datetime_start":"2026-05-05T15:16:24.339310"}
{"op_code":9,"worker_id":"14a57ef9-4238-4276-8451-f3d2127d640e-123240437810304","trial_id":170,"system_attr":{"tpe:relative_params:0":"{\"RANK_REGRESS\": 75, \"REG_W\": 7.466727145843066, \"USE_RMS_SCALING\": false}"}}
{"op_code":5,"worker_id":"14a57ef9-4238-4276-8451-f3d2127d640e-123240437810304","trial_id":170,"param_name":"RANK_REGRESS","param_value_internal":75.0,"distribution":"{\"name\": \"IntDistribution\", \"attributes\": {\"log\": false, \"step\": 1, \"low\": 5, \"high\": 80}}"}
{"op_code":5,"worker_id":"14a57ef9-4238-4276-8451-f3d2127d640e-123240437810304","trial_id":170,"param_name":"REG_W","param_value_internal":7.466727145843066,"distribution":"{\"name\": \"FloatDistribution\", \"attributes\": {\"step\": null, \"low\": 1e-05, \"high\": 1000.0, \"log\": true}}"}
{"op_code":5,"worker_id":"14a57ef9-4238-4276-8451-f3d2127d640e-123240437810304","trial_id":170,"param_name":"USE_RMS_SCALING","param_value_internal":1,"distribution":"{\"name\": \"CategoricalDistribution\", \"attributes\": {\"choices\": [true, false]}}"}
{"op_code":0,"worker_id":"151a02cd-0616-4fd3-a4fe-eb871f631b14-131617264080000","study_name":"cp_pred_surprise_L2_residual_delta","directions":[2]}
{"op_code":4,"worker_id":"151a02cd-0616-4fd3-a4fe-eb871f631b14-131617264080000","study_id":0,"datetime_start":"2026-05-05T15:16:24.581870"}
{"op_code":9,"worker_id":"151a02cd-0616-4fd3-a4fe-eb871f631b14-131617264080000","trial_id":171,"system_attr":{"tpe:relative_params:0":"{\"RANK_REGRESS\": 69, \"REG_W\": 535.0863393620673, \"USE_RMS_SCALING\": true}"}}
{"op_code":5,"worker_id":"151a02cd-0616-4fd3-a4fe-eb871f631b14-131617264080000","trial_id":171,"param_name":"RANK_REGRESS","param_value_internal":69.0,"distribution":"{\"name\": \"IntDistribution\", \"attributes\": {\"log\": false, \"step\": 1, \"low\": 5, \"high\": 80}}"}
{"op_code":5,"worker_id":"151a02cd-0616-4fd3-a4fe-eb871f631b14-131617264080000","trial_id":171,"param_name":"REG_W","param_value_internal":535.0863393620673,"distribution":"{\"name\": \"FloatDistribution\", \"attributes\": {\"step\": null, \"low\": 1e-05, \"high\": 1000.0, \"log\": true}}"}
{"op_code":5,"worker_id":"151a02cd-0616-4fd3-a4fe-eb871f631b14-131617264080000","trial_id":171,"param_name":"USE_RMS_SCALING","param_value_internal":0,"distribution":"{\"name\": \"CategoricalDistribution\", \"attributes\": {\"choices\": [true, false]}}"}
{"op_code":0,"worker_id":"07bc62d8-17b0-4a1c-b3e4-7fc40a195fcb-125961989219456","study_name":"cp_pred_surprise_L2_residual_delta","directions":[2]}
{"op_code":4,"worker_id":"07bc62d8-17b0-4a1c-b3e4-7fc40a195fcb-125961989219456","study_id":0,"datetime_start":"2026-05-05T15:16:25.849254"}
{"op_code":9,"worker_id":"07bc62d8-17b0-4a1c-b3e4-7fc40a195fcb-125961989219456","trial_id":172,"system_attr":{"tpe:relative_params:0":"{\"RANK_REGRESS\": 59, \"REG_W\": 367.2196386193263, \"USE_RMS_SCALING\": true}"}}
{"op_code":5,"worker_id":"07bc62d8-17b0-4a1c-b3e4-7fc40a195fcb-125961989219456","trial_id":172,"param_name":"RANK_REGRESS","param_value_internal":59.0,"distribution":"{\"name\": \"IntDistribution\", \"attributes\": {\"log\": false, \"step\": 1, \"low\": 5, \"high\": 80}}"}
{"op_code":5,"worker_id":"07bc62d8-17b0-4a1c-b3e4-7fc40a195fcb-125961989219456","trial_id":172,"param_name":"REG_W","param_value_internal":367.2196386193263,"distribution":"{\"name\": \"FloatDistribution\", \"attributes\": {\"step\": null, \"low\": 1e-05, \"high\": 1000.0, \"log\": true}}"}
{"op_code":5,"worker_id":"07bc62d8-17b0-4a1c-b3e4-7fc40a195fcb-125961989219456","trial_id":172,"param_name":"USE_RMS_SCALING","param_value_internal":0,"distribution":"{\"name\": \"CategoricalDistribution\", \"attributes\": {\"choices\": [true, false]}}"}
{"op_code":0,"worker_id":"4345bb9f-17cf-4ff0-b723-03a9e231690e-134939921056896","study_name":"cp_pred_surprise_L2_residual_delta","directions":[2]}
{"op_code":4,"worker_id":"4345bb9f-17cf-4ff0-b723-03a9e231690e-134939921056896","study_id":0,"datetime_start":"2026-05-05T15:16:27.155366"}
{"op_code":9,"worker_id":"4345bb9f-17cf-4ff0-b723-03a9e231690e-134939921056896","trial_id":173,"system_attr":{"tpe:relative_params:0":"{\"RANK_REGRESS\": 28, \"REG_W\": 351.2800263447511, \"USE_RMS_SCALING\": true}"}}
{"op_code":5,"worker_id":"4345bb9f-17cf-4ff0-b723-03a9e231690e-134939921056896","trial_id":173,"param_name":"RANK_REGRESS","param_value_internal":28.0,"distribution":"{\"name\": \"IntDistribution\", \"attributes\": {\"log\": false, \"step\": 1, \"low\": 5, \"high\": 80}}"}
{"op_code":5,"worker_id":"4345bb9f-17cf-4ff0-b723-03a9e231690e-134939921056896","trial_id":173,"param_name":"REG_W","param_value_internal":351.2800263447511,"distribution":"{\"name\": \"FloatDistribution\", \"attributes\": {\"step\": null, \"low\": 1e-05, \"high\": 1000.0, \"log\": true}}"}
{"op_code":5,"worker_id":"4345bb9f-17cf-4ff0-b723-03a9e231690e-134939921056896","trial_id":173,"param_name":"USE_RMS_SCALING","param_value_internal":0,"distribution":"{\"name\": \"CategoricalDistribution\", \"attributes\": {\"choices\": [true, false]}}"}
{"op_code":0,"worker_id":"4735d5c3-3775-40a3-a8f4-fc6c7df0e55f-131797185545344","study_name":"cp_pred_surprise_L2_residual_delta","directions":[2]}
{"op_code":4,"worker_id":"4735d5c3-3775-40a3-a8f4-fc6c7df0e55f-131797185545344","study_id":0,"datetime_start":"2026-05-05T15:16:27.983298"}
{"op_code":9,"worker_id":"4735d5c3-3775-40a3-a8f4-fc6c7df0e55f-131797185545344","trial_id":174,"system_attr":{"tpe:relative_params:0":"{\"RANK_REGRESS\": 23, \"REG_W\": 31.7510381070297, \"USE_RMS_SCALING\": true}"}}
{"op_code":5,"worker_id":"4735d5c3-3775-40a3-a8f4-fc6c7df0e55f-131797185545344","trial_id":174,"param_name":"RANK_REGRESS","param_value_internal":23.0,"distribution":"{\"name\": \"IntDistribution\", \"attributes\": {\"log\": false, \"step\": 1, \"low\": 5, \"high\": 80}}"}
{"op_code":5,"worker_id":"4735d5c3-3775-40a3-a8f4-fc6c7df0e55f-131797185545344","trial_id":174,"param_name":"REG_W","param_value_internal":31.7510381070297,"distribution":"{\"name\": \"FloatDistribution\", \"attributes\": {\"step\": null, \"low\": 1e-05, \"high\": 1000.0, \"log\": true}}"}
{"op_code":5,"worker_id":"4735d5c3-3775-40a3-a8f4-fc6c7df0e55f-131797185545344","trial_id":174,"param_name":"USE_RMS_SCALING","param_value_internal":0,"distribution":"{\"name\": \"CategoricalDistribution\", \"attributes\": {\"choices\": [true, false]}}"}
{"op_code":0,"worker_id":"30aa2615-861b-4314-9a32-09a531e85635-131575851426944","study_name":"cp_pred_surprise_L2_residual_delta","directions":[2]}
{"op_code":4,"worker_id":"30aa2615-861b-4314-9a32-09a531e85635-131575851426944","study_id":0,"datetime_start":"2026-05-05T15:16:29.043560"}
{"op_code":9,"worker_id":"30aa2615-861b-4314-9a32-09a531e85635-131575851426944","trial_id":175,"system_attr":{"tpe:relative_params:0":"{\"RANK_REGRESS\": 67, \"REG_W\": 634.1736777344606, \"USE_RMS_SCALING\": false}"}}
{"op_code":5,"worker_id":"30aa2615-861b-4314-9a32-09a531e85635-131575851426944","trial_id":175,"param_name":"RANK_REGRESS","param_value_internal":67.0,"distribution":"{\"name\": \"IntDistribution\", \"attributes\": {\"log\": false, \"step\": 1, \"low\": 5, \"high\": 80}}"}
{"op_code":5,"worker_id":"30aa2615-861b-4314-9a32-09a531e85635-131575851426944","trial_id":175,"param_name":"REG_W","param_value_internal":634.1736777344606,"distribution":"{\"name\": \"FloatDistribution\", \"attributes\": {\"step\": null, \"low\": 1e-05, \"high\": 1000.0, \"log\": true}}"}
{"op_code":5,"worker_id":"30aa2615-861b-4314-9a32-09a531e85635-131575851426944","trial_id":175,"param_name":"USE_RMS_SCALING","param_value_internal":1,"distribution":"{\"name\": \"CategoricalDistribution\", \"attributes\": {\"choices\": [true, false]}}"}
{"op_code":0,"worker_id":"ea52197a-a6bf-48a3-b3c1-9031d57bdeed-131136364823680","study_name":"cp_pred_surprise_L2_residual_delta","directions":[2]}
{"op_code":4,"worker_id":"ea52197a-a6bf-48a3-b3c1-9031d57bdeed-131136364823680","study_id":0,"datetime_start":"2026-05-05T15:16:31.351857"}
{"op_code":9,"worker_id":"ea52197a-a6bf-48a3-b3c1-9031d57bdeed-131136364823680","trial_id":176,"system_attr":{"tpe:relative_params:0":"{\"RANK_REGRESS\": 47, \"REG_W\": 989.2071736516015, \"USE_RMS_SCALING\": true}"}}
{"op_code":5,"worker_id":"ea52197a-a6bf-48a3-b3c1-9031d57bdeed-131136364823680","trial_id":176,"param_name":"RANK_REGRESS","param_value_internal":47.0,"distribution":"{\"name\": \"IntDistribution\", \"attributes\": {\"log\": false, \"step\": 1, \"low\": 5, \"high\": 80}}"}
{"op_code":5,"worker_id":"ea52197a-a6bf-48a3-b3c1-9031d57bdeed-131136364823680","trial_id":176,"param_name":"REG_W","param_value_internal":989.2071736516015,"distribution":"{\"name\": \"FloatDistribution\", \"attributes\": {\"step\": null, \"low\": 1e-05, \"high\": 1000.0, \"log\": true}}"}
{"op_code":5,"worker_id":"ea52197a-a6bf-48a3-b3c1-9031d57bdeed-131136364823680","trial_id":176,"param_name":"USE_RMS_SCALING","param_value_internal":0,"distribution":"{\"name\": \"CategoricalDistribution\", \"attributes\": {\"choices\": [true, false]}}"}
{"op_code":0,"worker_id":"ec2a77f2-f830-42e7-af60-b808ff421d97-132193779037312","study_name":"cp_pred_surprise_L2_residual_delta","directions":[2]}
{"op_code":4,"worker_id":"ec2a77f2-f830-42e7-af60-b808ff421d97-132193779037312","study_id":0,"datetime_start":"2026-05-05T15:16:32.213442"}
{"op_code":9,"worker_id":"ec2a77f2-f830-42e7-af60-b808ff421d97-132193779037312","trial_id":177,"system_attr":{"tpe:relative_params:0":"{\"RANK_REGRESS\": 34, \"REG_W\": 347.9598537896303, \"USE_RMS_SCALING\": true}"}}
{"op_code":5,"worker_id":"ec2a77f2-f830-42e7-af60-b808ff421d97-132193779037312","trial_id":177,"param_name":"RANK_REGRESS","param_value_internal":34.0,"distribution":"{\"name\": \"IntDistribution\", \"attributes\": {\"log\": false, \"step\": 1, \"low\": 5, \"high\": 80}}"}
{"op_code":5,"worker_id":"ec2a77f2-f830-42e7-af60-b808ff421d97-132193779037312","trial_id":177,"param_name":"REG_W","param_value_internal":347.9598537896303,"distribution":"{\"name\": \"FloatDistribution\", \"attributes\": {\"step\": null, \"low\": 1e-05, \"high\": 1000.0, \"log\": true}}"}
{"op_code":5,"worker_id":"ec2a77f2-f830-42e7-af60-b808ff421d97-132193779037312","trial_id":177,"param_name":"USE_RMS_SCALING","param_value_internal":0,"distribution":"{\"name\": \"CategoricalDistribution\", \"attributes\": {\"choices\": [true, false]}}"}
{"op_code":0,"worker_id":"7c35edc2-2052-44f2-91df-f56e24a6fd13-138247946892416","study_name":"cp_pred_surprise_L2_residual_delta","directions":[2]}
{"op_code":4,"worker_id":"7c35edc2-2052-44f2-91df-f56e24a6fd13-138247946892416","study_id":0,"datetime_start":"2026-05-05T15:16:32.512021"}
{"op_code":9,"worker_id":"7c35edc2-2052-44f2-91df-f56e24a6fd13-138247946892416","trial_id":178,"system_attr":{"tpe:relative_params:0":"{\"RANK_REGRESS\": 55, \"REG_W\": 100.8250932715737, \"USE_RMS_SCALING\": true}"}}
{"op_code":5,"worker_id":"7c35edc2-2052-44f2-91df-f56e24a6fd13-138247946892416","trial_id":178,"param_name":"RANK_REGRESS","param_value_internal":55.0,"distribution":"{\"name\": \"IntDistribution\", \"attributes\": {\"log\": false, \"step\": 1, \"low\": 5, \"high\": 80}}"}
{"op_code":5,"worker_id":"7c35edc2-2052-44f2-91df-f56e24a6fd13-138247946892416","trial_id":178,"param_name":"REG_W","param_value_internal":100.8250932715737,"distribution":"{\"name\": \"FloatDistribution\", \"attributes\": {\"step\": null, \"low\": 1e-05, \"high\": 1000.0, \"log\": true}}"}
{"op_code":5,"worker_id":"7c35edc2-2052-44f2-91df-f56e24a6fd13-138247946892416","trial_id":178,"param_name":"USE_RMS_SCALING","param_value_internal":0,"distribution":"{\"name\": \"CategoricalDistribution\", \"attributes\": {\"choices\": [true, false]}}"}
{"op_code":0,"worker_id":"1fe9c47f-ee66-4d8b-8377-ebe0e0b8fa7a-137005518849152","study_name":"cp_pred_surprise_L2_residual_delta","directions":[2]}
{"op_code":4,"worker_id":"1fe9c47f-ee66-4d8b-8377-ebe0e0b8fa7a-137005518849152","study_id":0,"datetime_start":"2026-05-05T15:16:33.753707"}
{"op_code":9,"worker_id":"1fe9c47f-ee66-4d8b-8377-ebe0e0b8fa7a-137005518849152","trial_id":179,"system_attr":{"tpe:relative_params:0":"{\"RANK_REGRESS\": 21, \"REG_W\": 388.0906415277765, \"USE_RMS_SCALING\": true}"}}
{"op_code":5,"worker_id":"1fe9c47f-ee66-4d8b-8377-ebe0e0b8fa7a-137005518849152","trial_id":179,"param_name":"RANK_REGRESS","param_value_internal":21.0,"distribution":"{\"name\": \"IntDistribution\", \"attributes\": {\"log\": false, \"step\": 1, \"low\": 5, \"high\": 80}}"}
{"op_code":5,"worker_id":"1fe9c47f-ee66-4d8b-8377-ebe0e0b8fa7a-137005518849152","trial_id":179,"param_name":"REG_W","param_value_internal":388.0906415277765,"distribution":"{\"name\": \"FloatDistribution\", \"attributes\": {\"step\": null, \"low\": 1e-05, \"high\": 1000.0, \"log\": true}}"}
{"op_code":5,"worker_id":"1fe9c47f-ee66-4d8b-8377-ebe0e0b8fa7a-137005518849152","trial_id":179,"param_name":"USE_RMS_SCALING","param_value_internal":0,"distribution":"{\"name\": \"CategoricalDistribution\", \"attributes\": {\"choices\": [true, false]}}"}
{"op_code":0,"worker_id":"921e45ce-73f2-4aa9-b8d6-924e2baa8f2b-134502450754688","study_name":"cp_pred_surprise_L2_residual_delta","directions":[2]}
{"op_code":4,"worker_id":"921e45ce-73f2-4aa9-b8d6-924e2baa8f2b-134502450754688","study_id":0,"datetime_start":"2026-05-05T15:16:35.089920"}
{"op_code":9,"worker_id":"921e45ce-73f2-4aa9-b8d6-924e2baa8f2b-134502450754688","trial_id":180,"system_attr":{"tpe:relative_params:0":"{\"RANK_REGRESS\": 77, \"REG_W\": 88.44639473610938, \"USE_RMS_SCALING\": true}"}}
{"op_code":5,"worker_id":"921e45ce-73f2-4aa9-b8d6-924e2baa8f2b-134502450754688","trial_id":180,"param_name":"RANK_REGRESS","param_value_internal":77.0,"distribution":"{\"name\": \"IntDistribution\", \"attributes\": {\"log\": false, \"step\": 1, \"low\": 5, \"high\": 80}}"}
{"op_code":5,"worker_id":"921e45ce-73f2-4aa9-b8d6-924e2baa8f2b-134502450754688","trial_id":180,"param_name":"REG_W","param_value_internal":88.44639473610938,"distribution":"{\"name\": \"FloatDistribution\", \"attributes\": {\"step\": null, \"low\": 1e-05, \"high\": 1000.0, \"log\": true}}"}
{"op_code":5,"worker_id":"921e45ce-73f2-4aa9-b8d6-924e2baa8f2b-134502450754688","trial_id":180,"param_name":"USE_RMS_SCALING","param_value_internal":0,"distribution":"{\"name\": \"CategoricalDistribution\", \"attributes\": {\"choices\": [true, false]}}"}
{"op_code":0,"worker_id":"4ac78470-afc7-49c9-a151-623300abe3a7-129582237594752","study_name":"cp_pred_surprise_L2_residual_delta","directions":[2]}
{"op_code":4,"worker_id":"4ac78470-afc7-49c9-a151-623300abe3a7-129582237594752","study_id":0,"datetime_start":"2026-05-05T15:16:35.204629"}
{"op_code":9,"worker_id":"4ac78470-afc7-49c9-a151-623300abe3a7-129582237594752","trial_id":181,"system_attr":{"tpe:relative_params:0":"{\"RANK_REGRESS\": 36, \"REG_W\": 903.617949319, \"USE_RMS_SCALING\": true}"}}
{"op_code":5,"worker_id":"4ac78470-afc7-49c9-a151-623300abe3a7-129582237594752","trial_id":181,"param_name":"RANK_REGRESS","param_value_internal":36.0,"distribution":"{\"name\": \"IntDistribution\", \"attributes\": {\"log\": false, \"step\": 1, \"low\": 5, \"high\": 80}}"}
{"op_code":5,"worker_id":"4ac78470-afc7-49c9-a151-623300abe3a7-129582237594752","trial_id":181,"param_name":"REG_W","param_value_internal":903.617949319,"distribution":"{\"name\": \"FloatDistribution\", \"attributes\": {\"step\": null, \"low\": 1e-05, \"high\": 1000.0, \"log\": true}}"}
{"op_code":5,"worker_id":"4ac78470-afc7-49c9-a151-623300abe3a7-129582237594752","trial_id":181,"param_name":"USE_RMS_SCALING","param_value_internal":0,"distribution":"{\"name\": \"CategoricalDistribution\", \"attributes\": {\"choices\": [true, false]}}"}
{"op_code":0,"worker_id":"a6697716-98da-4089-952f-ab7c8da20ae2-125770523624576","study_name":"cp_pred_surprise_L2_residual_delta","directions":[2]}
{"op_code":4,"worker_id":"a6697716-98da-4089-952f-ab7c8da20ae2-125770523624576","study_id":0,"datetime_start":"2026-05-05T15:16:36.552887"}
{"op_code":9,"worker_id":"a6697716-98da-4089-952f-ab7c8da20ae2-125770523624576","trial_id":182,"system_attr":{"tpe:relative_params:0":"{\"RANK_REGRESS\": 53, \"REG_W\": 44.16097329239694, \"USE_RMS_SCALING\": true}"}}
{"op_code":5,"worker_id":"a6697716-98da-4089-952f-ab7c8da20ae2-125770523624576","trial_id":182,"param_name":"RANK_REGRESS","param_value_internal":53.0,"distribution":"{\"name\": \"IntDistribution\", \"attributes\": {\"log\": false, \"step\": 1, \"low\": 5, \"high\": 80}}"}
{"op_code":5,"worker_id":"a6697716-98da-4089-952f-ab7c8da20ae2-125770523624576","trial_id":182,"param_name":"REG_W","param_value_internal":44.16097329239694,"distribution":"{\"name\": \"FloatDistribution\", \"attributes\": {\"step\": null, \"low\": 1e-05, \"high\": 1000.0, \"log\": true}}"}
{"op_code":5,"worker_id":"a6697716-98da-4089-952f-ab7c8da20ae2-125770523624576","trial_id":182,"param_name":"USE_RMS_SCALING","param_value_internal":0,"distribution":"{\"name\": \"CategoricalDistribution\", \"attributes\": {\"choices\": [true, false]}}"}
{"op_code":0,"worker_id":"b0050196-0afb-42ca-910c-0b3d27c76bc2-127145941865600","study_name":"cp_pred_surprise_L2_residual_delta","directions":[2]}
{"op_code":4,"worker_id":"b0050196-0afb-42ca-910c-0b3d27c76bc2-127145941865600","study_id":0,"datetime_start":"2026-05-05T15:16:36.909353"}
{"op_code":9,"worker_id":"b0050196-0afb-42ca-910c-0b3d27c76bc2-127145941865600","trial_id":183,"system_attr":{"tpe:relative_params:0":"{\"RANK_REGRESS\": 64, \"REG_W\": 761.0187936232592, \"USE_RMS_SCALING\": true}"}}
{"op_code":5,"worker_id":"b0050196-0afb-42ca-910c-0b3d27c76bc2-127145941865600","trial_id":183,"param_name":"RANK_REGRESS","param_value_internal":64.0,"distribution":"{\"name\": \"IntDistribution\", \"attributes\": {\"log\": false, \"step\": 1, \"low\": 5, \"high\": 80}}"}
{"op_code":5,"worker_id":"b0050196-0afb-42ca-910c-0b3d27c76bc2-127145941865600","trial_id":183,"param_name":"REG_W","param_value_internal":761.0187936232592,"distribution":"{\"name\": \"FloatDistribution\", \"attributes\": {\"step\": null, \"low\": 1e-05, \"high\": 1000.0, \"log\": true}}"}
{"op_code":5,"worker_id":"b0050196-0afb-42ca-910c-0b3d27c76bc2-127145941865600","trial_id":183,"param_name":"USE_RMS_SCALING","param_value_internal":0,"distribution":"{\"name\": \"CategoricalDistribution\", \"attributes\": {\"choices\": [true, false]}}"}
{"op_code":0,"worker_id":"604ac321-6be3-40ac-a27f-3df856a07bc2-136384601556096","study_name":"cp_pred_surprise_L2_residual_delta","directions":[2]}
{"op_code":4,"worker_id":"604ac321-6be3-40ac-a27f-3df856a07bc2-136384601556096","study_id":0,"datetime_start":"2026-05-05T15:16:37.406801"}
{"op_code":9,"worker_id":"604ac321-6be3-40ac-a27f-3df856a07bc2-136384601556096","trial_id":184,"system_attr":{"tpe:relative_params:0":"{\"RANK_REGRESS\": 69, \"REG_W\": 530.7817188365619, \"USE_RMS_SCALING\": false}"}}
{"op_code":5,"worker_id":"604ac321-6be3-40ac-a27f-3df856a07bc2-136384601556096","trial_id":184,"param_name":"RANK_REGRESS","param_value_internal":69.0,"distribution":"{\"name\": \"IntDistribution\", \"attributes\": {\"log\": false, \"step\": 1, \"low\": 5, \"high\": 80}}"}
{"op_code":5,"worker_id":"604ac321-6be3-40ac-a27f-3df856a07bc2-136384601556096","trial_id":184,"param_name":"REG_W","param_value_internal":530.7817188365619,"distribution":"{\"name\": \"FloatDistribution\", \"attributes\": {\"step\": null, \"low\": 1e-05, \"high\": 1000.0, \"log\": true}}"}
{"op_code":5,"worker_id":"604ac321-6be3-40ac-a27f-3df856a07bc2-136384601556096","trial_id":184,"param_name":"USE_RMS_SCALING","param_value_internal":1,"distribution":"{\"name\": \"CategoricalDistribution\", \"attributes\": {\"choices\": [true, false]}}"}
{"op_code":0,"worker_id":"45c569f8-67c4-4d2f-b5eb-dfb4f36b88da-138607751189632","study_name":"cp_pred_surprise_L2_residual_delta","directions":[2]}
{"op_code":4,"worker_id":"45c569f8-67c4-4d2f-b5eb-dfb4f36b88da-138607751189632","study_id":0,"datetime_start":"2026-05-05T15:16:38.780102"}
{"op_code":9,"worker_id":"45c569f8-67c4-4d2f-b5eb-dfb4f36b88da-138607751189632","trial_id":185,"system_attr":{"tpe:relative_params:0":"{\"RANK_REGRESS\": 17, \"REG_W\": 789.6535959359306, \"USE_RMS_SCALING\": true}"}}
{"op_code":5,"worker_id":"45c569f8-67c4-4d2f-b5eb-dfb4f36b88da-138607751189632","trial_id":185,"param_name":"RANK_REGRESS","param_value_internal":17.0,"distribution":"{\"name\": \"IntDistribution\", \"attributes\": {\"log\": false, \"step\": 1, \"low\": 5, \"high\": 80}}"}
{"op_code":5,"worker_id":"45c569f8-67c4-4d2f-b5eb-dfb4f36b88da-138607751189632","trial_id":185,"param_name":"REG_W","param_value_internal":789.6535959359306,"distribution":"{\"name\": \"FloatDistribution\", \"attributes\": {\"step\": null, \"low\": 1e-05, \"high\": 1000.0, \"log\": true}}"}
{"op_code":5,"worker_id":"45c569f8-67c4-4d2f-b5eb-dfb4f36b88da-138607751189632","trial_id":185,"param_name":"USE_RMS_SCALING","param_value_internal":0,"distribution":"{\"name\": \"CategoricalDistribution\", \"attributes\": {\"choices\": [true, false]}}"}
{"op_code":0,"worker_id":"ab715761-de0e-4ad9-92aa-c359ac5ca251-124171878241408","study_name":"cp_pred_surprise_L2_residual_delta","directions":[2]}
{"op_code":4,"worker_id":"ab715761-de0e-4ad9-92aa-c359ac5ca251-124171878241408","study_id":0,"datetime_start":"2026-05-05T15:16:39.618742"}
{"op_code":9,"worker_id":"ab715761-de0e-4ad9-92aa-c359ac5ca251-124171878241408","trial_id":186,"system_attr":{"tpe:relative_params:0":"{\"RANK_REGRESS\": 33, \"REG_W\": 23.421648266087164, \"USE_RMS_SCALING\": true}"}}
{"op_code":5,"worker_id":"ab715761-de0e-4ad9-92aa-c359ac5ca251-124171878241408","trial_id":186,"param_name":"RANK_REGRESS","param_value_internal":33.0,"distribution":"{\"name\": \"IntDistribution\", \"attributes\": {\"log\": false, \"step\": 1, \"low\": 5, \"high\": 80}}"}
{"op_code":5,"worker_id":"ab715761-de0e-4ad9-92aa-c359ac5ca251-124171878241408","trial_id":186,"param_name":"REG_W","param_value_internal":23.421648266087164,"distribution":"{\"name\": \"FloatDistribution\", \"attributes\": {\"step\": null, \"low\": 1e-05, \"high\": 1000.0, \"log\": true}}"}
{"op_code":5,"worker_id":"ab715761-de0e-4ad9-92aa-c359ac5ca251-124171878241408","trial_id":186,"param_name":"USE_RMS_SCALING","param_value_internal":0,"distribution":"{\"name\": \"CategoricalDistribution\", \"attributes\": {\"choices\": [true, false]}}"}
{"op_code":0,"worker_id":"94a3017f-ac78-418d-974b-87187d3efe44-134500650919040","study_name":"cp_pred_surprise_L2_residual_delta","directions":[2]}
{"op_code":4,"worker_id":"94a3017f-ac78-418d-974b-87187d3efe44-134500650919040","study_id":0,"datetime_start":"2026-05-05T15:16:40.430118"}
{"op_code":9,"worker_id":"94a3017f-ac78-418d-974b-87187d3efe44-134500650919040","trial_id":187,"system_attr":{"tpe:relative_params:0":"{\"RANK_REGRESS\": 52, \"REG_W\": 11.136975283551106, \"USE_RMS_SCALING\": false}"}}
{"op_code":5,"worker_id":"94a3017f-ac78-418d-974b-87187d3efe44-134500650919040","trial_id":187,"param_name":"RANK_REGRESS","param_value_internal":52.0,"distribution":"{\"name\": \"IntDistribution\", \"attributes\": {\"log\": false, \"step\": 1, \"low\": 5, \"high\": 80}}"}
{"op_code":5,"worker_id":"94a3017f-ac78-418d-974b-87187d3efe44-134500650919040","trial_id":187,"param_name":"REG_W","param_value_internal":11.136975283551106,"distribution":"{\"name\": \"FloatDistribution\", \"attributes\": {\"step\": null, \"low\": 1e-05, \"high\": 1000.0, \"log\": true}}"}
{"op_code":5,"worker_id":"94a3017f-ac78-418d-974b-87187d3efe44-134500650919040","trial_id":187,"param_name":"USE_RMS_SCALING","param_value_internal":1,"distribution":"{\"name\": \"CategoricalDistribution\", \"attributes\": {\"choices\": [true, false]}}"}
{"op_code":0,"worker_id":"c5bff05b-a367-47ed-bbb1-913d6a07f573-136926179939456","study_name":"cp_pred_surprise_L2_residual_delta","directions":[2]}
{"op_code":4,"worker_id":"c5bff05b-a367-47ed-bbb1-913d6a07f573-136926179939456","study_id":0,"datetime_start":"2026-05-05T15:16:40.531181"}
{"op_code":9,"worker_id":"c5bff05b-a367-47ed-bbb1-913d6a07f573-136926179939456","trial_id":188,"system_attr":{"tpe:relative_params:0":"{\"RANK_REGRESS\": 26, \"REG_W\": 59.025450965450226, \"USE_RMS_SCALING\": true}"}}
{"op_code":5,"worker_id":"c5bff05b-a367-47ed-bbb1-913d6a07f573-136926179939456","trial_id":188,"param_name":"RANK_REGRESS","param_value_internal":26.0,"distribution":"{\"name\": \"IntDistribution\", \"attributes\": {\"log\": false, \"step\": 1, \"low\": 5, \"high\": 80}}"}
{"op_code":5,"worker_id":"c5bff05b-a367-47ed-bbb1-913d6a07f573-136926179939456","trial_id":188,"param_name":"REG_W","param_value_internal":59.025450965450226,"distribution":"{\"name\": \"FloatDistribution\", \"attributes\": {\"step\": null, \"low\": 1e-05, \"high\": 1000.0, \"log\": true}}"}
{"op_code":5,"worker_id":"c5bff05b-a367-47ed-bbb1-913d6a07f573-136926179939456","trial_id":188,"param_name":"USE_RMS_SCALING","param_value_internal":0,"distribution":"{\"name\": \"CategoricalDistribution\", \"attributes\": {\"choices\": [true, false]}}"}
{"op_code":0,"worker_id":"bd19843e-2143-4ec2-b3c5-0028203c0e52-123842789692544","study_name":"cp_pred_surprise_L2_residual_delta","directions":[2]}
{"op_code":4,"worker_id":"bd19843e-2143-4ec2-b3c5-0028203c0e52-123842789692544","study_id":0,"datetime_start":"2026-05-05T15:16:40.884766"}
{"op_code":9,"worker_id":"bd19843e-2143-4ec2-b3c5-0028203c0e52-123842789692544","trial_id":189,"system_attr":{"tpe:relative_params:0":"{\"RANK_REGRESS\": 26, \"REG_W\": 127.84369845949706, \"USE_RMS_SCALING\": false}"}}
{"op_code":5,"worker_id":"bd19843e-2143-4ec2-b3c5-0028203c0e52-123842789692544","trial_id":189,"param_name":"RANK_REGRESS","param_value_internal":26.0,"distribution":"{\"name\": \"IntDistribution\", \"attributes\": {\"log\": false, \"step\": 1, \"low\": 5, \"high\": 80}}"}
{"op_code":5,"worker_id":"bd19843e-2143-4ec2-b3c5-0028203c0e52-123842789692544","trial_id":189,"param_name":"REG_W","param_value_internal":127.84369845949706,"distribution":"{\"name\": \"FloatDistribution\", \"attributes\": {\"step\": null, \"low\": 1e-05, \"high\": 1000.0, \"log\": true}}"}
{"op_code":5,"worker_id":"bd19843e-2143-4ec2-b3c5-0028203c0e52-123842789692544","trial_id":189,"param_name":"USE_RMS_SCALING","param_value_internal":1,"distribution":"{\"name\": \"CategoricalDistribution\", \"attributes\": {\"choices\": [true, false]}}"}
{"op_code":0,"worker_id":"dd11c6be-739b-4d68-bcaf-6941ebba8c53-124721651405952","study_name":"cp_pred_surprise_L2_residual_delta","directions":[2]}
{"op_code":4,"worker_id":"dd11c6be-739b-4d68-bcaf-6941ebba8c53-124721651405952","study_id":0,"datetime_start":"2026-05-05T15:16:43.935903"}
{"op_code":9,"worker_id":"dd11c6be-739b-4d68-bcaf-6941ebba8c53-124721651405952","trial_id":190,"system_attr":{"tpe:relative_params:0":"{\"RANK_REGRESS\": 51, \"REG_W\": 128.99738940625846, \"USE_RMS_SCALING\": true}"}}
{"op_code":5,"worker_id":"dd11c6be-739b-4d68-bcaf-6941ebba8c53-124721651405952","trial_id":190,"param_name":"RANK_REGRESS","param_value_internal":51.0,"distribution":"{\"name\": \"IntDistribution\", \"attributes\": {\"log\": false, \"step\": 1, \"low\": 5, \"high\": 80}}"}
{"op_code":5,"worker_id":"dd11c6be-739b-4d68-bcaf-6941ebba8c53-124721651405952","trial_id":190,"param_name":"REG_W","param_value_internal":128.99738940625846,"distribution":"{\"name\": \"FloatDistribution\", \"attributes\": {\"step\": null, \"low\": 1e-05, \"high\": 1000.0, \"log\": true}}"}
{"op_code":5,"worker_id":"dd11c6be-739b-4d68-bcaf-6941ebba8c53-124721651405952","trial_id":190,"param_name":"USE_RMS_SCALING","param_value_internal":0,"distribution":"{\"name\": \"CategoricalDistribution\", \"attributes\": {\"choices\": [true, false]}}"}
{"op_code":0,"worker_id":"166b89ab-bdd9-46f9-a8c8-40f3fb5fab16-128107910046848","study_name":"cp_pred_surprise_L2_residual_delta","directions":[2]}
{"op_code":4,"worker_id":"166b89ab-bdd9-46f9-a8c8-40f3fb5fab16-128107910046848","study_id":0,"datetime_start":"2026-05-05T15:16:45.250889"}
{"op_code":0,"worker_id":"23087242-6b37-4916-8a6d-1cf1e66fe731-125759604556928","study_name":"cp_pred_surprise_L2_residual_delta","directions":[2]}
{"op_code":9,"worker_id":"166b89ab-bdd9-46f9-a8c8-40f3fb5fab16-128107910046848","trial_id":191,"system_attr":{"tpe:relative_params:0":"{\"RANK_REGRESS\": 29, \"REG_W\": 101.11573449600647, \"USE_RMS_SCALING\": true}"}}
{"op_code":5,"worker_id":"166b89ab-bdd9-46f9-a8c8-40f3fb5fab16-128107910046848","trial_id":191,"param_name":"RANK_REGRESS","param_value_internal":29.0,"distribution":"{\"name\": \"IntDistribution\", \"attributes\": {\"log\": false, \"step\": 1, \"low\": 5, \"high\": 80}}"}
{"op_code":4,"worker_id":"23087242-6b37-4916-8a6d-1cf1e66fe731-125759604556928","study_id":0,"datetime_start":"2026-05-05T15:16:45.309992"}
{"op_code":5,"worker_id":"166b89ab-bdd9-46f9-a8c8-40f3fb5fab16-128107910046848","trial_id":191,"param_name":"REG_W","param_value_internal":101.11573449600647,"distribution":"{\"name\": \"FloatDistribution\", \"attributes\": {\"step\": null, \"low\": 1e-05, \"high\": 1000.0, \"log\": true}}"}
{"op_code":5,"worker_id":"166b89ab-bdd9-46f9-a8c8-40f3fb5fab16-128107910046848","trial_id":191,"param_name":"USE_RMS_SCALING","param_value_internal":0,"distribution":"{\"name\": \"CategoricalDistribution\", \"attributes\": {\"choices\": [true, false]}}"}
{"op_code":9,"worker_id":"23087242-6b37-4916-8a6d-1cf1e66fe731-125759604556928","trial_id":192,"system_attr":{"tpe:relative_params:0":"{\"RANK_REGRESS\": 70, \"REG_W\": 44.23718329914132, \"USE_RMS_SCALING\": false}"}}
{"op_code":5,"worker_id":"23087242-6b37-4916-8a6d-1cf1e66fe731-125759604556928","trial_id":192,"param_name":"RANK_REGRESS","param_value_internal":70.0,"distribution":"{\"name\": \"IntDistribution\", \"attributes\": {\"log\": false, \"step\": 1, \"low\": 5, \"high\": 80}}"}
{"op_code":5,"worker_id":"23087242-6b37-4916-8a6d-1cf1e66fe731-125759604556928","trial_id":192,"param_name":"REG_W","param_value_internal":44.23718329914132,"distribution":"{\"name\": \"FloatDistribution\", \"attributes\": {\"step\": null, \"low\": 1e-05, \"high\": 1000.0, \"log\": true}}"}
{"op_code":5,"worker_id":"23087242-6b37-4916-8a6d-1cf1e66fe731-125759604556928","trial_id":192,"param_name":"USE_RMS_SCALING","param_value_internal":1,"distribution":"{\"name\": \"CategoricalDistribution\", \"attributes\": {\"choices\": [true, false]}}"}
{"op_code":0,"worker_id":"fd3b04ea-8b8d-424f-a6f8-e3f0f8620aa5-128544407274624","study_name":"cp_pred_surprise_L2_residual_delta","directions":[2]}
{"op_code":4,"worker_id":"fd3b04ea-8b8d-424f-a6f8-e3f0f8620aa5-128544407274624","study_id":0,"datetime_start":"2026-05-05T15:16:46.091432"}
{"op_code":9,"worker_id":"fd3b04ea-8b8d-424f-a6f8-e3f0f8620aa5-128544407274624","trial_id":193,"system_attr":{"tpe:relative_params:0":"{\"RANK_REGRESS\": 49, \"REG_W\": 15.055567351609147, \"USE_RMS_SCALING\": true}"}}
{"op_code":5,"worker_id":"fd3b04ea-8b8d-424f-a6f8-e3f0f8620aa5-128544407274624","trial_id":193,"param_name":"RANK_REGRESS","param_value_internal":49.0,"distribution":"{\"name\": \"IntDistribution\", \"attributes\": {\"log\": false, \"step\": 1, \"low\": 5, \"high\": 80}}"}
{"op_code":5,"worker_id":"fd3b04ea-8b8d-424f-a6f8-e3f0f8620aa5-128544407274624","trial_id":193,"param_name":"REG_W","param_value_internal":15.055567351609147,"distribution":"{\"name\": \"FloatDistribution\", \"attributes\": {\"step\": null, \"low\": 1e-05, \"high\": 1000.0, \"log\": true}}"}
{"op_code":5,"worker_id":"fd3b04ea-8b8d-424f-a6f8-e3f0f8620aa5-128544407274624","trial_id":193,"param_name":"USE_RMS_SCALING","param_value_internal":0,"distribution":"{\"name\": \"CategoricalDistribution\", \"attributes\": {\"choices\": [true, false]}}"}
{"op_code":0,"worker_id":"32f960d9-84d4-4594-9f06-3be190d835a8-136384646833280","study_name":"cp_pred_surprise_L2_residual_delta","directions":[2]}
{"op_code":4,"worker_id":"32f960d9-84d4-4594-9f06-3be190d835a8-136384646833280","study_id":0,"datetime_start":"2026-05-05T15:16:46.375848"}
{"op_code":9,"worker_id":"32f960d9-84d4-4594-9f06-3be190d835a8-136384646833280","trial_id":194,"system_attr":{"tpe:relative_params:0":"{\"RANK_REGRESS\": 40, \"REG_W\": 387.7147423915766, \"USE_RMS_SCALING\": true}"}}
{"op_code":5,"worker_id":"32f960d9-84d4-4594-9f06-3be190d835a8-136384646833280","trial_id":194,"param_name":"RANK_REGRESS","param_value_internal":40.0,"distribution":"{\"name\": \"IntDistribution\", \"attributes\": {\"log\": false, \"step\": 1, \"low\": 5, \"high\": 80}}"}
{"op_code":5,"worker_id":"32f960d9-84d4-4594-9f06-3be190d835a8-136384646833280","trial_id":194,"param_name":"REG_W","param_value_internal":387.7147423915766,"distribution":"{\"name\": \"FloatDistribution\", \"attributes\": {\"step\": null, \"low\": 1e-05, \"high\": 1000.0, \"log\": true}}"}
{"op_code":5,"worker_id":"32f960d9-84d4-4594-9f06-3be190d835a8-136384646833280","trial_id":194,"param_name":"USE_RMS_SCALING","param_value_internal":0,"distribution":"{\"name\": \"CategoricalDistribution\", \"attributes\": {\"choices\": [true, false]}}"}
{"op_code":0,"worker_id":"b79c6155-39bd-44aa-bc06-bdaf08631c59-136637074277504","study_name":"cp_pred_surprise_L2_residual_delta","directions":[2]}
{"op_code":4,"worker_id":"b79c6155-39bd-44aa-bc06-bdaf08631c59-136637074277504","study_id":0,"datetime_start":"2026-05-05T15:16:46.667302"}
{"op_code":9,"worker_id":"b79c6155-39bd-44aa-bc06-bdaf08631c59-136637074277504","trial_id":195,"system_attr":{"tpe:relative_params:0":"{\"RANK_REGRESS\": 22, \"REG_W\": 899.4107006430115, \"USE_RMS_SCALING\": true}"}}
{"op_code":5,"worker_id":"b79c6155-39bd-44aa-bc06-bdaf08631c59-136637074277504","trial_id":195,"param_name":"RANK_REGRESS","param_value_internal":22.0,"distribution":"{\"name\": \"IntDistribution\", \"attributes\": {\"log\": false, \"step\": 1, \"low\": 5, \"high\": 80}}"}
{"op_code":5,"worker_id":"b79c6155-39bd-44aa-bc06-bdaf08631c59-136637074277504","trial_id":195,"param_name":"REG_W","param_value_internal":899.4107006430115,"distribution":"{\"name\": \"FloatDistribution\", \"attributes\": {\"step\": null, \"low\": 1e-05, \"high\": 1000.0, \"log\": true}}"}
{"op_code":5,"worker_id":"b79c6155-39bd-44aa-bc06-bdaf08631c59-136637074277504","trial_id":195,"param_name":"USE_RMS_SCALING","param_value_internal":0,"distribution":"{\"name\": \"CategoricalDistribution\", \"attributes\": {\"choices\": [true, false]}}"}
{"op_code":0,"worker_id":"a1080101-cc94-49a5-888c-ae028f1f24e2-135282771055744","study_name":"cp_pred_surprise_L2_residual_delta","directions":[2]}
{"op_code":4,"worker_id":"a1080101-cc94-49a5-888c-ae028f1f24e2-135282771055744","study_id":0,"datetime_start":"2026-05-05T15:16:47.774510"}
{"op_code":9,"worker_id":"a1080101-cc94-49a5-888c-ae028f1f24e2-135282771055744","trial_id":196,"system_attr":{"tpe:relative_params:0":"{\"RANK_REGRESS\": 65, \"REG_W\": 805.8604689384956, \"USE_RMS_SCALING\": true}"}}
{"op_code":5,"worker_id":"a1080101-cc94-49a5-888c-ae028f1f24e2-135282771055744","trial_id":196,"param_name":"RANK_REGRESS","param_value_internal":65.0,"distribution":"{\"name\": \"IntDistribution\", \"attributes\": {\"log\": false, \"step\": 1, \"low\": 5, \"high\": 80}}"}
{"op_code":5,"worker_id":"a1080101-cc94-49a5-888c-ae028f1f24e2-135282771055744","trial_id":196,"param_name":"REG_W","param_value_internal":805.8604689384956,"distribution":"{\"name\": \"FloatDistribution\", \"attributes\": {\"step\": null, \"low\": 1e-05, \"high\": 1000.0, \"log\": true}}"}
{"op_code":5,"worker_id":"a1080101-cc94-49a5-888c-ae028f1f24e2-135282771055744","trial_id":196,"param_name":"USE_RMS_SCALING","param_value_internal":0,"distribution":"{\"name\": \"CategoricalDistribution\", \"attributes\": {\"choices\": [true, false]}}"}
{"op_code":0,"worker_id":"271375ab-5dc2-469c-808f-b950b62a52db-130102141883520","study_name":"cp_pred_surprise_L2_residual_delta","directions":[2]}
{"op_code":4,"worker_id":"271375ab-5dc2-469c-808f-b950b62a52db-130102141883520","study_id":0,"datetime_start":"2026-05-05T15:16:48.741776"}
{"op_code":9,"worker_id":"271375ab-5dc2-469c-808f-b950b62a52db-130102141883520","trial_id":197,"system_attr":{"tpe:relative_params:0":"{\"RANK_REGRESS\": 33, \"REG_W\": 897.8097526133538, \"USE_RMS_SCALING\": true}"}}
{"op_code":5,"worker_id":"271375ab-5dc2-469c-808f-b950b62a52db-130102141883520","trial_id":197,"param_name":"RANK_REGRESS","param_value_internal":33.0,"distribution":"{\"name\": \"IntDistribution\", \"attributes\": {\"log\": false, \"step\": 1, \"low\": 5, \"high\": 80}}"}
{"op_code":5,"worker_id":"271375ab-5dc2-469c-808f-b950b62a52db-130102141883520","trial_id":197,"param_name":"REG_W","param_value_internal":897.8097526133538,"distribution":"{\"name\": \"FloatDistribution\", \"attributes\": {\"step\": null, \"low\": 1e-05, \"high\": 1000.0, \"log\": true}}"}
{"op_code":5,"worker_id":"271375ab-5dc2-469c-808f-b950b62a52db-130102141883520","trial_id":197,"param_name":"USE_RMS_SCALING","param_value_internal":0,"distribution":"{\"name\": \"CategoricalDistribution\", \"attributes\": {\"choices\": [true, false]}}"}
{"op_code":0,"worker_id":"cde2da9c-90d0-4f0d-b4e5-3b00eb46c454-132928030033024","study_name":"cp_pred_surprise_L2_residual_delta","directions":[2]}
{"op_code":4,"worker_id":"cde2da9c-90d0-4f0d-b4e5-3b00eb46c454-132928030033024","study_id":0,"datetime_start":"2026-05-05T15:16:50.535774"}
{"op_code":9,"worker_id":"cde2da9c-90d0-4f0d-b4e5-3b00eb46c454-132928030033024","trial_id":198,"system_attr":{"tpe:relative_params:0":"{\"RANK_REGRESS\": 24, \"REG_W\": 21.202805225014426, \"USE_RMS_SCALING\": true}"}}
{"op_code":5,"worker_id":"cde2da9c-90d0-4f0d-b4e5-3b00eb46c454-132928030033024","trial_id":198,"param_name":"RANK_REGRESS","param_value_internal":24.0,"distribution":"{\"name\": \"IntDistribution\", \"attributes\": {\"log\": false, \"step\": 1, \"low\": 5, \"high\": 80}}"}
{"op_code":5,"worker_id":"cde2da9c-90d0-4f0d-b4e5-3b00eb46c454-132928030033024","trial_id":198,"param_name":"REG_W","param_value_internal":21.202805225014426,"distribution":"{\"name\": \"FloatDistribution\", \"attributes\": {\"step\": null, \"low\": 1e-05, \"high\": 1000.0, \"log\": true}}"}
{"op_code":5,"worker_id":"cde2da9c-90d0-4f0d-b4e5-3b00eb46c454-132928030033024","trial_id":198,"param_name":"USE_RMS_SCALING","param_value_internal":0,"distribution":"{\"name\": \"CategoricalDistribution\", \"attributes\": {\"choices\": [true, false]}}"}
{"op_code":0,"worker_id":"0ee4030e-4bd8-4b8d-b3e7-968a8bafd386-131630331589760","study_name":"cp_pred_surprise_L2_residual_delta","directions":[2]}
{"op_code":4,"worker_id":"0ee4030e-4bd8-4b8d-b3e7-968a8bafd386-131630331589760","study_id":0,"datetime_start":"2026-05-05T15:16:51.352340"}
{"op_code":9,"worker_id":"0ee4030e-4bd8-4b8d-b3e7-968a8bafd386-131630331589760","trial_id":199,"system_attr":{"tpe:relative_params:0":"{\"RANK_REGRESS\": 80, \"REG_W\": 82.8093412677029, \"USE_RMS_SCALING\": false}"}}
{"op_code":5,"worker_id":"0ee4030e-4bd8-4b8d-b3e7-968a8bafd386-131630331589760","trial_id":199,"param_name":"RANK_REGRESS","param_value_internal":80.0,"distribution":"{\"name\": \"IntDistribution\", \"attributes\": {\"log\": false, \"step\": 1, \"low\": 5, \"high\": 80}}"}
{"op_code":5,"worker_id":"0ee4030e-4bd8-4b8d-b3e7-968a8bafd386-131630331589760","trial_id":199,"param_name":"REG_W","param_value_internal":82.8093412677029,"distribution":"{\"name\": \"FloatDistribution\", \"attributes\": {\"step\": null, \"low\": 1e-05, \"high\": 1000.0, \"log\": true}}"}
{"op_code":5,"worker_id":"0ee4030e-4bd8-4b8d-b3e7-968a8bafd386-131630331589760","trial_id":199,"param_name":"USE_RMS_SCALING","param_value_internal":1,"distribution":"{\"name\": \"CategoricalDistribution\", \"attributes\": {\"choices\": [true, false]}}"}
{"op_code":0,"worker_id":"01510893-e7b0-4040-a05e-095b100f0547-136767417345152","study_name":"cp_pred_surprise_L2_residual_delta","directions":[2]}
{"op_code":4,"worker_id":"01510893-e7b0-4040-a05e-095b100f0547-136767417345152","study_id":0,"datetime_start":"2026-05-05T15:16:51.463218"}
{"op_code":9,"worker_id":"01510893-e7b0-4040-a05e-095b100f0547-136767417345152","trial_id":200,"system_attr":{"tpe:relative_params:0":"{\"RANK_REGRESS\": 43, \"REG_W\": 79.85300166651699, \"USE_RMS_SCALING\": true}"}}
{"op_code":5,"worker_id":"01510893-e7b0-4040-a05e-095b100f0547-136767417345152","trial_id":200,"param_name":"RANK_REGRESS","param_value_internal":43.0,"distribution":"{\"name\": \"IntDistribution\", \"attributes\": {\"log\": false, \"step\": 1, \"low\": 5, \"high\": 80}}"}
{"op_code":5,"worker_id":"01510893-e7b0-4040-a05e-095b100f0547-136767417345152","trial_id":200,"param_name":"REG_W","param_value_internal":79.85300166651699,"distribution":"{\"name\": \"FloatDistribution\", \"attributes\": {\"step\": null, \"low\": 1e-05, \"high\": 1000.0, \"log\": true}}"}
{"op_code":5,"worker_id":"01510893-e7b0-4040-a05e-095b100f0547-136767417345152","trial_id":200,"param_name":"USE_RMS_SCALING","param_value_internal":0,"distribution":"{\"name\": \"CategoricalDistribution\", \"attributes\": {\"choices\": [true, false]}}"}
{"op_code":0,"worker_id":"29803599-dd2a-40cd-9a98-5f30979a28cc-134254115779712","study_name":"cp_pred_surprise_L2_residual_delta","directions":[2]}
{"op_code":4,"worker_id":"29803599-dd2a-40cd-9a98-5f30979a28cc-134254115779712","study_id":0,"datetime_start":"2026-05-05T15:16:53.651936"}
{"op_code":9,"worker_id":"29803599-dd2a-40cd-9a98-5f30979a28cc-134254115779712","trial_id":201,"system_attr":{"tpe:relative_params:0":"{\"RANK_REGRESS\": 60, \"REG_W\": 122.47840563925955, \"USE_RMS_SCALING\": false}"}}
{"op_code":5,"worker_id":"29803599-dd2a-40cd-9a98-5f30979a28cc-134254115779712","trial_id":201,"param_name":"RANK_REGRESS","param_value_internal":60.0,"distribution":"{\"name\": \"IntDistribution\", \"attributes\": {\"log\": false, \"step\": 1, \"low\": 5, \"high\": 80}}"}
{"op_code":5,"worker_id":"29803599-dd2a-40cd-9a98-5f30979a28cc-134254115779712","trial_id":201,"param_name":"REG_W","param_value_internal":122.47840563925955,"distribution":"{\"name\": \"FloatDistribution\", \"attributes\": {\"step\": null, \"low\": 1e-05, \"high\": 1000.0, \"log\": true}}"}
{"op_code":5,"worker_id":"29803599-dd2a-40cd-9a98-5f30979a28cc-134254115779712","trial_id":201,"param_name":"USE_RMS_SCALING","param_value_internal":1,"distribution":"{\"name\": \"CategoricalDistribution\", \"attributes\": {\"choices\": [true, false]}}"}
{"op_code":0,"worker_id":"bb34bc4b-8f3b-45d8-b495-d1a9cead8ba4-123734427919488","study_name":"cp_pred_surprise_L2_residual_delta","directions":[2]}
{"op_code":4,"worker_id":"bb34bc4b-8f3b-45d8-b495-d1a9cead8ba4-123734427919488","study_id":0,"datetime_start":"2026-05-05T15:16:53.938252"}
{"op_code":9,"worker_id":"bb34bc4b-8f3b-45d8-b495-d1a9cead8ba4-123734427919488","trial_id":202,"system_attr":{"tpe:relative_params:0":"{\"RANK_REGRESS\": 41, \"REG_W\": 0.7131061728633273, \"USE_RMS_SCALING\": true}"}}
{"op_code":0,"worker_id":"3a462e59-2461-43eb-8c7a-c2190bbf68a3-124892336383104","study_name":"cp_pred_surprise_L2_residual_delta","directions":[2]}
{"op_code":5,"worker_id":"bb34bc4b-8f3b-45d8-b495-d1a9cead8ba4-123734427919488","trial_id":202,"param_name":"RANK_REGRESS","param_value_internal":41.0,"distribution":"{\"name\": \"IntDistribution\", \"attributes\": {\"log\": false, \"step\": 1, \"low\": 5, \"high\": 80}}"}
{"op_code":5,"worker_id":"bb34bc4b-8f3b-45d8-b495-d1a9cead8ba4-123734427919488","trial_id":202,"param_name":"REG_W","param_value_internal":0.7131061728633273,"distribution":"{\"name\": \"FloatDistribution\", \"attributes\": {\"step\": null, \"low\": 1e-05, \"high\": 1000.0, \"log\": true}}"}
{"op_code":5,"worker_id":"bb34bc4b-8f3b-45d8-b495-d1a9cead8ba4-123734427919488","trial_id":202,"param_name":"USE_RMS_SCALING","param_value_internal":0,"distribution":"{\"name\": \"CategoricalDistribution\", \"attributes\": {\"choices\": [true, false]}}"}
{"op_code":4,"worker_id":"3a462e59-2461-43eb-8c7a-c2190bbf68a3-124892336383104","study_id":0,"datetime_start":"2026-05-05T15:16:54.033339"}
{"op_code":9,"worker_id":"3a462e59-2461-43eb-8c7a-c2190bbf68a3-124892336383104","trial_id":203,"system_attr":{"tpe:relative_params:0":"{\"RANK_REGRESS\": 10, \"REG_W\": 792.7342823990437, \"USE_RMS_SCALING\": true}"}}
{"op_code":5,"worker_id":"3a462e59-2461-43eb-8c7a-c2190bbf68a3-124892336383104","trial_id":203,"param_name":"RANK_REGRESS","param_value_internal":10.0,"distribution":"{\"name\": \"IntDistribution\", \"attributes\": {\"log\": false, \"step\": 1, \"low\": 5, \"high\": 80}}"}
{"op_code":5,"worker_id":"3a462e59-2461-43eb-8c7a-c2190bbf68a3-124892336383104","trial_id":203,"param_name":"REG_W","param_value_internal":792.7342823990437,"distribution":"{\"name\": \"FloatDistribution\", \"attributes\": {\"step\": null, \"low\": 1e-05, \"high\": 1000.0, \"log\": true}}"}
{"op_code":5,"worker_id":"3a462e59-2461-43eb-8c7a-c2190bbf68a3-124892336383104","trial_id":203,"param_name":"USE_RMS_SCALING","param_value_internal":0,"distribution":"{\"name\": \"CategoricalDistribution\", \"attributes\": {\"choices\": [true, false]}}"}
{"op_code":0,"worker_id":"1ecc81af-fbdc-4699-a5e8-02eb083366ff-137619964699776","study_name":"cp_pred_surprise_L2_residual_delta","directions":[2]}
{"op_code":4,"worker_id":"1ecc81af-fbdc-4699-a5e8-02eb083366ff-137619964699776","study_id":0,"datetime_start":"2026-05-05T15:16:54.603322"}
{"op_code":9,"worker_id":"1ecc81af-fbdc-4699-a5e8-02eb083366ff-137619964699776","trial_id":204,"system_attr":{"tpe:relative_params:0":"{\"RANK_REGRESS\": 9, \"REG_W\": 16.335709723241454, \"USE_RMS_SCALING\": false}"}}
{"op_code":5,"worker_id":"1ecc81af-fbdc-4699-a5e8-02eb083366ff-137619964699776","trial_id":204,"param_name":"RANK_REGRESS","param_value_internal":9.0,"distribution":"{\"name\": \"IntDistribution\", \"attributes\": {\"log\": false, \"step\": 1, \"low\": 5, \"high\": 80}}"}
{"op_code":5,"worker_id":"1ecc81af-fbdc-4699-a5e8-02eb083366ff-137619964699776","trial_id":204,"param_name":"REG_W","param_value_internal":16.335709723241454,"distribution":"{\"name\": \"FloatDistribution\", \"attributes\": {\"step\": null, \"low\": 1e-05, \"high\": 1000.0, \"log\": true}}"}
{"op_code":5,"worker_id":"1ecc81af-fbdc-4699-a5e8-02eb083366ff-137619964699776","trial_id":204,"param_name":"USE_RMS_SCALING","param_value_internal":1,"distribution":"{\"name\": \"CategoricalDistribution\", \"attributes\": {\"choices\": [true, false]}}"}
{"op_code":0,"worker_id":"426b7ef7-ae8e-466e-97b7-c29f7f0570ce-130658569983104","study_name":"cp_pred_surprise_L2_residual_delta","directions":[2]}
{"op_code":4,"worker_id":"426b7ef7-ae8e-466e-97b7-c29f7f0570ce-130658569983104","study_id":0,"datetime_start":"2026-05-05T15:16:54.719064"}
{"op_code":9,"worker_id":"426b7ef7-ae8e-466e-97b7-c29f7f0570ce-130658569983104","trial_id":205,"system_attr":{"tpe:relative_params:0":"{\"RANK_REGRESS\": 56, \"REG_W\": 48.09020577797628, \"USE_RMS_SCALING\": true}"}}
{"op_code":5,"worker_id":"426b7ef7-ae8e-466e-97b7-c29f7f0570ce-130658569983104","trial_id":205,"param_name":"RANK_REGRESS","param_value_internal":56.0,"distribution":"{\"name\": \"IntDistribution\", \"attributes\": {\"log\": false, \"step\": 1, \"low\": 5, \"high\": 80}}"}
{"op_code":5,"worker_id":"426b7ef7-ae8e-466e-97b7-c29f7f0570ce-130658569983104","trial_id":205,"param_name":"REG_W","param_value_internal":48.09020577797628,"distribution":"{\"name\": \"FloatDistribution\", \"attributes\": {\"step\": null, \"low\": 1e-05, \"high\": 1000.0, \"log\": true}}"}
{"op_code":5,"worker_id":"426b7ef7-ae8e-466e-97b7-c29f7f0570ce-130658569983104","trial_id":205,"param_name":"USE_RMS_SCALING","param_value_internal":0,"distribution":"{\"name\": \"CategoricalDistribution\", \"attributes\": {\"choices\": [true, false]}}"}
{"op_code":0,"worker_id":"01385057-f486-4534-8a12-166de72c3d8f-138141888656512","study_name":"cp_pred_surprise_L2_residual_delta","directions":[2]}
{"op_code":0,"worker_id":"d174e0c9-2b6c-495e-8860-f3a3d7e8281d-139963304486016","study_name":"cp_pred_surprise_L2_residual_delta","directions":[2]}
{"op_code":4,"worker_id":"01385057-f486-4534-8a12-166de72c3d8f-138141888656512","study_id":0,"datetime_start":"2026-05-05T15:16:55.051244"}
{"op_code":4,"worker_id":"d174e0c9-2b6c-495e-8860-f3a3d7e8281d-139963304486016","study_id":0,"datetime_start":"2026-05-05T15:16:55.070648"}
{"op_code":9,"worker_id":"01385057-f486-4534-8a12-166de72c3d8f-138141888656512","trial_id":206,"system_attr":{"tpe:relative_params:0":"{\"RANK_REGRESS\": 71, \"REG_W\": 759.2297427702596, \"USE_RMS_SCALING\": false}"}}
{"op_code":9,"worker_id":"d174e0c9-2b6c-495e-8860-f3a3d7e8281d-139963304486016","trial_id":207,"system_attr":{"tpe:relative_params:0":"{\"RANK_REGRESS\": 71, \"REG_W\": 861.1776132163349, \"USE_RMS_SCALING\": false}"}}
{"op_code":5,"worker_id":"01385057-f486-4534-8a12-166de72c3d8f-138141888656512","trial_id":206,"param_name":"RANK_REGRESS","param_value_internal":71.0,"distribution":"{\"name\": \"IntDistribution\", \"attributes\": {\"log\": false, \"step\": 1, \"low\": 5, \"high\": 80}}"}
{"op_code":5,"worker_id":"d174e0c9-2b6c-495e-8860-f3a3d7e8281d-139963304486016","trial_id":207,"param_name":"RANK_REGRESS","param_value_internal":71.0,"distribution":"{\"name\": \"IntDistribution\", \"attributes\": {\"log\": false, \"step\": 1, \"low\": 5, \"high\": 80}}"}
{"op_code":5,"worker_id":"01385057-f486-4534-8a12-166de72c3d8f-138141888656512","trial_id":206,"param_name":"REG_W","param_value_internal":759.2297427702596,"distribution":"{\"name\": \"FloatDistribution\", \"attributes\": {\"step\": null, \"low\": 1e-05, \"high\": 1000.0, \"log\": true}}"}
{"op_code":5,"worker_id":"d174e0c9-2b6c-495e-8860-f3a3d7e8281d-139963304486016","trial_id":207,"param_name":"REG_W","param_value_internal":861.1776132163349,"distribution":"{\"name\": \"FloatDistribution\", \"attributes\": {\"step\": null, \"low\": 1e-05, \"high\": 1000.0, \"log\": true}}"}
{"op_code":5,"worker_id":"01385057-f486-4534-8a12-166de72c3d8f-138141888656512","trial_id":206,"param_name":"USE_RMS_SCALING","param_value_internal":1,"distribution":"{\"name\": \"CategoricalDistribution\", \"attributes\": {\"choices\": [true, false]}}"}
{"op_code":5,"worker_id":"d174e0c9-2b6c-495e-8860-f3a3d7e8281d-139963304486016","trial_id":207,"param_name":"USE_RMS_SCALING","param_value_internal":1,"distribution":"{\"name\": \"CategoricalDistribution\", \"attributes\": {\"choices\": [true, false]}}"}
{"op_code":0,"worker_id":"0cef5d56-e50b-48d9-bf95-e85591223855-131018145944704","study_name":"cp_pred_surprise_L2_residual_delta","directions":[2]}
{"op_code":4,"worker_id":"0cef5d56-e50b-48d9-bf95-e85591223855-131018145944704","study_id":0,"datetime_start":"2026-05-05T15:16:55.295979"}
{"op_code":9,"worker_id":"0cef5d56-e50b-48d9-bf95-e85591223855-131018145944704","trial_id":208,"system_attr":{"tpe:relative_params:0":"{\"RANK_REGRESS\": 27, \"REG_W\": 1.5408728744618552, \"USE_RMS_SCALING\": true}"}}
{"op_code":5,"worker_id":"0cef5d56-e50b-48d9-bf95-e85591223855-131018145944704","trial_id":208,"param_name":"RANK_REGRESS","param_value_internal":27.0,"distribution":"{\"name\": \"IntDistribution\", \"attributes\": {\"log\": false, \"step\": 1, \"low\": 5, \"high\": 80}}"}
{"op_code":5,"worker_id":"0cef5d56-e50b-48d9-bf95-e85591223855-131018145944704","trial_id":208,"param_name":"REG_W","param_value_internal":1.5408728744618552,"distribution":"{\"name\": \"FloatDistribution\", \"attributes\": {\"step\": null, \"low\": 1e-05, \"high\": 1000.0, \"log\": true}}"}
{"op_code":5,"worker_id":"0cef5d56-e50b-48d9-bf95-e85591223855-131018145944704","trial_id":208,"param_name":"USE_RMS_SCALING","param_value_internal":0,"distribution":"{\"name\": \"CategoricalDistribution\", \"attributes\": {\"choices\": [true, false]}}"}
{"op_code":0,"worker_id":"93ed0b67-ec9b-418f-8534-22e9f0d022a0-139995285075072","study_name":"cp_pred_surprise_L2_residual_delta","directions":[2]}
{"op_code":4,"worker_id":"93ed0b67-ec9b-418f-8534-22e9f0d022a0-139995285075072","study_id":0,"datetime_start":"2026-05-05T15:16:56.166654"}
{"op_code":9,"worker_id":"93ed0b67-ec9b-418f-8534-22e9f0d022a0-139995285075072","trial_id":209,"system_attr":{"tpe:relative_params:0":"{\"RANK_REGRESS\": 29, \"REG_W\": 82.88924029952094, \"USE_RMS_SCALING\": true}"}}
{"op_code":5,"worker_id":"93ed0b67-ec9b-418f-8534-22e9f0d022a0-139995285075072","trial_id":209,"param_name":"RANK_REGRESS","param_value_internal":29.0,"distribution":"{\"name\": \"IntDistribution\", \"attributes\": {\"log\": false, \"step\": 1, \"low\": 5, \"high\": 80}}"}
{"op_code":5,"worker_id":"93ed0b67-ec9b-418f-8534-22e9f0d022a0-139995285075072","trial_id":209,"param_name":"REG_W","param_value_internal":82.88924029952094,"distribution":"{\"name\": \"FloatDistribution\", \"attributes\": {\"step\": null, \"low\": 1e-05, \"high\": 1000.0, \"log\": true}}"}
{"op_code":5,"worker_id":"93ed0b67-ec9b-418f-8534-22e9f0d022a0-139995285075072","trial_id":209,"param_name":"USE_RMS_SCALING","param_value_internal":0,"distribution":"{\"name\": \"CategoricalDistribution\", \"attributes\": {\"choices\": [true, false]}}"}
{"op_code":6,"worker_id":"1ecc81af-fbdc-4699-a5e8-02eb083366ff-137619964699776","trial_id":204,"state":1,"values":[-0.02865033650639337],"datetime_complete":"2026-05-05T17:15:59.248083"}
{"op_code":4,"worker_id":"1ecc81af-fbdc-4699-a5e8-02eb083366ff-137619964699776","study_id":0,"datetime_start":"2026-05-05T17:15:59.371230"}
{"op_code":9,"worker_id":"1ecc81af-fbdc-4699-a5e8-02eb083366ff-137619964699776","trial_id":210,"system_attr":{"tpe:relative_params:0":"{\"RANK_REGRESS\": 47, \"REG_W\": 723.5752595709563, \"USE_RMS_SCALING\": true}"}}
{"op_code":5,"worker_id":"1ecc81af-fbdc-4699-a5e8-02eb083366ff-137619964699776","trial_id":210,"param_name":"RANK_REGRESS","param_value_internal":47.0,"distribution":"{\"name\": \"IntDistribution\", \"attributes\": {\"log\": false, \"step\": 1, \"low\": 5, \"high\": 80}}"}
{"op_code":5,"worker_id":"1ecc81af-fbdc-4699-a5e8-02eb083366ff-137619964699776","trial_id":210,"param_name":"REG_W","param_value_internal":723.5752595709563,"distribution":"{\"name\": \"FloatDistribution\", \"attributes\": {\"step\": null, \"low\": 1e-05, \"high\": 1000.0, \"log\": true}}"}
{"op_code":5,"worker_id":"1ecc81af-fbdc-4699-a5e8-02eb083366ff-137619964699776","trial_id":210,"param_name":"USE_RMS_SCALING","param_value_internal":0,"distribution":"{\"name\": \"CategoricalDistribution\", \"attributes\": {\"choices\": [true, false]}}"}
{"op_code":6,"worker_id":"3a462e59-2461-43eb-8c7a-c2190bbf68a3-124892336383104","trial_id":203,"state":1,"values":[0.0],"datetime_complete":"2026-05-05T17:38:42.052316"}
{"op_code":4,"worker_id":"3a462e59-2461-43eb-8c7a-c2190bbf68a3-124892336383104","study_id":0,"datetime_start":"2026-05-05T17:38:42.145485"}
{"op_code":9,"worker_id":"3a462e59-2461-43eb-8c7a-c2190bbf68a3-124892336383104","trial_id":211,"system_attr":{"tpe:relative_params:0":"{\"RANK_REGRESS\": 27, \"REG_W\": 917.6625624347046, \"USE_RMS_SCALING\": true}"}}
{"op_code":5,"worker_id":"3a462e59-2461-43eb-8c7a-c2190bbf68a3-124892336383104","trial_id":211,"param_name":"RANK_REGRESS","param_value_internal":27.0,"distribution":"{\"name\": \"IntDistribution\", \"attributes\": {\"log\": false, \"step\": 1, \"low\": 5, \"high\": 80}}"}
{"op_code":5,"worker_id":"3a462e59-2461-43eb-8c7a-c2190bbf68a3-124892336383104","trial_id":211,"param_name":"REG_W","param_value_internal":917.6625624347046,"distribution":"{\"name\": \"FloatDistribution\", \"attributes\": {\"step\": null, \"low\": 1e-05, \"high\": 1000.0, \"log\": true}}"}
{"op_code":5,"worker_id":"3a462e59-2461-43eb-8c7a-c2190bbf68a3-124892336383104","trial_id":211,"param_name":"USE_RMS_SCALING","param_value_internal":0,"distribution":"{\"name\": \"CategoricalDistribution\", \"attributes\": {\"choices\": [true, false]}}"}
{"op_code":6,"worker_id":"0cef5d56-e50b-48d9-bf95-e85591223855-131018145944704","trial_id":208,"state":1,"values":[-0.327365410273441],"datetime_complete":"2026-05-05T19:20:00.887189"}
{"op_code":4,"worker_id":"0cef5d56-e50b-48d9-bf95-e85591223855-131018145944704","study_id":0,"datetime_start":"2026-05-05T19:20:00.966988"}
{"op_code":9,"worker_id":"0cef5d56-e50b-48d9-bf95-e85591223855-131018145944704","trial_id":212,"system_attr":{"tpe:relative_params:0":"{\"RANK_REGRESS\": 46, \"REG_W\": 14.560330848290196, \"USE_RMS_SCALING\": true}"}}
{"op_code":5,"worker_id":"0cef5d56-e50b-48d9-bf95-e85591223855-131018145944704","trial_id":212,"param_name":"RANK_REGRESS","param_value_internal":46.0,"distribution":"{\"name\": \"IntDistribution\", \"attributes\": {\"log\": false, \"step\": 1, \"low\": 5, \"high\": 80}}"}
{"op_code":5,"worker_id":"0cef5d56-e50b-48d9-bf95-e85591223855-131018145944704","trial_id":212,"param_name":"REG_W","param_value_internal":14.560330848290196,"distribution":"{\"name\": \"FloatDistribution\", \"attributes\": {\"step\": null, \"low\": 1e-05, \"high\": 1000.0, \"log\": true}}"}
{"op_code":5,"worker_id":"0cef5d56-e50b-48d9-bf95-e85591223855-131018145944704","trial_id":212,"param_name":"USE_RMS_SCALING","param_value_internal":0,"distribution":"{\"name\": \"CategoricalDistribution\", \"attributes\": {\"choices\": [true, false]}}"}
{"op_code":6,"worker_id":"b79c6155-39bd-44aa-bc06-bdaf08631c59-136637074277504","trial_id":195,"state":1,"values":[0.0],"datetime_complete":"2026-05-05T19:40:46.987914"}
{"op_code":4,"worker_id":"b79c6155-39bd-44aa-bc06-bdaf08631c59-136637074277504","study_id":0,"datetime_start":"2026-05-05T19:40:47.073530"}
{"op_code":9,"worker_id":"b79c6155-39bd-44aa-bc06-bdaf08631c59-136637074277504","trial_id":213,"system_attr":{"tpe:relative_params:0":"{\"RANK_REGRESS\": 54, \"REG_W\": 384.35675650170185, \"USE_RMS_SCALING\": false}"}}
{"op_code":5,"worker_id":"b79c6155-39bd-44aa-bc06-bdaf08631c59-136637074277504","trial_id":213,"param_name":"RANK_REGRESS","param_value_internal":54.0,"distribution":"{\"name\": \"IntDistribution\", \"attributes\": {\"log\": false, \"step\": 1, \"low\": 5, \"high\": 80}}"}
{"op_code":5,"worker_id":"b79c6155-39bd-44aa-bc06-bdaf08631c59-136637074277504","trial_id":213,"param_name":"REG_W","param_value_internal":384.35675650170185,"distribution":"{\"name\": \"FloatDistribution\", \"attributes\": {\"step\": null, \"low\": 1e-05, \"high\": 1000.0, \"log\": true}}"}
{"op_code":5,"worker_id":"b79c6155-39bd-44aa-bc06-bdaf08631c59-136637074277504","trial_id":213,"param_name":"USE_RMS_SCALING","param_value_internal":1,"distribution":"{\"name\": \"CategoricalDistribution\", \"attributes\": {\"choices\": [true, false]}}"}
{"op_code":6,"worker_id":"4735d5c3-3775-40a3-a8f4-fc6c7df0e55f-131797185545344","trial_id":174,"state":1,"values":[0.0],"datetime_complete":"2026-05-05T19:54:47.683927"}
{"op_code":4,"worker_id":"4735d5c3-3775-40a3-a8f4-fc6c7df0e55f-131797185545344","study_id":0,"datetime_start":"2026-05-05T19:54:47.762106"}
{"op_code":9,"worker_id":"4735d5c3-3775-40a3-a8f4-fc6c7df0e55f-131797185545344","trial_id":214,"system_attr":{"tpe:relative_params:0":"{\"RANK_REGRESS\": 21, \"REG_W\": 43.65601677663799, \"USE_RMS_SCALING\": true}"}}
{"op_code":5,"worker_id":"4735d5c3-3775-40a3-a8f4-fc6c7df0e55f-131797185545344","trial_id":214,"param_name":"RANK_REGRESS","param_value_internal":21.0,"distribution":"{\"name\": \"IntDistribution\", \"attributes\": {\"log\": false, \"step\": 1, \"low\": 5, \"high\": 80}}"}
{"op_code":5,"worker_id":"4735d5c3-3775-40a3-a8f4-fc6c7df0e55f-131797185545344","trial_id":214,"param_name":"REG_W","param_value_internal":43.65601677663799,"distribution":"{\"name\": \"FloatDistribution\", \"attributes\": {\"step\": null, \"low\": 1e-05, \"high\": 1000.0, \"log\": true}}"}
{"op_code":5,"worker_id":"4735d5c3-3775-40a3-a8f4-fc6c7df0e55f-131797185545344","trial_id":214,"param_name":"USE_RMS_SCALING","param_value_internal":0,"distribution":"{\"name\": \"CategoricalDistribution\", \"attributes\": {\"choices\": [true, false]}}"}
{"op_code":6,"worker_id":"1fe9c47f-ee66-4d8b-8377-ebe0e0b8fa7a-137005518849152","trial_id":179,"state":1,"values":[0.0],"datetime_complete":"2026-05-05T20:04:56.344229"}
{"op_code":4,"worker_id":"1fe9c47f-ee66-4d8b-8377-ebe0e0b8fa7a-137005518849152","study_id":0,"datetime_start":"2026-05-05T20:04:56.419646"}
{"op_code":9,"worker_id":"1fe9c47f-ee66-4d8b-8377-ebe0e0b8fa7a-137005518849152","trial_id":215,"system_attr":{"tpe:relative_params:0":"{\"RANK_REGRESS\": 79, \"REG_W\": 2.539484668081665, \"USE_RMS_SCALING\": false}"}}
{"op_code":5,"worker_id":"1fe9c47f-ee66-4d8b-8377-ebe0e0b8fa7a-137005518849152","trial_id":215,"param_name":"RANK_REGRESS","param_value_internal":79.0,"distribution":"{\"name\": \"IntDistribution\", \"attributes\": {\"log\": false, \"step\": 1, \"low\": 5, \"high\": 80}}"}
{"op_code":5,"worker_id":"1fe9c47f-ee66-4d8b-8377-ebe0e0b8fa7a-137005518849152","trial_id":215,"param_name":"REG_W","param_value_internal":2.539484668081665,"distribution":"{\"name\": \"FloatDistribution\", \"attributes\": {\"step\": null, \"low\": 1e-05, \"high\": 1000.0, \"log\": true}}"}
{"op_code":5,"worker_id":"1fe9c47f-ee66-4d8b-8377-ebe0e0b8fa7a-137005518849152","trial_id":215,"param_name":"USE_RMS_SCALING","param_value_internal":1,"distribution":"{\"name\": \"CategoricalDistribution\", \"attributes\": {\"choices\": [true, false]}}"}
{"op_code":6,"worker_id":"bd19843e-2143-4ec2-b3c5-0028203c0e52-123842789692544","trial_id":189,"state":1,"values":[0.0],"datetime_complete":"2026-05-05T20:06:01.340801"}
{"op_code":4,"worker_id":"bd19843e-2143-4ec2-b3c5-0028203c0e52-123842789692544","study_id":0,"datetime_start":"2026-05-05T20:06:01.530075"}
{"op_code":9,"worker_id":"bd19843e-2143-4ec2-b3c5-0028203c0e52-123842789692544","trial_id":216,"system_attr":{"tpe:relative_params:0":"{\"RANK_REGRESS\": 73, \"REG_W\": 25.775716538095566, \"USE_RMS_SCALING\": false}"}}
{"op_code":5,"worker_id":"bd19843e-2143-4ec2-b3c5-0028203c0e52-123842789692544","trial_id":216,"param_name":"RANK_REGRESS","param_value_internal":73.0,"distribution":"{\"name\": \"IntDistribution\", \"attributes\": {\"log\": false, \"step\": 1, \"low\": 5, \"high\": 80}}"}
{"op_code":5,"worker_id":"bd19843e-2143-4ec2-b3c5-0028203c0e52-123842789692544","trial_id":216,"param_name":"REG_W","param_value_internal":25.775716538095566,"distribution":"{\"name\": \"FloatDistribution\", \"attributes\": {\"step\": null, \"low\": 1e-05, \"high\": 1000.0, \"log\": true}}"}
{"op_code":5,"worker_id":"bd19843e-2143-4ec2-b3c5-0028203c0e52-123842789692544","trial_id":216,"param_name":"USE_RMS_SCALING","param_value_internal":1,"distribution":"{\"name\": \"CategoricalDistribution\", \"attributes\": {\"choices\": [true, false]}}"}
{"op_code":6,"worker_id":"45c569f8-67c4-4d2f-b5eb-dfb4f36b88da-138607751189632","trial_id":185,"state":1,"values":[0.0],"datetime_complete":"2026-05-05T20:08:34.720434"}
{"op_code":4,"worker_id":"45c569f8-67c4-4d2f-b5eb-dfb4f36b88da-138607751189632","study_id":0,"datetime_start":"2026-05-05T20:08:34.795043"}
{"op_code":9,"worker_id":"45c569f8-67c4-4d2f-b5eb-dfb4f36b88da-138607751189632","trial_id":217,"system_attr":{"tpe:relative_params:0":"{\"RANK_REGRESS\": 77, \"REG_W\": 292.5040716161902, \"USE_RMS_SCALING\": false}"}}
{"op_code":5,"worker_id":"45c569f8-67c4-4d2f-b5eb-dfb4f36b88da-138607751189632","trial_id":217,"param_name":"RANK_REGRESS","param_value_internal":77.0,"distribution":"{\"name\": \"IntDistribution\", \"attributes\": {\"log\": false, \"step\": 1, \"low\": 5, \"high\": 80}}"}
{"op_code":5,"worker_id":"45c569f8-67c4-4d2f-b5eb-dfb4f36b88da-138607751189632","trial_id":217,"param_name":"REG_W","param_value_internal":292.5040716161902,"distribution":"{\"name\": \"FloatDistribution\", \"attributes\": {\"step\": null, \"low\": 1e-05, \"high\": 1000.0, \"log\": true}}"}
{"op_code":5,"worker_id":"45c569f8-67c4-4d2f-b5eb-dfb4f36b88da-138607751189632","trial_id":217,"param_name":"USE_RMS_SCALING","param_value_internal":1,"distribution":"{\"name\": \"CategoricalDistribution\", \"attributes\": {\"choices\": [true, false]}}"}
{"op_code":6,"worker_id":"4345bb9f-17cf-4ff0-b723-03a9e231690e-134939921056896","trial_id":173,"state":1,"values":[0.0],"datetime_complete":"2026-05-05T20:11:59.771434"}
{"op_code":4,"worker_id":"4345bb9f-17cf-4ff0-b723-03a9e231690e-134939921056896","study_id":0,"datetime_start":"2026-05-05T20:11:59.839190"}
{"op_code":9,"worker_id":"4345bb9f-17cf-4ff0-b723-03a9e231690e-134939921056896","trial_id":218,"system_attr":{"tpe:relative_params:0":"{\"RANK_REGRESS\": 77, \"REG_W\": 57.743433318225435, \"USE_RMS_SCALING\": false}"}}
{"op_code":5,"worker_id":"4345bb9f-17cf-4ff0-b723-03a9e231690e-134939921056896","trial_id":218,"param_name":"RANK_REGRESS","param_value_internal":77.0,"distribution":"{\"name\": \"IntDistribution\", \"attributes\": {\"log\": false, \"step\": 1, \"low\": 5, \"high\": 80}}"}
{"op_code":5,"worker_id":"4345bb9f-17cf-4ff0-b723-03a9e231690e-134939921056896","trial_id":218,"param_name":"REG_W","param_value_internal":57.743433318225435,"distribution":"{\"name\": \"FloatDistribution\", \"attributes\": {\"step\": null, \"low\": 1e-05, \"high\": 1000.0, \"log\": true}}"}
{"op_code":5,"worker_id":"4345bb9f-17cf-4ff0-b723-03a9e231690e-134939921056896","trial_id":218,"param_name":"USE_RMS_SCALING","param_value_internal":1,"distribution":"{\"name\": \"CategoricalDistribution\", \"attributes\": {\"choices\": [true, false]}}"}
{"op_code":6,"worker_id":"c5bff05b-a367-47ed-bbb1-913d6a07f573-136926179939456","trial_id":188,"state":1,"values":[0.0],"datetime_complete":"2026-05-05T20:38:43.007309"}
{"op_code":4,"worker_id":"c5bff05b-a367-47ed-bbb1-913d6a07f573-136926179939456","study_id":0,"datetime_start":"2026-05-05T20:38:43.076487"}
{"op_code":9,"worker_id":"c5bff05b-a367-47ed-bbb1-913d6a07f573-136926179939456","trial_id":219,"system_attr":{"tpe:relative_params:0":"{\"RANK_REGRESS\": 71, \"REG_W\": 39.58449572677006, \"USE_RMS_SCALING\": false}"}}
{"op_code":5,"worker_id":"c5bff05b-a367-47ed-bbb1-913d6a07f573-136926179939456","trial_id":219,"param_name":"RANK_REGRESS","param_value_internal":71.0,"distribution":"{\"name\": \"IntDistribution\", \"attributes\": {\"log\": false, \"step\": 1, \"low\": 5, \"high\": 80}}"}
{"op_code":5,"worker_id":"c5bff05b-a367-47ed-bbb1-913d6a07f573-136926179939456","trial_id":219,"param_name":"REG_W","param_value_internal":39.58449572677006,"distribution":"{\"name\": \"FloatDistribution\", \"attributes\": {\"step\": null, \"low\": 1e-05, \"high\": 1000.0, \"log\": true}}"}
{"op_code":5,"worker_id":"c5bff05b-a367-47ed-bbb1-913d6a07f573-136926179939456","trial_id":219,"param_name":"USE_RMS_SCALING","param_value_internal":1,"distribution":"{\"name\": \"CategoricalDistribution\", \"attributes\": {\"choices\": [true, false]}}"}
{"op_code":6,"worker_id":"cde2da9c-90d0-4f0d-b4e5-3b00eb46c454-132928030033024","trial_id":198,"state":1,"values":[0.0048061609994426435],"datetime_complete":"2026-05-05T20:43:43.562138"}
{"op_code":4,"worker_id":"cde2da9c-90d0-4f0d-b4e5-3b00eb46c454-132928030033024","study_id":0,"datetime_start":"2026-05-05T20:43:43.641463"}
{"op_code":9,"worker_id":"cde2da9c-90d0-4f0d-b4e5-3b00eb46c454-132928030033024","trial_id":220,"system_attr":{"tpe:relative_params:0":"{\"RANK_REGRESS\": 10, \"REG_W\": 16.258227161845934, \"USE_RMS_SCALING\": true}"}}
{"op_code":5,"worker_id":"cde2da9c-90d0-4f0d-b4e5-3b00eb46c454-132928030033024","trial_id":220,"param_name":"RANK_REGRESS","param_value_internal":10.0,"distribution":"{\"name\": \"IntDistribution\", \"attributes\": {\"log\": false, \"step\": 1, \"low\": 5, \"high\": 80}}"}
{"op_code":5,"worker_id":"cde2da9c-90d0-4f0d-b4e5-3b00eb46c454-132928030033024","trial_id":220,"param_name":"REG_W","param_value_internal":16.258227161845934,"distribution":"{\"name\": \"FloatDistribution\", \"attributes\": {\"step\": null, \"low\": 1e-05, \"high\": 1000.0, \"log\": true}}"}
{"op_code":5,"worker_id":"cde2da9c-90d0-4f0d-b4e5-3b00eb46c454-132928030033024","trial_id":220,"param_name":"USE_RMS_SCALING","param_value_internal":0,"distribution":"{\"name\": \"CategoricalDistribution\", \"attributes\": {\"choices\": [true, false]}}"}
{"op_code":6,"worker_id":"166b89ab-bdd9-46f9-a8c8-40f3fb5fab16-128107910046848","trial_id":191,"state":1,"values":[0.0],"datetime_complete":"2026-05-05T20:47:22.638318"}
{"op_code":4,"worker_id":"166b89ab-bdd9-46f9-a8c8-40f3fb5fab16-128107910046848","study_id":0,"datetime_start":"2026-05-05T20:47:22.703448"}
{"op_code":9,"worker_id":"166b89ab-bdd9-46f9-a8c8-40f3fb5fab16-128107910046848","trial_id":221,"system_attr":{"tpe:relative_params:0":"{\"RANK_REGRESS\": 25, \"REG_W\": 22.66326436267237, \"USE_RMS_SCALING\": true}"}}
{"op_code":5,"worker_id":"166b89ab-bdd9-46f9-a8c8-40f3fb5fab16-128107910046848","trial_id":221,"param_name":"RANK_REGRESS","param_value_internal":25.0,"distribution":"{\"name\": \"IntDistribution\", \"attributes\": {\"log\": false, \"step\": 1, \"low\": 5, \"high\": 80}}"}
{"op_code":5,"worker_id":"166b89ab-bdd9-46f9-a8c8-40f3fb5fab16-128107910046848","trial_id":221,"param_name":"REG_W","param_value_internal":22.66326436267237,"distribution":"{\"name\": \"FloatDistribution\", \"attributes\": {\"step\": null, \"low\": 1e-05, \"high\": 1000.0, \"log\": true}}"}
{"op_code":5,"worker_id":"166b89ab-bdd9-46f9-a8c8-40f3fb5fab16-128107910046848","trial_id":221,"param_name":"USE_RMS_SCALING","param_value_internal":0,"distribution":"{\"name\": \"CategoricalDistribution\", \"attributes\": {\"choices\": [true, false]}}"}
{"op_code":6,"worker_id":"93ed0b67-ec9b-418f-8534-22e9f0d022a0-139995285075072","trial_id":209,"state":1,"values":[0.0],"datetime_complete":"2026-05-05T21:09:32.632061"}
{"op_code":4,"worker_id":"93ed0b67-ec9b-418f-8534-22e9f0d022a0-139995285075072","study_id":0,"datetime_start":"2026-05-05T21:09:32.727963"}
{"op_code":9,"worker_id":"93ed0b67-ec9b-418f-8534-22e9f0d022a0-139995285075072","trial_id":222,"system_attr":{"tpe:relative_params:0":"{\"RANK_REGRESS\": 33, \"REG_W\": 5.532579287131535, \"USE_RMS_SCALING\": true}"}}
{"op_code":5,"worker_id":"93ed0b67-ec9b-418f-8534-22e9f0d022a0-139995285075072","trial_id":222,"param_name":"RANK_REGRESS","param_value_internal":33.0,"distribution":"{\"name\": \"IntDistribution\", \"attributes\": {\"log\": false, \"step\": 1, \"low\": 5, \"high\": 80}}"}
{"op_code":5,"worker_id":"93ed0b67-ec9b-418f-8534-22e9f0d022a0-139995285075072","trial_id":222,"param_name":"REG_W","param_value_internal":5.532579287131535,"distribution":"{\"name\": \"FloatDistribution\", \"attributes\": {\"step\": null, \"low\": 1e-05, \"high\": 1000.0, \"log\": true}}"}
{"op_code":5,"worker_id":"93ed0b67-ec9b-418f-8534-22e9f0d022a0-139995285075072","trial_id":222,"param_name":"USE_RMS_SCALING","param_value_internal":0,"distribution":"{\"name\": \"CategoricalDistribution\", \"attributes\": {\"choices\": [true, false]}}"}
{"op_code":6,"worker_id":"4ac78470-afc7-49c9-a151-623300abe3a7-129582237594752","trial_id":181,"state":1,"values":[0.0],"datetime_complete":"2026-05-05T21:38:42.991169"}
{"op_code":4,"worker_id":"4ac78470-afc7-49c9-a151-623300abe3a7-129582237594752","study_id":0,"datetime_start":"2026-05-05T21:38:43.079091"}
{"op_code":9,"worker_id":"4ac78470-afc7-49c9-a151-623300abe3a7-129582237594752","trial_id":223,"system_attr":{"tpe:relative_params:0":"{\"RANK_REGRESS\": 21, \"REG_W\": 20.57729746695107, \"USE_RMS_SCALING\": true}"}}
{"op_code":5,"worker_id":"4ac78470-afc7-49c9-a151-623300abe3a7-129582237594752","trial_id":223,"param_name":"RANK_REGRESS","param_value_internal":21.0,"distribution":"{\"name\": \"IntDistribution\", \"attributes\": {\"log\": false, \"step\": 1, \"low\": 5, \"high\": 80}}"}
{"op_code":5,"worker_id":"4ac78470-afc7-49c9-a151-623300abe3a7-129582237594752","trial_id":223,"param_name":"REG_W","param_value_internal":20.57729746695107,"distribution":"{\"name\": \"FloatDistribution\", \"attributes\": {\"step\": null, \"low\": 1e-05, \"high\": 1000.0, \"log\": true}}"}
{"op_code":5,"worker_id":"4ac78470-afc7-49c9-a151-623300abe3a7-129582237594752","trial_id":223,"param_name":"USE_RMS_SCALING","param_value_internal":0,"distribution":"{\"name\": \"CategoricalDistribution\", \"attributes\": {\"choices\": [true, false]}}"}
{"op_code":6,"worker_id":"cde2da9c-90d0-4f0d-b4e5-3b00eb46c454-132928030033024","trial_id":220,"state":1,"values":[-0.0010059345709390415],"datetime_complete":"2026-05-05T23:10:29.553001"}
{"op_code":4,"worker_id":"cde2da9c-90d0-4f0d-b4e5-3b00eb46c454-132928030033024","study_id":0,"datetime_start":"2026-05-05T23:10:29.626509"}
{"op_code":9,"worker_id":"cde2da9c-90d0-4f0d-b4e5-3b00eb46c454-132928030033024","trial_id":224,"system_attr":{"tpe:relative_params:0":"{\"RANK_REGRESS\": 36, \"REG_W\": 44.728142505265495, \"USE_RMS_SCALING\": true}"}}
{"op_code":5,"worker_id":"cde2da9c-90d0-4f0d-b4e5-3b00eb46c454-132928030033024","trial_id":224,"param_name":"RANK_REGRESS","param_value_internal":36.0,"distribution":"{\"name\": \"IntDistribution\", \"attributes\": {\"log\": false, \"step\": 1, \"low\": 5, \"high\": 80}}"}
{"op_code":5,"worker_id":"cde2da9c-90d0-4f0d-b4e5-3b00eb46c454-132928030033024","trial_id":224,"param_name":"REG_W","param_value_internal":44.728142505265495,"distribution":"{\"name\": \"FloatDistribution\", \"attributes\": {\"step\": null, \"low\": 1e-05, \"high\": 1000.0, \"log\": true}}"}
{"op_code":5,"worker_id":"cde2da9c-90d0-4f0d-b4e5-3b00eb46c454-132928030033024","trial_id":224,"param_name":"USE_RMS_SCALING","param_value_internal":0,"distribution":"{\"name\": \"CategoricalDistribution\", \"attributes\": {\"choices\": [true, false]}}"}
{"op_code":6,"worker_id":"bb34bc4b-8f3b-45d8-b495-d1a9cead8ba4-123734427919488","trial_id":202,"state":1,"values":[-0.652712252123019],"datetime_complete":"2026-05-05T23:14:45.464777"}
{"op_code":4,"worker_id":"bb34bc4b-8f3b-45d8-b495-d1a9cead8ba4-123734427919488","study_id":0,"datetime_start":"2026-05-05T23:14:45.508215"}
{"op_code":9,"worker_id":"bb34bc4b-8f3b-45d8-b495-d1a9cead8ba4-123734427919488","trial_id":225,"system_attr":{"tpe:relative_params:0":"{\"RANK_REGRESS\": 80, \"REG_W\": 34.803936783802875, \"USE_RMS_SCALING\": false}"}}
{"op_code":5,"worker_id":"bb34bc4b-8f3b-45d8-b495-d1a9cead8ba4-123734427919488","trial_id":225,"param_name":"RANK_REGRESS","param_value_internal":80.0,"distribution":"{\"name\": \"IntDistribution\", \"attributes\": {\"log\": false, \"step\": 1, \"low\": 5, \"high\": 80}}"}
{"op_code":5,"worker_id":"bb34bc4b-8f3b-45d8-b495-d1a9cead8ba4-123734427919488","trial_id":225,"param_name":"REG_W","param_value_internal":34.803936783802875,"distribution":"{\"name\": \"FloatDistribution\", \"attributes\": {\"step\": null, \"low\": 1e-05, \"high\": 1000.0, \"log\": true}}"}
{"op_code":5,"worker_id":"bb34bc4b-8f3b-45d8-b495-d1a9cead8ba4-123734427919488","trial_id":225,"param_name":"USE_RMS_SCALING","param_value_internal":1,"distribution":"{\"name\": \"CategoricalDistribution\", \"attributes\": {\"choices\": [true, false]}}"}
{"op_code":6,"worker_id":"271375ab-5dc2-469c-808f-b950b62a52db-130102141883520","trial_id":197,"state":1,"values":[0.0],"datetime_complete":"2026-05-05T23:27:08.556626"}
{"op_code":4,"worker_id":"271375ab-5dc2-469c-808f-b950b62a52db-130102141883520","study_id":0,"datetime_start":"2026-05-05T23:27:08.633907"}
{"op_code":9,"worker_id":"271375ab-5dc2-469c-808f-b950b62a52db-130102141883520","trial_id":226,"system_attr":{"tpe:relative_params:0":"{\"RANK_REGRESS\": 18, \"REG_W\": 21.079280454091766, \"USE_RMS_SCALING\": false}"}}
{"op_code":5,"worker_id":"271375ab-5dc2-469c-808f-b950b62a52db-130102141883520","trial_id":226,"param_name":"RANK_REGRESS","param_value_internal":18.0,"distribution":"{\"name\": \"IntDistribution\", \"attributes\": {\"log\": false, \"step\": 1, \"low\": 5, \"high\": 80}}"}
{"op_code":5,"worker_id":"271375ab-5dc2-469c-808f-b950b62a52db-130102141883520","trial_id":226,"param_name":"REG_W","param_value_internal":21.079280454091766,"distribution":"{\"name\": \"FloatDistribution\", \"attributes\": {\"step\": null, \"low\": 1e-05, \"high\": 1000.0, \"log\": true}}"}
{"op_code":5,"worker_id":"271375ab-5dc2-469c-808f-b950b62a52db-130102141883520","trial_id":226,"param_name":"USE_RMS_SCALING","param_value_internal":1,"distribution":"{\"name\": \"CategoricalDistribution\", \"attributes\": {\"choices\": [true, false]}}"}
{"op_code":6,"worker_id":"3a462e59-2461-43eb-8c7a-c2190bbf68a3-124892336383104","trial_id":211,"state":1,"values":[0.0],"datetime_complete":"2026-05-05T23:31:23.331549"}
{"op_code":4,"worker_id":"3a462e59-2461-43eb-8c7a-c2190bbf68a3-124892336383104","study_id":0,"datetime_start":"2026-05-05T23:31:23.434875"}
{"op_code":9,"worker_id":"3a462e59-2461-43eb-8c7a-c2190bbf68a3-124892336383104","trial_id":227,"system_attr":{"tpe:relative_params:0":"{\"RANK_REGRESS\": 22, \"REG_W\": 57.672628953511406, \"USE_RMS_SCALING\": true}"}}
{"op_code":5,"worker_id":"3a462e59-2461-43eb-8c7a-c2190bbf68a3-124892336383104","trial_id":227,"param_name":"RANK_REGRESS","param_value_internal":22.0,"distribution":"{\"name\": \"IntDistribution\", \"attributes\": {\"log\": false, \"step\": 1, \"low\": 5, \"high\": 80}}"}
{"op_code":5,"worker_id":"3a462e59-2461-43eb-8c7a-c2190bbf68a3-124892336383104","trial_id":227,"param_name":"REG_W","param_value_internal":57.672628953511406,"distribution":"{\"name\": \"FloatDistribution\", \"attributes\": {\"step\": null, \"low\": 1e-05, \"high\": 1000.0, \"log\": true}}"}
{"op_code":5,"worker_id":"3a462e59-2461-43eb-8c7a-c2190bbf68a3-124892336383104","trial_id":227,"param_name":"USE_RMS_SCALING","param_value_internal":0,"distribution":"{\"name\": \"CategoricalDistribution\", \"attributes\": {\"choices\": [true, false]}}"}
{"op_code":6,"worker_id":"ab715761-de0e-4ad9-92aa-c359ac5ca251-124171878241408","trial_id":186,"state":1,"values":[0.0],"datetime_complete":"2026-05-05T23:38:05.592399"}
{"op_code":4,"worker_id":"ab715761-de0e-4ad9-92aa-c359ac5ca251-124171878241408","study_id":0,"datetime_start":"2026-05-05T23:38:05.678087"}
{"op_code":9,"worker_id":"ab715761-de0e-4ad9-92aa-c359ac5ca251-124171878241408","trial_id":228,"system_attr":{"tpe:relative_params:0":"{\"RANK_REGRESS\": 55, \"REG_W\": 340.15367710909663, \"USE_RMS_SCALING\": true}"}}
{"op_code":5,"worker_id":"ab715761-de0e-4ad9-92aa-c359ac5ca251-124171878241408","trial_id":228,"param_name":"RANK_REGRESS","param_value_internal":55.0,"distribution":"{\"name\": \"IntDistribution\", \"attributes\": {\"log\": false, \"step\": 1, \"low\": 5, \"high\": 80}}"}
{"op_code":5,"worker_id":"ab715761-de0e-4ad9-92aa-c359ac5ca251-124171878241408","trial_id":228,"param_name":"REG_W","param_value_internal":340.15367710909663,"distribution":"{\"name\": \"FloatDistribution\", \"attributes\": {\"step\": null, \"low\": 1e-05, \"high\": 1000.0, \"log\": true}}"}
{"op_code":5,"worker_id":"ab715761-de0e-4ad9-92aa-c359ac5ca251-124171878241408","trial_id":228,"param_name":"USE_RMS_SCALING","param_value_internal":0,"distribution":"{\"name\": \"CategoricalDistribution\", \"attributes\": {\"choices\": [true, false]}}"}
{"op_code":6,"worker_id":"ec2a77f2-f830-42e7-af60-b808ff421d97-132193779037312","trial_id":177,"state":1,"values":[0.0],"datetime_complete":"2026-05-05T23:38:39.607101"}
{"op_code":4,"worker_id":"ec2a77f2-f830-42e7-af60-b808ff421d97-132193779037312","study_id":0,"datetime_start":"2026-05-05T23:38:39.773615"}
{"op_code":9,"worker_id":"ec2a77f2-f830-42e7-af60-b808ff421d97-132193779037312","trial_id":229,"system_attr":{"tpe:relative_params:0":"{\"RANK_REGRESS\": 28, \"REG_W\": 46.45305347696881, \"USE_RMS_SCALING\": true}"}}
{"op_code":5,"worker_id":"ec2a77f2-f830-42e7-af60-b808ff421d97-132193779037312","trial_id":229,"param_name":"RANK_REGRESS","param_value_internal":28.0,"distribution":"{\"name\": \"IntDistribution\", \"attributes\": {\"log\": false, \"step\": 1, \"low\": 5, \"high\": 80}}"}
{"op_code":5,"worker_id":"ec2a77f2-f830-42e7-af60-b808ff421d97-132193779037312","trial_id":229,"param_name":"REG_W","param_value_internal":46.45305347696881,"distribution":"{\"name\": \"FloatDistribution\", \"attributes\": {\"step\": null, \"low\": 1e-05, \"high\": 1000.0, \"log\": true}}"}
{"op_code":5,"worker_id":"ec2a77f2-f830-42e7-af60-b808ff421d97-132193779037312","trial_id":229,"param_name":"USE_RMS_SCALING","param_value_internal":0,"distribution":"{\"name\": \"CategoricalDistribution\", \"attributes\": {\"choices\": [true, false]}}"}
{"op_code":6,"worker_id":"01510893-e7b0-4040-a05e-095b100f0547-136767417345152","trial_id":200,"state":1,"values":[0.0],"datetime_complete":"2026-05-05T23:55:27.081075"}
{"op_code":4,"worker_id":"01510893-e7b0-4040-a05e-095b100f0547-136767417345152","study_id":0,"datetime_start":"2026-05-05T23:55:27.189542"}
{"op_code":9,"worker_id":"01510893-e7b0-4040-a05e-095b100f0547-136767417345152","trial_id":230,"system_attr":{"tpe:relative_params:0":"{\"RANK_REGRESS\": 26, \"REG_W\": 939.1445972334384, \"USE_RMS_SCALING\": true}"}}
{"op_code":5,"worker_id":"01510893-e7b0-4040-a05e-095b100f0547-136767417345152","trial_id":230,"param_name":"RANK_REGRESS","param_value_internal":26.0,"distribution":"{\"name\": \"IntDistribution\", \"attributes\": {\"log\": false, \"step\": 1, \"low\": 5, \"high\": 80}}"}
{"op_code":5,"worker_id":"01510893-e7b0-4040-a05e-095b100f0547-136767417345152","trial_id":230,"param_name":"REG_W","param_value_internal":939.1445972334384,"distribution":"{\"name\": \"FloatDistribution\", \"attributes\": {\"step\": null, \"low\": 1e-05, \"high\": 1000.0, \"log\": true}}"}
{"op_code":5,"worker_id":"01510893-e7b0-4040-a05e-095b100f0547-136767417345152","trial_id":230,"param_name":"USE_RMS_SCALING","param_value_internal":0,"distribution":"{\"name\": \"CategoricalDistribution\", \"attributes\": {\"choices\": [true, false]}}"}
{"op_code":6,"worker_id":"4735d5c3-3775-40a3-a8f4-fc6c7df0e55f-131797185545344","trial_id":214,"state":1,"values":[0.0],"datetime_complete":"2026-05-06T00:02:47.350639"}
{"op_code":4,"worker_id":"4735d5c3-3775-40a3-a8f4-fc6c7df0e55f-131797185545344","study_id":0,"datetime_start":"2026-05-06T00:02:47.429700"}
{"op_code":9,"worker_id":"4735d5c3-3775-40a3-a8f4-fc6c7df0e55f-131797185545344","trial_id":231,"system_attr":{"tpe:relative_params:0":"{\"RANK_REGRESS\": 72, \"REG_W\": 143.8540189252632, \"USE_RMS_SCALING\": true}"}}
{"op_code":5,"worker_id":"4735d5c3-3775-40a3-a8f4-fc6c7df0e55f-131797185545344","trial_id":231,"param_name":"RANK_REGRESS","param_value_internal":72.0,"distribution":"{\"name\": \"IntDistribution\", \"attributes\": {\"log\": false, \"step\": 1, \"low\": 5, \"high\": 80}}"}
{"op_code":5,"worker_id":"4735d5c3-3775-40a3-a8f4-fc6c7df0e55f-131797185545344","trial_id":231,"param_name":"REG_W","param_value_internal":143.8540189252632,"distribution":"{\"name\": \"FloatDistribution\", \"attributes\": {\"step\": null, \"low\": 1e-05, \"high\": 1000.0, \"log\": true}}"}
{"op_code":5,"worker_id":"4735d5c3-3775-40a3-a8f4-fc6c7df0e55f-131797185545344","trial_id":231,"param_name":"USE_RMS_SCALING","param_value_internal":0,"distribution":"{\"name\": \"CategoricalDistribution\", \"attributes\": {\"choices\": [true, false]}}"}
{"op_code":6,"worker_id":"94a3017f-ac78-418d-974b-87187d3efe44-134500650919040","trial_id":187,"state":1,"values":[-0.25586070217540907],"datetime_complete":"2026-05-06T00:24:18.091063"}
{"op_code":4,"worker_id":"94a3017f-ac78-418d-974b-87187d3efe44-134500650919040","study_id":0,"datetime_start":"2026-05-06T00:24:18.199291"}
{"op_code":9,"worker_id":"94a3017f-ac78-418d-974b-87187d3efe44-134500650919040","trial_id":232,"system_attr":{"tpe:relative_params:0":"{\"RANK_REGRESS\": 41, \"REG_W\": 74.66603121587568, \"USE_RMS_SCALING\": true}"}}
{"op_code":5,"worker_id":"94a3017f-ac78-418d-974b-87187d3efe44-134500650919040","trial_id":232,"param_name":"RANK_REGRESS","param_value_internal":41.0,"distribution":"{\"name\": \"IntDistribution\", \"attributes\": {\"log\": false, \"step\": 1, \"low\": 5, \"high\": 80}}"}
{"op_code":5,"worker_id":"94a3017f-ac78-418d-974b-87187d3efe44-134500650919040","trial_id":232,"param_name":"REG_W","param_value_internal":74.66603121587568,"distribution":"{\"name\": \"FloatDistribution\", \"attributes\": {\"step\": null, \"low\": 1e-05, \"high\": 1000.0, \"log\": true}}"}
{"op_code":5,"worker_id":"94a3017f-ac78-418d-974b-87187d3efe44-134500650919040","trial_id":232,"param_name":"USE_RMS_SCALING","param_value_internal":0,"distribution":"{\"name\": \"CategoricalDistribution\", \"attributes\": {\"choices\": [true, false]}}"}
{"op_code":6,"worker_id":"ea52197a-a6bf-48a3-b3c1-9031d57bdeed-131136364823680","trial_id":176,"state":1,"values":[0.0],"datetime_complete":"2026-05-06T00:31:10.201620"}
{"op_code":4,"worker_id":"ea52197a-a6bf-48a3-b3c1-9031d57bdeed-131136364823680","study_id":0,"datetime_start":"2026-05-06T00:31:10.282296"}
{"op_code":9,"worker_id":"ea52197a-a6bf-48a3-b3c1-9031d57bdeed-131136364823680","trial_id":233,"system_attr":{"tpe:relative_params:0":"{\"RANK_REGRESS\": 48, \"REG_W\": 716.9450311108195, \"USE_RMS_SCALING\": true}"}}
{"op_code":5,"worker_id":"ea52197a-a6bf-48a3-b3c1-9031d57bdeed-131136364823680","trial_id":233,"param_name":"RANK_REGRESS","param_value_internal":48.0,"distribution":"{\"name\": \"IntDistribution\", \"attributes\": {\"log\": false, \"step\": 1, \"low\": 5, \"high\": 80}}"}
{"op_code":5,"worker_id":"ea52197a-a6bf-48a3-b3c1-9031d57bdeed-131136364823680","trial_id":233,"param_name":"REG_W","param_value_internal":716.9450311108195,"distribution":"{\"name\": \"FloatDistribution\", \"attributes\": {\"step\": null, \"low\": 1e-05, \"high\": 1000.0, \"log\": true}}"}
{"op_code":5,"worker_id":"ea52197a-a6bf-48a3-b3c1-9031d57bdeed-131136364823680","trial_id":233,"param_name":"USE_RMS_SCALING","param_value_internal":0,"distribution":"{\"name\": \"CategoricalDistribution\", \"attributes\": {\"choices\": [true, false]}}"}
{"op_code":6,"worker_id":"dd11c6be-739b-4d68-bcaf-6941ebba8c53-124721651405952","trial_id":190,"state":1,"values":[0.0],"datetime_complete":"2026-05-06T00:50:20.797326"}
{"op_code":4,"worker_id":"dd11c6be-739b-4d68-bcaf-6941ebba8c53-124721651405952","study_id":0,"datetime_start":"2026-05-06T00:50:20.864940"}
{"op_code":9,"worker_id":"dd11c6be-739b-4d68-bcaf-6941ebba8c53-124721651405952","trial_id":234,"system_attr":{"tpe:relative_params:0":"{\"RANK_REGRESS\": 6, \"REG_W\": 87.02403256794797, \"USE_RMS_SCALING\": false}"}}
{"op_code":5,"worker_id":"dd11c6be-739b-4d68-bcaf-6941ebba8c53-124721651405952","trial_id":234,"param_name":"RANK_REGRESS","param_value_internal":6.0,"distribution":"{\"name\": \"IntDistribution\", \"attributes\": {\"log\": false, \"step\": 1, \"low\": 5, \"high\": 80}}"}
{"op_code":5,"worker_id":"dd11c6be-739b-4d68-bcaf-6941ebba8c53-124721651405952","trial_id":234,"param_name":"REG_W","param_value_internal":87.02403256794797,"distribution":"{\"name\": \"FloatDistribution\", \"attributes\": {\"step\": null, \"low\": 1e-05, \"high\": 1000.0, \"log\": true}}"}
{"op_code":5,"worker_id":"dd11c6be-739b-4d68-bcaf-6941ebba8c53-124721651405952","trial_id":234,"param_name":"USE_RMS_SCALING","param_value_internal":1,"distribution":"{\"name\": \"CategoricalDistribution\", \"attributes\": {\"choices\": [true, false]}}"}
{"op_code":6,"worker_id":"166b89ab-bdd9-46f9-a8c8-40f3fb5fab16-128107910046848","trial_id":221,"state":1,"values":[-0.01335202967995408],"datetime_complete":"2026-05-06T01:43:40.739566"}
{"op_code":4,"worker_id":"166b89ab-bdd9-46f9-a8c8-40f3fb5fab16-128107910046848","study_id":0,"datetime_start":"2026-05-06T01:43:40.802616"}
{"op_code":9,"worker_id":"166b89ab-bdd9-46f9-a8c8-40f3fb5fab16-128107910046848","trial_id":235,"system_attr":{"tpe:relative_params:0":"{\"RANK_REGRESS\": 57, \"REG_W\": 389.7863156772868, \"USE_RMS_SCALING\": false}"}}
{"op_code":5,"worker_id":"166b89ab-bdd9-46f9-a8c8-40f3fb5fab16-128107910046848","trial_id":235,"param_name":"RANK_REGRESS","param_value_internal":57.0,"distribution":"{\"name\": \"IntDistribution\", \"attributes\": {\"log\": false, \"step\": 1, \"low\": 5, \"high\": 80}}"}
{"op_code":5,"worker_id":"166b89ab-bdd9-46f9-a8c8-40f3fb5fab16-128107910046848","trial_id":235,"param_name":"REG_W","param_value_internal":389.7863156772868,"distribution":"{\"name\": \"FloatDistribution\", \"attributes\": {\"step\": null, \"low\": 1e-05, \"high\": 1000.0, \"log\": true}}"}
{"op_code":5,"worker_id":"166b89ab-bdd9-46f9-a8c8-40f3fb5fab16-128107910046848","trial_id":235,"param_name":"USE_RMS_SCALING","param_value_internal":1,"distribution":"{\"name\": \"CategoricalDistribution\", \"attributes\": {\"choices\": [true, false]}}"}
{"op_code":6,"worker_id":"4ac78470-afc7-49c9-a151-623300abe3a7-129582237594752","trial_id":223,"state":1,"values":[-0.0008981605259992254],"datetime_complete":"2026-05-06T01:58:13.610768"}
{"op_code":4,"worker_id":"4ac78470-afc7-49c9-a151-623300abe3a7-129582237594752","study_id":0,"datetime_start":"2026-05-06T01:58:13.679179"}
{"op_code":9,"worker_id":"4ac78470-afc7-49c9-a151-623300abe3a7-129582237594752","trial_id":236,"system_attr":{"tpe:relative_params:0":"{\"RANK_REGRESS\": 55, \"REG_W\": 34.40797322034465, \"USE_RMS_SCALING\": false}"}}
{"op_code":5,"worker_id":"4ac78470-afc7-49c9-a151-623300abe3a7-129582237594752","trial_id":236,"param_name":"RANK_REGRESS","param_value_internal":55.0,"distribution":"{\"name\": \"IntDistribution\", \"attributes\": {\"log\": false, \"step\": 1, \"low\": 5, \"high\": 80}}"}
{"op_code":5,"worker_id":"4ac78470-afc7-49c9-a151-623300abe3a7-129582237594752","trial_id":236,"param_name":"REG_W","param_value_internal":34.40797322034465,"distribution":"{\"name\": \"FloatDistribution\", \"attributes\": {\"step\": null, \"low\": 1e-05, \"high\": 1000.0, \"log\": true}}"}
{"op_code":5,"worker_id":"4ac78470-afc7-49c9-a151-623300abe3a7-129582237594752","trial_id":236,"param_name":"USE_RMS_SCALING","param_value_internal":1,"distribution":"{\"name\": \"CategoricalDistribution\", \"attributes\": {\"choices\": [true, false]}}"}
{"op_code":6,"worker_id":"23087242-6b37-4916-8a6d-1cf1e66fe731-125759604556928","trial_id":192,"state":1,"values":[-0.021386956894119142],"datetime_complete":"2026-05-06T01:58:57.246703"}
{"op_code":4,"worker_id":"23087242-6b37-4916-8a6d-1cf1e66fe731-125759604556928","study_id":0,"datetime_start":"2026-05-06T01:58:57.426976"}
{"op_code":9,"worker_id":"23087242-6b37-4916-8a6d-1cf1e66fe731-125759604556928","trial_id":237,"system_attr":{"tpe:relative_params:0":"{\"RANK_REGRESS\": 66, \"REG_W\": 36.84425940124557, \"USE_RMS_SCALING\": false}"}}
{"op_code":5,"worker_id":"23087242-6b37-4916-8a6d-1cf1e66fe731-125759604556928","trial_id":237,"param_name":"RANK_REGRESS","param_value_internal":66.0,"distribution":"{\"name\": \"IntDistribution\", \"attributes\": {\"log\": false, \"step\": 1, \"low\": 5, \"high\": 80}}"}
{"op_code":5,"worker_id":"23087242-6b37-4916-8a6d-1cf1e66fe731-125759604556928","trial_id":237,"param_name":"REG_W","param_value_internal":36.84425940124557,"distribution":"{\"name\": \"FloatDistribution\", \"attributes\": {\"step\": null, \"low\": 1e-05, \"high\": 1000.0, \"log\": true}}"}
{"op_code":5,"worker_id":"23087242-6b37-4916-8a6d-1cf1e66fe731-125759604556928","trial_id":237,"param_name":"USE_RMS_SCALING","param_value_internal":1,"distribution":"{\"name\": \"CategoricalDistribution\", \"attributes\": {\"choices\": [true, false]}}"}
{"op_code":6,"worker_id":"1ecc81af-fbdc-4699-a5e8-02eb083366ff-137619964699776","trial_id":210,"state":1,"values":[0.0],"datetime_complete":"2026-05-06T02:02:05.843992"}
{"op_code":4,"worker_id":"1ecc81af-fbdc-4699-a5e8-02eb083366ff-137619964699776","study_id":0,"datetime_start":"2026-05-06T02:02:05.927370"}
{"op_code":9,"worker_id":"1ecc81af-fbdc-4699-a5e8-02eb083366ff-137619964699776","trial_id":238,"system_attr":{"tpe:relative_params:0":"{\"RANK_REGRESS\": 56, \"REG_W\": 435.6313922574838, \"USE_RMS_SCALING\": false}"}}
{"op_code":5,"worker_id":"1ecc81af-fbdc-4699-a5e8-02eb083366ff-137619964699776","trial_id":238,"param_name":"RANK_REGRESS","param_value_internal":56.0,"distribution":"{\"name\": \"IntDistribution\", \"attributes\": {\"log\": false, \"step\": 1, \"low\": 5, \"high\": 80}}"}
{"op_code":5,"worker_id":"1ecc81af-fbdc-4699-a5e8-02eb083366ff-137619964699776","trial_id":238,"param_name":"REG_W","param_value_internal":435.6313922574838,"distribution":"{\"name\": \"FloatDistribution\", \"attributes\": {\"step\": null, \"low\": 1e-05, \"high\": 1000.0, \"log\": true}}"}
{"op_code":5,"worker_id":"1ecc81af-fbdc-4699-a5e8-02eb083366ff-137619964699776","trial_id":238,"param_name":"USE_RMS_SCALING","param_value_internal":1,"distribution":"{\"name\": \"CategoricalDistribution\", \"attributes\": {\"choices\": [true, false]}}"}
{"op_code":6,"worker_id":"dd11c6be-739b-4d68-bcaf-6941ebba8c53-124721651405952","trial_id":234,"state":1,"values":[0.0],"datetime_complete":"2026-05-06T02:10:20.124493"}
{"op_code":4,"worker_id":"dd11c6be-739b-4d68-bcaf-6941ebba8c53-124721651405952","study_id":0,"datetime_start":"2026-05-06T02:10:20.194313"}
{"op_code":9,"worker_id":"dd11c6be-739b-4d68-bcaf-6941ebba8c53-124721651405952","trial_id":239,"system_attr":{"tpe:relative_params:0":"{\"RANK_REGRESS\": 38, \"REG_W\": 821.8102486334719, \"USE_RMS_SCALING\": false}"}}
{"op_code":5,"worker_id":"dd11c6be-739b-4d68-bcaf-6941ebba8c53-124721651405952","trial_id":239,"param_name":"RANK_REGRESS","param_value_internal":38.0,"distribution":"{\"name\": \"IntDistribution\", \"attributes\": {\"log\": false, \"step\": 1, \"low\": 5, \"high\": 80}}"}
{"op_code":5,"worker_id":"dd11c6be-739b-4d68-bcaf-6941ebba8c53-124721651405952","trial_id":239,"param_name":"REG_W","param_value_internal":821.8102486334719,"distribution":"{\"name\": \"FloatDistribution\", \"attributes\": {\"step\": null, \"low\": 1e-05, \"high\": 1000.0, \"log\": true}}"}
{"op_code":5,"worker_id":"dd11c6be-739b-4d68-bcaf-6941ebba8c53-124721651405952","trial_id":239,"param_name":"USE_RMS_SCALING","param_value_internal":1,"distribution":"{\"name\": \"CategoricalDistribution\", \"attributes\": {\"choices\": [true, false]}}"}
{"op_code":6,"worker_id":"07bc62d8-17b0-4a1c-b3e4-7fc40a195fcb-125961989219456","trial_id":172,"state":1,"values":[0.0],"datetime_complete":"2026-05-06T02:14:45.854326"}
{"op_code":4,"worker_id":"07bc62d8-17b0-4a1c-b3e4-7fc40a195fcb-125961989219456","study_id":0,"datetime_start":"2026-05-06T02:14:45.913468"}
{"op_code":9,"worker_id":"07bc62d8-17b0-4a1c-b3e4-7fc40a195fcb-125961989219456","trial_id":240,"system_attr":{"tpe:relative_params:0":"{\"RANK_REGRESS\": 71, \"REG_W\": 976.3156985555364, \"USE_RMS_SCALING\": false}"}}
{"op_code":5,"worker_id":"07bc62d8-17b0-4a1c-b3e4-7fc40a195fcb-125961989219456","trial_id":240,"param_name":"RANK_REGRESS","param_value_internal":71.0,"distribution":"{\"name\": \"IntDistribution\", \"attributes\": {\"log\": false, \"step\": 1, \"low\": 5, \"high\": 80}}"}
{"op_code":5,"worker_id":"07bc62d8-17b0-4a1c-b3e4-7fc40a195fcb-125961989219456","trial_id":240,"param_name":"REG_W","param_value_internal":976.3156985555364,"distribution":"{\"name\": \"FloatDistribution\", \"attributes\": {\"step\": null, \"low\": 1e-05, \"high\": 1000.0, \"log\": true}}"}
{"op_code":5,"worker_id":"07bc62d8-17b0-4a1c-b3e4-7fc40a195fcb-125961989219456","trial_id":240,"param_name":"USE_RMS_SCALING","param_value_internal":1,"distribution":"{\"name\": \"CategoricalDistribution\", \"attributes\": {\"choices\": [true, false]}}"}
{"op_code":6,"worker_id":"a6697716-98da-4089-952f-ab7c8da20ae2-125770523624576","trial_id":182,"state":1,"values":[0.0],"datetime_complete":"2026-05-06T02:30:43.524147"}
{"op_code":4,"worker_id":"a6697716-98da-4089-952f-ab7c8da20ae2-125770523624576","study_id":0,"datetime_start":"2026-05-06T02:30:43.629205"}
{"op_code":9,"worker_id":"a6697716-98da-4089-952f-ab7c8da20ae2-125770523624576","trial_id":241,"system_attr":{"tpe:relative_params:0":"{\"RANK_REGRESS\": 64, \"REG_W\": 156.7535176988533, \"USE_RMS_SCALING\": false}"}}
{"op_code":5,"worker_id":"a6697716-98da-4089-952f-ab7c8da20ae2-125770523624576","trial_id":241,"param_name":"RANK_REGRESS","param_value_internal":64.0,"distribution":"{\"name\": \"IntDistribution\", \"attributes\": {\"log\": false, \"step\": 1, \"low\": 5, \"high\": 80}}"}
{"op_code":5,"worker_id":"a6697716-98da-4089-952f-ab7c8da20ae2-125770523624576","trial_id":241,"param_name":"REG_W","param_value_internal":156.7535176988533,"distribution":"{\"name\": \"FloatDistribution\", \"attributes\": {\"step\": null, \"low\": 1e-05, \"high\": 1000.0, \"log\": true}}"}
{"op_code":5,"worker_id":"a6697716-98da-4089-952f-ab7c8da20ae2-125770523624576","trial_id":241,"param_name":"USE_RMS_SCALING","param_value_internal":1,"distribution":"{\"name\": \"CategoricalDistribution\", \"attributes\": {\"choices\": [true, false]}}"}
{"op_code":6,"worker_id":"426b7ef7-ae8e-466e-97b7-c29f7f0570ce-130658569983104","trial_id":205,"state":1,"values":[0.0],"datetime_complete":"2026-05-06T02:49:22.001442"}
{"op_code":4,"worker_id":"426b7ef7-ae8e-466e-97b7-c29f7f0570ce-130658569983104","study_id":0,"datetime_start":"2026-05-06T02:49:22.088270"}
{"op_code":9,"worker_id":"426b7ef7-ae8e-466e-97b7-c29f7f0570ce-130658569983104","trial_id":242,"system_attr":{"tpe:relative_params:0":"{\"RANK_REGRESS\": 65, \"REG_W\": 533.8103106111721, \"USE_RMS_SCALING\": false}"}}
{"op_code":5,"worker_id":"426b7ef7-ae8e-466e-97b7-c29f7f0570ce-130658569983104","trial_id":242,"param_name":"RANK_REGRESS","param_value_internal":65.0,"distribution":"{\"name\": \"IntDistribution\", \"attributes\": {\"log\": false, \"step\": 1, \"low\": 5, \"high\": 80}}"}
{"op_code":5,"worker_id":"426b7ef7-ae8e-466e-97b7-c29f7f0570ce-130658569983104","trial_id":242,"param_name":"REG_W","param_value_internal":533.8103106111721,"distribution":"{\"name\": \"FloatDistribution\", \"attributes\": {\"step\": null, \"low\": 1e-05, \"high\": 1000.0, \"log\": true}}"}
{"op_code":5,"worker_id":"426b7ef7-ae8e-466e-97b7-c29f7f0570ce-130658569983104","trial_id":242,"param_name":"USE_RMS_SCALING","param_value_internal":1,"distribution":"{\"name\": \"CategoricalDistribution\", \"attributes\": {\"choices\": [true, false]}}"}
{"op_code":6,"worker_id":"7c35edc2-2052-44f2-91df-f56e24a6fd13-138247946892416","trial_id":178,"state":1,"values":[0.0],"datetime_complete":"2026-05-06T03:03:39.906123"}
{"op_code":4,"worker_id":"7c35edc2-2052-44f2-91df-f56e24a6fd13-138247946892416","study_id":0,"datetime_start":"2026-05-06T03:03:39.983881"}
{"op_code":9,"worker_id":"7c35edc2-2052-44f2-91df-f56e24a6fd13-138247946892416","trial_id":243,"system_attr":{"tpe:relative_params:0":"{\"RANK_REGRESS\": 78, \"REG_W\": 170.08650873546202, \"USE_RMS_SCALING\": false}"}}
{"op_code":5,"worker_id":"7c35edc2-2052-44f2-91df-f56e24a6fd13-138247946892416","trial_id":243,"param_name":"RANK_REGRESS","param_value_internal":78.0,"distribution":"{\"name\": \"IntDistribution\", \"attributes\": {\"log\": false, \"step\": 1, \"low\": 5, \"high\": 80}}"}
{"op_code":5,"worker_id":"7c35edc2-2052-44f2-91df-f56e24a6fd13-138247946892416","trial_id":243,"param_name":"REG_W","param_value_internal":170.08650873546202,"distribution":"{\"name\": \"FloatDistribution\", \"attributes\": {\"step\": null, \"low\": 1e-05, \"high\": 1000.0, \"log\": true}}"}
{"op_code":5,"worker_id":"7c35edc2-2052-44f2-91df-f56e24a6fd13-138247946892416","trial_id":243,"param_name":"USE_RMS_SCALING","param_value_internal":1,"distribution":"{\"name\": \"CategoricalDistribution\", \"attributes\": {\"choices\": [true, false]}}"}
{"op_code":6,"worker_id":"271375ab-5dc2-469c-808f-b950b62a52db-130102141883520","trial_id":226,"state":1,"values":[-0.07199048351012079],"datetime_complete":"2026-05-06T03:07:51.279940"}
{"op_code":4,"worker_id":"271375ab-5dc2-469c-808f-b950b62a52db-130102141883520","study_id":0,"datetime_start":"2026-05-06T03:07:51.371004"}
{"op_code":9,"worker_id":"271375ab-5dc2-469c-808f-b950b62a52db-130102141883520","trial_id":244,"system_attr":{"tpe:relative_params:0":"{\"RANK_REGRESS\": 55, \"REG_W\": 981.4842196529237, \"USE_RMS_SCALING\": false}"}}
{"op_code":5,"worker_id":"271375ab-5dc2-469c-808f-b950b62a52db-130102141883520","trial_id":244,"param_name":"RANK_REGRESS","param_value_internal":55.0,"distribution":"{\"name\": \"IntDistribution\", \"attributes\": {\"log\": false, \"step\": 1, \"low\": 5, \"high\": 80}}"}
{"op_code":5,"worker_id":"271375ab-5dc2-469c-808f-b950b62a52db-130102141883520","trial_id":244,"param_name":"REG_W","param_value_internal":981.4842196529237,"distribution":"{\"name\": \"FloatDistribution\", \"attributes\": {\"step\": null, \"low\": 1e-05, \"high\": 1000.0, \"log\": true}}"}
{"op_code":5,"worker_id":"271375ab-5dc2-469c-808f-b950b62a52db-130102141883520","trial_id":244,"param_name":"USE_RMS_SCALING","param_value_internal":1,"distribution":"{\"name\": \"CategoricalDistribution\", \"attributes\": {\"choices\": [true, false]}}"}
{"op_code":6,"worker_id":"29803599-dd2a-40cd-9a98-5f30979a28cc-134254115779712","trial_id":201,"state":1,"values":[0.0],"datetime_complete":"2026-05-06T03:29:09.123003"}
{"op_code":4,"worker_id":"29803599-dd2a-40cd-9a98-5f30979a28cc-134254115779712","study_id":0,"datetime_start":"2026-05-06T03:29:09.217289"}
{"op_code":9,"worker_id":"29803599-dd2a-40cd-9a98-5f30979a28cc-134254115779712","trial_id":245,"system_attr":{"tpe:relative_params:0":"{\"RANK_REGRESS\": 18, \"REG_W\": 211.8232345991643, \"USE_RMS_SCALING\": false}"}}
{"op_code":5,"worker_id":"29803599-dd2a-40cd-9a98-5f30979a28cc-134254115779712","trial_id":245,"param_name":"RANK_REGRESS","param_value_internal":18.0,"distribution":"{\"name\": \"IntDistribution\", \"attributes\": {\"log\": false, \"step\": 1, \"low\": 5, \"high\": 80}}"}
{"op_code":5,"worker_id":"29803599-dd2a-40cd-9a98-5f30979a28cc-134254115779712","trial_id":245,"param_name":"REG_W","param_value_internal":211.8232345991643,"distribution":"{\"name\": \"FloatDistribution\", \"attributes\": {\"step\": null, \"low\": 1e-05, \"high\": 1000.0, \"log\": true}}"}
{"op_code":5,"worker_id":"29803599-dd2a-40cd-9a98-5f30979a28cc-134254115779712","trial_id":245,"param_name":"USE_RMS_SCALING","param_value_internal":1,"distribution":"{\"name\": \"CategoricalDistribution\", \"attributes\": {\"choices\": [true, false]}}"}
{"op_code":6,"worker_id":"fd3b04ea-8b8d-424f-a6f8-e3f0f8620aa5-128544407274624","trial_id":193,"state":1,"values":[-0.0047355318244386435],"datetime_complete":"2026-05-06T03:42:09.026856"}
{"op_code":4,"worker_id":"fd3b04ea-8b8d-424f-a6f8-e3f0f8620aa5-128544407274624","study_id":0,"datetime_start":"2026-05-06T03:42:09.094897"}
{"op_code":9,"worker_id":"fd3b04ea-8b8d-424f-a6f8-e3f0f8620aa5-128544407274624","trial_id":246,"system_attr":{"tpe:relative_params:0":"{\"RANK_REGRESS\": 6, \"REG_W\": 555.5192038515693, \"USE_RMS_SCALING\": false}"}}
{"op_code":5,"worker_id":"fd3b04ea-8b8d-424f-a6f8-e3f0f8620aa5-128544407274624","trial_id":246,"param_name":"RANK_REGRESS","param_value_internal":6.0,"distribution":"{\"name\": \"IntDistribution\", \"attributes\": {\"log\": false, \"step\": 1, \"low\": 5, \"high\": 80}}"}
{"op_code":5,"worker_id":"fd3b04ea-8b8d-424f-a6f8-e3f0f8620aa5-128544407274624","trial_id":246,"param_name":"REG_W","param_value_internal":555.5192038515693,"distribution":"{\"name\": \"FloatDistribution\", \"attributes\": {\"step\": null, \"low\": 1e-05, \"high\": 1000.0, \"log\": true}}"}
{"op_code":5,"worker_id":"fd3b04ea-8b8d-424f-a6f8-e3f0f8620aa5-128544407274624","trial_id":246,"param_name":"USE_RMS_SCALING","param_value_internal":1,"distribution":"{\"name\": \"CategoricalDistribution\", \"attributes\": {\"choices\": [true, false]}}"}
{"op_code":6,"worker_id":"3a462e59-2461-43eb-8c7a-c2190bbf68a3-124892336383104","trial_id":227,"state":1,"values":[0.0],"datetime_complete":"2026-05-06T04:20:48.065141"}
{"op_code":4,"worker_id":"3a462e59-2461-43eb-8c7a-c2190bbf68a3-124892336383104","study_id":0,"datetime_start":"2026-05-06T04:20:48.148228"}
{"op_code":9,"worker_id":"3a462e59-2461-43eb-8c7a-c2190bbf68a3-124892336383104","trial_id":247,"system_attr":{"tpe:relative_params:0":"{\"RANK_REGRESS\": 56, \"REG_W\": 41.775584268132384, \"USE_RMS_SCALING\": true}"}}
{"op_code":5,"worker_id":"3a462e59-2461-43eb-8c7a-c2190bbf68a3-124892336383104","trial_id":247,"param_name":"RANK_REGRESS","param_value_internal":56.0,"distribution":"{\"name\": \"IntDistribution\", \"attributes\": {\"log\": false, \"step\": 1, \"low\": 5, \"high\": 80}}"}
{"op_code":5,"worker_id":"3a462e59-2461-43eb-8c7a-c2190bbf68a3-124892336383104","trial_id":247,"param_name":"REG_W","param_value_internal":41.775584268132384,"distribution":"{\"name\": \"FloatDistribution\", \"attributes\": {\"step\": null, \"low\": 1e-05, \"high\": 1000.0, \"log\": true}}"}
{"op_code":5,"worker_id":"3a462e59-2461-43eb-8c7a-c2190bbf68a3-124892336383104","trial_id":247,"param_name":"USE_RMS_SCALING","param_value_internal":0,"distribution":"{\"name\": \"CategoricalDistribution\", \"attributes\": {\"choices\": [true, false]}}"}
{"op_code":6,"worker_id":"0cef5d56-e50b-48d9-bf95-e85591223855-131018145944704","trial_id":212,"state":1,"values":[-0.014478165777935778],"datetime_complete":"2026-05-06T04:28:10.219960"}
{"op_code":4,"worker_id":"0cef5d56-e50b-48d9-bf95-e85591223855-131018145944704","study_id":0,"datetime_start":"2026-05-06T04:28:10.298928"}
{"op_code":9,"worker_id":"0cef5d56-e50b-48d9-bf95-e85591223855-131018145944704","trial_id":248,"system_attr":{"tpe:relative_params:0":"{\"RANK_REGRESS\": 6, \"REG_W\": 51.50490443209642, \"USE_RMS_SCALING\": false}"}}
{"op_code":5,"worker_id":"0cef5d56-e50b-48d9-bf95-e85591223855-131018145944704","trial_id":248,"param_name":"RANK_REGRESS","param_value_internal":6.0,"distribution":"{\"name\": \"IntDistribution\", \"attributes\": {\"log\": false, \"step\": 1, \"low\": 5, \"high\": 80}}"}
{"op_code":5,"worker_id":"0cef5d56-e50b-48d9-bf95-e85591223855-131018145944704","trial_id":248,"param_name":"REG_W","param_value_internal":51.50490443209642,"distribution":"{\"name\": \"FloatDistribution\", \"attributes\": {\"step\": null, \"low\": 1e-05, \"high\": 1000.0, \"log\": true}}"}
{"op_code":5,"worker_id":"0cef5d56-e50b-48d9-bf95-e85591223855-131018145944704","trial_id":248,"param_name":"USE_RMS_SCALING","param_value_internal":1,"distribution":"{\"name\": \"CategoricalDistribution\", \"attributes\": {\"choices\": [true, false]}}"}
{"op_code":6,"worker_id":"151a02cd-0616-4fd3-a4fe-eb871f631b14-131617264080000","trial_id":171,"state":1,"values":[0.0],"datetime_complete":"2026-05-06T04:28:16.941142"}
{"op_code":4,"worker_id":"151a02cd-0616-4fd3-a4fe-eb871f631b14-131617264080000","study_id":0,"datetime_start":"2026-05-06T04:28:17.131339"}
{"op_code":9,"worker_id":"151a02cd-0616-4fd3-a4fe-eb871f631b14-131617264080000","trial_id":249,"system_attr":{"tpe:relative_params:0":"{\"RANK_REGRESS\": 5, \"REG_W\": 674.8649227353245, \"USE_RMS_SCALING\": false}"}}
{"op_code":5,"worker_id":"151a02cd-0616-4fd3-a4fe-eb871f631b14-131617264080000","trial_id":249,"param_name":"RANK_REGRESS","param_value_internal":5.0,"distribution":"{\"name\": \"IntDistribution\", \"attributes\": {\"log\": false, \"step\": 1, \"low\": 5, \"high\": 80}}"}
{"op_code":5,"worker_id":"151a02cd-0616-4fd3-a4fe-eb871f631b14-131617264080000","trial_id":249,"param_name":"REG_W","param_value_internal":674.8649227353245,"distribution":"{\"name\": \"FloatDistribution\", \"attributes\": {\"step\": null, \"low\": 1e-05, \"high\": 1000.0, \"log\": true}}"}
{"op_code":5,"worker_id":"151a02cd-0616-4fd3-a4fe-eb871f631b14-131617264080000","trial_id":249,"param_name":"USE_RMS_SCALING","param_value_internal":1,"distribution":"{\"name\": \"CategoricalDistribution\", \"attributes\": {\"choices\": [true, false]}}"}
{"op_code":6,"worker_id":"a1080101-cc94-49a5-888c-ae028f1f24e2-135282771055744","trial_id":196,"state":1,"values":[0.0],"datetime_complete":"2026-05-06T04:47:57.107902"}
{"op_code":4,"worker_id":"a1080101-cc94-49a5-888c-ae028f1f24e2-135282771055744","study_id":0,"datetime_start":"2026-05-06T04:47:57.180353"}
{"op_code":9,"worker_id":"a1080101-cc94-49a5-888c-ae028f1f24e2-135282771055744","trial_id":250,"system_attr":{"tpe:relative_params:0":"{\"RANK_REGRESS\": 18, \"REG_W\": 3.772120859381435, \"USE_RMS_SCALING\": true}"}}
{"op_code":5,"worker_id":"a1080101-cc94-49a5-888c-ae028f1f24e2-135282771055744","trial_id":250,"param_name":"RANK_REGRESS","param_value_internal":18.0,"distribution":"{\"name\": \"IntDistribution\", \"attributes\": {\"log\": false, \"step\": 1, \"low\": 5, \"high\": 80}}"}
{"op_code":5,"worker_id":"a1080101-cc94-49a5-888c-ae028f1f24e2-135282771055744","trial_id":250,"param_name":"REG_W","param_value_internal":3.772120859381435,"distribution":"{\"name\": \"FloatDistribution\", \"attributes\": {\"step\": null, \"low\": 1e-05, \"high\": 1000.0, \"log\": true}}"}
{"op_code":5,"worker_id":"a1080101-cc94-49a5-888c-ae028f1f24e2-135282771055744","trial_id":250,"param_name":"USE_RMS_SCALING","param_value_internal":0,"distribution":"{\"name\": \"CategoricalDistribution\", \"attributes\": {\"choices\": [true, false]}}"}
{"op_code":6,"worker_id":"ec2a77f2-f830-42e7-af60-b808ff421d97-132193779037312","trial_id":229,"state":1,"values":[0.0],"datetime_complete":"2026-05-06T04:51:08.334044"}
{"op_code":4,"worker_id":"ec2a77f2-f830-42e7-af60-b808ff421d97-132193779037312","study_id":0,"datetime_start":"2026-05-06T04:51:08.415907"}
{"op_code":9,"worker_id":"ec2a77f2-f830-42e7-af60-b808ff421d97-132193779037312","trial_id":251,"system_attr":{"tpe:relative_params:0":"{\"RANK_REGRESS\": 8, \"REG_W\": 54.79923472347644, \"USE_RMS_SCALING\": false}"}}
{"op_code":5,"worker_id":"ec2a77f2-f830-42e7-af60-b808ff421d97-132193779037312","trial_id":251,"param_name":"RANK_REGRESS","param_value_internal":8.0,"distribution":"{\"name\": \"IntDistribution\", \"attributes\": {\"log\": false, \"step\": 1, \"low\": 5, \"high\": 80}}"}
{"op_code":5,"worker_id":"ec2a77f2-f830-42e7-af60-b808ff421d97-132193779037312","trial_id":251,"param_name":"REG_W","param_value_internal":54.79923472347644,"distribution":"{\"name\": \"FloatDistribution\", \"attributes\": {\"step\": null, \"low\": 1e-05, \"high\": 1000.0, \"log\": true}}"}
{"op_code":5,"worker_id":"ec2a77f2-f830-42e7-af60-b808ff421d97-132193779037312","trial_id":251,"param_name":"USE_RMS_SCALING","param_value_internal":1,"distribution":"{\"name\": \"CategoricalDistribution\", \"attributes\": {\"choices\": [true, false]}}"}
{"op_code":6,"worker_id":"604ac321-6be3-40ac-a27f-3df856a07bc2-136384601556096","trial_id":184,"state":1,"values":[0.0],"datetime_complete":"2026-05-06T04:56:32.678686"}
{"op_code":4,"worker_id":"604ac321-6be3-40ac-a27f-3df856a07bc2-136384601556096","study_id":0,"datetime_start":"2026-05-06T04:56:32.752409"}
{"op_code":9,"worker_id":"604ac321-6be3-40ac-a27f-3df856a07bc2-136384601556096","trial_id":252,"system_attr":{"tpe:relative_params:0":"{\"RANK_REGRESS\": 31, \"REG_W\": 874.4583941568536, \"USE_RMS_SCALING\": true}"}}
{"op_code":5,"worker_id":"604ac321-6be3-40ac-a27f-3df856a07bc2-136384601556096","trial_id":252,"param_name":"RANK_REGRESS","param_value_internal":31.0,"distribution":"{\"name\": \"IntDistribution\", \"attributes\": {\"log\": false, \"step\": 1, \"low\": 5, \"high\": 80}}"}
{"op_code":5,"worker_id":"604ac321-6be3-40ac-a27f-3df856a07bc2-136384601556096","trial_id":252,"param_name":"REG_W","param_value_internal":874.4583941568536,"distribution":"{\"name\": \"FloatDistribution\", \"attributes\": {\"step\": null, \"low\": 1e-05, \"high\": 1000.0, \"log\": true}}"}
{"op_code":5,"worker_id":"604ac321-6be3-40ac-a27f-3df856a07bc2-136384601556096","trial_id":252,"param_name":"USE_RMS_SCALING","param_value_internal":0,"distribution":"{\"name\": \"CategoricalDistribution\", \"attributes\": {\"choices\": [true, false]}}"}
{"op_code":6,"worker_id":"01510893-e7b0-4040-a05e-095b100f0547-136767417345152","trial_id":230,"state":1,"values":[0.0],"datetime_complete":"2026-05-06T04:57:47.485093"}
{"op_code":4,"worker_id":"01510893-e7b0-4040-a05e-095b100f0547-136767417345152","study_id":0,"datetime_start":"2026-05-06T04:57:47.604286"}
{"op_code":9,"worker_id":"01510893-e7b0-4040-a05e-095b100f0547-136767417345152","trial_id":253,"system_attr":{"tpe:relative_params:0":"{\"RANK_REGRESS\": 22, \"REG_W\": 69.43793923734894, \"USE_RMS_SCALING\": true}"}}
{"op_code":5,"worker_id":"01510893-e7b0-4040-a05e-095b100f0547-136767417345152","trial_id":253,"param_name":"RANK_REGRESS","param_value_internal":22.0,"distribution":"{\"name\": \"IntDistribution\", \"attributes\": {\"log\": false, \"step\": 1, \"low\": 5, \"high\": 80}}"}
{"op_code":5,"worker_id":"01510893-e7b0-4040-a05e-095b100f0547-136767417345152","trial_id":253,"param_name":"REG_W","param_value_internal":69.43793923734894,"distribution":"{\"name\": \"FloatDistribution\", \"attributes\": {\"step\": null, \"low\": 1e-05, \"high\": 1000.0, \"log\": true}}"}
{"op_code":5,"worker_id":"01510893-e7b0-4040-a05e-095b100f0547-136767417345152","trial_id":253,"param_name":"USE_RMS_SCALING","param_value_internal":0,"distribution":"{\"name\": \"CategoricalDistribution\", \"attributes\": {\"choices\": [true, false]}}"}
{"op_code":6,"worker_id":"93ed0b67-ec9b-418f-8534-22e9f0d022a0-139995285075072","trial_id":222,"state":1,"values":[-0.10015956035962208],"datetime_complete":"2026-05-06T04:59:31.334238"}
{"op_code":4,"worker_id":"93ed0b67-ec9b-418f-8534-22e9f0d022a0-139995285075072","study_id":0,"datetime_start":"2026-05-06T04:59:31.459755"}
{"op_code":9,"worker_id":"93ed0b67-ec9b-418f-8534-22e9f0d022a0-139995285075072","trial_id":254,"system_attr":{"tpe:relative_params:0":"{\"RANK_REGRESS\": 70, \"REG_W\": 718.3045198004918, \"USE_RMS_SCALING\": true}"}}
{"op_code":5,"worker_id":"93ed0b67-ec9b-418f-8534-22e9f0d022a0-139995285075072","trial_id":254,"param_name":"RANK_REGRESS","param_value_internal":70.0,"distribution":"{\"name\": \"IntDistribution\", \"attributes\": {\"log\": false, \"step\": 1, \"low\": 5, \"high\": 80}}"}
{"op_code":5,"worker_id":"93ed0b67-ec9b-418f-8534-22e9f0d022a0-139995285075072","trial_id":254,"param_name":"REG_W","param_value_internal":718.3045198004918,"distribution":"{\"name\": \"FloatDistribution\", \"attributes\": {\"step\": null, \"low\": 1e-05, \"high\": 1000.0, \"log\": true}}"}
{"op_code":5,"worker_id":"93ed0b67-ec9b-418f-8534-22e9f0d022a0-139995285075072","trial_id":254,"param_name":"USE_RMS_SCALING","param_value_internal":0,"distribution":"{\"name\": \"CategoricalDistribution\", \"attributes\": {\"choices\": [true, false]}}"}
{"op_code":6,"worker_id":"fd3b04ea-8b8d-424f-a6f8-e3f0f8620aa5-128544407274624","trial_id":246,"state":1,"values":[0.0],"datetime_complete":"2026-05-06T05:03:42.198382"}
{"op_code":4,"worker_id":"fd3b04ea-8b8d-424f-a6f8-e3f0f8620aa5-128544407274624","study_id":0,"datetime_start":"2026-05-06T05:03:42.287854"}
{"op_code":9,"worker_id":"fd3b04ea-8b8d-424f-a6f8-e3f0f8620aa5-128544407274624","trial_id":255,"system_attr":{"tpe:relative_params:0":"{\"RANK_REGRESS\": 42, \"REG_W\": 571.1735699847479, \"USE_RMS_SCALING\": true}"}}
{"op_code":5,"worker_id":"fd3b04ea-8b8d-424f-a6f8-e3f0f8620aa5-128544407274624","trial_id":255,"param_name":"RANK_REGRESS","param_value_internal":42.0,"distribution":"{\"name\": \"IntDistribution\", \"attributes\": {\"log\": false, \"step\": 1, \"low\": 5, \"high\": 80}}"}
{"op_code":5,"worker_id":"fd3b04ea-8b8d-424f-a6f8-e3f0f8620aa5-128544407274624","trial_id":255,"param_name":"REG_W","param_value_internal":571.1735699847479,"distribution":"{\"name\": \"FloatDistribution\", \"attributes\": {\"step\": null, \"low\": 1e-05, \"high\": 1000.0, \"log\": true}}"}
{"op_code":5,"worker_id":"fd3b04ea-8b8d-424f-a6f8-e3f0f8620aa5-128544407274624","trial_id":255,"param_name":"USE_RMS_SCALING","param_value_internal":0,"distribution":"{\"name\": \"CategoricalDistribution\", \"attributes\": {\"choices\": [true, false]}}"}
{"op_code":6,"worker_id":"01385057-f486-4534-8a12-166de72c3d8f-138141888656512","trial_id":206,"state":1,"values":[0.0],"datetime_complete":"2026-05-06T05:06:46.767308"}
{"op_code":4,"worker_id":"01385057-f486-4534-8a12-166de72c3d8f-138141888656512","study_id":0,"datetime_start":"2026-05-06T05:06:46.891337"}
{"op_code":9,"worker_id":"01385057-f486-4534-8a12-166de72c3d8f-138141888656512","trial_id":256,"system_attr":{"tpe:relative_params:0":"{\"RANK_REGRESS\": 38, \"REG_W\": 679.6388600191916, \"USE_RMS_SCALING\": true}"}}
{"op_code":5,"worker_id":"01385057-f486-4534-8a12-166de72c3d8f-138141888656512","trial_id":256,"param_name":"RANK_REGRESS","param_value_internal":38.0,"distribution":"{\"name\": \"IntDistribution\", \"attributes\": {\"log\": false, \"step\": 1, \"low\": 5, \"high\": 80}}"}
{"op_code":5,"worker_id":"01385057-f486-4534-8a12-166de72c3d8f-138141888656512","trial_id":256,"param_name":"REG_W","param_value_internal":679.6388600191916,"distribution":"{\"name\": \"FloatDistribution\", \"attributes\": {\"step\": null, \"low\": 1e-05, \"high\": 1000.0, \"log\": true}}"}
{"op_code":5,"worker_id":"01385057-f486-4534-8a12-166de72c3d8f-138141888656512","trial_id":256,"param_name":"USE_RMS_SCALING","param_value_internal":0,"distribution":"{\"name\": \"CategoricalDistribution\", \"attributes\": {\"choices\": [true, false]}}"}
{"op_code":6,"worker_id":"151a02cd-0616-4fd3-a4fe-eb871f631b14-131617264080000","trial_id":249,"state":1,"values":[0.0],"datetime_complete":"2026-05-06T05:38:41.087929"}
{"op_code":4,"worker_id":"151a02cd-0616-4fd3-a4fe-eb871f631b14-131617264080000","study_id":0,"datetime_start":"2026-05-06T05:38:41.180705"}
{"op_code":9,"worker_id":"151a02cd-0616-4fd3-a4fe-eb871f631b14-131617264080000","trial_id":257,"system_attr":{"tpe:relative_params:0":"{\"RANK_REGRESS\": 35, \"REG_W\": 57.23955381158212, \"USE_RMS_SCALING\": true}"}}
{"op_code":5,"worker_id":"151a02cd-0616-4fd3-a4fe-eb871f631b14-131617264080000","trial_id":257,"param_name":"RANK_REGRESS","param_value_internal":35.0,"distribution":"{\"name\": \"IntDistribution\", \"attributes\": {\"log\": false, \"step\": 1, \"low\": 5, \"high\": 80}}"}
{"op_code":5,"worker_id":"151a02cd-0616-4fd3-a4fe-eb871f631b14-131617264080000","trial_id":257,"param_name":"REG_W","param_value_internal":57.23955381158212,"distribution":"{\"name\": \"FloatDistribution\", \"attributes\": {\"step\": null, \"low\": 1e-05, \"high\": 1000.0, \"log\": true}}"}
{"op_code":5,"worker_id":"151a02cd-0616-4fd3-a4fe-eb871f631b14-131617264080000","trial_id":257,"param_name":"USE_RMS_SCALING","param_value_internal":0,"distribution":"{\"name\": \"CategoricalDistribution\", \"attributes\": {\"choices\": [true, false]}}"}
{"op_code":6,"worker_id":"0cef5d56-e50b-48d9-bf95-e85591223855-131018145944704","trial_id":248,"state":1,"values":[0.0026557134454627076],"datetime_complete":"2026-05-06T05:51:09.403451"}
{"op_code":4,"worker_id":"0cef5d56-e50b-48d9-bf95-e85591223855-131018145944704","study_id":0,"datetime_start":"2026-05-06T05:51:09.490501"}
{"op_code":9,"worker_id":"0cef5d56-e50b-48d9-bf95-e85591223855-131018145944704","trial_id":258,"system_attr":{"tpe:relative_params:0":"{\"RANK_REGRESS\": 6, \"REG_W\": 21.090463471135017, \"USE_RMS_SCALING\": false}"}}
{"op_code":5,"worker_id":"0cef5d56-e50b-48d9-bf95-e85591223855-131018145944704","trial_id":258,"param_name":"RANK_REGRESS","param_value_internal":6.0,"distribution":"{\"name\": \"IntDistribution\", \"attributes\": {\"log\": false, \"step\": 1, \"low\": 5, \"high\": 80}}"}
{"op_code":5,"worker_id":"0cef5d56-e50b-48d9-bf95-e85591223855-131018145944704","trial_id":258,"param_name":"REG_W","param_value_internal":21.090463471135017,"distribution":"{\"name\": \"FloatDistribution\", \"attributes\": {\"step\": null, \"low\": 1e-05, \"high\": 1000.0, \"log\": true}}"}
{"op_code":5,"worker_id":"0cef5d56-e50b-48d9-bf95-e85591223855-131018145944704","trial_id":258,"param_name":"USE_RMS_SCALING","param_value_internal":1,"distribution":"{\"name\": \"CategoricalDistribution\", \"attributes\": {\"choices\": [true, false]}}"}
{"op_code":6,"worker_id":"cde2da9c-90d0-4f0d-b4e5-3b00eb46c454-132928030033024","trial_id":224,"state":1,"values":[0.0],"datetime_complete":"2026-05-06T05:53:55.683314"}
{"op_code":4,"worker_id":"cde2da9c-90d0-4f0d-b4e5-3b00eb46c454-132928030033024","study_id":0,"datetime_start":"2026-05-06T05:53:55.798363"}
{"op_code":9,"worker_id":"cde2da9c-90d0-4f0d-b4e5-3b00eb46c454-132928030033024","trial_id":259,"system_attr":{"tpe:relative_params:0":"{\"RANK_REGRESS\": 5, \"REG_W\": 48.92590533070776, \"USE_RMS_SCALING\": false}"}}
{"op_code":5,"worker_id":"cde2da9c-90d0-4f0d-b4e5-3b00eb46c454-132928030033024","trial_id":259,"param_name":"RANK_REGRESS","param_value_internal":5.0,"distribution":"{\"name\": \"IntDistribution\", \"attributes\": {\"log\": false, \"step\": 1, \"low\": 5, \"high\": 80}}"}
{"op_code":5,"worker_id":"cde2da9c-90d0-4f0d-b4e5-3b00eb46c454-132928030033024","trial_id":259,"param_name":"REG_W","param_value_internal":48.92590533070776,"distribution":"{\"name\": \"FloatDistribution\", \"attributes\": {\"step\": null, \"low\": 1e-05, \"high\": 1000.0, \"log\": true}}"}
{"op_code":5,"worker_id":"cde2da9c-90d0-4f0d-b4e5-3b00eb46c454-132928030033024","trial_id":259,"param_name":"USE_RMS_SCALING","param_value_internal":1,"distribution":"{\"name\": \"CategoricalDistribution\", \"attributes\": {\"choices\": [true, false]}}"}
{"op_code":6,"worker_id":"b79c6155-39bd-44aa-bc06-bdaf08631c59-136637074277504","trial_id":213,"state":1,"values":[0.0],"datetime_complete":"2026-05-06T05:55:55.175873"}
{"op_code":4,"worker_id":"b79c6155-39bd-44aa-bc06-bdaf08631c59-136637074277504","study_id":0,"datetime_start":"2026-05-06T05:55:55.235705"}
{"op_code":9,"worker_id":"b79c6155-39bd-44aa-bc06-bdaf08631c59-136637074277504","trial_id":260,"system_attr":{"tpe:relative_params:0":"{\"RANK_REGRESS\": 23, \"REG_W\": 197.3485894777039, \"USE_RMS_SCALING\": false}"}}
{"op_code":5,"worker_id":"b79c6155-39bd-44aa-bc06-bdaf08631c59-136637074277504","trial_id":260,"param_name":"RANK_REGRESS","param_value_internal":23.0,"distribution":"{\"name\": \"IntDistribution\", \"attributes\": {\"log\": false, \"step\": 1, \"low\": 5, \"high\": 80}}"}
{"op_code":5,"worker_id":"b79c6155-39bd-44aa-bc06-bdaf08631c59-136637074277504","trial_id":260,"param_name":"REG_W","param_value_internal":197.3485894777039,"distribution":"{\"name\": \"FloatDistribution\", \"attributes\": {\"step\": null, \"low\": 1e-05, \"high\": 1000.0, \"log\": true}}"}
{"op_code":5,"worker_id":"b79c6155-39bd-44aa-bc06-bdaf08631c59-136637074277504","trial_id":260,"param_name":"USE_RMS_SCALING","param_value_internal":1,"distribution":"{\"name\": \"CategoricalDistribution\", \"attributes\": {\"choices\": [true, false]}}"}
{"op_code":6,"worker_id":"30aa2615-861b-4314-9a32-09a531e85635-131575851426944","trial_id":175,"state":1,"values":[0.0],"datetime_complete":"2026-05-06T06:10:02.508237"}
{"op_code":4,"worker_id":"30aa2615-861b-4314-9a32-09a531e85635-131575851426944","study_id":0,"datetime_start":"2026-05-06T06:10:02.588026"}
{"op_code":9,"worker_id":"30aa2615-861b-4314-9a32-09a531e85635-131575851426944","trial_id":261,"system_attr":{"tpe:relative_params:0":"{\"RANK_REGRESS\": 12, \"REG_W\": 38.560141099818914, \"USE_RMS_SCALING\": false}"}}
{"op_code":5,"worker_id":"30aa2615-861b-4314-9a32-09a531e85635-131575851426944","trial_id":261,"param_name":"RANK_REGRESS","param_value_internal":12.0,"distribution":"{\"name\": \"IntDistribution\", \"attributes\": {\"log\": false, \"step\": 1, \"low\": 5, \"high\": 80}}"}
{"op_code":5,"worker_id":"30aa2615-861b-4314-9a32-09a531e85635-131575851426944","trial_id":261,"param_name":"REG_W","param_value_internal":38.560141099818914,"distribution":"{\"name\": \"FloatDistribution\", \"attributes\": {\"step\": null, \"low\": 1e-05, \"high\": 1000.0, \"log\": true}}"}
{"op_code":5,"worker_id":"30aa2615-861b-4314-9a32-09a531e85635-131575851426944","trial_id":261,"param_name":"USE_RMS_SCALING","param_value_internal":1,"distribution":"{\"name\": \"CategoricalDistribution\", \"attributes\": {\"choices\": [true, false]}}"}
{"op_code":6,"worker_id":"d174e0c9-2b6c-495e-8860-f3a3d7e8281d-139963304486016","trial_id":207,"state":1,"values":[0.0],"datetime_complete":"2026-05-06T06:24:42.329599"}
{"op_code":4,"worker_id":"d174e0c9-2b6c-495e-8860-f3a3d7e8281d-139963304486016","study_id":0,"datetime_start":"2026-05-06T06:24:42.419536"}
{"op_code":9,"worker_id":"d174e0c9-2b6c-495e-8860-f3a3d7e8281d-139963304486016","trial_id":262,"system_attr":{"tpe:relative_params:0":"{\"RANK_REGRESS\": 5, \"REG_W\": 134.0505412715201, \"USE_RMS_SCALING\": false}"}}
{"op_code":5,"worker_id":"d174e0c9-2b6c-495e-8860-f3a3d7e8281d-139963304486016","trial_id":262,"param_name":"RANK_REGRESS","param_value_internal":5.0,"distribution":"{\"name\": \"IntDistribution\", \"attributes\": {\"log\": false, \"step\": 1, \"low\": 5, \"high\": 80}}"}
{"op_code":5,"worker_id":"d174e0c9-2b6c-495e-8860-f3a3d7e8281d-139963304486016","trial_id":262,"param_name":"REG_W","param_value_internal":134.0505412715201,"distribution":"{\"name\": \"FloatDistribution\", \"attributes\": {\"step\": null, \"low\": 1e-05, \"high\": 1000.0, \"log\": true}}"}
{"op_code":5,"worker_id":"d174e0c9-2b6c-495e-8860-f3a3d7e8281d-139963304486016","trial_id":262,"param_name":"USE_RMS_SCALING","param_value_internal":1,"distribution":"{\"name\": \"CategoricalDistribution\", \"attributes\": {\"choices\": [true, false]}}"}
{"op_code":6,"worker_id":"ec2a77f2-f830-42e7-af60-b808ff421d97-132193779037312","trial_id":251,"state":1,"values":[-0.001004740506377851],"datetime_complete":"2026-05-06T06:30:17.997050"}
{"op_code":4,"worker_id":"ec2a77f2-f830-42e7-af60-b808ff421d97-132193779037312","study_id":0,"datetime_start":"2026-05-06T06:30:18.107576"}
{"op_code":9,"worker_id":"ec2a77f2-f830-42e7-af60-b808ff421d97-132193779037312","trial_id":263,"system_attr":{"tpe:relative_params:0":"{\"RANK_REGRESS\": 20, \"REG_W\": 49.510727440942986, \"USE_RMS_SCALING\": false}"}}
{"op_code":5,"worker_id":"ec2a77f2-f830-42e7-af60-b808ff421d97-132193779037312","trial_id":263,"param_name":"RANK_REGRESS","param_value_internal":20.0,"distribution":"{\"name\": \"IntDistribution\", \"attributes\": {\"log\": false, \"step\": 1, \"low\": 5, \"high\": 80}}"}
{"op_code":5,"worker_id":"ec2a77f2-f830-42e7-af60-b808ff421d97-132193779037312","trial_id":263,"param_name":"REG_W","param_value_internal":49.510727440942986,"distribution":"{\"name\": \"FloatDistribution\", \"attributes\": {\"step\": null, \"low\": 1e-05, \"high\": 1000.0, \"log\": true}}"}
{"op_code":5,"worker_id":"ec2a77f2-f830-42e7-af60-b808ff421d97-132193779037312","trial_id":263,"param_name":"USE_RMS_SCALING","param_value_internal":1,"distribution":"{\"name\": \"CategoricalDistribution\", \"attributes\": {\"choices\": [true, false]}}"}
{"op_code":6,"worker_id":"0cef5d56-e50b-48d9-bf95-e85591223855-131018145944704","trial_id":258,"state":1,"values":[-0.01861198037108917],"datetime_complete":"2026-05-06T07:12:36.117331"}
{"op_code":4,"worker_id":"0cef5d56-e50b-48d9-bf95-e85591223855-131018145944704","study_id":0,"datetime_start":"2026-05-06T07:12:36.212462"}
{"op_code":9,"worker_id":"0cef5d56-e50b-48d9-bf95-e85591223855-131018145944704","trial_id":264,"system_attr":{"tpe:relative_params:0":"{\"RANK_REGRESS\": 10, \"REG_W\": 7.044644845506552, \"USE_RMS_SCALING\": false}"}}
{"op_code":5,"worker_id":"0cef5d56-e50b-48d9-bf95-e85591223855-131018145944704","trial_id":264,"param_name":"RANK_REGRESS","param_value_internal":10.0,"distribution":"{\"name\": \"IntDistribution\", \"attributes\": {\"log\": false, \"step\": 1, \"low\": 5, \"high\": 80}}"}
{"op_code":5,"worker_id":"0cef5d56-e50b-48d9-bf95-e85591223855-131018145944704","trial_id":264,"param_name":"REG_W","param_value_internal":7.044644845506552,"distribution":"{\"name\": \"FloatDistribution\", \"attributes\": {\"step\": null, \"low\": 1e-05, \"high\": 1000.0, \"log\": true}}"}
{"op_code":5,"worker_id":"0cef5d56-e50b-48d9-bf95-e85591223855-131018145944704","trial_id":264,"param_name":"USE_RMS_SCALING","param_value_internal":1,"distribution":"{\"name\": \"CategoricalDistribution\", \"attributes\": {\"choices\": [true, false]}}"}
{"op_code":6,"worker_id":"29803599-dd2a-40cd-9a98-5f30979a28cc-134254115779712","trial_id":245,"state":1,"values":[0.0],"datetime_complete":"2026-05-06T07:15:45.042886"}
{"op_code":4,"worker_id":"29803599-dd2a-40cd-9a98-5f30979a28cc-134254115779712","study_id":0,"datetime_start":"2026-05-06T07:15:45.117349"}
{"op_code":9,"worker_id":"29803599-dd2a-40cd-9a98-5f30979a28cc-134254115779712","trial_id":265,"system_attr":{"tpe:relative_params:0":"{\"RANK_REGRESS\": 41, \"REG_W\": 130.79515514831337, \"USE_RMS_SCALING\": true}"}}
{"op_code":5,"worker_id":"29803599-dd2a-40cd-9a98-5f30979a28cc-134254115779712","trial_id":265,"param_name":"RANK_REGRESS","param_value_internal":41.0,"distribution":"{\"name\": \"IntDistribution\", \"attributes\": {\"log\": false, \"step\": 1, \"low\": 5, \"high\": 80}}"}
{"op_code":5,"worker_id":"29803599-dd2a-40cd-9a98-5f30979a28cc-134254115779712","trial_id":265,"param_name":"REG_W","param_value_internal":130.79515514831337,"distribution":"{\"name\": \"FloatDistribution\", \"attributes\": {\"step\": null, \"low\": 1e-05, \"high\": 1000.0, \"log\": true}}"}
{"op_code":5,"worker_id":"29803599-dd2a-40cd-9a98-5f30979a28cc-134254115779712","trial_id":265,"param_name":"USE_RMS_SCALING","param_value_internal":0,"distribution":"{\"name\": \"CategoricalDistribution\", \"attributes\": {\"choices\": [true, false]}}"}
{"op_code":6,"worker_id":"cde2da9c-90d0-4f0d-b4e5-3b00eb46c454-132928030033024","trial_id":259,"state":1,"values":[0.004752296617356248],"datetime_complete":"2026-05-06T07:22:57.912923"}
{"op_code":4,"worker_id":"cde2da9c-90d0-4f0d-b4e5-3b00eb46c454-132928030033024","study_id":0,"datetime_start":"2026-05-06T07:22:58.050319"}
{"op_code":9,"worker_id":"cde2da9c-90d0-4f0d-b4e5-3b00eb46c454-132928030033024","trial_id":266,"system_attr":{"tpe:relative_params:0":"{\"RANK_REGRESS\": 13, \"REG_W\": 64.78860883573772, \"USE_RMS_SCALING\": false}"}}
{"op_code":5,"worker_id":"cde2da9c-90d0-4f0d-b4e5-3b00eb46c454-132928030033024","trial_id":266,"param_name":"RANK_REGRESS","param_value_internal":13.0,"distribution":"{\"name\": \"IntDistribution\", \"attributes\": {\"log\": false, \"step\": 1, \"low\": 5, \"high\": 80}}"}
{"op_code":5,"worker_id":"cde2da9c-90d0-4f0d-b4e5-3b00eb46c454-132928030033024","trial_id":266,"param_name":"REG_W","param_value_internal":64.78860883573772,"distribution":"{\"name\": \"FloatDistribution\", \"attributes\": {\"step\": null, \"low\": 1e-05, \"high\": 1000.0, \"log\": true}}"}
{"op_code":5,"worker_id":"cde2da9c-90d0-4f0d-b4e5-3b00eb46c454-132928030033024","trial_id":266,"param_name":"USE_RMS_SCALING","param_value_internal":1,"distribution":"{\"name\": \"CategoricalDistribution\", \"attributes\": {\"choices\": [true, false]}}"}
{"op_code":6,"worker_id":"d174e0c9-2b6c-495e-8860-f3a3d7e8281d-139963304486016","trial_id":262,"state":1,"values":[0.0],"datetime_complete":"2026-05-06T07:34:34.465552"}
{"op_code":4,"worker_id":"d174e0c9-2b6c-495e-8860-f3a3d7e8281d-139963304486016","study_id":0,"datetime_start":"2026-05-06T07:34:34.543665"}
{"op_code":9,"worker_id":"d174e0c9-2b6c-495e-8860-f3a3d7e8281d-139963304486016","trial_id":267,"system_attr":{"tpe:relative_params:0":"{\"RANK_REGRESS\": 5, \"REG_W\": 762.990819575034, \"USE_RMS_SCALING\": false}"}}
{"op_code":5,"worker_id":"d174e0c9-2b6c-495e-8860-f3a3d7e8281d-139963304486016","trial_id":267,"param_name":"RANK_REGRESS","param_value_internal":5.0,"distribution":"{\"name\": \"IntDistribution\", \"attributes\": {\"log\": false, \"step\": 1, \"low\": 5, \"high\": 80}}"}
{"op_code":5,"worker_id":"d174e0c9-2b6c-495e-8860-f3a3d7e8281d-139963304486016","trial_id":267,"param_name":"REG_W","param_value_internal":762.990819575034,"distribution":"{\"name\": \"FloatDistribution\", \"attributes\": {\"step\": null, \"low\": 1e-05, \"high\": 1000.0, \"log\": true}}"}
{"op_code":5,"worker_id":"d174e0c9-2b6c-495e-8860-f3a3d7e8281d-139963304486016","trial_id":267,"param_name":"USE_RMS_SCALING","param_value_internal":1,"distribution":"{\"name\": \"CategoricalDistribution\", \"attributes\": {\"choices\": [true, false]}}"}
{"op_code":6,"worker_id":"a1080101-cc94-49a5-888c-ae028f1f24e2-135282771055744","trial_id":250,"state":1,"values":[-0.09352107589967366],"datetime_complete":"2026-05-06T08:16:35.671234"}
{"op_code":4,"worker_id":"a1080101-cc94-49a5-888c-ae028f1f24e2-135282771055744","study_id":0,"datetime_start":"2026-05-06T08:16:35.755113"}
{"op_code":9,"worker_id":"a1080101-cc94-49a5-888c-ae028f1f24e2-135282771055744","trial_id":268,"system_attr":{"tpe:relative_params:0":"{\"RANK_REGRESS\": 76, \"REG_W\": 974.533921296661, \"USE_RMS_SCALING\": false}"}}
{"op_code":5,"worker_id":"a1080101-cc94-49a5-888c-ae028f1f24e2-135282771055744","trial_id":268,"param_name":"RANK_REGRESS","param_value_internal":76.0,"distribution":"{\"name\": \"IntDistribution\", \"attributes\": {\"log\": false, \"step\": 1, \"low\": 5, \"high\": 80}}"}
{"op_code":5,"worker_id":"a1080101-cc94-49a5-888c-ae028f1f24e2-135282771055744","trial_id":268,"param_name":"REG_W","param_value_internal":974.533921296661,"distribution":"{\"name\": \"FloatDistribution\", \"attributes\": {\"step\": null, \"low\": 1e-05, \"high\": 1000.0, \"log\": true}}"}
{"op_code":5,"worker_id":"a1080101-cc94-49a5-888c-ae028f1f24e2-135282771055744","trial_id":268,"param_name":"USE_RMS_SCALING","param_value_internal":1,"distribution":"{\"name\": \"CategoricalDistribution\", \"attributes\": {\"choices\": [true, false]}}"}
{"op_code":6,"worker_id":"30aa2615-861b-4314-9a32-09a531e85635-131575851426944","trial_id":261,"state":1,"values":[-0.015069976023718215],"datetime_complete":"2026-05-06T08:29:53.536188"}
{"op_code":4,"worker_id":"30aa2615-861b-4314-9a32-09a531e85635-131575851426944","study_id":0,"datetime_start":"2026-05-06T08:29:53.610425"}
{"op_code":9,"worker_id":"30aa2615-861b-4314-9a32-09a531e85635-131575851426944","trial_id":269,"system_attr":{"tpe:relative_params:0":"{\"RANK_REGRESS\": 12, \"REG_W\": 80.61133683162642, \"USE_RMS_SCALING\": false}"}}
{"op_code":5,"worker_id":"30aa2615-861b-4314-9a32-09a531e85635-131575851426944","trial_id":269,"param_name":"RANK_REGRESS","param_value_internal":12.0,"distribution":"{\"name\": \"IntDistribution\", \"attributes\": {\"log\": false, \"step\": 1, \"low\": 5, \"high\": 80}}"}
{"op_code":5,"worker_id":"30aa2615-861b-4314-9a32-09a531e85635-131575851426944","trial_id":269,"param_name":"REG_W","param_value_internal":80.61133683162642,"distribution":"{\"name\": \"FloatDistribution\", \"attributes\": {\"step\": null, \"low\": 1e-05, \"high\": 1000.0, \"log\": true}}"}
{"op_code":5,"worker_id":"30aa2615-861b-4314-9a32-09a531e85635-131575851426944","trial_id":269,"param_name":"USE_RMS_SCALING","param_value_internal":1,"distribution":"{\"name\": \"CategoricalDistribution\", \"attributes\": {\"choices\": [true, false]}}"}
{"op_code":6,"worker_id":"d174e0c9-2b6c-495e-8860-f3a3d7e8281d-139963304486016","trial_id":267,"state":1,"values":[0.0],"datetime_complete":"2026-05-06T08:45:19.549303"}
{"op_code":4,"worker_id":"d174e0c9-2b6c-495e-8860-f3a3d7e8281d-139963304486016","study_id":0,"datetime_start":"2026-05-06T08:45:19.633690"}
{"op_code":9,"worker_id":"d174e0c9-2b6c-495e-8860-f3a3d7e8281d-139963304486016","trial_id":270,"system_attr":{"tpe:relative_params:0":"{\"RANK_REGRESS\": 7, \"REG_W\": 12.360642104510935, \"USE_RMS_SCALING\": false}"}}
{"op_code":5,"worker_id":"d174e0c9-2b6c-495e-8860-f3a3d7e8281d-139963304486016","trial_id":270,"param_name":"RANK_REGRESS","param_value_internal":7.0,"distribution":"{\"name\": \"IntDistribution\", \"attributes\": {\"log\": false, \"step\": 1, \"low\": 5, \"high\": 80}}"}
{"op_code":5,"worker_id":"d174e0c9-2b6c-495e-8860-f3a3d7e8281d-139963304486016","trial_id":270,"param_name":"REG_W","param_value_internal":12.360642104510935,"distribution":"{\"name\": \"FloatDistribution\", \"attributes\": {\"step\": null, \"low\": 1e-05, \"high\": 1000.0, \"log\": true}}"}
{"op_code":5,"worker_id":"d174e0c9-2b6c-495e-8860-f3a3d7e8281d-139963304486016","trial_id":270,"param_name":"USE_RMS_SCALING","param_value_internal":1,"distribution":"{\"name\": \"CategoricalDistribution\", \"attributes\": {\"choices\": [true, false]}}"}
{"op_code":6,"worker_id":"4dc6f473-9b82-4bbf-896b-dbf6a0a38561-128150108099712","trial_id":169,"state":1,"values":[0.0],"datetime_complete":"2026-05-06T09:02:31.447929"}
{"op_code":4,"worker_id":"4dc6f473-9b82-4bbf-896b-dbf6a0a38561-128150108099712","study_id":0,"datetime_start":"2026-05-06T09:02:31.509912"}
{"op_code":9,"worker_id":"4dc6f473-9b82-4bbf-896b-dbf6a0a38561-128150108099712","trial_id":271,"system_attr":{"tpe:relative_params:0":"{\"RANK_REGRESS\": 9, \"REG_W\": 2.456309016695095, \"USE_RMS_SCALING\": false}"}}
{"op_code":5,"worker_id":"4dc6f473-9b82-4bbf-896b-dbf6a0a38561-128150108099712","trial_id":271,"param_name":"RANK_REGRESS","param_value_internal":9.0,"distribution":"{\"name\": \"IntDistribution\", \"attributes\": {\"log\": false, \"step\": 1, \"low\": 5, \"high\": 80}}"}
{"op_code":5,"worker_id":"4dc6f473-9b82-4bbf-896b-dbf6a0a38561-128150108099712","trial_id":271,"param_name":"REG_W","param_value_internal":2.456309016695095,"distribution":"{\"name\": \"FloatDistribution\", \"attributes\": {\"step\": null, \"low\": 1e-05, \"high\": 1000.0, \"log\": true}}"}
{"op_code":5,"worker_id":"4dc6f473-9b82-4bbf-896b-dbf6a0a38561-128150108099712","trial_id":271,"param_name":"USE_RMS_SCALING","param_value_internal":1,"distribution":"{\"name\": \"CategoricalDistribution\", \"attributes\": {\"choices\": [true, false]}}"}
{"op_code":6,"worker_id":"dd11c6be-739b-4d68-bcaf-6941ebba8c53-124721651405952","trial_id":239,"state":1,"values":[0.0],"datetime_complete":"2026-05-06T09:10:20.394287"}
{"op_code":4,"worker_id":"dd11c6be-739b-4d68-bcaf-6941ebba8c53-124721651405952","study_id":0,"datetime_start":"2026-05-06T09:10:20.475726"}
{"op_code":9,"worker_id":"dd11c6be-739b-4d68-bcaf-6941ebba8c53-124721651405952","trial_id":272,"system_attr":{"tpe:relative_params:0":"{\"RANK_REGRESS\": 8, \"REG_W\": 26.34836669067271, \"USE_RMS_SCALING\": false}"}}
{"op_code":5,"worker_id":"dd11c6be-739b-4d68-bcaf-6941ebba8c53-124721651405952","trial_id":272,"param_name":"RANK_REGRESS","param_value_internal":8.0,"distribution":"{\"name\": \"IntDistribution\", \"attributes\": {\"log\": false, \"step\": 1, \"low\": 5, \"high\": 80}}"}
{"op_code":5,"worker_id":"dd11c6be-739b-4d68-bcaf-6941ebba8c53-124721651405952","trial_id":272,"param_name":"REG_W","param_value_internal":26.34836669067271,"distribution":"{\"name\": \"FloatDistribution\", \"attributes\": {\"step\": null, \"low\": 1e-05, \"high\": 1000.0, \"log\": true}}"}
{"op_code":5,"worker_id":"dd11c6be-739b-4d68-bcaf-6941ebba8c53-124721651405952","trial_id":272,"param_name":"USE_RMS_SCALING","param_value_internal":1,"distribution":"{\"name\": \"CategoricalDistribution\", \"attributes\": {\"choices\": [true, false]}}"}
{"op_code":6,"worker_id":"921e45ce-73f2-4aa9-b8d6-924e2baa8f2b-134502450754688","trial_id":180,"state":1,"values":[0.0],"datetime_complete":"2026-05-06T09:16:13.755201"}
{"op_code":4,"worker_id":"921e45ce-73f2-4aa9-b8d6-924e2baa8f2b-134502450754688","study_id":0,"datetime_start":"2026-05-06T09:16:13.836082"}
{"op_code":9,"worker_id":"921e45ce-73f2-4aa9-b8d6-924e2baa8f2b-134502450754688","trial_id":273,"system_attr":{"tpe:relative_params:0":"{\"RANK_REGRESS\": 27, \"REG_W\": 5.395521744845064, \"USE_RMS_SCALING\": true}"}}
{"op_code":5,"worker_id":"921e45ce-73f2-4aa9-b8d6-924e2baa8f2b-134502450754688","trial_id":273,"param_name":"RANK_REGRESS","param_value_internal":27.0,"distribution":"{\"name\": \"IntDistribution\", \"attributes\": {\"log\": false, \"step\": 1, \"low\": 5, \"high\": 80}}"}
{"op_code":5,"worker_id":"921e45ce-73f2-4aa9-b8d6-924e2baa8f2b-134502450754688","trial_id":273,"param_name":"REG_W","param_value_internal":5.395521744845064,"distribution":"{\"name\": \"FloatDistribution\", \"attributes\": {\"step\": null, \"low\": 1e-05, \"high\": 1000.0, \"log\": true}}"}
{"op_code":5,"worker_id":"921e45ce-73f2-4aa9-b8d6-924e2baa8f2b-134502450754688","trial_id":273,"param_name":"USE_RMS_SCALING","param_value_internal":0,"distribution":"{\"name\": \"CategoricalDistribution\", \"attributes\": {\"choices\": [true, false]}}"}
{"op_code":6,"worker_id":"94a3017f-ac78-418d-974b-87187d3efe44-134500650919040","trial_id":232,"state":1,"values":[0.0],"datetime_complete":"2026-05-06T09:17:53.812831"}
{"op_code":4,"worker_id":"94a3017f-ac78-418d-974b-87187d3efe44-134500650919040","study_id":0,"datetime_start":"2026-05-06T09:17:53.899703"}
{"op_code":9,"worker_id":"94a3017f-ac78-418d-974b-87187d3efe44-134500650919040","trial_id":274,"system_attr":{"tpe:relative_params:0":"{\"RANK_REGRESS\": 9, \"REG_W\": 39.95844430305237, \"USE_RMS_SCALING\": false}"}}
{"op_code":5,"worker_id":"94a3017f-ac78-418d-974b-87187d3efe44-134500650919040","trial_id":274,"param_name":"RANK_REGRESS","param_value_internal":9.0,"distribution":"{\"name\": \"IntDistribution\", \"attributes\": {\"log\": false, \"step\": 1, \"low\": 5, \"high\": 80}}"}
{"op_code":5,"worker_id":"94a3017f-ac78-418d-974b-87187d3efe44-134500650919040","trial_id":274,"param_name":"REG_W","param_value_internal":39.95844430305237,"distribution":"{\"name\": \"FloatDistribution\", \"attributes\": {\"step\": null, \"low\": 1e-05, \"high\": 1000.0, \"log\": true}}"}
{"op_code":5,"worker_id":"94a3017f-ac78-418d-974b-87187d3efe44-134500650919040","trial_id":274,"param_name":"USE_RMS_SCALING","param_value_internal":1,"distribution":"{\"name\": \"CategoricalDistribution\", \"attributes\": {\"choices\": [true, false]}}"}
{"op_code":6,"worker_id":"0cef5d56-e50b-48d9-bf95-e85591223855-131018145944704","trial_id":264,"state":1,"values":[-0.09528133882509444],"datetime_complete":"2026-05-06T09:26:14.040818"}
{"op_code":4,"worker_id":"0cef5d56-e50b-48d9-bf95-e85591223855-131018145944704","study_id":0,"datetime_start":"2026-05-06T09:26:14.123615"}
{"op_code":9,"worker_id":"0cef5d56-e50b-48d9-bf95-e85591223855-131018145944704","trial_id":275,"system_attr":{"tpe:relative_params:0":"{\"RANK_REGRESS\": 5, \"REG_W\": 29.37836437577333, \"USE_RMS_SCALING\": false}"}}
{"op_code":5,"worker_id":"0cef5d56-e50b-48d9-bf95-e85591223855-131018145944704","trial_id":275,"param_name":"RANK_REGRESS","param_value_internal":5.0,"distribution":"{\"name\": \"IntDistribution\", \"attributes\": {\"log\": false, \"step\": 1, \"low\": 5, \"high\": 80}}"}
{"op_code":5,"worker_id":"0cef5d56-e50b-48d9-bf95-e85591223855-131018145944704","trial_id":275,"param_name":"REG_W","param_value_internal":29.37836437577333,"distribution":"{\"name\": \"FloatDistribution\", \"attributes\": {\"step\": null, \"low\": 1e-05, \"high\": 1000.0, \"log\": true}}"}
{"op_code":5,"worker_id":"0cef5d56-e50b-48d9-bf95-e85591223855-131018145944704","trial_id":275,"param_name":"USE_RMS_SCALING","param_value_internal":1,"distribution":"{\"name\": \"CategoricalDistribution\", \"attributes\": {\"choices\": [true, false]}}"}
{"op_code":6,"worker_id":"01510893-e7b0-4040-a05e-095b100f0547-136767417345152","trial_id":253,"state":1,"values":[0.0],"datetime_complete":"2026-05-06T09:35:41.449049"}
{"op_code":4,"worker_id":"01510893-e7b0-4040-a05e-095b100f0547-136767417345152","study_id":0,"datetime_start":"2026-05-06T09:35:41.534153"}
{"op_code":9,"worker_id":"01510893-e7b0-4040-a05e-095b100f0547-136767417345152","trial_id":276,"system_attr":{"tpe:relative_params:0":"{\"RANK_REGRESS\": 42, \"REG_W\": 963.4684616848854, \"USE_RMS_SCALING\": true}"}}
{"op_code":5,"worker_id":"01510893-e7b0-4040-a05e-095b100f0547-136767417345152","trial_id":276,"param_name":"RANK_REGRESS","param_value_internal":42.0,"distribution":"{\"name\": \"IntDistribution\", \"attributes\": {\"log\": false, \"step\": 1, \"low\": 5, \"high\": 80}}"}
{"op_code":5,"worker_id":"01510893-e7b0-4040-a05e-095b100f0547-136767417345152","trial_id":276,"param_name":"REG_W","param_value_internal":963.4684616848854,"distribution":"{\"name\": \"FloatDistribution\", \"attributes\": {\"step\": null, \"low\": 1e-05, \"high\": 1000.0, \"log\": true}}"}
{"op_code":5,"worker_id":"01510893-e7b0-4040-a05e-095b100f0547-136767417345152","trial_id":276,"param_name":"USE_RMS_SCALING","param_value_internal":0,"distribution":"{\"name\": \"CategoricalDistribution\", \"attributes\": {\"choices\": [true, false]}}"}
{"op_code":6,"worker_id":"9c27ba24-8a7b-4f4a-bfcd-c60b7fb8667f-129226793280640","trial_id":168,"state":1,"values":[0.0],"datetime_complete":"2026-05-06T09:58:35.144196"}
{"op_code":4,"worker_id":"9c27ba24-8a7b-4f4a-bfcd-c60b7fb8667f-129226793280640","study_id":0,"datetime_start":"2026-05-06T09:58:35.212760"}
{"op_code":9,"worker_id":"9c27ba24-8a7b-4f4a-bfcd-c60b7fb8667f-129226793280640","trial_id":277,"system_attr":{"tpe:relative_params:0":"{\"RANK_REGRESS\": 54, \"REG_W\": 961.1218570364305, \"USE_RMS_SCALING\": true}"}}
{"op_code":5,"worker_id":"9c27ba24-8a7b-4f4a-bfcd-c60b7fb8667f-129226793280640","trial_id":277,"param_name":"RANK_REGRESS","param_value_internal":54.0,"distribution":"{\"name\": \"IntDistribution\", \"attributes\": {\"log\": false, \"step\": 1, \"low\": 5, \"high\": 80}}"}
{"op_code":5,"worker_id":"9c27ba24-8a7b-4f4a-bfcd-c60b7fb8667f-129226793280640","trial_id":277,"param_name":"REG_W","param_value_internal":961.1218570364305,"distribution":"{\"name\": \"FloatDistribution\", \"attributes\": {\"step\": null, \"low\": 1e-05, \"high\": 1000.0, \"log\": true}}"}
{"op_code":5,"worker_id":"9c27ba24-8a7b-4f4a-bfcd-c60b7fb8667f-129226793280640","trial_id":277,"param_name":"USE_RMS_SCALING","param_value_internal":0,"distribution":"{\"name\": \"CategoricalDistribution\", \"attributes\": {\"choices\": [true, false]}}"}
{"op_code":6,"worker_id":"32f960d9-84d4-4594-9f06-3be190d835a8-136384646833280","trial_id":194,"state":1,"values":[0.0],"datetime_complete":"2026-05-06T10:15:07.221013"}
{"op_code":4,"worker_id":"32f960d9-84d4-4594-9f06-3be190d835a8-136384646833280","study_id":0,"datetime_start":"2026-05-06T10:15:07.322126"}
{"op_code":9,"worker_id":"32f960d9-84d4-4594-9f06-3be190d835a8-136384646833280","trial_id":278,"system_attr":{"tpe:relative_params:0":"{\"RANK_REGRESS\": 18, \"REG_W\": 136.80396601133185, \"USE_RMS_SCALING\": true}"}}
{"op_code":5,"worker_id":"32f960d9-84d4-4594-9f06-3be190d835a8-136384646833280","trial_id":278,"param_name":"RANK_REGRESS","param_value_internal":18.0,"distribution":"{\"name\": \"IntDistribution\", \"attributes\": {\"log\": false, \"step\": 1, \"low\": 5, \"high\": 80}}"}
{"op_code":5,"worker_id":"32f960d9-84d4-4594-9f06-3be190d835a8-136384646833280","trial_id":278,"param_name":"REG_W","param_value_internal":136.80396601133185,"distribution":"{\"name\": \"FloatDistribution\", \"attributes\": {\"step\": null, \"low\": 1e-05, \"high\": 1000.0, \"log\": true}}"}
{"op_code":5,"worker_id":"32f960d9-84d4-4594-9f06-3be190d835a8-136384646833280","trial_id":278,"param_name":"USE_RMS_SCALING","param_value_internal":0,"distribution":"{\"name\": \"CategoricalDistribution\", \"attributes\": {\"choices\": [true, false]}}"}
{"op_code":6,"worker_id":"cde2da9c-90d0-4f0d-b4e5-3b00eb46c454-132928030033024","trial_id":266,"state":1,"values":[-0.0004866790656354499],"datetime_complete":"2026-05-06T10:15:16.418082"}
{"op_code":4,"worker_id":"cde2da9c-90d0-4f0d-b4e5-3b00eb46c454-132928030033024","study_id":0,"datetime_start":"2026-05-06T10:15:16.611337"}
{"op_code":9,"worker_id":"cde2da9c-90d0-4f0d-b4e5-3b00eb46c454-132928030033024","trial_id":279,"system_attr":{"tpe:relative_params:0":"{\"RANK_REGRESS\": 48, \"REG_W\": 52.26057400853443, \"USE_RMS_SCALING\": true}"}}
{"op_code":5,"worker_id":"cde2da9c-90d0-4f0d-b4e5-3b00eb46c454-132928030033024","trial_id":279,"param_name":"RANK_REGRESS","param_value_internal":48.0,"distribution":"{\"name\": \"IntDistribution\", \"attributes\": {\"log\": false, \"step\": 1, \"low\": 5, \"high\": 80}}"}
{"op_code":5,"worker_id":"cde2da9c-90d0-4f0d-b4e5-3b00eb46c454-132928030033024","trial_id":279,"param_name":"REG_W","param_value_internal":52.26057400853443,"distribution":"{\"name\": \"FloatDistribution\", \"attributes\": {\"step\": null, \"low\": 1e-05, \"high\": 1000.0, \"log\": true}}"}
{"op_code":5,"worker_id":"cde2da9c-90d0-4f0d-b4e5-3b00eb46c454-132928030033024","trial_id":279,"param_name":"USE_RMS_SCALING","param_value_internal":0,"distribution":"{\"name\": \"CategoricalDistribution\", \"attributes\": {\"choices\": [true, false]}}"}
{"op_code":6,"worker_id":"b79c6155-39bd-44aa-bc06-bdaf08631c59-136637074277504","trial_id":260,"state":1,"values":[0.0],"datetime_complete":"2026-05-06T10:23:20.107828"}
{"op_code":4,"worker_id":"b79c6155-39bd-44aa-bc06-bdaf08631c59-136637074277504","study_id":0,"datetime_start":"2026-05-06T10:23:20.165464"}
{"op_code":9,"worker_id":"b79c6155-39bd-44aa-bc06-bdaf08631c59-136637074277504","trial_id":280,"system_attr":{"tpe:relative_params:0":"{\"RANK_REGRESS\": 32, \"REG_W\": 980.23885160551, \"USE_RMS_SCALING\": true}"}}
{"op_code":5,"worker_id":"b79c6155-39bd-44aa-bc06-bdaf08631c59-136637074277504","trial_id":280,"param_name":"RANK_REGRESS","param_value_internal":32.0,"distribution":"{\"name\": \"IntDistribution\", \"attributes\": {\"log\": false, \"step\": 1, \"low\": 5, \"high\": 80}}"}
{"op_code":5,"worker_id":"b79c6155-39bd-44aa-bc06-bdaf08631c59-136637074277504","trial_id":280,"param_name":"REG_W","param_value_internal":980.23885160551,"distribution":"{\"name\": \"FloatDistribution\", \"attributes\": {\"step\": null, \"low\": 1e-05, \"high\": 1000.0, \"log\": true}}"}
{"op_code":5,"worker_id":"b79c6155-39bd-44aa-bc06-bdaf08631c59-136637074277504","trial_id":280,"param_name":"USE_RMS_SCALING","param_value_internal":0,"distribution":"{\"name\": \"CategoricalDistribution\", \"attributes\": {\"choices\": [true, false]}}"}
{"op_code":6,"worker_id":"ec2a77f2-f830-42e7-af60-b808ff421d97-132193779037312","trial_id":263,"state":1,"values":[-0.0063926693599765105],"datetime_complete":"2026-05-06T10:25:28.074049"}
{"op_code":4,"worker_id":"ec2a77f2-f830-42e7-af60-b808ff421d97-132193779037312","study_id":0,"datetime_start":"2026-05-06T10:25:28.181202"}
{"op_code":9,"worker_id":"ec2a77f2-f830-42e7-af60-b808ff421d97-132193779037312","trial_id":281,"system_attr":{"tpe:relative_params:0":"{\"RANK_REGRESS\": 46, \"REG_W\": 30.26265599591444, \"USE_RMS_SCALING\": false}"}}
{"op_code":5,"worker_id":"ec2a77f2-f830-42e7-af60-b808ff421d97-132193779037312","trial_id":281,"param_name":"RANK_REGRESS","param_value_internal":46.0,"distribution":"{\"name\": \"IntDistribution\", \"attributes\": {\"log\": false, \"step\": 1, \"low\": 5, \"high\": 80}}"}
{"op_code":5,"worker_id":"ec2a77f2-f830-42e7-af60-b808ff421d97-132193779037312","trial_id":281,"param_name":"REG_W","param_value_internal":30.26265599591444,"distribution":"{\"name\": \"FloatDistribution\", \"attributes\": {\"step\": null, \"low\": 1e-05, \"high\": 1000.0, \"log\": true}}"}
{"op_code":5,"worker_id":"ec2a77f2-f830-42e7-af60-b808ff421d97-132193779037312","trial_id":281,"param_name":"USE_RMS_SCALING","param_value_internal":1,"distribution":"{\"name\": \"CategoricalDistribution\", \"attributes\": {\"choices\": [true, false]}}"}
{"op_code":6,"worker_id":"d174e0c9-2b6c-495e-8860-f3a3d7e8281d-139963304486016","trial_id":270,"state":1,"values":[-0.02181414319402745],"datetime_complete":"2026-05-06T10:26:37.849573"}
{"op_code":4,"worker_id":"d174e0c9-2b6c-495e-8860-f3a3d7e8281d-139963304486016","study_id":0,"datetime_start":"2026-05-06T10:26:38.071394"}
{"op_code":9,"worker_id":"d174e0c9-2b6c-495e-8860-f3a3d7e8281d-139963304486016","trial_id":282,"system_attr":{"tpe:relative_params:0":"{\"RANK_REGRESS\": 31, \"REG_W\": 58.394902463136894, \"USE_RMS_SCALING\": true}"}}
{"op_code":5,"worker_id":"d174e0c9-2b6c-495e-8860-f3a3d7e8281d-139963304486016","trial_id":282,"param_name":"RANK_REGRESS","param_value_internal":31.0,"distribution":"{\"name\": \"IntDistribution\", \"attributes\": {\"log\": false, \"step\": 1, \"low\": 5, \"high\": 80}}"}
{"op_code":5,"worker_id":"d174e0c9-2b6c-495e-8860-f3a3d7e8281d-139963304486016","trial_id":282,"param_name":"REG_W","param_value_internal":58.394902463136894,"distribution":"{\"name\": \"FloatDistribution\", \"attributes\": {\"step\": null, \"low\": 1e-05, \"high\": 1000.0, \"log\": true}}"}
{"op_code":5,"worker_id":"d174e0c9-2b6c-495e-8860-f3a3d7e8281d-139963304486016","trial_id":282,"param_name":"USE_RMS_SCALING","param_value_internal":0,"distribution":"{\"name\": \"CategoricalDistribution\", \"attributes\": {\"choices\": [true, false]}}"}
{"op_code":6,"worker_id":"4dc6f473-9b82-4bbf-896b-dbf6a0a38561-128150108099712","trial_id":271,"state":1,"values":[-0.3915839263906958],"datetime_complete":"2026-05-06T10:27:20.590834"}
{"op_code":4,"worker_id":"4dc6f473-9b82-4bbf-896b-dbf6a0a38561-128150108099712","study_id":0,"datetime_start":"2026-05-06T10:27:20.681776"}
{"op_code":9,"worker_id":"4dc6f473-9b82-4bbf-896b-dbf6a0a38561-128150108099712","trial_id":283,"system_attr":{"tpe:relative_params:0":"{\"RANK_REGRESS\": 46, \"REG_W\": 48.05922739645974, \"USE_RMS_SCALING\": true}"}}
{"op_code":5,"worker_id":"4dc6f473-9b82-4bbf-896b-dbf6a0a38561-128150108099712","trial_id":283,"param_name":"RANK_REGRESS","param_value_internal":46.0,"distribution":"{\"name\": \"IntDistribution\", \"attributes\": {\"log\": false, \"step\": 1, \"low\": 5, \"high\": 80}}"}
{"op_code":5,"worker_id":"4dc6f473-9b82-4bbf-896b-dbf6a0a38561-128150108099712","trial_id":283,"param_name":"REG_W","param_value_internal":48.05922739645974,"distribution":"{\"name\": \"FloatDistribution\", \"attributes\": {\"step\": null, \"low\": 1e-05, \"high\": 1000.0, \"log\": true}}"}
{"op_code":5,"worker_id":"4dc6f473-9b82-4bbf-896b-dbf6a0a38561-128150108099712","trial_id":283,"param_name":"USE_RMS_SCALING","param_value_internal":0,"distribution":"{\"name\": \"CategoricalDistribution\", \"attributes\": {\"choices\": [true, false]}}"}
{"op_code":6,"worker_id":"0cef5d56-e50b-48d9-bf95-e85591223855-131018145944704","trial_id":275,"state":1,"values":[-0.01391568035120764],"datetime_complete":"2026-05-06T10:37:06.978344"}
{"op_code":4,"worker_id":"0cef5d56-e50b-48d9-bf95-e85591223855-131018145944704","study_id":0,"datetime_start":"2026-05-06T10:37:07.054440"}
{"op_code":9,"worker_id":"0cef5d56-e50b-48d9-bf95-e85591223855-131018145944704","trial_id":284,"system_attr":{"tpe:relative_params:0":"{\"RANK_REGRESS\": 20, \"REG_W\": 132.151595485019, \"USE_RMS_SCALING\": true}"}}
{"op_code":5,"worker_id":"0cef5d56-e50b-48d9-bf95-e85591223855-131018145944704","trial_id":284,"param_name":"RANK_REGRESS","param_value_internal":20.0,"distribution":"{\"name\": \"IntDistribution\", \"attributes\": {\"log\": false, \"step\": 1, \"low\": 5, \"high\": 80}}"}
{"op_code":5,"worker_id":"0cef5d56-e50b-48d9-bf95-e85591223855-131018145944704","trial_id":284,"param_name":"REG_W","param_value_internal":132.151595485019,"distribution":"{\"name\": \"FloatDistribution\", \"attributes\": {\"step\": null, \"low\": 1e-05, \"high\": 1000.0, \"log\": true}}"}
{"op_code":5,"worker_id":"0cef5d56-e50b-48d9-bf95-e85591223855-131018145944704","trial_id":284,"param_name":"USE_RMS_SCALING","param_value_internal":0,"distribution":"{\"name\": \"CategoricalDistribution\", \"attributes\": {\"choices\": [true, false]}}"}
{"op_code":6,"worker_id":"604ac321-6be3-40ac-a27f-3df856a07bc2-136384601556096","trial_id":252,"state":1,"values":[0.0],"datetime_complete":"2026-05-06T10:47:09.343210"}
{"op_code":4,"worker_id":"604ac321-6be3-40ac-a27f-3df856a07bc2-136384601556096","study_id":0,"datetime_start":"2026-05-06T10:47:09.455496"}
{"op_code":9,"worker_id":"604ac321-6be3-40ac-a27f-3df856a07bc2-136384601556096","trial_id":285,"system_attr":{"tpe:relative_params:0":"{\"RANK_REGRESS\": 10, \"REG_W\": 16.152176448468975, \"USE_RMS_SCALING\": true}"}}
{"op_code":5,"worker_id":"604ac321-6be3-40ac-a27f-3df856a07bc2-136384601556096","trial_id":285,"param_name":"RANK_REGRESS","param_value_internal":10.0,"distribution":"{\"name\": \"IntDistribution\", \"attributes\": {\"log\": false, \"step\": 1, \"low\": 5, \"high\": 80}}"}
{"op_code":5,"worker_id":"604ac321-6be3-40ac-a27f-3df856a07bc2-136384601556096","trial_id":285,"param_name":"REG_W","param_value_internal":16.152176448468975,"distribution":"{\"name\": \"FloatDistribution\", \"attributes\": {\"step\": null, \"low\": 1e-05, \"high\": 1000.0, \"log\": true}}"}
{"op_code":5,"worker_id":"604ac321-6be3-40ac-a27f-3df856a07bc2-136384601556096","trial_id":285,"param_name":"USE_RMS_SCALING","param_value_internal":0,"distribution":"{\"name\": \"CategoricalDistribution\", \"attributes\": {\"choices\": [true, false]}}"}
{"op_code":6,"worker_id":"ab715761-de0e-4ad9-92aa-c359ac5ca251-124171878241408","trial_id":228,"state":1,"values":[0.0],"datetime_complete":"2026-05-06T10:50:55.931296"}
{"op_code":4,"worker_id":"ab715761-de0e-4ad9-92aa-c359ac5ca251-124171878241408","study_id":0,"datetime_start":"2026-05-06T10:50:56.061552"}
{"op_code":9,"worker_id":"ab715761-de0e-4ad9-92aa-c359ac5ca251-124171878241408","trial_id":286,"system_attr":{"tpe:relative_params:0":"{\"RANK_REGRESS\": 16, \"REG_W\": 392.24616020485064, \"USE_RMS_SCALING\": true}"}}
{"op_code":5,"worker_id":"ab715761-de0e-4ad9-92aa-c359ac5ca251-124171878241408","trial_id":286,"param_name":"RANK_REGRESS","param_value_internal":16.0,"distribution":"{\"name\": \"IntDistribution\", \"attributes\": {\"log\": false, \"step\": 1, \"low\": 5, \"high\": 80}}"}
{"op_code":5,"worker_id":"ab715761-de0e-4ad9-92aa-c359ac5ca251-124171878241408","trial_id":286,"param_name":"REG_W","param_value_internal":392.24616020485064,"distribution":"{\"name\": \"FloatDistribution\", \"attributes\": {\"step\": null, \"low\": 1e-05, \"high\": 1000.0, \"log\": true}}"}
{"op_code":5,"worker_id":"ab715761-de0e-4ad9-92aa-c359ac5ca251-124171878241408","trial_id":286,"param_name":"USE_RMS_SCALING","param_value_internal":0,"distribution":"{\"name\": \"CategoricalDistribution\", \"attributes\": {\"choices\": [true, false]}}"}
{"op_code":6,"worker_id":"30aa2615-861b-4314-9a32-09a531e85635-131575851426944","trial_id":269,"state":1,"values":[0.004809563653893696],"datetime_complete":"2026-05-06T10:58:50.372222"}
{"op_code":4,"worker_id":"30aa2615-861b-4314-9a32-09a531e85635-131575851426944","study_id":0,"datetime_start":"2026-05-06T10:58:50.496479"}
{"op_code":9,"worker_id":"30aa2615-861b-4314-9a32-09a531e85635-131575851426944","trial_id":287,"system_attr":{"tpe:relative_params:0":"{\"RANK_REGRESS\": 18, \"REG_W\": 197.2149738995314, \"USE_RMS_SCALING\": false}"}}
{"op_code":5,"worker_id":"30aa2615-861b-4314-9a32-09a531e85635-131575851426944","trial_id":287,"param_name":"RANK_REGRESS","param_value_internal":18.0,"distribution":"{\"name\": \"IntDistribution\", \"attributes\": {\"log\": false, \"step\": 1, \"low\": 5, \"high\": 80}}"}
{"op_code":5,"worker_id":"30aa2615-861b-4314-9a32-09a531e85635-131575851426944","trial_id":287,"param_name":"REG_W","param_value_internal":197.2149738995314,"distribution":"{\"name\": \"FloatDistribution\", \"attributes\": {\"step\": null, \"low\": 1e-05, \"high\": 1000.0, \"log\": true}}"}
{"op_code":5,"worker_id":"30aa2615-861b-4314-9a32-09a531e85635-131575851426944","trial_id":287,"param_name":"USE_RMS_SCALING","param_value_internal":1,"distribution":"{\"name\": \"CategoricalDistribution\", \"attributes\": {\"choices\": [true, false]}}"}
{"op_code":6,"worker_id":"c5bff05b-a367-47ed-bbb1-913d6a07f573-136926179939456","trial_id":219,"state":1,"values":[-0.0404368850406995],"datetime_complete":"2026-05-06T11:00:14.283237"}
{"op_code":4,"worker_id":"c5bff05b-a367-47ed-bbb1-913d6a07f573-136926179939456","study_id":0,"datetime_start":"2026-05-06T11:00:14.495309"}
{"op_code":9,"worker_id":"c5bff05b-a367-47ed-bbb1-913d6a07f573-136926179939456","trial_id":288,"system_attr":{"tpe:relative_params:0":"{\"RANK_REGRESS\": 5, \"REG_W\": 16.06122839286544, \"USE_RMS_SCALING\": false}"}}
{"op_code":5,"worker_id":"c5bff05b-a367-47ed-bbb1-913d6a07f573-136926179939456","trial_id":288,"param_name":"RANK_REGRESS","param_value_internal":5.0,"distribution":"{\"name\": \"IntDistribution\", \"attributes\": {\"log\": false, \"step\": 1, \"low\": 5, \"high\": 80}}"}
{"op_code":5,"worker_id":"c5bff05b-a367-47ed-bbb1-913d6a07f573-136926179939456","trial_id":288,"param_name":"REG_W","param_value_internal":16.06122839286544,"distribution":"{\"name\": \"FloatDistribution\", \"attributes\": {\"step\": null, \"low\": 1e-05, \"high\": 1000.0, \"log\": true}}"}
{"op_code":5,"worker_id":"c5bff05b-a367-47ed-bbb1-913d6a07f573-136926179939456","trial_id":288,"param_name":"USE_RMS_SCALING","param_value_internal":1,"distribution":"{\"name\": \"CategoricalDistribution\", \"attributes\": {\"choices\": [true, false]}}"}
{"op_code":6,"worker_id":"dd11c6be-739b-4d68-bcaf-6941ebba8c53-124721651405952","trial_id":272,"state":1,"values":[-0.0131506642279872],"datetime_complete":"2026-05-06T11:01:33.329274"}
{"op_code":4,"worker_id":"dd11c6be-739b-4d68-bcaf-6941ebba8c53-124721651405952","study_id":0,"datetime_start":"2026-05-06T11:01:33.409550"}
{"op_code":9,"worker_id":"dd11c6be-739b-4d68-bcaf-6941ebba8c53-124721651405952","trial_id":289,"system_attr":{"tpe:relative_params:0":"{\"RANK_REGRESS\": 5, \"REG_W\": 204.3099880604503, \"USE_RMS_SCALING\": false}"}}
{"op_code":5,"worker_id":"dd11c6be-739b-4d68-bcaf-6941ebba8c53-124721651405952","trial_id":289,"param_name":"RANK_REGRESS","param_value_internal":5.0,"distribution":"{\"name\": \"IntDistribution\", \"attributes\": {\"log\": false, \"step\": 1, \"low\": 5, \"high\": 80}}"}
{"op_code":5,"worker_id":"dd11c6be-739b-4d68-bcaf-6941ebba8c53-124721651405952","trial_id":289,"param_name":"REG_W","param_value_internal":204.3099880604503,"distribution":"{\"name\": \"FloatDistribution\", \"attributes\": {\"step\": null, \"low\": 1e-05, \"high\": 1000.0, \"log\": true}}"}
{"op_code":5,"worker_id":"dd11c6be-739b-4d68-bcaf-6941ebba8c53-124721651405952","trial_id":289,"param_name":"USE_RMS_SCALING","param_value_internal":1,"distribution":"{\"name\": \"CategoricalDistribution\", \"attributes\": {\"choices\": [true, false]}}"}
{"op_code":6,"worker_id":"bd19843e-2143-4ec2-b3c5-0028203c0e52-123842789692544","trial_id":216,"state":1,"values":[-0.12736742004043708],"datetime_complete":"2026-05-06T11:12:59.468821"}
{"op_code":4,"worker_id":"bd19843e-2143-4ec2-b3c5-0028203c0e52-123842789692544","study_id":0,"datetime_start":"2026-05-06T11:12:59.532947"}
{"op_code":9,"worker_id":"bd19843e-2143-4ec2-b3c5-0028203c0e52-123842789692544","trial_id":290,"system_attr":{"tpe:relative_params:0":"{\"RANK_REGRESS\": 13, \"REG_W\": 310.8451435413381, \"USE_RMS_SCALING\": false}"}}
{"op_code":5,"worker_id":"bd19843e-2143-4ec2-b3c5-0028203c0e52-123842789692544","trial_id":290,"param_name":"RANK_REGRESS","param_value_internal":13.0,"distribution":"{\"name\": \"IntDistribution\", \"attributes\": {\"log\": false, \"step\": 1, \"low\": 5, \"high\": 80}}"}
{"op_code":5,"worker_id":"bd19843e-2143-4ec2-b3c5-0028203c0e52-123842789692544","trial_id":290,"param_name":"REG_W","param_value_internal":310.8451435413381,"distribution":"{\"name\": \"FloatDistribution\", \"attributes\": {\"step\": null, \"low\": 1e-05, \"high\": 1000.0, \"log\": true}}"}
{"op_code":5,"worker_id":"bd19843e-2143-4ec2-b3c5-0028203c0e52-123842789692544","trial_id":290,"param_name":"USE_RMS_SCALING","param_value_internal":1,"distribution":"{\"name\": \"CategoricalDistribution\", \"attributes\": {\"choices\": [true, false]}}"}
{"op_code":6,"worker_id":"94a3017f-ac78-418d-974b-87187d3efe44-134500650919040","trial_id":274,"state":1,"values":[0.0014026278384394741],"datetime_complete":"2026-05-06T11:19:59.147500"}
{"op_code":4,"worker_id":"94a3017f-ac78-418d-974b-87187d3efe44-134500650919040","study_id":0,"datetime_start":"2026-05-06T11:19:59.239650"}
{"op_code":9,"worker_id":"94a3017f-ac78-418d-974b-87187d3efe44-134500650919040","trial_id":291,"system_attr":{"tpe:relative_params:0":"{\"RANK_REGRESS\": 22, \"REG_W\": 2.5476356125867956, \"USE_RMS_SCALING\": false}"}}
{"op_code":5,"worker_id":"94a3017f-ac78-418d-974b-87187d3efe44-134500650919040","trial_id":291,"param_name":"RANK_REGRESS","param_value_internal":22.0,"distribution":"{\"name\": \"IntDistribution\", \"attributes\": {\"log\": false, \"step\": 1, \"low\": 5, \"high\": 80}}"}
{"op_code":5,"worker_id":"94a3017f-ac78-418d-974b-87187d3efe44-134500650919040","trial_id":291,"param_name":"REG_W","param_value_internal":2.5476356125867956,"distribution":"{\"name\": \"FloatDistribution\", \"attributes\": {\"step\": null, \"low\": 1e-05, \"high\": 1000.0, \"log\": true}}"}
{"op_code":5,"worker_id":"94a3017f-ac78-418d-974b-87187d3efe44-134500650919040","trial_id":291,"param_name":"USE_RMS_SCALING","param_value_internal":1,"distribution":"{\"name\": \"CategoricalDistribution\", \"attributes\": {\"choices\": [true, false]}}"}
{"op_code":6,"worker_id":"4345bb9f-17cf-4ff0-b723-03a9e231690e-134939921056896","trial_id":218,"state":1,"values":[-0.010021406114813688],"datetime_complete":"2026-05-06T11:22:56.974679"}
{"op_code":4,"worker_id":"4345bb9f-17cf-4ff0-b723-03a9e231690e-134939921056896","study_id":0,"datetime_start":"2026-05-06T11:22:57.046596"}
{"op_code":9,"worker_id":"4345bb9f-17cf-4ff0-b723-03a9e231690e-134939921056896","trial_id":292,"system_attr":{"tpe:relative_params:0":"{\"RANK_REGRESS\": 19, \"REG_W\": 34.46458298267535, \"USE_RMS_SCALING\": false}"}}
{"op_code":5,"worker_id":"4345bb9f-17cf-4ff0-b723-03a9e231690e-134939921056896","trial_id":292,"param_name":"RANK_REGRESS","param_value_internal":19.0,"distribution":"{\"name\": \"IntDistribution\", \"attributes\": {\"log\": false, \"step\": 1, \"low\": 5, \"high\": 80}}"}
{"op_code":5,"worker_id":"4345bb9f-17cf-4ff0-b723-03a9e231690e-134939921056896","trial_id":292,"param_name":"REG_W","param_value_internal":34.46458298267535,"distribution":"{\"name\": \"FloatDistribution\", \"attributes\": {\"step\": null, \"low\": 1e-05, \"high\": 1000.0, \"log\": true}}"}
{"op_code":5,"worker_id":"4345bb9f-17cf-4ff0-b723-03a9e231690e-134939921056896","trial_id":292,"param_name":"USE_RMS_SCALING","param_value_internal":1,"distribution":"{\"name\": \"CategoricalDistribution\", \"attributes\": {\"choices\": [true, false]}}"}
{"op_code":6,"worker_id":"c5bff05b-a367-47ed-bbb1-913d6a07f573-136926179939456","trial_id":288,"state":1,"values":[-0.0063921032378980724],"datetime_complete":"2026-05-06T12:04:36.649036"}
{"op_code":4,"worker_id":"c5bff05b-a367-47ed-bbb1-913d6a07f573-136926179939456","study_id":0,"datetime_start":"2026-05-06T12:04:36.721585"}
{"op_code":9,"worker_id":"c5bff05b-a367-47ed-bbb1-913d6a07f573-136926179939456","trial_id":293,"system_attr":{"tpe:relative_params:0":"{\"RANK_REGRESS\": 13, \"REG_W\": 6.822839032864357, \"USE_RMS_SCALING\": false}"}}
{"op_code":5,"worker_id":"c5bff05b-a367-47ed-bbb1-913d6a07f573-136926179939456","trial_id":293,"param_name":"RANK_REGRESS","param_value_internal":13.0,"distribution":"{\"name\": \"IntDistribution\", \"attributes\": {\"log\": false, \"step\": 1, \"low\": 5, \"high\": 80}}"}
{"op_code":5,"worker_id":"c5bff05b-a367-47ed-bbb1-913d6a07f573-136926179939456","trial_id":293,"param_name":"REG_W","param_value_internal":6.822839032864357,"distribution":"{\"name\": \"FloatDistribution\", \"attributes\": {\"step\": null, \"low\": 1e-05, \"high\": 1000.0, \"log\": true}}"}
{"op_code":5,"worker_id":"c5bff05b-a367-47ed-bbb1-913d6a07f573-136926179939456","trial_id":293,"param_name":"USE_RMS_SCALING","param_value_internal":1,"distribution":"{\"name\": \"CategoricalDistribution\", \"attributes\": {\"choices\": [true, false]}}"}
{"op_code":6,"worker_id":"dd11c6be-739b-4d68-bcaf-6941ebba8c53-124721651405952","trial_id":289,"state":1,"values":[0.0],"datetime_complete":"2026-05-06T12:05:28.146276"}
{"op_code":4,"worker_id":"dd11c6be-739b-4d68-bcaf-6941ebba8c53-124721651405952","study_id":0,"datetime_start":"2026-05-06T12:05:28.378292"}
{"op_code":9,"worker_id":"dd11c6be-739b-4d68-bcaf-6941ebba8c53-124721651405952","trial_id":294,"system_attr":{"tpe:relative_params:0":"{\"RANK_REGRESS\": 14, \"REG_W\": 115.47151346302513, \"USE_RMS_SCALING\": false}"}}
{"op_code":5,"worker_id":"dd11c6be-739b-4d68-bcaf-6941ebba8c53-124721651405952","trial_id":294,"param_name":"RANK_REGRESS","param_value_internal":14.0,"distribution":"{\"name\": \"IntDistribution\", \"attributes\": {\"log\": false, \"step\": 1, \"low\": 5, \"high\": 80}}"}
{"op_code":5,"worker_id":"dd11c6be-739b-4d68-bcaf-6941ebba8c53-124721651405952","trial_id":294,"param_name":"REG_W","param_value_internal":115.47151346302513,"distribution":"{\"name\": \"FloatDistribution\", \"attributes\": {\"step\": null, \"low\": 1e-05, \"high\": 1000.0, \"log\": true}}"}
{"op_code":5,"worker_id":"dd11c6be-739b-4d68-bcaf-6941ebba8c53-124721651405952","trial_id":294,"param_name":"USE_RMS_SCALING","param_value_internal":1,"distribution":"{\"name\": \"CategoricalDistribution\", \"attributes\": {\"choices\": [true, false]}}"}
{"op_code":6,"worker_id":"151a02cd-0616-4fd3-a4fe-eb871f631b14-131617264080000","trial_id":257,"state":1,"values":[0.0],"datetime_complete":"2026-05-06T12:08:25.400408"}
{"op_code":4,"worker_id":"151a02cd-0616-4fd3-a4fe-eb871f631b14-131617264080000","study_id":0,"datetime_start":"2026-05-06T12:08:25.492424"}
{"op_code":9,"worker_id":"151a02cd-0616-4fd3-a4fe-eb871f631b14-131617264080000","trial_id":295,"system_attr":{"tpe:relative_params:0":"{\"RANK_REGRESS\": 12, \"REG_W\": 194.33609427486255, \"USE_RMS_SCALING\": false}"}}
{"op_code":5,"worker_id":"151a02cd-0616-4fd3-a4fe-eb871f631b14-131617264080000","trial_id":295,"param_name":"RANK_REGRESS","param_value_internal":12.0,"distribution":"{\"name\": \"IntDistribution\", \"attributes\": {\"log\": false, \"step\": 1, \"low\": 5, \"high\": 80}}"}
{"op_code":5,"worker_id":"151a02cd-0616-4fd3-a4fe-eb871f631b14-131617264080000","trial_id":295,"param_name":"REG_W","param_value_internal":194.33609427486255,"distribution":"{\"name\": \"FloatDistribution\", \"attributes\": {\"step\": null, \"low\": 1e-05, \"high\": 1000.0, \"log\": true}}"}
{"op_code":5,"worker_id":"151a02cd-0616-4fd3-a4fe-eb871f631b14-131617264080000","trial_id":295,"param_name":"USE_RMS_SCALING","param_value_internal":1,"distribution":"{\"name\": \"CategoricalDistribution\", \"attributes\": {\"choices\": [true, false]}}"}
{"op_code":6,"worker_id":"01385057-f486-4534-8a12-166de72c3d8f-138141888656512","trial_id":256,"state":1,"values":[0.0],"datetime_complete":"2026-05-06T12:11:12.856216"}
{"op_code":4,"worker_id":"01385057-f486-4534-8a12-166de72c3d8f-138141888656512","study_id":0,"datetime_start":"2026-05-06T12:11:12.983006"}
{"op_code":9,"worker_id":"01385057-f486-4534-8a12-166de72c3d8f-138141888656512","trial_id":296,"system_attr":{"tpe:relative_params:0":"{\"RANK_REGRESS\": 10, \"REG_W\": 117.36095879984533, \"USE_RMS_SCALING\": false}"}}
{"op_code":5,"worker_id":"01385057-f486-4534-8a12-166de72c3d8f-138141888656512","trial_id":296,"param_name":"RANK_REGRESS","param_value_internal":10.0,"distribution":"{\"name\": \"IntDistribution\", \"attributes\": {\"log\": false, \"step\": 1, \"low\": 5, \"high\": 80}}"}
{"op_code":5,"worker_id":"01385057-f486-4534-8a12-166de72c3d8f-138141888656512","trial_id":296,"param_name":"REG_W","param_value_internal":117.36095879984533,"distribution":"{\"name\": \"FloatDistribution\", \"attributes\": {\"step\": null, \"low\": 1e-05, \"high\": 1000.0, \"log\": true}}"}
{"op_code":5,"worker_id":"01385057-f486-4534-8a12-166de72c3d8f-138141888656512","trial_id":296,"param_name":"USE_RMS_SCALING","param_value_internal":1,"distribution":"{\"name\": \"CategoricalDistribution\", \"attributes\": {\"choices\": [true, false]}}"}
{"op_code":6,"worker_id":"fd3b04ea-8b8d-424f-a6f8-e3f0f8620aa5-128544407274624","trial_id":255,"state":1,"values":[0.0],"datetime_complete":"2026-05-06T12:24:16.010423"}
{"op_code":4,"worker_id":"fd3b04ea-8b8d-424f-a6f8-e3f0f8620aa5-128544407274624","study_id":0,"datetime_start":"2026-05-06T12:24:16.113911"}
{"op_code":9,"worker_id":"fd3b04ea-8b8d-424f-a6f8-e3f0f8620aa5-128544407274624","trial_id":297,"system_attr":{"tpe:relative_params:0":"{\"RANK_REGRESS\": 5, \"REG_W\": 37.04238999926706, \"USE_RMS_SCALING\": false}"}}
{"op_code":5,"worker_id":"fd3b04ea-8b8d-424f-a6f8-e3f0f8620aa5-128544407274624","trial_id":297,"param_name":"RANK_REGRESS","param_value_internal":5.0,"distribution":"{\"name\": \"IntDistribution\", \"attributes\": {\"log\": false, \"step\": 1, \"low\": 5, \"high\": 80}}"}
{"op_code":5,"worker_id":"fd3b04ea-8b8d-424f-a6f8-e3f0f8620aa5-128544407274624","trial_id":297,"param_name":"REG_W","param_value_internal":37.04238999926706,"distribution":"{\"name\": \"FloatDistribution\", \"attributes\": {\"step\": null, \"low\": 1e-05, \"high\": 1000.0, \"log\": true}}"}
{"op_code":5,"worker_id":"fd3b04ea-8b8d-424f-a6f8-e3f0f8620aa5-128544407274624","trial_id":297,"param_name":"USE_RMS_SCALING","param_value_internal":1,"distribution":"{\"name\": \"CategoricalDistribution\", \"attributes\": {\"choices\": [true, false]}}"}
{"op_code":6,"worker_id":"4ac78470-afc7-49c9-a151-623300abe3a7-129582237594752","trial_id":236,"state":1,"values":[-0.03759658657626234],"datetime_complete":"2026-05-06T12:50:51.044238"}
{"op_code":4,"worker_id":"4ac78470-afc7-49c9-a151-623300abe3a7-129582237594752","study_id":0,"datetime_start":"2026-05-06T12:50:51.139837"}
{"op_code":9,"worker_id":"4ac78470-afc7-49c9-a151-623300abe3a7-129582237594752","trial_id":298,"system_attr":{"tpe:relative_params:0":"{\"RANK_REGRESS\": 5, \"REG_W\": 0.6029581745929394, \"USE_RMS_SCALING\": false}"}}
{"op_code":5,"worker_id":"4ac78470-afc7-49c9-a151-623300abe3a7-129582237594752","trial_id":298,"param_name":"RANK_REGRESS","param_value_internal":5.0,"distribution":"{\"name\": \"IntDistribution\", \"attributes\": {\"log\": false, \"step\": 1, \"low\": 5, \"high\": 80}}"}
{"op_code":5,"worker_id":"4ac78470-afc7-49c9-a151-623300abe3a7-129582237594752","trial_id":298,"param_name":"REG_W","param_value_internal":0.6029581745929394,"distribution":"{\"name\": \"FloatDistribution\", \"attributes\": {\"step\": null, \"low\": 1e-05, \"high\": 1000.0, \"log\": true}}"}
{"op_code":5,"worker_id":"4ac78470-afc7-49c9-a151-623300abe3a7-129582237594752","trial_id":298,"param_name":"USE_RMS_SCALING","param_value_internal":1,"distribution":"{\"name\": \"CategoricalDistribution\", \"attributes\": {\"choices\": [true, false]}}"}
{"op_code":6,"worker_id":"45c569f8-67c4-4d2f-b5eb-dfb4f36b88da-138607751189632","trial_id":217,"state":1,"values":[0.0],"datetime_complete":"2026-05-06T12:51:21.644367"}
{"op_code":4,"worker_id":"45c569f8-67c4-4d2f-b5eb-dfb4f36b88da-138607751189632","study_id":0,"datetime_start":"2026-05-06T12:51:21.712539"}
{"op_code":9,"worker_id":"45c569f8-67c4-4d2f-b5eb-dfb4f36b88da-138607751189632","trial_id":299,"system_attr":{"tpe:relative_params:0":"{\"RANK_REGRESS\": 66, \"REG_W\": 907.7419289610319, \"USE_RMS_SCALING\": false}"}}
{"op_code":5,"worker_id":"45c569f8-67c4-4d2f-b5eb-dfb4f36b88da-138607751189632","trial_id":299,"param_name":"RANK_REGRESS","param_value_internal":66.0,"distribution":"{\"name\": \"IntDistribution\", \"attributes\": {\"log\": false, \"step\": 1, \"low\": 5, \"high\": 80}}"}
{"op_code":5,"worker_id":"45c569f8-67c4-4d2f-b5eb-dfb4f36b88da-138607751189632","trial_id":299,"param_name":"REG_W","param_value_internal":907.7419289610319,"distribution":"{\"name\": \"FloatDistribution\", \"attributes\": {\"step\": null, \"low\": 1e-05, \"high\": 1000.0, \"log\": true}}"}
{"op_code":5,"worker_id":"45c569f8-67c4-4d2f-b5eb-dfb4f36b88da-138607751189632","trial_id":299,"param_name":"USE_RMS_SCALING","param_value_internal":1,"distribution":"{\"name\": \"CategoricalDistribution\", \"attributes\": {\"choices\": [true, false]}}"}
{"op_code":6,"worker_id":"604ac321-6be3-40ac-a27f-3df856a07bc2-136384601556096","trial_id":285,"state":1,"values":[-0.0009484418455169749],"datetime_complete":"2026-05-06T13:00:16.939220"}
{"op_code":4,"worker_id":"604ac321-6be3-40ac-a27f-3df856a07bc2-136384601556096","study_id":0,"datetime_start":"2026-05-06T13:00:17.030120"}
{"op_code":9,"worker_id":"604ac321-6be3-40ac-a27f-3df856a07bc2-136384601556096","trial_id":300,"system_attr":{"tpe:relative_params:0":"{\"RANK_REGRESS\": 34, \"REG_W\": 78.38154522987136, \"USE_RMS_SCALING\": true}"}}
{"op_code":5,"worker_id":"604ac321-6be3-40ac-a27f-3df856a07bc2-136384601556096","trial_id":300,"param_name":"RANK_REGRESS","param_value_internal":34.0,"distribution":"{\"name\": \"IntDistribution\", \"attributes\": {\"log\": false, \"step\": 1, \"low\": 5, \"high\": 80}}"}
{"op_code":5,"worker_id":"604ac321-6be3-40ac-a27f-3df856a07bc2-136384601556096","trial_id":300,"param_name":"REG_W","param_value_internal":78.38154522987136,"distribution":"{\"name\": \"FloatDistribution\", \"attributes\": {\"step\": null, \"low\": 1e-05, \"high\": 1000.0, \"log\": true}}"}
{"op_code":5,"worker_id":"604ac321-6be3-40ac-a27f-3df856a07bc2-136384601556096","trial_id":300,"param_name":"USE_RMS_SCALING","param_value_internal":0,"distribution":"{\"name\": \"CategoricalDistribution\", \"attributes\": {\"choices\": [true, false]}}"}
{"op_code":6,"worker_id":"921e45ce-73f2-4aa9-b8d6-924e2baa8f2b-134502450754688","trial_id":273,"state":1,"values":[-0.06360753888851996],"datetime_complete":"2026-05-06T13:05:57.818248"}
{"op_code":4,"worker_id":"921e45ce-73f2-4aa9-b8d6-924e2baa8f2b-134502450754688","study_id":0,"datetime_start":"2026-05-06T13:05:57.911000"}
{"op_code":9,"worker_id":"921e45ce-73f2-4aa9-b8d6-924e2baa8f2b-134502450754688","trial_id":301,"system_attr":{"tpe:relative_params:0":"{\"RANK_REGRESS\": 6, \"REG_W\": 86.04429225386724, \"USE_RMS_SCALING\": false}"}}
{"op_code":5,"worker_id":"921e45ce-73f2-4aa9-b8d6-924e2baa8f2b-134502450754688","trial_id":301,"param_name":"RANK_REGRESS","param_value_internal":6.0,"distribution":"{\"name\": \"IntDistribution\", \"attributes\": {\"log\": false, \"step\": 1, \"low\": 5, \"high\": 80}}"}
{"op_code":5,"worker_id":"921e45ce-73f2-4aa9-b8d6-924e2baa8f2b-134502450754688","trial_id":301,"param_name":"REG_W","param_value_internal":86.04429225386724,"distribution":"{\"name\": \"FloatDistribution\", \"attributes\": {\"step\": null, \"low\": 1e-05, \"high\": 1000.0, \"log\": true}}"}
{"op_code":5,"worker_id":"921e45ce-73f2-4aa9-b8d6-924e2baa8f2b-134502450754688","trial_id":301,"param_name":"USE_RMS_SCALING","param_value_internal":1,"distribution":"{\"name\": \"CategoricalDistribution\", \"attributes\": {\"choices\": [true, false]}}"}
{"op_code":6,"worker_id":"fd3b04ea-8b8d-424f-a6f8-e3f0f8620aa5-128544407274624","trial_id":297,"state":1,"values":[0.0021609944264108596],"datetime_complete":"2026-05-06T13:25:02.836384"}
{"op_code":4,"worker_id":"fd3b04ea-8b8d-424f-a6f8-e3f0f8620aa5-128544407274624","study_id":0,"datetime_start":"2026-05-06T13:25:02.923971"}
{"op_code":9,"worker_id":"fd3b04ea-8b8d-424f-a6f8-e3f0f8620aa5-128544407274624","trial_id":302,"system_attr":{"tpe:relative_params:0":"{\"RANK_REGRESS\": 11, \"REG_W\": 7.465716137488949, \"USE_RMS_SCALING\": false}"}}
{"op_code":5,"worker_id":"fd3b04ea-8b8d-424f-a6f8-e3f0f8620aa5-128544407274624","trial_id":302,"param_name":"RANK_REGRESS","param_value_internal":11.0,"distribution":"{\"name\": \"IntDistribution\", \"attributes\": {\"log\": false, \"step\": 1, \"low\": 5, \"high\": 80}}"}
{"op_code":5,"worker_id":"fd3b04ea-8b8d-424f-a6f8-e3f0f8620aa5-128544407274624","trial_id":302,"param_name":"REG_W","param_value_internal":7.465716137488949,"distribution":"{\"name\": \"FloatDistribution\", \"attributes\": {\"step\": null, \"low\": 1e-05, \"high\": 1000.0, \"log\": true}}"}
{"op_code":5,"worker_id":"fd3b04ea-8b8d-424f-a6f8-e3f0f8620aa5-128544407274624","trial_id":302,"param_name":"USE_RMS_SCALING","param_value_internal":1,"distribution":"{\"name\": \"CategoricalDistribution\", \"attributes\": {\"choices\": [true, false]}}"}
{"op_code":6,"worker_id":"1ecc81af-fbdc-4699-a5e8-02eb083366ff-137619964699776","trial_id":238,"state":1,"values":[0.0],"datetime_complete":"2026-05-06T13:25:51.745023"}
{"op_code":4,"worker_id":"1ecc81af-fbdc-4699-a5e8-02eb083366ff-137619964699776","study_id":0,"datetime_start":"2026-05-06T13:25:51.924042"}
{"op_code":9,"worker_id":"1ecc81af-fbdc-4699-a5e8-02eb083366ff-137619964699776","trial_id":303,"system_attr":{"tpe:relative_params:0":"{\"RANK_REGRESS\": 5, \"REG_W\": 9.511799241752264, \"USE_RMS_SCALING\": false}"}}
{"op_code":5,"worker_id":"1ecc81af-fbdc-4699-a5e8-02eb083366ff-137619964699776","trial_id":303,"param_name":"RANK_REGRESS","param_value_internal":5.0,"distribution":"{\"name\": \"IntDistribution\", \"attributes\": {\"log\": false, \"step\": 1, \"low\": 5, \"high\": 80}}"}
{"op_code":5,"worker_id":"1ecc81af-fbdc-4699-a5e8-02eb083366ff-137619964699776","trial_id":303,"param_name":"REG_W","param_value_internal":9.511799241752264,"distribution":"{\"name\": \"FloatDistribution\", \"attributes\": {\"step\": null, \"low\": 1e-05, \"high\": 1000.0, \"log\": true}}"}
{"op_code":5,"worker_id":"1ecc81af-fbdc-4699-a5e8-02eb083366ff-137619964699776","trial_id":303,"param_name":"USE_RMS_SCALING","param_value_internal":1,"distribution":"{\"name\": \"CategoricalDistribution\", \"attributes\": {\"choices\": [true, false]}}"}
{"op_code":6,"worker_id":"1fe9c47f-ee66-4d8b-8377-ebe0e0b8fa7a-137005518849152","trial_id":215,"state":1,"values":[-0.7235247461820805],"datetime_complete":"2026-05-06T13:29:15.944232"}
{"op_code":4,"worker_id":"1fe9c47f-ee66-4d8b-8377-ebe0e0b8fa7a-137005518849152","study_id":0,"datetime_start":"2026-05-06T13:29:16.040659"}
{"op_code":9,"worker_id":"1fe9c47f-ee66-4d8b-8377-ebe0e0b8fa7a-137005518849152","trial_id":304,"system_attr":{"tpe:relative_params:0":"{\"RANK_REGRESS\": 5, \"REG_W\": 114.9535470821632, \"USE_RMS_SCALING\": false}"}}
{"op_code":5,"worker_id":"1fe9c47f-ee66-4d8b-8377-ebe0e0b8fa7a-137005518849152","trial_id":304,"param_name":"RANK_REGRESS","param_value_internal":5.0,"distribution":"{\"name\": \"IntDistribution\", \"attributes\": {\"log\": false, \"step\": 1, \"low\": 5, \"high\": 80}}"}
{"op_code":5,"worker_id":"1fe9c47f-ee66-4d8b-8377-ebe0e0b8fa7a-137005518849152","trial_id":304,"param_name":"REG_W","param_value_internal":114.9535470821632,"distribution":"{\"name\": \"FloatDistribution\", \"attributes\": {\"step\": null, \"low\": 1e-05, \"high\": 1000.0, \"log\": true}}"}
{"op_code":5,"worker_id":"1fe9c47f-ee66-4d8b-8377-ebe0e0b8fa7a-137005518849152","trial_id":304,"param_name":"USE_RMS_SCALING","param_value_internal":1,"distribution":"{\"name\": \"CategoricalDistribution\", \"attributes\": {\"choices\": [true, false]}}"}
{"op_code":6,"worker_id":"166b89ab-bdd9-46f9-a8c8-40f3fb5fab16-128107910046848","trial_id":235,"state":1,"values":[0.0],"datetime_complete":"2026-05-06T13:33:29.557153"}
{"op_code":4,"worker_id":"166b89ab-bdd9-46f9-a8c8-40f3fb5fab16-128107910046848","study_id":0,"datetime_start":"2026-05-06T13:33:29.642724"}
{"op_code":9,"worker_id":"166b89ab-bdd9-46f9-a8c8-40f3fb5fab16-128107910046848","trial_id":305,"system_attr":{"tpe:relative_params:0":"{\"RANK_REGRESS\": 18, \"REG_W\": 62.13061104741548, \"USE_RMS_SCALING\": false}"}}
{"op_code":5,"worker_id":"166b89ab-bdd9-46f9-a8c8-40f3fb5fab16-128107910046848","trial_id":305,"param_name":"RANK_REGRESS","param_value_internal":18.0,"distribution":"{\"name\": \"IntDistribution\", \"attributes\": {\"log\": false, \"step\": 1, \"low\": 5, \"high\": 80}}"}
{"op_code":5,"worker_id":"166b89ab-bdd9-46f9-a8c8-40f3fb5fab16-128107910046848","trial_id":305,"param_name":"REG_W","param_value_internal":62.13061104741548,"distribution":"{\"name\": \"FloatDistribution\", \"attributes\": {\"step\": null, \"low\": 1e-05, \"high\": 1000.0, \"log\": true}}"}
{"op_code":5,"worker_id":"166b89ab-bdd9-46f9-a8c8-40f3fb5fab16-128107910046848","trial_id":305,"param_name":"USE_RMS_SCALING","param_value_internal":1,"distribution":"{\"name\": \"CategoricalDistribution\", \"attributes\": {\"choices\": [true, false]}}"}
{"op_code":6,"worker_id":"bd19843e-2143-4ec2-b3c5-0028203c0e52-123842789692544","trial_id":290,"state":1,"values":[0.0],"datetime_complete":"2026-05-06T13:51:24.805768"}
{"op_code":4,"worker_id":"bd19843e-2143-4ec2-b3c5-0028203c0e52-123842789692544","study_id":0,"datetime_start":"2026-05-06T13:51:24.903472"}
{"op_code":9,"worker_id":"bd19843e-2143-4ec2-b3c5-0028203c0e52-123842789692544","trial_id":306,"system_attr":{"tpe:relative_params:0":"{\"RANK_REGRESS\": 10, \"REG_W\": 36.49105295723347, \"USE_RMS_SCALING\": false}"}}
{"op_code":5,"worker_id":"bd19843e-2143-4ec2-b3c5-0028203c0e52-123842789692544","trial_id":306,"param_name":"RANK_REGRESS","param_value_internal":10.0,"distribution":"{\"name\": \"IntDistribution\", \"attributes\": {\"log\": false, \"step\": 1, \"low\": 5, \"high\": 80}}"}
{"op_code":5,"worker_id":"bd19843e-2143-4ec2-b3c5-0028203c0e52-123842789692544","trial_id":306,"param_name":"REG_W","param_value_internal":36.49105295723347,"distribution":"{\"name\": \"FloatDistribution\", \"attributes\": {\"step\": null, \"low\": 1e-05, \"high\": 1000.0, \"log\": true}}"}
{"op_code":5,"worker_id":"bd19843e-2143-4ec2-b3c5-0028203c0e52-123842789692544","trial_id":306,"param_name":"USE_RMS_SCALING","param_value_internal":1,"distribution":"{\"name\": \"CategoricalDistribution\", \"attributes\": {\"choices\": [true, false]}}"}
{"op_code":6,"worker_id":"0ee4030e-4bd8-4b8d-b3e7-968a8bafd386-131630331589760","trial_id":199,"state":1,"values":[-0.0011376348162971766],"datetime_complete":"2026-05-06T13:56:25.839249"}
{"op_code":4,"worker_id":"0ee4030e-4bd8-4b8d-b3e7-968a8bafd386-131630331589760","study_id":0,"datetime_start":"2026-05-06T13:56:25.915544"}
{"op_code":9,"worker_id":"0ee4030e-4bd8-4b8d-b3e7-968a8bafd386-131630331589760","trial_id":307,"system_attr":{"tpe:relative_params:0":"{\"RANK_REGRESS\": 5, \"REG_W\": 18.5390388774517, \"USE_RMS_SCALING\": false}"}}
{"op_code":5,"worker_id":"0ee4030e-4bd8-4b8d-b3e7-968a8bafd386-131630331589760","trial_id":307,"param_name":"RANK_REGRESS","param_value_internal":5.0,"distribution":"{\"name\": \"IntDistribution\", \"attributes\": {\"log\": false, \"step\": 1, \"low\": 5, \"high\": 80}}"}
{"op_code":5,"worker_id":"0ee4030e-4bd8-4b8d-b3e7-968a8bafd386-131630331589760","trial_id":307,"param_name":"REG_W","param_value_internal":18.5390388774517,"distribution":"{\"name\": \"FloatDistribution\", \"attributes\": {\"step\": null, \"low\": 1e-05, \"high\": 1000.0, \"log\": true}}"}
{"op_code":5,"worker_id":"0ee4030e-4bd8-4b8d-b3e7-968a8bafd386-131630331589760","trial_id":307,"param_name":"USE_RMS_SCALING","param_value_internal":1,"distribution":"{\"name\": \"CategoricalDistribution\", \"attributes\": {\"choices\": [true, false]}}"}
{"op_code":6,"worker_id":"271375ab-5dc2-469c-808f-b950b62a52db-130102141883520","trial_id":244,"state":1,"values":[0.0],"datetime_complete":"2026-05-06T13:57:23.130824"}
{"op_code":4,"worker_id":"271375ab-5dc2-469c-808f-b950b62a52db-130102141883520","study_id":0,"datetime_start":"2026-05-06T13:57:23.314802"}
{"op_code":9,"worker_id":"271375ab-5dc2-469c-808f-b950b62a52db-130102141883520","trial_id":308,"system_attr":{"tpe:relative_params:0":"{\"RANK_REGRESS\": 76, \"REG_W\": 40.62709705992234, \"USE_RMS_SCALING\": false}"}}
{"op_code":5,"worker_id":"271375ab-5dc2-469c-808f-b950b62a52db-130102141883520","trial_id":308,"param_name":"RANK_REGRESS","param_value_internal":76.0,"distribution":"{\"name\": \"IntDistribution\", \"attributes\": {\"log\": false, \"step\": 1, \"low\": 5, \"high\": 80}}"}
{"op_code":5,"worker_id":"271375ab-5dc2-469c-808f-b950b62a52db-130102141883520","trial_id":308,"param_name":"REG_W","param_value_internal":40.62709705992234,"distribution":"{\"name\": \"FloatDistribution\", \"attributes\": {\"step\": null, \"low\": 1e-05, \"high\": 1000.0, \"log\": true}}"}
{"op_code":5,"worker_id":"271375ab-5dc2-469c-808f-b950b62a52db-130102141883520","trial_id":308,"param_name":"USE_RMS_SCALING","param_value_internal":1,"distribution":"{\"name\": \"CategoricalDistribution\", \"attributes\": {\"choices\": [true, false]}}"}
{"op_code":6,"worker_id":"4ac78470-afc7-49c9-a151-623300abe3a7-129582237594752","trial_id":298,"state":1,"values":[-0.4457655096602701],"datetime_complete":"2026-05-06T14:04:02.883031"}
{"op_code":4,"worker_id":"4ac78470-afc7-49c9-a151-623300abe3a7-129582237594752","study_id":0,"datetime_start":"2026-05-06T14:04:02.993379"}
{"op_code":9,"worker_id":"4ac78470-afc7-49c9-a151-623300abe3a7-129582237594752","trial_id":309,"system_attr":{"tpe:relative_params:0":"{\"RANK_REGRESS\": 55, \"REG_W\": 18.767758525332408, \"USE_RMS_SCALING\": true}"}}
{"op_code":5,"worker_id":"4ac78470-afc7-49c9-a151-623300abe3a7-129582237594752","trial_id":309,"param_name":"RANK_REGRESS","param_value_internal":55.0,"distribution":"{\"name\": \"IntDistribution\", \"attributes\": {\"log\": false, \"step\": 1, \"low\": 5, \"high\": 80}}"}
{"op_code":5,"worker_id":"4ac78470-afc7-49c9-a151-623300abe3a7-129582237594752","trial_id":309,"param_name":"REG_W","param_value_internal":18.767758525332408,"distribution":"{\"name\": \"FloatDistribution\", \"attributes\": {\"step\": null, \"low\": 1e-05, \"high\": 1000.0, \"log\": true}}"}
{"op_code":5,"worker_id":"4ac78470-afc7-49c9-a151-623300abe3a7-129582237594752","trial_id":309,"param_name":"USE_RMS_SCALING","param_value_internal":0,"distribution":"{\"name\": \"CategoricalDistribution\", \"attributes\": {\"choices\": [true, false]}}"}
{"op_code":6,"worker_id":"23087242-6b37-4916-8a6d-1cf1e66fe731-125759604556928","trial_id":237,"state":1,"values":[-0.04314293103280128],"datetime_complete":"2026-05-06T14:08:24.545602"}
{"op_code":4,"worker_id":"23087242-6b37-4916-8a6d-1cf1e66fe731-125759604556928","study_id":0,"datetime_start":"2026-05-06T14:08:24.593830"}
{"op_code":9,"worker_id":"23087242-6b37-4916-8a6d-1cf1e66fe731-125759604556928","trial_id":310,"system_attr":{"tpe:relative_params:0":"{\"RANK_REGRESS\": 6, \"REG_W\": 154.41745174093896, \"USE_RMS_SCALING\": false}"}}
{"op_code":5,"worker_id":"23087242-6b37-4916-8a6d-1cf1e66fe731-125759604556928","trial_id":310,"param_name":"RANK_REGRESS","param_value_internal":6.0,"distribution":"{\"name\": \"IntDistribution\", \"attributes\": {\"log\": false, \"step\": 1, \"low\": 5, \"high\": 80}}"}
{"op_code":5,"worker_id":"23087242-6b37-4916-8a6d-1cf1e66fe731-125759604556928","trial_id":310,"param_name":"REG_W","param_value_internal":154.41745174093896,"distribution":"{\"name\": \"FloatDistribution\", \"attributes\": {\"step\": null, \"low\": 1e-05, \"high\": 1000.0, \"log\": true}}"}
{"op_code":5,"worker_id":"23087242-6b37-4916-8a6d-1cf1e66fe731-125759604556928","trial_id":310,"param_name":"USE_RMS_SCALING","param_value_internal":1,"distribution":"{\"name\": \"CategoricalDistribution\", \"attributes\": {\"choices\": [true, false]}}"}
{"op_code":6,"worker_id":"01385057-f486-4534-8a12-166de72c3d8f-138141888656512","trial_id":296,"state":1,"values":[0.0],"datetime_complete":"2026-05-06T14:17:50.950251"}
{"op_code":4,"worker_id":"01385057-f486-4534-8a12-166de72c3d8f-138141888656512","study_id":0,"datetime_start":"2026-05-06T14:17:51.054405"}
{"op_code":9,"worker_id":"01385057-f486-4534-8a12-166de72c3d8f-138141888656512","trial_id":311,"system_attr":{"tpe:relative_params:0":"{\"RANK_REGRESS\": 57, \"REG_W\": 148.60828481642048, \"USE_RMS_SCALING\": true}"}}
{"op_code":5,"worker_id":"01385057-f486-4534-8a12-166de72c3d8f-138141888656512","trial_id":311,"param_name":"RANK_REGRESS","param_value_internal":57.0,"distribution":"{\"name\": \"IntDistribution\", \"attributes\": {\"log\": false, \"step\": 1, \"low\": 5, \"high\": 80}}"}
{"op_code":5,"worker_id":"01385057-f486-4534-8a12-166de72c3d8f-138141888656512","trial_id":311,"param_name":"REG_W","param_value_internal":148.60828481642048,"distribution":"{\"name\": \"FloatDistribution\", \"attributes\": {\"step\": null, \"low\": 1e-05, \"high\": 1000.0, \"log\": true}}"}
{"op_code":5,"worker_id":"01385057-f486-4534-8a12-166de72c3d8f-138141888656512","trial_id":311,"param_name":"USE_RMS_SCALING","param_value_internal":0,"distribution":"{\"name\": \"CategoricalDistribution\", \"attributes\": {\"choices\": [true, false]}}"}
{"op_code":6,"worker_id":"30aa2615-861b-4314-9a32-09a531e85635-131575851426944","trial_id":287,"state":1,"values":[0.0],"datetime_complete":"2026-05-06T14:25:54.100764"}
{"op_code":4,"worker_id":"30aa2615-861b-4314-9a32-09a531e85635-131575851426944","study_id":0,"datetime_start":"2026-05-06T14:25:54.187194"}
{"op_code":9,"worker_id":"30aa2615-861b-4314-9a32-09a531e85635-131575851426944","trial_id":312,"system_attr":{"tpe:relative_params:0":"{\"RANK_REGRESS\": 29, \"REG_W\": 84.77375520432534, \"USE_RMS_SCALING\": true}"}}
{"op_code":5,"worker_id":"30aa2615-861b-4314-9a32-09a531e85635-131575851426944","trial_id":312,"param_name":"RANK_REGRESS","param_value_internal":29.0,"distribution":"{\"name\": \"IntDistribution\", \"attributes\": {\"log\": false, \"step\": 1, \"low\": 5, \"high\": 80}}"}
{"op_code":5,"worker_id":"30aa2615-861b-4314-9a32-09a531e85635-131575851426944","trial_id":312,"param_name":"REG_W","param_value_internal":84.77375520432534,"distribution":"{\"name\": \"FloatDistribution\", \"attributes\": {\"step\": null, \"low\": 1e-05, \"high\": 1000.0, \"log\": true}}"}
{"op_code":5,"worker_id":"30aa2615-861b-4314-9a32-09a531e85635-131575851426944","trial_id":312,"param_name":"USE_RMS_SCALING","param_value_internal":0,"distribution":"{\"name\": \"CategoricalDistribution\", \"attributes\": {\"choices\": [true, false]}}"}
{"op_code":6,"worker_id":"0cef5d56-e50b-48d9-bf95-e85591223855-131018145944704","trial_id":284,"state":1,"values":[0.0],"datetime_complete":"2026-05-06T14:27:49.643453"}
{"op_code":4,"worker_id":"0cef5d56-e50b-48d9-bf95-e85591223855-131018145944704","study_id":0,"datetime_start":"2026-05-06T14:27:49.715646"}
{"op_code":9,"worker_id":"0cef5d56-e50b-48d9-bf95-e85591223855-131018145944704","trial_id":313,"system_attr":{"tpe:relative_params:0":"{\"RANK_REGRESS\": 63, \"REG_W\": 882.0571172383686, \"USE_RMS_SCALING\": true}"}}
{"op_code":5,"worker_id":"0cef5d56-e50b-48d9-bf95-e85591223855-131018145944704","trial_id":313,"param_name":"RANK_REGRESS","param_value_internal":63.0,"distribution":"{\"name\": \"IntDistribution\", \"attributes\": {\"log\": false, \"step\": 1, \"low\": 5, \"high\": 80}}"}
{"op_code":5,"worker_id":"0cef5d56-e50b-48d9-bf95-e85591223855-131018145944704","trial_id":313,"param_name":"REG_W","param_value_internal":882.0571172383686,"distribution":"{\"name\": \"FloatDistribution\", \"attributes\": {\"step\": null, \"low\": 1e-05, \"high\": 1000.0, \"log\": true}}"}
{"op_code":5,"worker_id":"0cef5d56-e50b-48d9-bf95-e85591223855-131018145944704","trial_id":313,"param_name":"USE_RMS_SCALING","param_value_internal":0,"distribution":"{\"name\": \"CategoricalDistribution\", \"attributes\": {\"choices\": [true, false]}}"}
{"op_code":6,"worker_id":"151a02cd-0616-4fd3-a4fe-eb871f631b14-131617264080000","trial_id":295,"state":1,"values":[0.0],"datetime_complete":"2026-05-06T14:30:58.655477"}
{"op_code":4,"worker_id":"151a02cd-0616-4fd3-a4fe-eb871f631b14-131617264080000","study_id":0,"datetime_start":"2026-05-06T14:30:58.718803"}
{"op_code":9,"worker_id":"151a02cd-0616-4fd3-a4fe-eb871f631b14-131617264080000","trial_id":314,"system_attr":{"tpe:relative_params:0":"{\"RANK_REGRESS\": 40, \"REG_W\": 162.7869684628476, \"USE_RMS_SCALING\": true}"}}
{"op_code":5,"worker_id":"151a02cd-0616-4fd3-a4fe-eb871f631b14-131617264080000","trial_id":314,"param_name":"RANK_REGRESS","param_value_internal":40.0,"distribution":"{\"name\": \"IntDistribution\", \"attributes\": {\"log\": false, \"step\": 1, \"low\": 5, \"high\": 80}}"}
{"op_code":5,"worker_id":"151a02cd-0616-4fd3-a4fe-eb871f631b14-131617264080000","trial_id":314,"param_name":"REG_W","param_value_internal":162.7869684628476,"distribution":"{\"name\": \"FloatDistribution\", \"attributes\": {\"step\": null, \"low\": 1e-05, \"high\": 1000.0, \"log\": true}}"}
{"op_code":5,"worker_id":"151a02cd-0616-4fd3-a4fe-eb871f631b14-131617264080000","trial_id":314,"param_name":"USE_RMS_SCALING","param_value_internal":0,"distribution":"{\"name\": \"CategoricalDistribution\", \"attributes\": {\"choices\": [true, false]}}"}
{"op_code":6,"worker_id":"921e45ce-73f2-4aa9-b8d6-924e2baa8f2b-134502450754688","trial_id":301,"state":1,"values":[0.0],"datetime_complete":"2026-05-06T14:33:09.357144"}
{"op_code":4,"worker_id":"921e45ce-73f2-4aa9-b8d6-924e2baa8f2b-134502450754688","study_id":0,"datetime_start":"2026-05-06T14:33:09.440274"}
{"op_code":9,"worker_id":"921e45ce-73f2-4aa9-b8d6-924e2baa8f2b-134502450754688","trial_id":315,"system_attr":{"tpe:relative_params:0":"{\"RANK_REGRESS\": 5, \"REG_W\": 26.81567654235239, \"USE_RMS_SCALING\": false}"}}
{"op_code":5,"worker_id":"921e45ce-73f2-4aa9-b8d6-924e2baa8f2b-134502450754688","trial_id":315,"param_name":"RANK_REGRESS","param_value_internal":5.0,"distribution":"{\"name\": \"IntDistribution\", \"attributes\": {\"log\": false, \"step\": 1, \"low\": 5, \"high\": 80}}"}
{"op_code":5,"worker_id":"921e45ce-73f2-4aa9-b8d6-924e2baa8f2b-134502450754688","trial_id":315,"param_name":"REG_W","param_value_internal":26.81567654235239,"distribution":"{\"name\": \"FloatDistribution\", \"attributes\": {\"step\": null, \"low\": 1e-05, \"high\": 1000.0, \"log\": true}}"}
{"op_code":5,"worker_id":"921e45ce-73f2-4aa9-b8d6-924e2baa8f2b-134502450754688","trial_id":315,"param_name":"USE_RMS_SCALING","param_value_internal":1,"distribution":"{\"name\": \"CategoricalDistribution\", \"attributes\": {\"choices\": [true, false]}}"}
{"op_code":6,"worker_id":"1ecc81af-fbdc-4699-a5e8-02eb083366ff-137619964699776","trial_id":303,"state":1,"values":[-0.023074883513428197],"datetime_complete":"2026-05-06T14:34:17.849070"}
{"op_code":4,"worker_id":"1ecc81af-fbdc-4699-a5e8-02eb083366ff-137619964699776","study_id":0,"datetime_start":"2026-05-06T14:34:18.025415"}
{"op_code":9,"worker_id":"1ecc81af-fbdc-4699-a5e8-02eb083366ff-137619964699776","trial_id":316,"system_attr":{"tpe:relative_params:0":"{\"RANK_REGRESS\": 28, \"REG_W\": 734.0555143583803, \"USE_RMS_SCALING\": true}"}}
{"op_code":5,"worker_id":"1ecc81af-fbdc-4699-a5e8-02eb083366ff-137619964699776","trial_id":316,"param_name":"RANK_REGRESS","param_value_internal":28.0,"distribution":"{\"name\": \"IntDistribution\", \"attributes\": {\"log\": false, \"step\": 1, \"low\": 5, \"high\": 80}}"}
{"op_code":5,"worker_id":"1ecc81af-fbdc-4699-a5e8-02eb083366ff-137619964699776","trial_id":316,"param_name":"REG_W","param_value_internal":734.0555143583803,"distribution":"{\"name\": \"FloatDistribution\", \"attributes\": {\"step\": null, \"low\": 1e-05, \"high\": 1000.0, \"log\": true}}"}
{"op_code":5,"worker_id":"1ecc81af-fbdc-4699-a5e8-02eb083366ff-137619964699776","trial_id":316,"param_name":"USE_RMS_SCALING","param_value_internal":0,"distribution":"{\"name\": \"CategoricalDistribution\", \"attributes\": {\"choices\": [true, false]}}"}
{"op_code":6,"worker_id":"b0050196-0afb-42ca-910c-0b3d27c76bc2-127145941865600","trial_id":183,"state":1,"values":[0.0],"datetime_complete":"2026-05-06T14:41:14.148456"}
{"op_code":4,"worker_id":"b0050196-0afb-42ca-910c-0b3d27c76bc2-127145941865600","study_id":0,"datetime_start":"2026-05-06T14:41:14.238918"}
{"op_code":9,"worker_id":"b0050196-0afb-42ca-910c-0b3d27c76bc2-127145941865600","trial_id":317,"system_attr":{"tpe:relative_params:0":"{\"RANK_REGRESS\": 76, \"REG_W\": 58.72236953909953, \"USE_RMS_SCALING\": false}"}}
{"op_code":5,"worker_id":"b0050196-0afb-42ca-910c-0b3d27c76bc2-127145941865600","trial_id":317,"param_name":"RANK_REGRESS","param_value_internal":76.0,"distribution":"{\"name\": \"IntDistribution\", \"attributes\": {\"log\": false, \"step\": 1, \"low\": 5, \"high\": 80}}"}
{"op_code":5,"worker_id":"b0050196-0afb-42ca-910c-0b3d27c76bc2-127145941865600","trial_id":317,"param_name":"REG_W","param_value_internal":58.72236953909953,"distribution":"{\"name\": \"FloatDistribution\", \"attributes\": {\"step\": null, \"low\": 1e-05, \"high\": 1000.0, \"log\": true}}"}
{"op_code":5,"worker_id":"b0050196-0afb-42ca-910c-0b3d27c76bc2-127145941865600","trial_id":317,"param_name":"USE_RMS_SCALING","param_value_internal":1,"distribution":"{\"name\": \"CategoricalDistribution\", \"attributes\": {\"choices\": [true, false]}}"}
{"op_code":6,"worker_id":"c5bff05b-a367-47ed-bbb1-913d6a07f573-136926179939456","trial_id":293,"state":1,"values":[-0.09077895376885999],"datetime_complete":"2026-05-06T14:49:14.922212"}
{"op_code":4,"worker_id":"c5bff05b-a367-47ed-bbb1-913d6a07f573-136926179939456","study_id":0,"datetime_start":"2026-05-06T14:49:14.978520"}
{"op_code":9,"worker_id":"c5bff05b-a367-47ed-bbb1-913d6a07f573-136926179939456","trial_id":318,"system_attr":{"tpe:relative_params:0":"{\"RANK_REGRESS\": 78, \"REG_W\": 9.768913787236711, \"USE_RMS_SCALING\": true}"}}
{"op_code":5,"worker_id":"c5bff05b-a367-47ed-bbb1-913d6a07f573-136926179939456","trial_id":318,"param_name":"RANK_REGRESS","param_value_internal":78.0,"distribution":"{\"name\": \"IntDistribution\", \"attributes\": {\"log\": false, \"step\": 1, \"low\": 5, \"high\": 80}}"}
{"op_code":5,"worker_id":"c5bff05b-a367-47ed-bbb1-913d6a07f573-136926179939456","trial_id":318,"param_name":"REG_W","param_value_internal":9.768913787236711,"distribution":"{\"name\": \"FloatDistribution\", \"attributes\": {\"step\": null, \"low\": 1e-05, \"high\": 1000.0, \"log\": true}}"}
{"op_code":5,"worker_id":"c5bff05b-a367-47ed-bbb1-913d6a07f573-136926179939456","trial_id":318,"param_name":"USE_RMS_SCALING","param_value_internal":0,"distribution":"{\"name\": \"CategoricalDistribution\", \"attributes\": {\"choices\": [true, false]}}"}
{"op_code":6,"worker_id":"dd11c6be-739b-4d68-bcaf-6941ebba8c53-124721651405952","trial_id":294,"state":1,"values":[0.0],"datetime_complete":"2026-05-06T14:57:25.015271"}
{"op_code":4,"worker_id":"dd11c6be-739b-4d68-bcaf-6941ebba8c53-124721651405952","study_id":0,"datetime_start":"2026-05-06T14:57:25.094032"}
{"op_code":9,"worker_id":"dd11c6be-739b-4d68-bcaf-6941ebba8c53-124721651405952","trial_id":319,"system_attr":{"tpe:relative_params:0":"{\"RANK_REGRESS\": 27, \"REG_W\": 4.525026742163795, \"USE_RMS_SCALING\": true}"}}
{"op_code":5,"worker_id":"dd11c6be-739b-4d68-bcaf-6941ebba8c53-124721651405952","trial_id":319,"param_name":"RANK_REGRESS","param_value_internal":27.0,"distribution":"{\"name\": \"IntDistribution\", \"attributes\": {\"log\": false, \"step\": 1, \"low\": 5, \"high\": 80}}"}
{"op_code":5,"worker_id":"dd11c6be-739b-4d68-bcaf-6941ebba8c53-124721651405952","trial_id":319,"param_name":"REG_W","param_value_internal":4.525026742163795,"distribution":"{\"name\": \"FloatDistribution\", \"attributes\": {\"step\": null, \"low\": 1e-05, \"high\": 1000.0, \"log\": true}}"}
{"op_code":5,"worker_id":"dd11c6be-739b-4d68-bcaf-6941ebba8c53-124721651405952","trial_id":319,"param_name":"USE_RMS_SCALING","param_value_internal":0,"distribution":"{\"name\": \"CategoricalDistribution\", \"attributes\": {\"choices\": [true, false]}}"}
{"op_code":6,"worker_id":"4735d5c3-3775-40a3-a8f4-fc6c7df0e55f-131797185545344","trial_id":231,"state":1,"values":[0.0],"datetime_complete":"2026-05-06T15:00:14.463890"}
{"op_code":4,"worker_id":"4735d5c3-3775-40a3-a8f4-fc6c7df0e55f-131797185545344","study_id":0,"datetime_start":"2026-05-06T15:00:14.576738"}
{"op_code":9,"worker_id":"4735d5c3-3775-40a3-a8f4-fc6c7df0e55f-131797185545344","trial_id":320,"system_attr":{"tpe:relative_params:0":"{\"RANK_REGRESS\": 44, \"REG_W\": 110.52867781339165, \"USE_RMS_SCALING\": true}"}}
{"op_code":5,"worker_id":"4735d5c3-3775-40a3-a8f4-fc6c7df0e55f-131797185545344","trial_id":320,"param_name":"RANK_REGRESS","param_value_internal":44.0,"distribution":"{\"name\": \"IntDistribution\", \"attributes\": {\"log\": false, \"step\": 1, \"low\": 5, \"high\": 80}}"}
{"op_code":5,"worker_id":"4735d5c3-3775-40a3-a8f4-fc6c7df0e55f-131797185545344","trial_id":320,"param_name":"REG_W","param_value_internal":110.52867781339165,"distribution":"{\"name\": \"FloatDistribution\", \"attributes\": {\"step\": null, \"low\": 1e-05, \"high\": 1000.0, \"log\": true}}"}
{"op_code":5,"worker_id":"4735d5c3-3775-40a3-a8f4-fc6c7df0e55f-131797185545344","trial_id":320,"param_name":"USE_RMS_SCALING","param_value_internal":0,"distribution":"{\"name\": \"CategoricalDistribution\", \"attributes\": {\"choices\": [true, false]}}"}
{"op_code":6,"worker_id":"1fe9c47f-ee66-4d8b-8377-ebe0e0b8fa7a-137005518849152","trial_id":304,"state":1,"values":[0.0],"datetime_complete":"2026-05-06T15:01:19.109198"}
{"op_code":4,"worker_id":"1fe9c47f-ee66-4d8b-8377-ebe0e0b8fa7a-137005518849152","study_id":0,"datetime_start":"2026-05-06T15:01:19.269024"}
{"op_code":9,"worker_id":"1fe9c47f-ee66-4d8b-8377-ebe0e0b8fa7a-137005518849152","trial_id":321,"system_attr":{"tpe:relative_params:0":"{\"RANK_REGRESS\": 61, \"REG_W\": 598.0459795151187, \"USE_RMS_SCALING\": false}"}}
{"op_code":5,"worker_id":"1fe9c47f-ee66-4d8b-8377-ebe0e0b8fa7a-137005518849152","trial_id":321,"param_name":"RANK_REGRESS","param_value_internal":61.0,"distribution":"{\"name\": \"IntDistribution\", \"attributes\": {\"log\": false, \"step\": 1, \"low\": 5, \"high\": 80}}"}
{"op_code":5,"worker_id":"1fe9c47f-ee66-4d8b-8377-ebe0e0b8fa7a-137005518849152","trial_id":321,"param_name":"REG_W","param_value_internal":598.0459795151187,"distribution":"{\"name\": \"FloatDistribution\", \"attributes\": {\"step\": null, \"low\": 1e-05, \"high\": 1000.0, \"log\": true}}"}
{"op_code":5,"worker_id":"1fe9c47f-ee66-4d8b-8377-ebe0e0b8fa7a-137005518849152","trial_id":321,"param_name":"USE_RMS_SCALING","param_value_internal":1,"distribution":"{\"name\": \"CategoricalDistribution\", \"attributes\": {\"choices\": [true, false]}}"}
{"op_code":6,"worker_id":"4345bb9f-17cf-4ff0-b723-03a9e231690e-134939921056896","trial_id":292,"state":1,"values":[-0.036528160617380734],"datetime_complete":"2026-05-06T15:03:28.490904"}
{"op_code":4,"worker_id":"4345bb9f-17cf-4ff0-b723-03a9e231690e-134939921056896","study_id":0,"datetime_start":"2026-05-06T15:03:28.594890"}
{"op_code":9,"worker_id":"4345bb9f-17cf-4ff0-b723-03a9e231690e-134939921056896","trial_id":322,"system_attr":{"tpe:relative_params:0":"{\"RANK_REGRESS\": 5, \"REG_W\": 117.29697971828477, \"USE_RMS_SCALING\": false}"}}
{"op_code":5,"worker_id":"4345bb9f-17cf-4ff0-b723-03a9e231690e-134939921056896","trial_id":322,"param_name":"RANK_REGRESS","param_value_internal":5.0,"distribution":"{\"name\": \"IntDistribution\", \"attributes\": {\"log\": false, \"step\": 1, \"low\": 5, \"high\": 80}}"}
{"op_code":5,"worker_id":"4345bb9f-17cf-4ff0-b723-03a9e231690e-134939921056896","trial_id":322,"param_name":"REG_W","param_value_internal":117.29697971828477,"distribution":"{\"name\": \"FloatDistribution\", \"attributes\": {\"step\": null, \"low\": 1e-05, \"high\": 1000.0, \"log\": true}}"}
{"op_code":5,"worker_id":"4345bb9f-17cf-4ff0-b723-03a9e231690e-134939921056896","trial_id":322,"param_name":"USE_RMS_SCALING","param_value_internal":1,"distribution":"{\"name\": \"CategoricalDistribution\", \"attributes\": {\"choices\": [true, false]}}"}
{"op_code":6,"worker_id":"23087242-6b37-4916-8a6d-1cf1e66fe731-125759604556928","trial_id":310,"state":1,"values":[0.0],"datetime_complete":"2026-05-06T15:14:05.664650"}
{"op_code":4,"worker_id":"23087242-6b37-4916-8a6d-1cf1e66fe731-125759604556928","study_id":0,"datetime_start":"2026-05-06T15:14:05.724329"}
{"op_code":9,"worker_id":"23087242-6b37-4916-8a6d-1cf1e66fe731-125759604556928","trial_id":323,"system_attr":{"tpe:relative_params:0":"{\"RANK_REGRESS\": 16, \"REG_W\": 788.3075499632208, \"USE_RMS_SCALING\": false}"}}
{"op_code":5,"worker_id":"23087242-6b37-4916-8a6d-1cf1e66fe731-125759604556928","trial_id":323,"param_name":"RANK_REGRESS","param_value_internal":16.0,"distribution":"{\"name\": \"IntDistribution\", \"attributes\": {\"log\": false, \"step\": 1, \"low\": 5, \"high\": 80}}"}
{"op_code":5,"worker_id":"23087242-6b37-4916-8a6d-1cf1e66fe731-125759604556928","trial_id":323,"param_name":"REG_W","param_value_internal":788.3075499632208,"distribution":"{\"name\": \"FloatDistribution\", \"attributes\": {\"step\": null, \"low\": 1e-05, \"high\": 1000.0, \"log\": true}}"}
{"op_code":5,"worker_id":"23087242-6b37-4916-8a6d-1cf1e66fe731-125759604556928","trial_id":323,"param_name":"USE_RMS_SCALING","param_value_internal":1,"distribution":"{\"name\": \"CategoricalDistribution\", \"attributes\": {\"choices\": [true, false]}}"}
{"op_code":6,"worker_id":"ea52197a-a6bf-48a3-b3c1-9031d57bdeed-131136364823680","trial_id":233,"state":1,"values":[0.0],"datetime_complete":"2026-05-06T15:24:25.936583"}
{"op_code":6,"worker_id":"0ee4030e-4bd8-4b8d-b3e7-968a8bafd386-131630331589760","trial_id":307,"state":1,"values":[-0.005428508052592836],"datetime_complete":"2026-05-06T15:25:04.601259"}
{"op_code":6,"worker_id":"07bc62d8-17b0-4a1c-b3e4-7fc40a195fcb-125961989219456","trial_id":240,"state":1,"values":[0.0],"datetime_complete":"2026-05-06T15:32:21.651295"}
{"op_code":6,"worker_id":"fd3b04ea-8b8d-424f-a6f8-e3f0f8620aa5-128544407274624","trial_id":302,"state":1,"values":[-0.11062639283159677],"datetime_complete":"2026-05-06T15:33:10.648372"}
{"op_code":6,"worker_id":"921e45ce-73f2-4aa9-b8d6-924e2baa8f2b-134502450754688","trial_id":315,"state":1,"values":[-0.004004380410244572],"datetime_complete":"2026-05-06T15:43:40.549954"}
{"op_code":6,"worker_id":"29803599-dd2a-40cd-9a98-5f30979a28cc-134254115779712","trial_id":265,"state":1,"values":[0.0],"datetime_complete":"2026-05-06T15:51:25.192952"}
{"op_code":6,"worker_id":"bd19843e-2143-4ec2-b3c5-0028203c0e52-123842789692544","trial_id":306,"state":1,"values":[-0.03457301835307166],"datetime_complete":"2026-05-06T15:56:30.020144"}
{"op_code":6,"worker_id":"94a3017f-ac78-418d-974b-87187d3efe44-134500650919040","trial_id":291,"state":1,"values":[-0.7417202170947351],"datetime_complete":"2026-05-06T16:01:19.729561"}
{"op_code":6,"worker_id":"4345bb9f-17cf-4ff0-b723-03a9e231690e-134939921056896","trial_id":322,"state":1,"values":[0.0],"datetime_complete":"2026-05-06T16:03:43.169464"}
{"op_code":6,"worker_id":"ab715761-de0e-4ad9-92aa-c359ac5ca251-124171878241408","trial_id":286,"state":1,"values":[0.0],"datetime_complete":"2026-05-06T16:39:59.600334"}
{"op_code":6,"worker_id":"166b89ab-bdd9-46f9-a8c8-40f3fb5fab16-128107910046848","trial_id":305,"state":1,"values":[0.0026850068816783867],"datetime_complete":"2026-05-06T16:48:48.658028"}
{"op_code":6,"worker_id":"d174e0c9-2b6c-495e-8860-f3a3d7e8281d-139963304486016","trial_id":282,"state":1,"values":[0.0],"datetime_complete":"2026-05-06T16:49:14.839198"}
{"op_code":6,"worker_id":"3a462e59-2461-43eb-8c7a-c2190bbf68a3-124892336383104","trial_id":247,"state":1,"values":[0.0],"datetime_complete":"2026-05-06T17:02:19.603164"}
{"op_code":6,"worker_id":"4dc6f473-9b82-4bbf-896b-dbf6a0a38561-128150108099712","trial_id":283,"state":1,"values":[0.0],"datetime_complete":"2026-05-06T17:03:37.746653"}
{"op_code":6,"worker_id":"01510893-e7b0-4040-a05e-095b100f0547-136767417345152","trial_id":276,"state":1,"values":[0.0],"datetime_complete":"2026-05-06T17:03:38.947013"}
{"op_code":6,"worker_id":"32f960d9-84d4-4594-9f06-3be190d835a8-136384646833280","trial_id":278,"state":1,"values":[0.0],"datetime_complete":"2026-05-06T17:32:23.746202"}
{"op_code":6,"worker_id":"426b7ef7-ae8e-466e-97b7-c29f7f0570ce-130658569983104","trial_id":242,"state":1,"values":[0.0],"datetime_complete":"2026-05-06T17:49:58.678548"}
{"op_code":6,"worker_id":"ec2a77f2-f830-42e7-af60-b808ff421d97-132193779037312","trial_id":281,"state":1,"values":[-0.06354377188385792],"datetime_complete":"2026-05-06T18:33:25.020653"}
{"op_code":6,"worker_id":"9c27ba24-8a7b-4f4a-bfcd-c60b7fb8667f-129226793280640","trial_id":277,"state":1,"values":[0.0],"datetime_complete":"2026-05-06T19:11:37.994916"}
{"op_code":6,"worker_id":"30aa2615-861b-4314-9a32-09a531e85635-131575851426944","trial_id":312,"state":1,"values":[0.0],"datetime_complete":"2026-05-06T19:32:55.111652"}
{"op_code":6,"worker_id":"93ed0b67-ec9b-418f-8534-22e9f0d022a0-139995285075072","trial_id":254,"state":1,"values":[0.0],"datetime_complete":"2026-05-06T19:40:29.717038"}
{"op_code":6,"worker_id":"dd11c6be-739b-4d68-bcaf-6941ebba8c53-124721651405952","trial_id":319,"state":1,"values":[-0.10771043539140561],"datetime_complete":"2026-05-06T19:49:12.873809"}
{"op_code":6,"worker_id":"1ecc81af-fbdc-4699-a5e8-02eb083366ff-137619964699776","trial_id":316,"state":1,"values":[0.0],"datetime_complete":"2026-05-06T19:51:55.752314"}
{"op_code":6,"worker_id":"bb34bc4b-8f3b-45d8-b495-d1a9cead8ba4-123734427919488","trial_id":225,"state":1,"values":[-0.07139367103926497],"datetime_complete":"2026-05-06T19:57:07.234723"}
{"op_code":6,"worker_id":"23087242-6b37-4916-8a6d-1cf1e66fe731-125759604556928","trial_id":323,"state":1,"values":[0.0],"datetime_complete":"2026-05-06T20:11:11.455030"}
{"op_code":6,"worker_id":"604ac321-6be3-40ac-a27f-3df856a07bc2-136384601556096","trial_id":300,"state":1,"values":[0.0],"datetime_complete":"2026-05-06T20:27:01.725465"}
{"op_code":6,"worker_id":"7c35edc2-2052-44f2-91df-f56e24a6fd13-138247946892416","trial_id":243,"state":1,"values":[0.0],"datetime_complete":"2026-05-06T21:23:59.535849"}
{"op_code":6,"worker_id":"a1080101-cc94-49a5-888c-ae028f1f24e2-135282771055744","trial_id":268,"state":1,"values":[0.0],"datetime_complete":"2026-05-06T21:25:32.630828"}
{"op_code":6,"worker_id":"151a02cd-0616-4fd3-a4fe-eb871f631b14-131617264080000","trial_id":314,"state":1,"values":[0.0],"datetime_complete":"2026-05-06T21:30:39.300861"}
{"op_code":6,"worker_id":"4735d5c3-3775-40a3-a8f4-fc6c7df0e55f-131797185545344","trial_id":320,"state":1,"values":[0.0],"datetime_complete":"2026-05-06T22:13:23.029872"}
{"op_code":6,"worker_id":"4ac78470-afc7-49c9-a151-623300abe3a7-129582237594752","trial_id":309,"state":1,"values":[-0.006102494785374095],"datetime_complete":"2026-05-07T00:05:12.857011"}
{"op_code":6,"worker_id":"0cef5d56-e50b-48d9-bf95-e85591223855-131018145944704","trial_id":313,"state":1,"values":[0.0],"datetime_complete":"2026-05-07T00:23:21.162909"}
{"op_code":6,"worker_id":"14a57ef9-4238-4276-8451-f3d2127d640e-123240437810304","trial_id":170,"state":1,"values":[-0.39201010809107634],"datetime_complete":"2026-05-07T00:45:35.697244"}
{"op_code":6,"worker_id":"b79c6155-39bd-44aa-bc06-bdaf08631c59-136637074277504","trial_id":280,"state":1,"values":[0.0],"datetime_complete":"2026-05-07T00:53:07.810708"}
{"op_code":6,"worker_id":"01385057-f486-4534-8a12-166de72c3d8f-138141888656512","trial_id":311,"state":1,"values":[0.0],"datetime_complete":"2026-05-07T01:03:10.121407"}
{"op_code":6,"worker_id":"1fe9c47f-ee66-4d8b-8377-ebe0e0b8fa7a-137005518849152","trial_id":321,"state":1,"values":[0.0],"datetime_complete":"2026-05-07T01:24:40.067184"}
{"op_code":6,"worker_id":"a6697716-98da-4089-952f-ab7c8da20ae2-125770523624576","trial_id":241,"state":1,"values":[0.0],"datetime_complete":"2026-05-07T01:48:02.213594"}
{"op_code":6,"worker_id":"45c569f8-67c4-4d2f-b5eb-dfb4f36b88da-138607751189632","trial_id":299,"state":1,"values":[0.0],"datetime_complete":"2026-05-07T01:55:28.974338"}
{"op_code":6,"worker_id":"271375ab-5dc2-469c-808f-b950b62a52db-130102141883520","trial_id":308,"state":1,"values":[-0.030301535759006997],"datetime_complete":"2026-05-07T02:38:22.077207"}
{"op_code":6,"worker_id":"cde2da9c-90d0-4f0d-b4e5-3b00eb46c454-132928030033024","trial_id":279,"state":1,"values":[0.0],"datetime_complete":"2026-05-07T03:14:38.698033"}
{"op_code":6,"worker_id":"b0050196-0afb-42ca-910c-0b3d27c76bc2-127145941865600","trial_id":317,"state":1,"values":[-0.009150358810403714],"datetime_complete":"2026-05-07T04:12:09.344149"}
{"op_code":6,"worker_id":"c5bff05b-a367-47ed-bbb1-913d6a07f573-136926179939456","trial_id":318,"state":1,"values":[-0.06128402290098841],"datetime_complete":"2026-05-07T04:57:33.414540"}
