{"op_code":0,"worker_id":"54d2146f-5641-4cf0-b207-daba55e40f1c-128001473950848","study_name":"cp_pred_surprise_L4_residual_delta","directions":[2]}
{"op_code":0,"worker_id":"ad476438-d2d2-4316-baed-c45beb8b344b-128656125428864","study_name":"cp_pred_surprise_L4_residual_delta","directions":[2]}
{"op_code":4,"worker_id":"54d2146f-5641-4cf0-b207-daba55e40f1c-128001473950848","study_id":0,"datetime_start":"2026-04-30T15:43:57.866553"}
{"op_code":4,"worker_id":"ad476438-d2d2-4316-baed-c45beb8b344b-128656125428864","study_id":0,"datetime_start":"2026-04-30T15:43:57.882106"}
{"op_code":5,"worker_id":"54d2146f-5641-4cf0-b207-daba55e40f1c-128001473950848","trial_id":0,"param_name":"RANK_REGRESS","param_value_internal":23.0,"distribution":"{\"name\": \"IntDistribution\", \"attributes\": {\"log\": false, \"step\": 1, \"low\": 5, \"high\": 80}}"}
{"op_code":5,"worker_id":"ad476438-d2d2-4316-baed-c45beb8b344b-128656125428864","trial_id":1,"param_name":"RANK_REGRESS","param_value_internal":8.0,"distribution":"{\"name\": \"IntDistribution\", \"attributes\": {\"log\": false, \"step\": 1, \"low\": 5, \"high\": 80}}"}
{"op_code":5,"worker_id":"54d2146f-5641-4cf0-b207-daba55e40f1c-128001473950848","trial_id":0,"param_name":"REG_W","param_value_internal":36.12429416858138,"distribution":"{\"name\": \"FloatDistribution\", \"attributes\": {\"step\": null, \"low\": 1e-05, \"high\": 1000.0, \"log\": true}}"}
{"op_code":5,"worker_id":"ad476438-d2d2-4316-baed-c45beb8b344b-128656125428864","trial_id":1,"param_name":"REG_W","param_value_internal":0.00019200296207383367,"distribution":"{\"name\": \"FloatDistribution\", \"attributes\": {\"step\": null, \"low\": 1e-05, \"high\": 1000.0, \"log\": true}}"}
{"op_code":5,"worker_id":"54d2146f-5641-4cf0-b207-daba55e40f1c-128001473950848","trial_id":0,"param_name":"USE_RMS_SCALING","param_value_internal":1,"distribution":"{\"name\": \"CategoricalDistribution\", \"attributes\": {\"choices\": [true, false]}}"}
{"op_code":5,"worker_id":"ad476438-d2d2-4316-baed-c45beb8b344b-128656125428864","trial_id":1,"param_name":"USE_RMS_SCALING","param_value_internal":0,"distribution":"{\"name\": \"CategoricalDistribution\", \"attributes\": {\"choices\": [true, false]}}"}
{"op_code":0,"worker_id":"c9874fc8-25fb-4d5a-8405-607b67c58737-126173074924672","study_name":"cp_pred_surprise_L4_residual_delta","directions":[2]}
{"op_code":4,"worker_id":"c9874fc8-25fb-4d5a-8405-607b67c58737-126173074924672","study_id":0,"datetime_start":"2026-04-30T15:43:58.161256"}
{"op_code":5,"worker_id":"c9874fc8-25fb-4d5a-8405-607b67c58737-126173074924672","trial_id":2,"param_name":"RANK_REGRESS","param_value_internal":33.0,"distribution":"{\"name\": \"IntDistribution\", \"attributes\": {\"log\": false, \"step\": 1, \"low\": 5, \"high\": 80}}"}
{"op_code":5,"worker_id":"c9874fc8-25fb-4d5a-8405-607b67c58737-126173074924672","trial_id":2,"param_name":"REG_W","param_value_internal":866.4102763071957,"distribution":"{\"name\": \"FloatDistribution\", \"attributes\": {\"step\": null, \"low\": 1e-05, \"high\": 1000.0, \"log\": true}}"}
{"op_code":5,"worker_id":"c9874fc8-25fb-4d5a-8405-607b67c58737-126173074924672","trial_id":2,"param_name":"USE_RMS_SCALING","param_value_internal":1,"distribution":"{\"name\": \"CategoricalDistribution\", \"attributes\": {\"choices\": [true, false]}}"}
{"op_code":0,"worker_id":"b3157033-d2c9-499f-a9e3-8774e0971bf7-139911295181952","study_name":"cp_pred_surprise_L4_residual_delta","directions":[2]}
{"op_code":0,"worker_id":"15a09d5c-410b-4e48-ba65-0589f4354e3f-131779378680960","study_name":"cp_pred_surprise_L4_residual_delta","directions":[2]}
{"op_code":4,"worker_id":"b3157033-d2c9-499f-a9e3-8774e0971bf7-139911295181952","study_id":0,"datetime_start":"2026-04-30T15:43:59.594662"}
{"op_code":4,"worker_id":"15a09d5c-410b-4e48-ba65-0589f4354e3f-131779378680960","study_id":0,"datetime_start":"2026-04-30T15:43:59.626026"}
{"op_code":5,"worker_id":"b3157033-d2c9-499f-a9e3-8774e0971bf7-139911295181952","trial_id":3,"param_name":"RANK_REGRESS","param_value_internal":47.0,"distribution":"{\"name\": \"IntDistribution\", \"attributes\": {\"log\": false, \"step\": 1, \"low\": 5, \"high\": 80}}"}
{"op_code":5,"worker_id":"15a09d5c-410b-4e48-ba65-0589f4354e3f-131779378680960","trial_id":4,"param_name":"RANK_REGRESS","param_value_internal":56.0,"distribution":"{\"name\": \"IntDistribution\", \"attributes\": {\"log\": false, \"step\": 1, \"low\": 5, \"high\": 80}}"}
{"op_code":5,"worker_id":"b3157033-d2c9-499f-a9e3-8774e0971bf7-139911295181952","trial_id":3,"param_name":"REG_W","param_value_internal":0.002653498615407596,"distribution":"{\"name\": \"FloatDistribution\", \"attributes\": {\"step\": null, \"low\": 1e-05, \"high\": 1000.0, \"log\": true}}"}
{"op_code":5,"worker_id":"15a09d5c-410b-4e48-ba65-0589f4354e3f-131779378680960","trial_id":4,"param_name":"REG_W","param_value_internal":0.001543861050199432,"distribution":"{\"name\": \"FloatDistribution\", \"attributes\": {\"step\": null, \"low\": 1e-05, \"high\": 1000.0, \"log\": true}}"}
{"op_code":5,"worker_id":"b3157033-d2c9-499f-a9e3-8774e0971bf7-139911295181952","trial_id":3,"param_name":"USE_RMS_SCALING","param_value_internal":1,"distribution":"{\"name\": \"CategoricalDistribution\", \"attributes\": {\"choices\": [true, false]}}"}
{"op_code":5,"worker_id":"15a09d5c-410b-4e48-ba65-0589f4354e3f-131779378680960","trial_id":4,"param_name":"USE_RMS_SCALING","param_value_internal":1,"distribution":"{\"name\": \"CategoricalDistribution\", \"attributes\": {\"choices\": [true, false]}}"}
{"op_code":0,"worker_id":"c4ac307b-b206-43e4-91fc-d53fc957ca9f-133769499354240","study_name":"cp_pred_surprise_L4_residual_delta","directions":[2]}
{"op_code":4,"worker_id":"c4ac307b-b206-43e4-91fc-d53fc957ca9f-133769499354240","study_id":0,"datetime_start":"2026-04-30T15:44:00.035022"}
{"op_code":5,"worker_id":"c4ac307b-b206-43e4-91fc-d53fc957ca9f-133769499354240","trial_id":5,"param_name":"RANK_REGRESS","param_value_internal":29.0,"distribution":"{\"name\": \"IntDistribution\", \"attributes\": {\"log\": false, \"step\": 1, \"low\": 5, \"high\": 80}}"}
{"op_code":5,"worker_id":"c4ac307b-b206-43e4-91fc-d53fc957ca9f-133769499354240","trial_id":5,"param_name":"REG_W","param_value_internal":0.0002714124020793682,"distribution":"{\"name\": \"FloatDistribution\", \"attributes\": {\"step\": null, \"low\": 1e-05, \"high\": 1000.0, \"log\": true}}"}
{"op_code":5,"worker_id":"c4ac307b-b206-43e4-91fc-d53fc957ca9f-133769499354240","trial_id":5,"param_name":"USE_RMS_SCALING","param_value_internal":1,"distribution":"{\"name\": \"CategoricalDistribution\", \"attributes\": {\"choices\": [true, false]}}"}
{"op_code":0,"worker_id":"8c1a6032-6f79-4d9f-9a54-23aac1aae273-132227986048128","study_name":"cp_pred_surprise_L4_residual_delta","directions":[2]}
{"op_code":0,"worker_id":"7bf42b6f-953a-421e-bbc7-7694d244905b-137550407451776","study_name":"cp_pred_surprise_L4_residual_delta","directions":[2]}
{"op_code":0,"worker_id":"a167cd45-0637-429d-9847-d6aa35c83cda-127974972060800","study_name":"cp_pred_surprise_L4_residual_delta","directions":[2]}
{"op_code":4,"worker_id":"8c1a6032-6f79-4d9f-9a54-23aac1aae273-132227986048128","study_id":0,"datetime_start":"2026-04-30T15:44:01.770293"}
{"op_code":4,"worker_id":"a167cd45-0637-429d-9847-d6aa35c83cda-127974972060800","study_id":0,"datetime_start":"2026-04-30T15:44:01.815228"}
{"op_code":5,"worker_id":"8c1a6032-6f79-4d9f-9a54-23aac1aae273-132227986048128","trial_id":6,"param_name":"RANK_REGRESS","param_value_internal":18.0,"distribution":"{\"name\": \"IntDistribution\", \"attributes\": {\"log\": false, \"step\": 1, \"low\": 5, \"high\": 80}}"}
{"op_code":5,"worker_id":"a167cd45-0637-429d-9847-d6aa35c83cda-127974972060800","trial_id":7,"param_name":"RANK_REGRESS","param_value_internal":22.0,"distribution":"{\"name\": \"IntDistribution\", \"attributes\": {\"log\": false, \"step\": 1, \"low\": 5, \"high\": 80}}"}
{"op_code":5,"worker_id":"8c1a6032-6f79-4d9f-9a54-23aac1aae273-132227986048128","trial_id":6,"param_name":"REG_W","param_value_internal":0.09724912045452735,"distribution":"{\"name\": \"FloatDistribution\", \"attributes\": {\"step\": null, \"low\": 1e-05, \"high\": 1000.0, \"log\": true}}"}
{"op_code":0,"worker_id":"020c6f87-bcac-49e6-bcbe-3f52080be85f-131491294966912","study_name":"cp_pred_surprise_L4_residual_delta","directions":[2]}
{"op_code":5,"worker_id":"a167cd45-0637-429d-9847-d6aa35c83cda-127974972060800","trial_id":7,"param_name":"REG_W","param_value_internal":1.7118953954683878,"distribution":"{\"name\": \"FloatDistribution\", \"attributes\": {\"step\": null, \"low\": 1e-05, \"high\": 1000.0, \"log\": true}}"}
{"op_code":4,"worker_id":"7bf42b6f-953a-421e-bbc7-7694d244905b-137550407451776","study_id":0,"datetime_start":"2026-04-30T15:44:01.789750"}
{"op_code":5,"worker_id":"8c1a6032-6f79-4d9f-9a54-23aac1aae273-132227986048128","trial_id":6,"param_name":"USE_RMS_SCALING","param_value_internal":1,"distribution":"{\"name\": \"CategoricalDistribution\", \"attributes\": {\"choices\": [true, false]}}"}
{"op_code":5,"worker_id":"a167cd45-0637-429d-9847-d6aa35c83cda-127974972060800","trial_id":7,"param_name":"USE_RMS_SCALING","param_value_internal":0,"distribution":"{\"name\": \"CategoricalDistribution\", \"attributes\": {\"choices\": [true, false]}}"}
{"op_code":4,"worker_id":"020c6f87-bcac-49e6-bcbe-3f52080be85f-131491294966912","study_id":0,"datetime_start":"2026-04-30T15:44:02.058240"}
{"op_code":5,"worker_id":"7bf42b6f-953a-421e-bbc7-7694d244905b-137550407451776","trial_id":8,"param_name":"RANK_REGRESS","param_value_internal":37.0,"distribution":"{\"name\": \"IntDistribution\", \"attributes\": {\"log\": false, \"step\": 1, \"low\": 5, \"high\": 80}}"}
{"op_code":5,"worker_id":"7bf42b6f-953a-421e-bbc7-7694d244905b-137550407451776","trial_id":8,"param_name":"REG_W","param_value_internal":4.020976604417107,"distribution":"{\"name\": \"FloatDistribution\", \"attributes\": {\"step\": null, \"low\": 1e-05, \"high\": 1000.0, \"log\": true}}"}
{"op_code":0,"worker_id":"30f1d3b7-5fc4-4a8d-8d2e-5177a9a17c86-132933442643072","study_name":"cp_pred_surprise_L4_residual_delta","directions":[2]}
{"op_code":5,"worker_id":"020c6f87-bcac-49e6-bcbe-3f52080be85f-131491294966912","trial_id":9,"param_name":"RANK_REGRESS","param_value_internal":12.0,"distribution":"{\"name\": \"IntDistribution\", \"attributes\": {\"log\": false, \"step\": 1, \"low\": 5, \"high\": 80}}"}
{"op_code":5,"worker_id":"7bf42b6f-953a-421e-bbc7-7694d244905b-137550407451776","trial_id":8,"param_name":"USE_RMS_SCALING","param_value_internal":0,"distribution":"{\"name\": \"CategoricalDistribution\", \"attributes\": {\"choices\": [true, false]}}"}
{"op_code":5,"worker_id":"020c6f87-bcac-49e6-bcbe-3f52080be85f-131491294966912","trial_id":9,"param_name":"REG_W","param_value_internal":0.019126077487478143,"distribution":"{\"name\": \"FloatDistribution\", \"attributes\": {\"step\": null, \"low\": 1e-05, \"high\": 1000.0, \"log\": true}}"}
{"op_code":4,"worker_id":"30f1d3b7-5fc4-4a8d-8d2e-5177a9a17c86-132933442643072","study_id":0,"datetime_start":"2026-04-30T15:44:02.208376"}
{"op_code":5,"worker_id":"020c6f87-bcac-49e6-bcbe-3f52080be85f-131491294966912","trial_id":9,"param_name":"USE_RMS_SCALING","param_value_internal":0,"distribution":"{\"name\": \"CategoricalDistribution\", \"attributes\": {\"choices\": [true, false]}}"}
{"op_code":5,"worker_id":"30f1d3b7-5fc4-4a8d-8d2e-5177a9a17c86-132933442643072","trial_id":10,"param_name":"RANK_REGRESS","param_value_internal":58.0,"distribution":"{\"name\": \"IntDistribution\", \"attributes\": {\"log\": false, \"step\": 1, \"low\": 5, \"high\": 80}}"}
{"op_code":0,"worker_id":"e837fb2d-99ee-46d1-b3fe-85b21ee8a12a-133802853008512","study_name":"cp_pred_surprise_L4_residual_delta","directions":[2]}
{"op_code":5,"worker_id":"30f1d3b7-5fc4-4a8d-8d2e-5177a9a17c86-132933442643072","trial_id":10,"param_name":"REG_W","param_value_internal":0.005317160126787195,"distribution":"{\"name\": \"FloatDistribution\", \"attributes\": {\"step\": null, \"low\": 1e-05, \"high\": 1000.0, \"log\": true}}"}
{"op_code":4,"worker_id":"e837fb2d-99ee-46d1-b3fe-85b21ee8a12a-133802853008512","study_id":0,"datetime_start":"2026-04-30T15:44:02.339611"}
{"op_code":5,"worker_id":"30f1d3b7-5fc4-4a8d-8d2e-5177a9a17c86-132933442643072","trial_id":10,"param_name":"USE_RMS_SCALING","param_value_internal":0,"distribution":"{\"name\": \"CategoricalDistribution\", \"attributes\": {\"choices\": [true, false]}}"}
{"op_code":5,"worker_id":"e837fb2d-99ee-46d1-b3fe-85b21ee8a12a-133802853008512","trial_id":11,"param_name":"RANK_REGRESS","param_value_internal":75.0,"distribution":"{\"name\": \"IntDistribution\", \"attributes\": {\"log\": false, \"step\": 1, \"low\": 5, \"high\": 80}}"}
{"op_code":5,"worker_id":"e837fb2d-99ee-46d1-b3fe-85b21ee8a12a-133802853008512","trial_id":11,"param_name":"REG_W","param_value_internal":0.05662977901326557,"distribution":"{\"name\": \"FloatDistribution\", \"attributes\": {\"step\": null, \"low\": 1e-05, \"high\": 1000.0, \"log\": true}}"}
{"op_code":5,"worker_id":"e837fb2d-99ee-46d1-b3fe-85b21ee8a12a-133802853008512","trial_id":11,"param_name":"USE_RMS_SCALING","param_value_internal":1,"distribution":"{\"name\": \"CategoricalDistribution\", \"attributes\": {\"choices\": [true, false]}}"}
{"op_code":0,"worker_id":"b04c5117-058b-4b23-acb5-11d869a44dc9-130899039224960","study_name":"cp_pred_surprise_L4_residual_delta","directions":[2]}
{"op_code":0,"worker_id":"120d8ce0-a04e-4c3c-8e97-0fb912aa1fc3-133096763675776","study_name":"cp_pred_surprise_L4_residual_delta","directions":[2]}
{"op_code":4,"worker_id":"b04c5117-058b-4b23-acb5-11d869a44dc9-130899039224960","study_id":0,"datetime_start":"2026-04-30T15:44:03.203231"}
{"op_code":4,"worker_id":"120d8ce0-a04e-4c3c-8e97-0fb912aa1fc3-133096763675776","study_id":0,"datetime_start":"2026-04-30T15:44:03.221315"}
{"op_code":5,"worker_id":"b04c5117-058b-4b23-acb5-11d869a44dc9-130899039224960","trial_id":12,"param_name":"RANK_REGRESS","param_value_internal":64.0,"distribution":"{\"name\": \"IntDistribution\", \"attributes\": {\"log\": false, \"step\": 1, \"low\": 5, \"high\": 80}}"}
{"op_code":0,"worker_id":"7cd44c75-8fa5-4d18-9356-c738aefca53b-140208874263680","study_name":"cp_pred_surprise_L4_residual_delta","directions":[2]}
{"op_code":5,"worker_id":"b04c5117-058b-4b23-acb5-11d869a44dc9-130899039224960","trial_id":12,"param_name":"REG_W","param_value_internal":0.29355727853060326,"distribution":"{\"name\": \"FloatDistribution\", \"attributes\": {\"step\": null, \"low\": 1e-05, \"high\": 1000.0, \"log\": true}}"}
{"op_code":4,"worker_id":"7cd44c75-8fa5-4d18-9356-c738aefca53b-140208874263680","study_id":0,"datetime_start":"2026-04-30T15:44:03.330800"}
{"op_code":5,"worker_id":"b04c5117-058b-4b23-acb5-11d869a44dc9-130899039224960","trial_id":12,"param_name":"USE_RMS_SCALING","param_value_internal":1,"distribution":"{\"name\": \"CategoricalDistribution\", \"attributes\": {\"choices\": [true, false]}}"}
{"op_code":5,"worker_id":"7cd44c75-8fa5-4d18-9356-c738aefca53b-140208874263680","trial_id":14,"param_name":"RANK_REGRESS","param_value_internal":33.0,"distribution":"{\"name\": \"IntDistribution\", \"attributes\": {\"log\": false, \"step\": 1, \"low\": 5, \"high\": 80}}"}
{"op_code":5,"worker_id":"7cd44c75-8fa5-4d18-9356-c738aefca53b-140208874263680","trial_id":14,"param_name":"REG_W","param_value_internal":0.00047375935252437127,"distribution":"{\"name\": \"FloatDistribution\", \"attributes\": {\"step\": null, \"low\": 1e-05, \"high\": 1000.0, \"log\": true}}"}
{"op_code":5,"worker_id":"7cd44c75-8fa5-4d18-9356-c738aefca53b-140208874263680","trial_id":14,"param_name":"USE_RMS_SCALING","param_value_internal":1,"distribution":"{\"name\": \"CategoricalDistribution\", \"attributes\": {\"choices\": [true, false]}}"}
{"op_code":5,"worker_id":"120d8ce0-a04e-4c3c-8e97-0fb912aa1fc3-133096763675776","trial_id":13,"param_name":"RANK_REGRESS","param_value_internal":70.0,"distribution":"{\"name\": \"IntDistribution\", \"attributes\": {\"log\": false, \"step\": 1, \"low\": 5, \"high\": 80}}"}
{"op_code":5,"worker_id":"120d8ce0-a04e-4c3c-8e97-0fb912aa1fc3-133096763675776","trial_id":13,"param_name":"REG_W","param_value_internal":10.45785740602766,"distribution":"{\"name\": \"FloatDistribution\", \"attributes\": {\"step\": null, \"low\": 1e-05, \"high\": 1000.0, \"log\": true}}"}
{"op_code":5,"worker_id":"120d8ce0-a04e-4c3c-8e97-0fb912aa1fc3-133096763675776","trial_id":13,"param_name":"USE_RMS_SCALING","param_value_internal":1,"distribution":"{\"name\": \"CategoricalDistribution\", \"attributes\": {\"choices\": [true, false]}}"}
{"op_code":0,"worker_id":"0f0b7bbc-66c4-45ca-a940-53b7a4f9aec0-137134950278272","study_name":"cp_pred_surprise_L4_residual_delta","directions":[2]}
{"op_code":0,"worker_id":"f3748073-3219-4d2c-824d-e3f1718673f3-133334281475200","study_name":"cp_pred_surprise_L4_residual_delta","directions":[2]}
{"op_code":0,"worker_id":"0372d78d-16f5-4b7d-9e8e-109254125c7c-124124003964032","study_name":"cp_pred_surprise_L4_residual_delta","directions":[2]}
{"op_code":4,"worker_id":"f3748073-3219-4d2c-824d-e3f1718673f3-133334281475200","study_id":0,"datetime_start":"2026-04-30T15:44:04.971916"}
{"op_code":4,"worker_id":"0f0b7bbc-66c4-45ca-a940-53b7a4f9aec0-137134950278272","study_id":0,"datetime_start":"2026-04-30T15:44:04.950427"}
{"op_code":4,"worker_id":"0372d78d-16f5-4b7d-9e8e-109254125c7c-124124003964032","study_id":0,"datetime_start":"2026-04-30T15:44:05.037273"}
{"op_code":5,"worker_id":"f3748073-3219-4d2c-824d-e3f1718673f3-133334281475200","trial_id":15,"param_name":"RANK_REGRESS","param_value_internal":36.0,"distribution":"{\"name\": \"IntDistribution\", \"attributes\": {\"log\": false, \"step\": 1, \"low\": 5, \"high\": 80}}"}
{"op_code":5,"worker_id":"0372d78d-16f5-4b7d-9e8e-109254125c7c-124124003964032","trial_id":17,"param_name":"RANK_REGRESS","param_value_internal":66.0,"distribution":"{\"name\": \"IntDistribution\", \"attributes\": {\"log\": false, \"step\": 1, \"low\": 5, \"high\": 80}}"}
{"op_code":5,"worker_id":"f3748073-3219-4d2c-824d-e3f1718673f3-133334281475200","trial_id":15,"param_name":"REG_W","param_value_internal":1.3635380835570083e-05,"distribution":"{\"name\": \"FloatDistribution\", \"attributes\": {\"step\": null, \"low\": 1e-05, \"high\": 1000.0, \"log\": true}}"}
{"op_code":5,"worker_id":"0372d78d-16f5-4b7d-9e8e-109254125c7c-124124003964032","trial_id":17,"param_name":"REG_W","param_value_internal":0.0007944154116068511,"distribution":"{\"name\": \"FloatDistribution\", \"attributes\": {\"step\": null, \"low\": 1e-05, \"high\": 1000.0, \"log\": true}}"}
{"op_code":5,"worker_id":"f3748073-3219-4d2c-824d-e3f1718673f3-133334281475200","trial_id":15,"param_name":"USE_RMS_SCALING","param_value_internal":1,"distribution":"{\"name\": \"CategoricalDistribution\", \"attributes\": {\"choices\": [true, false]}}"}
{"op_code":5,"worker_id":"0372d78d-16f5-4b7d-9e8e-109254125c7c-124124003964032","trial_id":17,"param_name":"USE_RMS_SCALING","param_value_internal":1,"distribution":"{\"name\": \"CategoricalDistribution\", \"attributes\": {\"choices\": [true, false]}}"}
{"op_code":5,"worker_id":"0f0b7bbc-66c4-45ca-a940-53b7a4f9aec0-137134950278272","trial_id":16,"param_name":"RANK_REGRESS","param_value_internal":21.0,"distribution":"{\"name\": \"IntDistribution\", \"attributes\": {\"log\": false, \"step\": 1, \"low\": 5, \"high\": 80}}"}
{"op_code":5,"worker_id":"0f0b7bbc-66c4-45ca-a940-53b7a4f9aec0-137134950278272","trial_id":16,"param_name":"REG_W","param_value_internal":2.0087514908826388e-05,"distribution":"{\"name\": \"FloatDistribution\", \"attributes\": {\"step\": null, \"low\": 1e-05, \"high\": 1000.0, \"log\": true}}"}
{"op_code":5,"worker_id":"0f0b7bbc-66c4-45ca-a940-53b7a4f9aec0-137134950278272","trial_id":16,"param_name":"USE_RMS_SCALING","param_value_internal":0,"distribution":"{\"name\": \"CategoricalDistribution\", \"attributes\": {\"choices\": [true, false]}}"}
{"op_code":0,"worker_id":"e2fec6cc-1aa8-41be-99d7-5c8afacf493d-130858651206784","study_name":"cp_pred_surprise_L4_residual_delta","directions":[2]}
{"op_code":0,"worker_id":"512d8189-7b98-4b03-96d2-5189f7bc8ab2-132193968559232","study_name":"cp_pred_surprise_L4_residual_delta","directions":[2]}
{"op_code":4,"worker_id":"e2fec6cc-1aa8-41be-99d7-5c8afacf493d-130858651206784","study_id":0,"datetime_start":"2026-04-30T15:44:06.818586"}
{"op_code":4,"worker_id":"512d8189-7b98-4b03-96d2-5189f7bc8ab2-132193968559232","study_id":0,"datetime_start":"2026-04-30T15:44:06.828641"}
{"op_code":5,"worker_id":"e2fec6cc-1aa8-41be-99d7-5c8afacf493d-130858651206784","trial_id":18,"param_name":"RANK_REGRESS","param_value_internal":71.0,"distribution":"{\"name\": \"IntDistribution\", \"attributes\": {\"log\": false, \"step\": 1, \"low\": 5, \"high\": 80}}"}
{"op_code":5,"worker_id":"512d8189-7b98-4b03-96d2-5189f7bc8ab2-132193968559232","trial_id":19,"param_name":"RANK_REGRESS","param_value_internal":31.0,"distribution":"{\"name\": \"IntDistribution\", \"attributes\": {\"log\": false, \"step\": 1, \"low\": 5, \"high\": 80}}"}
{"op_code":5,"worker_id":"e2fec6cc-1aa8-41be-99d7-5c8afacf493d-130858651206784","trial_id":18,"param_name":"REG_W","param_value_internal":2.7222420729315124e-05,"distribution":"{\"name\": \"FloatDistribution\", \"attributes\": {\"step\": null, \"low\": 1e-05, \"high\": 1000.0, \"log\": true}}"}
{"op_code":5,"worker_id":"512d8189-7b98-4b03-96d2-5189f7bc8ab2-132193968559232","trial_id":19,"param_name":"REG_W","param_value_internal":158.80522998227084,"distribution":"{\"name\": \"FloatDistribution\", \"attributes\": {\"step\": null, \"low\": 1e-05, \"high\": 1000.0, \"log\": true}}"}
{"op_code":5,"worker_id":"e2fec6cc-1aa8-41be-99d7-5c8afacf493d-130858651206784","trial_id":18,"param_name":"USE_RMS_SCALING","param_value_internal":0,"distribution":"{\"name\": \"CategoricalDistribution\", \"attributes\": {\"choices\": [true, false]}}"}
{"op_code":5,"worker_id":"512d8189-7b98-4b03-96d2-5189f7bc8ab2-132193968559232","trial_id":19,"param_name":"USE_RMS_SCALING","param_value_internal":0,"distribution":"{\"name\": \"CategoricalDistribution\", \"attributes\": {\"choices\": [true, false]}}"}
{"op_code":0,"worker_id":"7a3e0f37-5669-4242-9168-600b738753fb-133921424667776","study_name":"cp_pred_surprise_L4_residual_delta","directions":[2]}
{"op_code":4,"worker_id":"7a3e0f37-5669-4242-9168-600b738753fb-133921424667776","study_id":0,"datetime_start":"2026-04-30T15:44:07.112305"}
{"op_code":5,"worker_id":"7a3e0f37-5669-4242-9168-600b738753fb-133921424667776","trial_id":20,"param_name":"RANK_REGRESS","param_value_internal":7.0,"distribution":"{\"name\": \"IntDistribution\", \"attributes\": {\"log\": false, \"step\": 1, \"low\": 5, \"high\": 80}}"}
{"op_code":5,"worker_id":"7a3e0f37-5669-4242-9168-600b738753fb-133921424667776","trial_id":20,"param_name":"REG_W","param_value_internal":0.06806153716187123,"distribution":"{\"name\": \"FloatDistribution\", \"attributes\": {\"step\": null, \"low\": 1e-05, \"high\": 1000.0, \"log\": true}}"}
{"op_code":5,"worker_id":"7a3e0f37-5669-4242-9168-600b738753fb-133921424667776","trial_id":20,"param_name":"USE_RMS_SCALING","param_value_internal":0,"distribution":"{\"name\": \"CategoricalDistribution\", \"attributes\": {\"choices\": [true, false]}}"}
{"op_code":0,"worker_id":"a1054f9c-4bc5-418d-adce-67e73cf02729-130092237567104","study_name":"cp_pred_surprise_L4_residual_delta","directions":[2]}
{"op_code":0,"worker_id":"d15a9e5e-e795-4a1c-a557-05fcaedc3185-128407722955904","study_name":"cp_pred_surprise_L4_residual_delta","directions":[2]}
{"op_code":4,"worker_id":"a1054f9c-4bc5-418d-adce-67e73cf02729-130092237567104","study_id":0,"datetime_start":"2026-04-30T15:44:07.988824"}
{"op_code":4,"worker_id":"d15a9e5e-e795-4a1c-a557-05fcaedc3185-128407722955904","study_id":0,"datetime_start":"2026-04-30T15:44:08.012529"}
{"op_code":5,"worker_id":"a1054f9c-4bc5-418d-adce-67e73cf02729-130092237567104","trial_id":21,"param_name":"RANK_REGRESS","param_value_internal":35.0,"distribution":"{\"name\": \"IntDistribution\", \"attributes\": {\"log\": false, \"step\": 1, \"low\": 5, \"high\": 80}}"}
{"op_code":5,"worker_id":"d15a9e5e-e795-4a1c-a557-05fcaedc3185-128407722955904","trial_id":22,"param_name":"RANK_REGRESS","param_value_internal":12.0,"distribution":"{\"name\": \"IntDistribution\", \"attributes\": {\"log\": false, \"step\": 1, \"low\": 5, \"high\": 80}}"}
{"op_code":5,"worker_id":"a1054f9c-4bc5-418d-adce-67e73cf02729-130092237567104","trial_id":21,"param_name":"REG_W","param_value_internal":0.00012439127988190585,"distribution":"{\"name\": \"FloatDistribution\", \"attributes\": {\"step\": null, \"low\": 1e-05, \"high\": 1000.0, \"log\": true}}"}
{"op_code":5,"worker_id":"d15a9e5e-e795-4a1c-a557-05fcaedc3185-128407722955904","trial_id":22,"param_name":"REG_W","param_value_internal":2.9330192046487493e-05,"distribution":"{\"name\": \"FloatDistribution\", \"attributes\": {\"step\": null, \"low\": 1e-05, \"high\": 1000.0, \"log\": true}}"}
{"op_code":5,"worker_id":"a1054f9c-4bc5-418d-adce-67e73cf02729-130092237567104","trial_id":21,"param_name":"USE_RMS_SCALING","param_value_internal":0,"distribution":"{\"name\": \"CategoricalDistribution\", \"attributes\": {\"choices\": [true, false]}}"}
{"op_code":5,"worker_id":"d15a9e5e-e795-4a1c-a557-05fcaedc3185-128407722955904","trial_id":22,"param_name":"USE_RMS_SCALING","param_value_internal":0,"distribution":"{\"name\": \"CategoricalDistribution\", \"attributes\": {\"choices\": [true, false]}}"}
{"op_code":0,"worker_id":"dc37d8f0-acf7-4f87-a3b6-2a1bbbd85241-129075270513792","study_name":"cp_pred_surprise_L4_residual_delta","directions":[2]}
{"op_code":4,"worker_id":"dc37d8f0-acf7-4f87-a3b6-2a1bbbd85241-129075270513792","study_id":0,"datetime_start":"2026-04-30T15:44:08.271674"}
{"op_code":5,"worker_id":"dc37d8f0-acf7-4f87-a3b6-2a1bbbd85241-129075270513792","trial_id":23,"param_name":"RANK_REGRESS","param_value_internal":55.0,"distribution":"{\"name\": \"IntDistribution\", \"attributes\": {\"log\": false, \"step\": 1, \"low\": 5, \"high\": 80}}"}
{"op_code":5,"worker_id":"dc37d8f0-acf7-4f87-a3b6-2a1bbbd85241-129075270513792","trial_id":23,"param_name":"REG_W","param_value_internal":6.160570802025496e-05,"distribution":"{\"name\": \"FloatDistribution\", \"attributes\": {\"step\": null, \"low\": 1e-05, \"high\": 1000.0, \"log\": true}}"}
{"op_code":5,"worker_id":"dc37d8f0-acf7-4f87-a3b6-2a1bbbd85241-129075270513792","trial_id":23,"param_name":"USE_RMS_SCALING","param_value_internal":1,"distribution":"{\"name\": \"CategoricalDistribution\", \"attributes\": {\"choices\": [true, false]}}"}
{"op_code":0,"worker_id":"60b034cd-604a-4e1a-910d-9ea36e2d5097-126919523296384","study_name":"cp_pred_surprise_L4_residual_delta","directions":[2]}
{"op_code":0,"worker_id":"934761ad-f3a9-4160-bc3e-3c05ed411b46-140412982191232","study_name":"cp_pred_surprise_L4_residual_delta","directions":[2]}
{"op_code":4,"worker_id":"60b034cd-604a-4e1a-910d-9ea36e2d5097-126919523296384","study_id":0,"datetime_start":"2026-04-30T15:44:08.734487"}
{"op_code":4,"worker_id":"934761ad-f3a9-4160-bc3e-3c05ed411b46-140412982191232","study_id":0,"datetime_start":"2026-04-30T15:44:08.750771"}
{"op_code":5,"worker_id":"60b034cd-604a-4e1a-910d-9ea36e2d5097-126919523296384","trial_id":24,"param_name":"RANK_REGRESS","param_value_internal":54.0,"distribution":"{\"name\": \"IntDistribution\", \"attributes\": {\"log\": false, \"step\": 1, \"low\": 5, \"high\": 80}}"}
{"op_code":5,"worker_id":"934761ad-f3a9-4160-bc3e-3c05ed411b46-140412982191232","trial_id":25,"param_name":"RANK_REGRESS","param_value_internal":6.0,"distribution":"{\"name\": \"IntDistribution\", \"attributes\": {\"log\": false, \"step\": 1, \"low\": 5, \"high\": 80}}"}
{"op_code":5,"worker_id":"60b034cd-604a-4e1a-910d-9ea36e2d5097-126919523296384","trial_id":24,"param_name":"REG_W","param_value_internal":0.0011348738461954672,"distribution":"{\"name\": \"FloatDistribution\", \"attributes\": {\"step\": null, \"low\": 1e-05, \"high\": 1000.0, \"log\": true}}"}
{"op_code":5,"worker_id":"934761ad-f3a9-4160-bc3e-3c05ed411b46-140412982191232","trial_id":25,"param_name":"REG_W","param_value_internal":0.013460975705317376,"distribution":"{\"name\": \"FloatDistribution\", \"attributes\": {\"step\": null, \"low\": 1e-05, \"high\": 1000.0, \"log\": true}}"}
{"op_code":5,"worker_id":"60b034cd-604a-4e1a-910d-9ea36e2d5097-126919523296384","trial_id":24,"param_name":"USE_RMS_SCALING","param_value_internal":1,"distribution":"{\"name\": \"CategoricalDistribution\", \"attributes\": {\"choices\": [true, false]}}"}
{"op_code":5,"worker_id":"934761ad-f3a9-4160-bc3e-3c05ed411b46-140412982191232","trial_id":25,"param_name":"USE_RMS_SCALING","param_value_internal":1,"distribution":"{\"name\": \"CategoricalDistribution\", \"attributes\": {\"choices\": [true, false]}}"}
{"op_code":0,"worker_id":"27197ff0-0b46-449a-884c-1ebfbbcb42dd-136980799308928","study_name":"cp_pred_surprise_L4_residual_delta","directions":[2]}
{"op_code":4,"worker_id":"27197ff0-0b46-449a-884c-1ebfbbcb42dd-136980799308928","study_id":0,"datetime_start":"2026-04-30T15:44:09.041888"}
{"op_code":5,"worker_id":"27197ff0-0b46-449a-884c-1ebfbbcb42dd-136980799308928","trial_id":26,"param_name":"RANK_REGRESS","param_value_internal":10.0,"distribution":"{\"name\": \"IntDistribution\", \"attributes\": {\"log\": false, \"step\": 1, \"low\": 5, \"high\": 80}}"}
{"op_code":5,"worker_id":"27197ff0-0b46-449a-884c-1ebfbbcb42dd-136980799308928","trial_id":26,"param_name":"REG_W","param_value_internal":0.03402813397158602,"distribution":"{\"name\": \"FloatDistribution\", \"attributes\": {\"step\": null, \"low\": 1e-05, \"high\": 1000.0, \"log\": true}}"}
{"op_code":5,"worker_id":"27197ff0-0b46-449a-884c-1ebfbbcb42dd-136980799308928","trial_id":26,"param_name":"USE_RMS_SCALING","param_value_internal":0,"distribution":"{\"name\": \"CategoricalDistribution\", \"attributes\": {\"choices\": [true, false]}}"}
{"op_code":0,"worker_id":"8079dba9-793a-4b6e-a32a-7a37482c1a94-127203576165504","study_name":"cp_pred_surprise_L4_residual_delta","directions":[2]}
{"op_code":0,"worker_id":"57a10b5d-4268-4ae5-94e9-5ee3411f5d4b-133016728679552","study_name":"cp_pred_surprise_L4_residual_delta","directions":[2]}
{"op_code":0,"worker_id":"66c4610f-7927-4cf9-80b8-e51c5b196f12-138190033749120","study_name":"cp_pred_surprise_L4_residual_delta","directions":[2]}
{"op_code":4,"worker_id":"57a10b5d-4268-4ae5-94e9-5ee3411f5d4b-133016728679552","study_id":0,"datetime_start":"2026-04-30T15:44:09.379963"}
{"op_code":4,"worker_id":"8079dba9-793a-4b6e-a32a-7a37482c1a94-127203576165504","study_id":0,"datetime_start":"2026-04-30T15:44:09.366537"}
{"op_code":4,"worker_id":"66c4610f-7927-4cf9-80b8-e51c5b196f12-138190033749120","study_id":0,"datetime_start":"2026-04-30T15:44:09.412824"}
{"op_code":5,"worker_id":"8079dba9-793a-4b6e-a32a-7a37482c1a94-127203576165504","trial_id":28,"param_name":"RANK_REGRESS","param_value_internal":42.0,"distribution":"{\"name\": \"IntDistribution\", \"attributes\": {\"log\": false, \"step\": 1, \"low\": 5, \"high\": 80}}"}
{"op_code":5,"worker_id":"66c4610f-7927-4cf9-80b8-e51c5b196f12-138190033749120","trial_id":29,"param_name":"RANK_REGRESS","param_value_internal":29.0,"distribution":"{\"name\": \"IntDistribution\", \"attributes\": {\"log\": false, \"step\": 1, \"low\": 5, \"high\": 80}}"}
{"op_code":5,"worker_id":"8079dba9-793a-4b6e-a32a-7a37482c1a94-127203576165504","trial_id":28,"param_name":"REG_W","param_value_internal":0.33214851336732615,"distribution":"{\"name\": \"FloatDistribution\", \"attributes\": {\"step\": null, \"low\": 1e-05, \"high\": 1000.0, \"log\": true}}"}
{"op_code":5,"worker_id":"66c4610f-7927-4cf9-80b8-e51c5b196f12-138190033749120","trial_id":29,"param_name":"REG_W","param_value_internal":3.385649529312263,"distribution":"{\"name\": \"FloatDistribution\", \"attributes\": {\"step\": null, \"low\": 1e-05, \"high\": 1000.0, \"log\": true}}"}
{"op_code":5,"worker_id":"8079dba9-793a-4b6e-a32a-7a37482c1a94-127203576165504","trial_id":28,"param_name":"USE_RMS_SCALING","param_value_internal":1,"distribution":"{\"name\": \"CategoricalDistribution\", \"attributes\": {\"choices\": [true, false]}}"}
{"op_code":5,"worker_id":"66c4610f-7927-4cf9-80b8-e51c5b196f12-138190033749120","trial_id":29,"param_name":"USE_RMS_SCALING","param_value_internal":0,"distribution":"{\"name\": \"CategoricalDistribution\", \"attributes\": {\"choices\": [true, false]}}"}
{"op_code":5,"worker_id":"57a10b5d-4268-4ae5-94e9-5ee3411f5d4b-133016728679552","trial_id":27,"param_name":"RANK_REGRESS","param_value_internal":25.0,"distribution":"{\"name\": \"IntDistribution\", \"attributes\": {\"log\": false, \"step\": 1, \"low\": 5, \"high\": 80}}"}
{"op_code":5,"worker_id":"57a10b5d-4268-4ae5-94e9-5ee3411f5d4b-133016728679552","trial_id":27,"param_name":"REG_W","param_value_internal":0.0006312092281093092,"distribution":"{\"name\": \"FloatDistribution\", \"attributes\": {\"step\": null, \"low\": 1e-05, \"high\": 1000.0, \"log\": true}}"}
{"op_code":5,"worker_id":"57a10b5d-4268-4ae5-94e9-5ee3411f5d4b-133016728679552","trial_id":27,"param_name":"USE_RMS_SCALING","param_value_internal":0,"distribution":"{\"name\": \"CategoricalDistribution\", \"attributes\": {\"choices\": [true, false]}}"}
{"op_code":0,"worker_id":"413adce4-122e-4f6f-9073-bad958870921-136192784487552","study_name":"cp_pred_surprise_L4_residual_delta","directions":[2]}
{"op_code":0,"worker_id":"b16a1523-0dac-4440-8089-56fb623defd3-128786003375232","study_name":"cp_pred_surprise_L4_residual_delta","directions":[2]}
{"op_code":0,"worker_id":"213a4ea9-ee16-46f7-8b08-f052e64febc8-134335696856192","study_name":"cp_pred_surprise_L4_residual_delta","directions":[2]}
{"op_code":4,"worker_id":"b16a1523-0dac-4440-8089-56fb623defd3-128786003375232","study_id":0,"datetime_start":"2026-04-30T15:44:10.806141"}
{"op_code":4,"worker_id":"213a4ea9-ee16-46f7-8b08-f052e64febc8-134335696856192","study_id":0,"datetime_start":"2026-04-30T15:44:10.833195"}
{"op_code":5,"worker_id":"b16a1523-0dac-4440-8089-56fb623defd3-128786003375232","trial_id":30,"param_name":"RANK_REGRESS","param_value_internal":50.0,"distribution":"{\"name\": \"IntDistribution\", \"attributes\": {\"log\": false, \"step\": 1, \"low\": 5, \"high\": 80}}"}
{"op_code":5,"worker_id":"213a4ea9-ee16-46f7-8b08-f052e64febc8-134335696856192","trial_id":31,"param_name":"RANK_REGRESS","param_value_internal":19.0,"distribution":"{\"name\": \"IntDistribution\", \"attributes\": {\"log\": false, \"step\": 1, \"low\": 5, \"high\": 80}}"}
{"op_code":5,"worker_id":"b16a1523-0dac-4440-8089-56fb623defd3-128786003375232","trial_id":30,"param_name":"REG_W","param_value_internal":433.93300158349905,"distribution":"{\"name\": \"FloatDistribution\", \"attributes\": {\"step\": null, \"low\": 1e-05, \"high\": 1000.0, \"log\": true}}"}
{"op_code":5,"worker_id":"213a4ea9-ee16-46f7-8b08-f052e64febc8-134335696856192","trial_id":31,"param_name":"REG_W","param_value_internal":0.000364934133852026,"distribution":"{\"name\": \"FloatDistribution\", \"attributes\": {\"step\": null, \"low\": 1e-05, \"high\": 1000.0, \"log\": true}}"}
{"op_code":5,"worker_id":"b16a1523-0dac-4440-8089-56fb623defd3-128786003375232","trial_id":30,"param_name":"USE_RMS_SCALING","param_value_internal":1,"distribution":"{\"name\": \"CategoricalDistribution\", \"attributes\": {\"choices\": [true, false]}}"}
{"op_code":5,"worker_id":"213a4ea9-ee16-46f7-8b08-f052e64febc8-134335696856192","trial_id":31,"param_name":"USE_RMS_SCALING","param_value_internal":1,"distribution":"{\"name\": \"CategoricalDistribution\", \"attributes\": {\"choices\": [true, false]}}"}
{"op_code":4,"worker_id":"413adce4-122e-4f6f-9073-bad958870921-136192784487552","study_id":0,"datetime_start":"2026-04-30T15:44:10.787732"}
{"op_code":5,"worker_id":"413adce4-122e-4f6f-9073-bad958870921-136192784487552","trial_id":32,"param_name":"RANK_REGRESS","param_value_internal":57.0,"distribution":"{\"name\": \"IntDistribution\", \"attributes\": {\"log\": false, \"step\": 1, \"low\": 5, \"high\": 80}}"}
{"op_code":5,"worker_id":"413adce4-122e-4f6f-9073-bad958870921-136192784487552","trial_id":32,"param_name":"REG_W","param_value_internal":1.5905926309762823e-05,"distribution":"{\"name\": \"FloatDistribution\", \"attributes\": {\"step\": null, \"low\": 1e-05, \"high\": 1000.0, \"log\": true}}"}
{"op_code":5,"worker_id":"413adce4-122e-4f6f-9073-bad958870921-136192784487552","trial_id":32,"param_name":"USE_RMS_SCALING","param_value_internal":0,"distribution":"{\"name\": \"CategoricalDistribution\", \"attributes\": {\"choices\": [true, false]}}"}
{"op_code":0,"worker_id":"a7c0df6d-4f97-4038-81af-58046c4e30d4-129536893871232","study_name":"cp_pred_surprise_L4_residual_delta","directions":[2]}
{"op_code":0,"worker_id":"7160f680-5d4c-47d3-a2a1-0f90bd475214-129777529099392","study_name":"cp_pred_surprise_L4_residual_delta","directions":[2]}
{"op_code":0,"worker_id":"f17490cc-0681-420f-aead-9405db91c901-124792627459200","study_name":"cp_pred_surprise_L4_residual_delta","directions":[2]}
{"op_code":4,"worker_id":"a7c0df6d-4f97-4038-81af-58046c4e30d4-129536893871232","study_id":0,"datetime_start":"2026-04-30T15:44:11.661910"}
{"op_code":4,"worker_id":"7160f680-5d4c-47d3-a2a1-0f90bd475214-129777529099392","study_id":0,"datetime_start":"2026-04-30T15:44:11.683703"}
{"op_code":4,"worker_id":"f17490cc-0681-420f-aead-9405db91c901-124792627459200","study_id":0,"datetime_start":"2026-04-30T15:44:11.712178"}
{"op_code":5,"worker_id":"7160f680-5d4c-47d3-a2a1-0f90bd475214-129777529099392","trial_id":34,"param_name":"RANK_REGRESS","param_value_internal":24.0,"distribution":"{\"name\": \"IntDistribution\", \"attributes\": {\"log\": false, \"step\": 1, \"low\": 5, \"high\": 80}}"}
{"op_code":5,"worker_id":"f17490cc-0681-420f-aead-9405db91c901-124792627459200","trial_id":35,"param_name":"RANK_REGRESS","param_value_internal":35.0,"distribution":"{\"name\": \"IntDistribution\", \"attributes\": {\"log\": false, \"step\": 1, \"low\": 5, \"high\": 80}}"}
{"op_code":5,"worker_id":"7160f680-5d4c-47d3-a2a1-0f90bd475214-129777529099392","trial_id":34,"param_name":"REG_W","param_value_internal":0.0029977533563655106,"distribution":"{\"name\": \"FloatDistribution\", \"attributes\": {\"step\": null, \"low\": 1e-05, \"high\": 1000.0, \"log\": true}}"}
{"op_code":5,"worker_id":"f17490cc-0681-420f-aead-9405db91c901-124792627459200","trial_id":35,"param_name":"REG_W","param_value_internal":0.7608508726287093,"distribution":"{\"name\": \"FloatDistribution\", \"attributes\": {\"step\": null, \"low\": 1e-05, \"high\": 1000.0, \"log\": true}}"}
{"op_code":5,"worker_id":"7160f680-5d4c-47d3-a2a1-0f90bd475214-129777529099392","trial_id":34,"param_name":"USE_RMS_SCALING","param_value_internal":1,"distribution":"{\"name\": \"CategoricalDistribution\", \"attributes\": {\"choices\": [true, false]}}"}
{"op_code":5,"worker_id":"f17490cc-0681-420f-aead-9405db91c901-124792627459200","trial_id":35,"param_name":"USE_RMS_SCALING","param_value_internal":0,"distribution":"{\"name\": \"CategoricalDistribution\", \"attributes\": {\"choices\": [true, false]}}"}
{"op_code":5,"worker_id":"a7c0df6d-4f97-4038-81af-58046c4e30d4-129536893871232","trial_id":33,"param_name":"RANK_REGRESS","param_value_internal":44.0,"distribution":"{\"name\": \"IntDistribution\", \"attributes\": {\"log\": false, \"step\": 1, \"low\": 5, \"high\": 80}}"}
{"op_code":5,"worker_id":"a7c0df6d-4f97-4038-81af-58046c4e30d4-129536893871232","trial_id":33,"param_name":"REG_W","param_value_internal":158.9858143960284,"distribution":"{\"name\": \"FloatDistribution\", \"attributes\": {\"step\": null, \"low\": 1e-05, \"high\": 1000.0, \"log\": true}}"}
{"op_code":5,"worker_id":"a7c0df6d-4f97-4038-81af-58046c4e30d4-129536893871232","trial_id":33,"param_name":"USE_RMS_SCALING","param_value_internal":0,"distribution":"{\"name\": \"CategoricalDistribution\", \"attributes\": {\"choices\": [true, false]}}"}
{"op_code":0,"worker_id":"3e56c39d-c53a-46a4-a0b6-31bbecb7ec84-138600444368000","study_name":"cp_pred_surprise_L4_residual_delta","directions":[2]}
{"op_code":0,"worker_id":"20c10ffa-d1db-4275-8dab-f551aa50c1e5-134496922166400","study_name":"cp_pred_surprise_L4_residual_delta","directions":[2]}
{"op_code":0,"worker_id":"0e253a19-75ba-4b00-bdac-786867586b8c-126073662620800","study_name":"cp_pred_surprise_L4_residual_delta","directions":[2]}
{"op_code":4,"worker_id":"3e56c39d-c53a-46a4-a0b6-31bbecb7ec84-138600444368000","study_id":0,"datetime_start":"2026-04-30T15:44:13.434668"}
{"op_code":4,"worker_id":"20c10ffa-d1db-4275-8dab-f551aa50c1e5-134496922166400","study_id":0,"datetime_start":"2026-04-30T15:44:13.443335"}
{"op_code":5,"worker_id":"3e56c39d-c53a-46a4-a0b6-31bbecb7ec84-138600444368000","trial_id":36,"param_name":"RANK_REGRESS","param_value_internal":42.0,"distribution":"{\"name\": \"IntDistribution\", \"attributes\": {\"log\": false, \"step\": 1, \"low\": 5, \"high\": 80}}"}
{"op_code":5,"worker_id":"20c10ffa-d1db-4275-8dab-f551aa50c1e5-134496922166400","trial_id":37,"param_name":"RANK_REGRESS","param_value_internal":78.0,"distribution":"{\"name\": \"IntDistribution\", \"attributes\": {\"log\": false, \"step\": 1, \"low\": 5, \"high\": 80}}"}
{"op_code":5,"worker_id":"3e56c39d-c53a-46a4-a0b6-31bbecb7ec84-138600444368000","trial_id":36,"param_name":"REG_W","param_value_internal":614.6273555515123,"distribution":"{\"name\": \"FloatDistribution\", \"attributes\": {\"step\": null, \"low\": 1e-05, \"high\": 1000.0, \"log\": true}}"}
{"op_code":5,"worker_id":"20c10ffa-d1db-4275-8dab-f551aa50c1e5-134496922166400","trial_id":37,"param_name":"REG_W","param_value_internal":43.34869038824043,"distribution":"{\"name\": \"FloatDistribution\", \"attributes\": {\"step\": null, \"low\": 1e-05, \"high\": 1000.0, \"log\": true}}"}
{"op_code":5,"worker_id":"3e56c39d-c53a-46a4-a0b6-31bbecb7ec84-138600444368000","trial_id":36,"param_name":"USE_RMS_SCALING","param_value_internal":1,"distribution":"{\"name\": \"CategoricalDistribution\", \"attributes\": {\"choices\": [true, false]}}"}
{"op_code":5,"worker_id":"20c10ffa-d1db-4275-8dab-f551aa50c1e5-134496922166400","trial_id":37,"param_name":"USE_RMS_SCALING","param_value_internal":1,"distribution":"{\"name\": \"CategoricalDistribution\", \"attributes\": {\"choices\": [true, false]}}"}
{"op_code":4,"worker_id":"0e253a19-75ba-4b00-bdac-786867586b8c-126073662620800","study_id":0,"datetime_start":"2026-04-30T15:44:13.476963"}
{"op_code":5,"worker_id":"0e253a19-75ba-4b00-bdac-786867586b8c-126073662620800","trial_id":38,"param_name":"RANK_REGRESS","param_value_internal":34.0,"distribution":"{\"name\": \"IntDistribution\", \"attributes\": {\"log\": false, \"step\": 1, \"low\": 5, \"high\": 80}}"}
{"op_code":5,"worker_id":"0e253a19-75ba-4b00-bdac-786867586b8c-126073662620800","trial_id":38,"param_name":"REG_W","param_value_internal":886.3964274718635,"distribution":"{\"name\": \"FloatDistribution\", \"attributes\": {\"step\": null, \"low\": 1e-05, \"high\": 1000.0, \"log\": true}}"}
{"op_code":5,"worker_id":"0e253a19-75ba-4b00-bdac-786867586b8c-126073662620800","trial_id":38,"param_name":"USE_RMS_SCALING","param_value_internal":1,"distribution":"{\"name\": \"CategoricalDistribution\", \"attributes\": {\"choices\": [true, false]}}"}
{"op_code":0,"worker_id":"ef984d53-7d4e-497a-bbc8-26293ae998cd-124434996130944","study_name":"cp_pred_surprise_L4_residual_delta","directions":[2]}
{"op_code":0,"worker_id":"65122b74-8430-4d73-a6c5-4a35a3b23e9e-124380760065152","study_name":"cp_pred_surprise_L4_residual_delta","directions":[2]}
{"op_code":0,"worker_id":"0fadc404-a062-4df5-9017-47b0ae6b2c1c-128329985520768","study_name":"cp_pred_surprise_L4_residual_delta","directions":[2]}
{"op_code":4,"worker_id":"ef984d53-7d4e-497a-bbc8-26293ae998cd-124434996130944","study_id":0,"datetime_start":"2026-04-30T15:44:13.956691"}
{"op_code":4,"worker_id":"65122b74-8430-4d73-a6c5-4a35a3b23e9e-124380760065152","study_id":0,"datetime_start":"2026-04-30T15:44:13.975022"}
{"op_code":4,"worker_id":"0fadc404-a062-4df5-9017-47b0ae6b2c1c-128329985520768","study_id":0,"datetime_start":"2026-04-30T15:44:14.014682"}
{"op_code":5,"worker_id":"65122b74-8430-4d73-a6c5-4a35a3b23e9e-124380760065152","trial_id":40,"param_name":"RANK_REGRESS","param_value_internal":40.0,"distribution":"{\"name\": \"IntDistribution\", \"attributes\": {\"log\": false, \"step\": 1, \"low\": 5, \"high\": 80}}"}
{"op_code":5,"worker_id":"0fadc404-a062-4df5-9017-47b0ae6b2c1c-128329985520768","trial_id":41,"param_name":"RANK_REGRESS","param_value_internal":7.0,"distribution":"{\"name\": \"IntDistribution\", \"attributes\": {\"log\": false, \"step\": 1, \"low\": 5, \"high\": 80}}"}
{"op_code":5,"worker_id":"65122b74-8430-4d73-a6c5-4a35a3b23e9e-124380760065152","trial_id":40,"param_name":"REG_W","param_value_internal":0.00023192968670582116,"distribution":"{\"name\": \"FloatDistribution\", \"attributes\": {\"step\": null, \"low\": 1e-05, \"high\": 1000.0, \"log\": true}}"}
{"op_code":5,"worker_id":"0fadc404-a062-4df5-9017-47b0ae6b2c1c-128329985520768","trial_id":41,"param_name":"REG_W","param_value_internal":0.37378526924396166,"distribution":"{\"name\": \"FloatDistribution\", \"attributes\": {\"step\": null, \"low\": 1e-05, \"high\": 1000.0, \"log\": true}}"}
{"op_code":5,"worker_id":"65122b74-8430-4d73-a6c5-4a35a3b23e9e-124380760065152","trial_id":40,"param_name":"USE_RMS_SCALING","param_value_internal":0,"distribution":"{\"name\": \"CategoricalDistribution\", \"attributes\": {\"choices\": [true, false]}}"}
{"op_code":5,"worker_id":"0fadc404-a062-4df5-9017-47b0ae6b2c1c-128329985520768","trial_id":41,"param_name":"USE_RMS_SCALING","param_value_internal":1,"distribution":"{\"name\": \"CategoricalDistribution\", \"attributes\": {\"choices\": [true, false]}}"}
{"op_code":5,"worker_id":"ef984d53-7d4e-497a-bbc8-26293ae998cd-124434996130944","trial_id":39,"param_name":"RANK_REGRESS","param_value_internal":17.0,"distribution":"{\"name\": \"IntDistribution\", \"attributes\": {\"log\": false, \"step\": 1, \"low\": 5, \"high\": 80}}"}
{"op_code":5,"worker_id":"ef984d53-7d4e-497a-bbc8-26293ae998cd-124434996130944","trial_id":39,"param_name":"REG_W","param_value_internal":0.0044089687092502775,"distribution":"{\"name\": \"FloatDistribution\", \"attributes\": {\"step\": null, \"low\": 1e-05, \"high\": 1000.0, \"log\": true}}"}
{"op_code":5,"worker_id":"ef984d53-7d4e-497a-bbc8-26293ae998cd-124434996130944","trial_id":39,"param_name":"USE_RMS_SCALING","param_value_internal":1,"distribution":"{\"name\": \"CategoricalDistribution\", \"attributes\": {\"choices\": [true, false]}}"}
{"op_code":0,"worker_id":"af2638ef-84a0-4f41-93f2-cb413dcb51cb-128960822559872","study_name":"cp_pred_surprise_L4_residual_delta","directions":[2]}
{"op_code":0,"worker_id":"eb74b97a-8713-4f6f-9edf-5b2ed2b7ed99-123682908959872","study_name":"cp_pred_surprise_L4_residual_delta","directions":[2]}
{"op_code":0,"worker_id":"549f5b3b-e308-40dc-88f6-71bcaa9a4568-127126572024960","study_name":"cp_pred_surprise_L4_residual_delta","directions":[2]}
{"op_code":4,"worker_id":"eb74b97a-8713-4f6f-9edf-5b2ed2b7ed99-123682908959872","study_id":0,"datetime_start":"2026-04-30T15:44:15.611315"}
{"op_code":4,"worker_id":"549f5b3b-e308-40dc-88f6-71bcaa9a4568-127126572024960","study_id":0,"datetime_start":"2026-04-30T15:44:15.635202"}
{"op_code":5,"worker_id":"eb74b97a-8713-4f6f-9edf-5b2ed2b7ed99-123682908959872","trial_id":42,"param_name":"RANK_REGRESS","param_value_internal":66.0,"distribution":"{\"name\": \"IntDistribution\", \"attributes\": {\"log\": false, \"step\": 1, \"low\": 5, \"high\": 80}}"}
{"op_code":5,"worker_id":"549f5b3b-e308-40dc-88f6-71bcaa9a4568-127126572024960","trial_id":43,"param_name":"RANK_REGRESS","param_value_internal":61.0,"distribution":"{\"name\": \"IntDistribution\", \"attributes\": {\"log\": false, \"step\": 1, \"low\": 5, \"high\": 80}}"}
{"op_code":5,"worker_id":"eb74b97a-8713-4f6f-9edf-5b2ed2b7ed99-123682908959872","trial_id":42,"param_name":"REG_W","param_value_internal":0.0012400308673140212,"distribution":"{\"name\": \"FloatDistribution\", \"attributes\": {\"step\": null, \"low\": 1e-05, \"high\": 1000.0, \"log\": true}}"}
{"op_code":5,"worker_id":"549f5b3b-e308-40dc-88f6-71bcaa9a4568-127126572024960","trial_id":43,"param_name":"REG_W","param_value_internal":0.0348339096854523,"distribution":"{\"name\": \"FloatDistribution\", \"attributes\": {\"step\": null, \"low\": 1e-05, \"high\": 1000.0, \"log\": true}}"}
{"op_code":5,"worker_id":"eb74b97a-8713-4f6f-9edf-5b2ed2b7ed99-123682908959872","trial_id":42,"param_name":"USE_RMS_SCALING","param_value_internal":0,"distribution":"{\"name\": \"CategoricalDistribution\", \"attributes\": {\"choices\": [true, false]}}"}
{"op_code":5,"worker_id":"549f5b3b-e308-40dc-88f6-71bcaa9a4568-127126572024960","trial_id":43,"param_name":"USE_RMS_SCALING","param_value_internal":1,"distribution":"{\"name\": \"CategoricalDistribution\", \"attributes\": {\"choices\": [true, false]}}"}
{"op_code":4,"worker_id":"af2638ef-84a0-4f41-93f2-cb413dcb51cb-128960822559872","study_id":0,"datetime_start":"2026-04-30T15:44:15.597839"}
{"op_code":5,"worker_id":"af2638ef-84a0-4f41-93f2-cb413dcb51cb-128960822559872","trial_id":44,"param_name":"RANK_REGRESS","param_value_internal":36.0,"distribution":"{\"name\": \"IntDistribution\", \"attributes\": {\"log\": false, \"step\": 1, \"low\": 5, \"high\": 80}}"}
{"op_code":5,"worker_id":"af2638ef-84a0-4f41-93f2-cb413dcb51cb-128960822559872","trial_id":44,"param_name":"REG_W","param_value_internal":850.9985394876129,"distribution":"{\"name\": \"FloatDistribution\", \"attributes\": {\"step\": null, \"low\": 1e-05, \"high\": 1000.0, \"log\": true}}"}
{"op_code":5,"worker_id":"af2638ef-84a0-4f41-93f2-cb413dcb51cb-128960822559872","trial_id":44,"param_name":"USE_RMS_SCALING","param_value_internal":0,"distribution":"{\"name\": \"CategoricalDistribution\", \"attributes\": {\"choices\": [true, false]}}"}
{"op_code":0,"worker_id":"046edd36-57ef-467b-aea7-56771b79375f-125190873187456","study_name":"cp_pred_surprise_L4_residual_delta","directions":[2]}
{"op_code":0,"worker_id":"5ecaae24-e8a7-42f9-8dc1-1c9c94b65760-140690011133056","study_name":"cp_pred_surprise_L4_residual_delta","directions":[2]}
{"op_code":0,"worker_id":"adfe68f9-99f8-4f2f-a94e-fc1b4d599342-125059775497344","study_name":"cp_pred_surprise_L4_residual_delta","directions":[2]}
{"op_code":4,"worker_id":"046edd36-57ef-467b-aea7-56771b79375f-125190873187456","study_id":0,"datetime_start":"2026-04-30T15:44:16.503731"}
{"op_code":4,"worker_id":"5ecaae24-e8a7-42f9-8dc1-1c9c94b65760-140690011133056","study_id":0,"datetime_start":"2026-04-30T15:44:16.522829"}
{"op_code":4,"worker_id":"adfe68f9-99f8-4f2f-a94e-fc1b4d599342-125059775497344","study_id":0,"datetime_start":"2026-04-30T15:44:16.527452"}
{"op_code":5,"worker_id":"046edd36-57ef-467b-aea7-56771b79375f-125190873187456","trial_id":45,"param_name":"RANK_REGRESS","param_value_internal":71.0,"distribution":"{\"name\": \"IntDistribution\", \"attributes\": {\"log\": false, \"step\": 1, \"low\": 5, \"high\": 80}}"}
{"op_code":5,"worker_id":"adfe68f9-99f8-4f2f-a94e-fc1b4d599342-125059775497344","trial_id":47,"param_name":"RANK_REGRESS","param_value_internal":29.0,"distribution":"{\"name\": \"IntDistribution\", \"attributes\": {\"log\": false, \"step\": 1, \"low\": 5, \"high\": 80}}"}
{"op_code":5,"worker_id":"046edd36-57ef-467b-aea7-56771b79375f-125190873187456","trial_id":45,"param_name":"REG_W","param_value_internal":0.5545150204555085,"distribution":"{\"name\": \"FloatDistribution\", \"attributes\": {\"step\": null, \"low\": 1e-05, \"high\": 1000.0, \"log\": true}}"}
{"op_code":5,"worker_id":"adfe68f9-99f8-4f2f-a94e-fc1b4d599342-125059775497344","trial_id":47,"param_name":"REG_W","param_value_internal":34.172009066385506,"distribution":"{\"name\": \"FloatDistribution\", \"attributes\": {\"step\": null, \"low\": 1e-05, \"high\": 1000.0, \"log\": true}}"}
{"op_code":5,"worker_id":"046edd36-57ef-467b-aea7-56771b79375f-125190873187456","trial_id":45,"param_name":"USE_RMS_SCALING","param_value_internal":0,"distribution":"{\"name\": \"CategoricalDistribution\", \"attributes\": {\"choices\": [true, false]}}"}
{"op_code":5,"worker_id":"adfe68f9-99f8-4f2f-a94e-fc1b4d599342-125059775497344","trial_id":47,"param_name":"USE_RMS_SCALING","param_value_internal":0,"distribution":"{\"name\": \"CategoricalDistribution\", \"attributes\": {\"choices\": [true, false]}}"}
{"op_code":5,"worker_id":"5ecaae24-e8a7-42f9-8dc1-1c9c94b65760-140690011133056","trial_id":46,"param_name":"RANK_REGRESS","param_value_internal":5.0,"distribution":"{\"name\": \"IntDistribution\", \"attributes\": {\"log\": false, \"step\": 1, \"low\": 5, \"high\": 80}}"}
{"op_code":5,"worker_id":"5ecaae24-e8a7-42f9-8dc1-1c9c94b65760-140690011133056","trial_id":46,"param_name":"REG_W","param_value_internal":0.004286060711741111,"distribution":"{\"name\": \"FloatDistribution\", \"attributes\": {\"step\": null, \"low\": 1e-05, \"high\": 1000.0, \"log\": true}}"}
{"op_code":5,"worker_id":"5ecaae24-e8a7-42f9-8dc1-1c9c94b65760-140690011133056","trial_id":46,"param_name":"USE_RMS_SCALING","param_value_internal":1,"distribution":"{\"name\": \"CategoricalDistribution\", \"attributes\": {\"choices\": [true, false]}}"}
{"op_code":0,"worker_id":"19a3013b-03b1-4f99-8490-fea473a651d5-131725483377792","study_name":"cp_pred_surprise_L4_residual_delta","directions":[2]}
{"op_code":0,"worker_id":"59f970c7-f195-4a5b-bb8f-d1b711272a1e-136535946011776","study_name":"cp_pred_surprise_L4_residual_delta","directions":[2]}
{"op_code":0,"worker_id":"a3daeea5-c901-4874-874a-de7295aa6038-130798551020672","study_name":"cp_pred_surprise_L4_residual_delta","directions":[2]}
{"op_code":4,"worker_id":"19a3013b-03b1-4f99-8490-fea473a651d5-131725483377792","study_id":0,"datetime_start":"2026-04-30T15:44:18.255294"}
{"op_code":4,"worker_id":"a3daeea5-c901-4874-874a-de7295aa6038-130798551020672","study_id":0,"datetime_start":"2026-04-30T15:44:18.278100"}
{"op_code":5,"worker_id":"19a3013b-03b1-4f99-8490-fea473a651d5-131725483377792","trial_id":48,"param_name":"RANK_REGRESS","param_value_internal":50.0,"distribution":"{\"name\": \"IntDistribution\", \"attributes\": {\"log\": false, \"step\": 1, \"low\": 5, \"high\": 80}}"}
{"op_code":5,"worker_id":"a3daeea5-c901-4874-874a-de7295aa6038-130798551020672","trial_id":49,"param_name":"RANK_REGRESS","param_value_internal":12.0,"distribution":"{\"name\": \"IntDistribution\", \"attributes\": {\"log\": false, \"step\": 1, \"low\": 5, \"high\": 80}}"}
{"op_code":5,"worker_id":"19a3013b-03b1-4f99-8490-fea473a651d5-131725483377792","trial_id":48,"param_name":"REG_W","param_value_internal":0.0032278505640480045,"distribution":"{\"name\": \"FloatDistribution\", \"attributes\": {\"step\": null, \"low\": 1e-05, \"high\": 1000.0, \"log\": true}}"}
{"op_code":4,"worker_id":"59f970c7-f195-4a5b-bb8f-d1b711272a1e-136535946011776","study_id":0,"datetime_start":"2026-04-30T15:44:18.265420"}
{"op_code":5,"worker_id":"a3daeea5-c901-4874-874a-de7295aa6038-130798551020672","trial_id":49,"param_name":"REG_W","param_value_internal":0.004542096028340129,"distribution":"{\"name\": \"FloatDistribution\", \"attributes\": {\"step\": null, \"low\": 1e-05, \"high\": 1000.0, \"log\": true}}"}
{"op_code":5,"worker_id":"59f970c7-f195-4a5b-bb8f-d1b711272a1e-136535946011776","trial_id":50,"param_name":"RANK_REGRESS","param_value_internal":42.0,"distribution":"{\"name\": \"IntDistribution\", \"attributes\": {\"log\": false, \"step\": 1, \"low\": 5, \"high\": 80}}"}
{"op_code":5,"worker_id":"a3daeea5-c901-4874-874a-de7295aa6038-130798551020672","trial_id":49,"param_name":"USE_RMS_SCALING","param_value_internal":0,"distribution":"{\"name\": \"CategoricalDistribution\", \"attributes\": {\"choices\": [true, false]}}"}
{"op_code":5,"worker_id":"59f970c7-f195-4a5b-bb8f-d1b711272a1e-136535946011776","trial_id":50,"param_name":"REG_W","param_value_internal":0.006291157916836143,"distribution":"{\"name\": \"FloatDistribution\", \"attributes\": {\"step\": null, \"low\": 1e-05, \"high\": 1000.0, \"log\": true}}"}
{"op_code":5,"worker_id":"59f970c7-f195-4a5b-bb8f-d1b711272a1e-136535946011776","trial_id":50,"param_name":"USE_RMS_SCALING","param_value_internal":0,"distribution":"{\"name\": \"CategoricalDistribution\", \"attributes\": {\"choices\": [true, false]}}"}
{"op_code":5,"worker_id":"19a3013b-03b1-4f99-8490-fea473a651d5-131725483377792","trial_id":48,"param_name":"USE_RMS_SCALING","param_value_internal":1,"distribution":"{\"name\": \"CategoricalDistribution\", \"attributes\": {\"choices\": [true, false]}}"}
{"op_code":0,"worker_id":"58c2acd2-f437-4cbd-b1f2-485c9195f4cb-128713524786304","study_name":"cp_pred_surprise_L4_residual_delta","directions":[2]}
{"op_code":0,"worker_id":"0713c1af-c1e7-4aff-a0e1-b4a3c6e8053b-123320421840000","study_name":"cp_pred_surprise_L4_residual_delta","directions":[2]}
{"op_code":0,"worker_id":"284cdfe5-2844-40a9-91a4-0c59f8365c35-135004535420032","study_name":"cp_pred_surprise_L4_residual_delta","directions":[2]}
{"op_code":4,"worker_id":"58c2acd2-f437-4cbd-b1f2-485c9195f4cb-128713524786304","study_id":0,"datetime_start":"2026-04-30T15:44:19.567428"}
{"op_code":4,"worker_id":"0713c1af-c1e7-4aff-a0e1-b4a3c6e8053b-123320421840000","study_id":0,"datetime_start":"2026-04-30T15:44:19.583723"}
{"op_code":5,"worker_id":"58c2acd2-f437-4cbd-b1f2-485c9195f4cb-128713524786304","trial_id":51,"param_name":"RANK_REGRESS","param_value_internal":61.0,"distribution":"{\"name\": \"IntDistribution\", \"attributes\": {\"log\": false, \"step\": 1, \"low\": 5, \"high\": 80}}"}
{"op_code":5,"worker_id":"0713c1af-c1e7-4aff-a0e1-b4a3c6e8053b-123320421840000","trial_id":52,"param_name":"RANK_REGRESS","param_value_internal":35.0,"distribution":"{\"name\": \"IntDistribution\", \"attributes\": {\"log\": false, \"step\": 1, \"low\": 5, \"high\": 80}}"}
{"op_code":5,"worker_id":"58c2acd2-f437-4cbd-b1f2-485c9195f4cb-128713524786304","trial_id":51,"param_name":"REG_W","param_value_internal":1.1282282846219854e-05,"distribution":"{\"name\": \"FloatDistribution\", \"attributes\": {\"step\": null, \"low\": 1e-05, \"high\": 1000.0, \"log\": true}}"}
{"op_code":5,"worker_id":"0713c1af-c1e7-4aff-a0e1-b4a3c6e8053b-123320421840000","trial_id":52,"param_name":"REG_W","param_value_internal":1.0068543600305297e-05,"distribution":"{\"name\": \"FloatDistribution\", \"attributes\": {\"step\": null, \"low\": 1e-05, \"high\": 1000.0, \"log\": true}}"}
{"op_code":5,"worker_id":"58c2acd2-f437-4cbd-b1f2-485c9195f4cb-128713524786304","trial_id":51,"param_name":"USE_RMS_SCALING","param_value_internal":0,"distribution":"{\"name\": \"CategoricalDistribution\", \"attributes\": {\"choices\": [true, false]}}"}
{"op_code":5,"worker_id":"0713c1af-c1e7-4aff-a0e1-b4a3c6e8053b-123320421840000","trial_id":52,"param_name":"USE_RMS_SCALING","param_value_internal":1,"distribution":"{\"name\": \"CategoricalDistribution\", \"attributes\": {\"choices\": [true, false]}}"}
{"op_code":4,"worker_id":"284cdfe5-2844-40a9-91a4-0c59f8365c35-135004535420032","study_id":0,"datetime_start":"2026-04-30T15:44:19.608618"}
{"op_code":5,"worker_id":"284cdfe5-2844-40a9-91a4-0c59f8365c35-135004535420032","trial_id":53,"param_name":"RANK_REGRESS","param_value_internal":71.0,"distribution":"{\"name\": \"IntDistribution\", \"attributes\": {\"log\": false, \"step\": 1, \"low\": 5, \"high\": 80}}"}
{"op_code":5,"worker_id":"284cdfe5-2844-40a9-91a4-0c59f8365c35-135004535420032","trial_id":53,"param_name":"REG_W","param_value_internal":17.421879536300246,"distribution":"{\"name\": \"FloatDistribution\", \"attributes\": {\"step\": null, \"low\": 1e-05, \"high\": 1000.0, \"log\": true}}"}
{"op_code":5,"worker_id":"284cdfe5-2844-40a9-91a4-0c59f8365c35-135004535420032","trial_id":53,"param_name":"USE_RMS_SCALING","param_value_internal":0,"distribution":"{\"name\": \"CategoricalDistribution\", \"attributes\": {\"choices\": [true, false]}}"}
{"op_code":0,"worker_id":"c823c96e-da9f-4eb7-b7f9-4e79b822abdd-125183927407744","study_name":"cp_pred_surprise_L4_residual_delta","directions":[2]}
{"op_code":0,"worker_id":"8a87a1bd-23e2-4b4d-ae8b-56b5d33505a4-138357583185024","study_name":"cp_pred_surprise_L4_residual_delta","directions":[2]}
{"op_code":4,"worker_id":"c823c96e-da9f-4eb7-b7f9-4e79b822abdd-125183927407744","study_id":0,"datetime_start":"2026-04-30T15:44:23.539710"}
{"op_code":0,"worker_id":"125c1101-4832-4bc0-8af7-4d2856cb8d09-139545192555648","study_name":"cp_pred_surprise_L4_residual_delta","directions":[2]}
{"op_code":0,"worker_id":"fd57e1ad-22bd-4346-876a-2e6da47dd505-136134209643648","study_name":"cp_pred_surprise_L4_residual_delta","directions":[2]}
{"op_code":4,"worker_id":"8a87a1bd-23e2-4b4d-ae8b-56b5d33505a4-138357583185024","study_id":0,"datetime_start":"2026-04-30T15:44:23.597110"}
{"op_code":0,"worker_id":"6d0a80b6-7403-4a27-ac4f-591d41d5e62b-135710911440000","study_name":"cp_pred_surprise_L4_residual_delta","directions":[2]}
{"op_code":0,"worker_id":"d15ac4f4-8628-4755-b798-ed91838b5f6e-138685955863680","study_name":"cp_pred_surprise_L4_residual_delta","directions":[2]}
{"op_code":5,"worker_id":"8a87a1bd-23e2-4b4d-ae8b-56b5d33505a4-138357583185024","trial_id":55,"param_name":"RANK_REGRESS","param_value_internal":33.0,"distribution":"{\"name\": \"IntDistribution\", \"attributes\": {\"log\": false, \"step\": 1, \"low\": 5, \"high\": 80}}"}
{"op_code":5,"worker_id":"c823c96e-da9f-4eb7-b7f9-4e79b822abdd-125183927407744","trial_id":54,"param_name":"RANK_REGRESS","param_value_internal":12.0,"distribution":"{\"name\": \"IntDistribution\", \"attributes\": {\"log\": false, \"step\": 1, \"low\": 5, \"high\": 80}}"}
{"op_code":0,"worker_id":"a408d37f-27d1-4f91-91e0-818b3ef8981c-131003963155584","study_name":"cp_pred_surprise_L4_residual_delta","directions":[2]}
{"op_code":4,"worker_id":"fd57e1ad-22bd-4346-876a-2e6da47dd505-136134209643648","study_id":0,"datetime_start":"2026-04-30T15:44:23.687041"}
{"op_code":4,"worker_id":"a408d37f-27d1-4f91-91e0-818b3ef8981c-131003963155584","study_id":0,"datetime_start":"2026-04-30T15:44:23.786380"}
{"op_code":5,"worker_id":"c823c96e-da9f-4eb7-b7f9-4e79b822abdd-125183927407744","trial_id":54,"param_name":"REG_W","param_value_internal":0.008084440021285264,"distribution":"{\"name\": \"FloatDistribution\", \"attributes\": {\"step\": null, \"low\": 1e-05, \"high\": 1000.0, \"log\": true}}"}
{"op_code":5,"worker_id":"fd57e1ad-22bd-4346-876a-2e6da47dd505-136134209643648","trial_id":56,"param_name":"RANK_REGRESS","param_value_internal":70.0,"distribution":"{\"name\": \"IntDistribution\", \"attributes\": {\"log\": false, \"step\": 1, \"low\": 5, \"high\": 80}}"}
{"op_code":5,"worker_id":"c823c96e-da9f-4eb7-b7f9-4e79b822abdd-125183927407744","trial_id":54,"param_name":"USE_RMS_SCALING","param_value_internal":0,"distribution":"{\"name\": \"CategoricalDistribution\", \"attributes\": {\"choices\": [true, false]}}"}
{"op_code":5,"worker_id":"fd57e1ad-22bd-4346-876a-2e6da47dd505-136134209643648","trial_id":56,"param_name":"REG_W","param_value_internal":0.0009294268180064992,"distribution":"{\"name\": \"FloatDistribution\", \"attributes\": {\"step\": null, \"low\": 1e-05, \"high\": 1000.0, \"log\": true}}"}
{"op_code":5,"worker_id":"a408d37f-27d1-4f91-91e0-818b3ef8981c-131003963155584","trial_id":57,"param_name":"RANK_REGRESS","param_value_internal":16.0,"distribution":"{\"name\": \"IntDistribution\", \"attributes\": {\"log\": false, \"step\": 1, \"low\": 5, \"high\": 80}}"}
{"op_code":5,"worker_id":"fd57e1ad-22bd-4346-876a-2e6da47dd505-136134209643648","trial_id":56,"param_name":"USE_RMS_SCALING","param_value_internal":1,"distribution":"{\"name\": \"CategoricalDistribution\", \"attributes\": {\"choices\": [true, false]}}"}
{"op_code":5,"worker_id":"8a87a1bd-23e2-4b4d-ae8b-56b5d33505a4-138357583185024","trial_id":55,"param_name":"REG_W","param_value_internal":451.74628423486183,"distribution":"{\"name\": \"FloatDistribution\", \"attributes\": {\"step\": null, \"low\": 1e-05, \"high\": 1000.0, \"log\": true}}"}
{"op_code":5,"worker_id":"a408d37f-27d1-4f91-91e0-818b3ef8981c-131003963155584","trial_id":57,"param_name":"REG_W","param_value_internal":0.23055135501841062,"distribution":"{\"name\": \"FloatDistribution\", \"attributes\": {\"step\": null, \"low\": 1e-05, \"high\": 1000.0, \"log\": true}}"}
{"op_code":5,"worker_id":"8a87a1bd-23e2-4b4d-ae8b-56b5d33505a4-138357583185024","trial_id":55,"param_name":"USE_RMS_SCALING","param_value_internal":1,"distribution":"{\"name\": \"CategoricalDistribution\", \"attributes\": {\"choices\": [true, false]}}"}
{"op_code":5,"worker_id":"a408d37f-27d1-4f91-91e0-818b3ef8981c-131003963155584","trial_id":57,"param_name":"USE_RMS_SCALING","param_value_internal":1,"distribution":"{\"name\": \"CategoricalDistribution\", \"attributes\": {\"choices\": [true, false]}}"}
{"op_code":0,"worker_id":"1a246901-8ea9-4bfd-94a8-6db5a0997d52-132065971201152","study_name":"cp_pred_surprise_L4_residual_delta","directions":[2]}
{"op_code":4,"worker_id":"1a246901-8ea9-4bfd-94a8-6db5a0997d52-132065971201152","study_id":0,"datetime_start":"2026-04-30T15:44:24.093393"}
{"op_code":5,"worker_id":"1a246901-8ea9-4bfd-94a8-6db5a0997d52-132065971201152","trial_id":58,"param_name":"RANK_REGRESS","param_value_internal":28.0,"distribution":"{\"name\": \"IntDistribution\", \"attributes\": {\"log\": false, \"step\": 1, \"low\": 5, \"high\": 80}}"}
{"op_code":5,"worker_id":"1a246901-8ea9-4bfd-94a8-6db5a0997d52-132065971201152","trial_id":58,"param_name":"REG_W","param_value_internal":0.6984251874114439,"distribution":"{\"name\": \"FloatDistribution\", \"attributes\": {\"step\": null, \"low\": 1e-05, \"high\": 1000.0, \"log\": true}}"}
{"op_code":5,"worker_id":"1a246901-8ea9-4bfd-94a8-6db5a0997d52-132065971201152","trial_id":58,"param_name":"USE_RMS_SCALING","param_value_internal":0,"distribution":"{\"name\": \"CategoricalDistribution\", \"attributes\": {\"choices\": [true, false]}}"}
{"op_code":0,"worker_id":"9a78f40b-986f-4e64-a8a0-ae993122c260-124336292586624","study_name":"cp_pred_surprise_L4_residual_delta","directions":[2]}
{"op_code":4,"worker_id":"9a78f40b-986f-4e64-a8a0-ae993122c260-124336292586624","study_id":0,"datetime_start":"2026-04-30T15:44:24.281066"}
{"op_code":5,"worker_id":"9a78f40b-986f-4e64-a8a0-ae993122c260-124336292586624","trial_id":59,"param_name":"RANK_REGRESS","param_value_internal":28.0,"distribution":"{\"name\": \"IntDistribution\", \"attributes\": {\"log\": false, \"step\": 1, \"low\": 5, \"high\": 80}}"}
{"op_code":5,"worker_id":"9a78f40b-986f-4e64-a8a0-ae993122c260-124336292586624","trial_id":59,"param_name":"REG_W","param_value_internal":0.0001642443013608926,"distribution":"{\"name\": \"FloatDistribution\", \"attributes\": {\"step\": null, \"low\": 1e-05, \"high\": 1000.0, \"log\": true}}"}
{"op_code":5,"worker_id":"9a78f40b-986f-4e64-a8a0-ae993122c260-124336292586624","trial_id":59,"param_name":"USE_RMS_SCALING","param_value_internal":1,"distribution":"{\"name\": \"CategoricalDistribution\", \"attributes\": {\"choices\": [true, false]}}"}
{"op_code":4,"worker_id":"6d0a80b6-7403-4a27-ac4f-591d41d5e62b-135710911440000","study_id":0,"datetime_start":"2026-04-30T15:44:23.726962"}
{"op_code":5,"worker_id":"6d0a80b6-7403-4a27-ac4f-591d41d5e62b-135710911440000","trial_id":60,"param_name":"RANK_REGRESS","param_value_internal":71.0,"distribution":"{\"name\": \"IntDistribution\", \"attributes\": {\"log\": false, \"step\": 1, \"low\": 5, \"high\": 80}}"}
{"op_code":4,"worker_id":"d15ac4f4-8628-4755-b798-ed91838b5f6e-138685955863680","study_id":0,"datetime_start":"2026-04-30T15:44:23.723728"}
{"op_code":5,"worker_id":"6d0a80b6-7403-4a27-ac4f-591d41d5e62b-135710911440000","trial_id":60,"param_name":"REG_W","param_value_internal":0.0006154817747106373,"distribution":"{\"name\": \"FloatDistribution\", \"attributes\": {\"step\": null, \"low\": 1e-05, \"high\": 1000.0, \"log\": true}}"}
{"op_code":5,"worker_id":"d15ac4f4-8628-4755-b798-ed91838b5f6e-138685955863680","trial_id":61,"param_name":"RANK_REGRESS","param_value_internal":65.0,"distribution":"{\"name\": \"IntDistribution\", \"attributes\": {\"log\": false, \"step\": 1, \"low\": 5, \"high\": 80}}"}
{"op_code":5,"worker_id":"6d0a80b6-7403-4a27-ac4f-591d41d5e62b-135710911440000","trial_id":60,"param_name":"USE_RMS_SCALING","param_value_internal":0,"distribution":"{\"name\": \"CategoricalDistribution\", \"attributes\": {\"choices\": [true, false]}}"}
{"op_code":5,"worker_id":"d15ac4f4-8628-4755-b798-ed91838b5f6e-138685955863680","trial_id":61,"param_name":"REG_W","param_value_internal":0.01665301376364481,"distribution":"{\"name\": \"FloatDistribution\", \"attributes\": {\"step\": null, \"low\": 1e-05, \"high\": 1000.0, \"log\": true}}"}
{"op_code":5,"worker_id":"d15ac4f4-8628-4755-b798-ed91838b5f6e-138685955863680","trial_id":61,"param_name":"USE_RMS_SCALING","param_value_internal":0,"distribution":"{\"name\": \"CategoricalDistribution\", \"attributes\": {\"choices\": [true, false]}}"}
{"op_code":4,"worker_id":"125c1101-4832-4bc0-8af7-4d2856cb8d09-139545192555648","study_id":0,"datetime_start":"2026-04-30T15:44:23.685467"}
{"op_code":5,"worker_id":"125c1101-4832-4bc0-8af7-4d2856cb8d09-139545192555648","trial_id":62,"param_name":"RANK_REGRESS","param_value_internal":56.0,"distribution":"{\"name\": \"IntDistribution\", \"attributes\": {\"log\": false, \"step\": 1, \"low\": 5, \"high\": 80}}"}
{"op_code":5,"worker_id":"125c1101-4832-4bc0-8af7-4d2856cb8d09-139545192555648","trial_id":62,"param_name":"REG_W","param_value_internal":4.92981889449142,"distribution":"{\"name\": \"FloatDistribution\", \"attributes\": {\"step\": null, \"low\": 1e-05, \"high\": 1000.0, \"log\": true}}"}
{"op_code":5,"worker_id":"125c1101-4832-4bc0-8af7-4d2856cb8d09-139545192555648","trial_id":62,"param_name":"USE_RMS_SCALING","param_value_internal":0,"distribution":"{\"name\": \"CategoricalDistribution\", \"attributes\": {\"choices\": [true, false]}}"}
{"op_code":6,"worker_id":"5ecaae24-e8a7-42f9-8dc1-1c9c94b65760-140690011133056","trial_id":46,"state":1,"values":[-0.6337824226862456],"datetime_complete":"2026-04-30T17:30:28.075534"}
{"op_code":4,"worker_id":"5ecaae24-e8a7-42f9-8dc1-1c9c94b65760-140690011133056","study_id":0,"datetime_start":"2026-04-30T17:30:28.125335"}
{"op_code":5,"worker_id":"5ecaae24-e8a7-42f9-8dc1-1c9c94b65760-140690011133056","trial_id":63,"param_name":"RANK_REGRESS","param_value_internal":48.0,"distribution":"{\"name\": \"IntDistribution\", \"attributes\": {\"log\": false, \"step\": 1, \"low\": 5, \"high\": 80}}"}
{"op_code":5,"worker_id":"5ecaae24-e8a7-42f9-8dc1-1c9c94b65760-140690011133056","trial_id":63,"param_name":"REG_W","param_value_internal":0.00028090337961260415,"distribution":"{\"name\": \"FloatDistribution\", \"attributes\": {\"step\": null, \"low\": 1e-05, \"high\": 1000.0, \"log\": true}}"}
{"op_code":5,"worker_id":"5ecaae24-e8a7-42f9-8dc1-1c9c94b65760-140690011133056","trial_id":63,"param_name":"USE_RMS_SCALING","param_value_internal":0,"distribution":"{\"name\": \"CategoricalDistribution\", \"attributes\": {\"choices\": [true, false]}}"}
{"op_code":6,"worker_id":"934761ad-f3a9-4160-bc3e-3c05ed411b46-140412982191232","trial_id":25,"state":1,"values":[-0.45283409764171445],"datetime_complete":"2026-04-30T18:16:11.943187"}
{"op_code":4,"worker_id":"934761ad-f3a9-4160-bc3e-3c05ed411b46-140412982191232","study_id":0,"datetime_start":"2026-04-30T18:16:11.986993"}
{"op_code":5,"worker_id":"934761ad-f3a9-4160-bc3e-3c05ed411b46-140412982191232","trial_id":64,"param_name":"RANK_REGRESS","param_value_internal":37.0,"distribution":"{\"name\": \"IntDistribution\", \"attributes\": {\"log\": false, \"step\": 1, \"low\": 5, \"high\": 80}}"}
{"op_code":5,"worker_id":"934761ad-f3a9-4160-bc3e-3c05ed411b46-140412982191232","trial_id":64,"param_name":"REG_W","param_value_internal":0.10221938828689253,"distribution":"{\"name\": \"FloatDistribution\", \"attributes\": {\"step\": null, \"low\": 1e-05, \"high\": 1000.0, \"log\": true}}"}
{"op_code":5,"worker_id":"934761ad-f3a9-4160-bc3e-3c05ed411b46-140412982191232","trial_id":64,"param_name":"USE_RMS_SCALING","param_value_internal":0,"distribution":"{\"name\": \"CategoricalDistribution\", \"attributes\": {\"choices\": [true, false]}}"}
{"op_code":6,"worker_id":"ad476438-d2d2-4316-baed-c45beb8b344b-128656125428864","trial_id":1,"state":1,"values":[-0.48864015812970996],"datetime_complete":"2026-04-30T18:26:59.955031"}
{"op_code":4,"worker_id":"ad476438-d2d2-4316-baed-c45beb8b344b-128656125428864","study_id":0,"datetime_start":"2026-04-30T18:27:00.020994"}
{"op_code":5,"worker_id":"ad476438-d2d2-4316-baed-c45beb8b344b-128656125428864","trial_id":65,"param_name":"RANK_REGRESS","param_value_internal":40.0,"distribution":"{\"name\": \"IntDistribution\", \"attributes\": {\"log\": false, \"step\": 1, \"low\": 5, \"high\": 80}}"}
{"op_code":5,"worker_id":"ad476438-d2d2-4316-baed-c45beb8b344b-128656125428864","trial_id":65,"param_name":"REG_W","param_value_internal":0.10791047624612887,"distribution":"{\"name\": \"FloatDistribution\", \"attributes\": {\"step\": null, \"low\": 1e-05, \"high\": 1000.0, \"log\": true}}"}
{"op_code":5,"worker_id":"ad476438-d2d2-4316-baed-c45beb8b344b-128656125428864","trial_id":65,"param_name":"USE_RMS_SCALING","param_value_internal":1,"distribution":"{\"name\": \"CategoricalDistribution\", \"attributes\": {\"choices\": [true, false]}}"}
{"op_code":6,"worker_id":"7a3e0f37-5669-4242-9168-600b738753fb-133921424667776","trial_id":20,"state":1,"values":[-0.44058366039606534],"datetime_complete":"2026-04-30T18:45:21.935277"}
{"op_code":4,"worker_id":"7a3e0f37-5669-4242-9168-600b738753fb-133921424667776","study_id":0,"datetime_start":"2026-04-30T18:45:21.979128"}
{"op_code":5,"worker_id":"7a3e0f37-5669-4242-9168-600b738753fb-133921424667776","trial_id":66,"param_name":"RANK_REGRESS","param_value_internal":30.0,"distribution":"{\"name\": \"IntDistribution\", \"attributes\": {\"log\": false, \"step\": 1, \"low\": 5, \"high\": 80}}"}
{"op_code":5,"worker_id":"7a3e0f37-5669-4242-9168-600b738753fb-133921424667776","trial_id":66,"param_name":"REG_W","param_value_internal":0.06881013690897236,"distribution":"{\"name\": \"FloatDistribution\", \"attributes\": {\"step\": null, \"low\": 1e-05, \"high\": 1000.0, \"log\": true}}"}
{"op_code":5,"worker_id":"7a3e0f37-5669-4242-9168-600b738753fb-133921424667776","trial_id":66,"param_name":"USE_RMS_SCALING","param_value_internal":1,"distribution":"{\"name\": \"CategoricalDistribution\", \"attributes\": {\"choices\": [true, false]}}"}
{"op_code":6,"worker_id":"0fadc404-a062-4df5-9017-47b0ae6b2c1c-128329985520768","trial_id":41,"state":1,"values":[-0.4187205453318495],"datetime_complete":"2026-04-30T18:52:50.283164"}
{"op_code":4,"worker_id":"0fadc404-a062-4df5-9017-47b0ae6b2c1c-128329985520768","study_id":0,"datetime_start":"2026-04-30T18:52:50.350234"}
{"op_code":5,"worker_id":"0fadc404-a062-4df5-9017-47b0ae6b2c1c-128329985520768","trial_id":67,"param_name":"RANK_REGRESS","param_value_internal":62.0,"distribution":"{\"name\": \"IntDistribution\", \"attributes\": {\"log\": false, \"step\": 1, \"low\": 5, \"high\": 80}}"}
{"op_code":5,"worker_id":"0fadc404-a062-4df5-9017-47b0ae6b2c1c-128329985520768","trial_id":67,"param_name":"REG_W","param_value_internal":4.954668548576677e-05,"distribution":"{\"name\": \"FloatDistribution\", \"attributes\": {\"step\": null, \"low\": 1e-05, \"high\": 1000.0, \"log\": true}}"}
{"op_code":5,"worker_id":"0fadc404-a062-4df5-9017-47b0ae6b2c1c-128329985520768","trial_id":67,"param_name":"USE_RMS_SCALING","param_value_internal":1,"distribution":"{\"name\": \"CategoricalDistribution\", \"attributes\": {\"choices\": [true, false]}}"}
{"op_code":6,"worker_id":"27197ff0-0b46-449a-884c-1ebfbbcb42dd-136980799308928","trial_id":26,"state":1,"values":[-0.4716614764792669],"datetime_complete":"2026-04-30T19:22:33.877493"}
{"op_code":4,"worker_id":"27197ff0-0b46-449a-884c-1ebfbbcb42dd-136980799308928","study_id":0,"datetime_start":"2026-04-30T19:22:33.932951"}
{"op_code":5,"worker_id":"27197ff0-0b46-449a-884c-1ebfbbcb42dd-136980799308928","trial_id":68,"param_name":"RANK_REGRESS","param_value_internal":10.0,"distribution":"{\"name\": \"IntDistribution\", \"attributes\": {\"log\": false, \"step\": 1, \"low\": 5, \"high\": 80}}"}
{"op_code":5,"worker_id":"27197ff0-0b46-449a-884c-1ebfbbcb42dd-136980799308928","trial_id":68,"param_name":"REG_W","param_value_internal":29.86323080441619,"distribution":"{\"name\": \"FloatDistribution\", \"attributes\": {\"step\": null, \"low\": 1e-05, \"high\": 1000.0, \"log\": true}}"}
{"op_code":5,"worker_id":"27197ff0-0b46-449a-884c-1ebfbbcb42dd-136980799308928","trial_id":68,"param_name":"USE_RMS_SCALING","param_value_internal":1,"distribution":"{\"name\": \"CategoricalDistribution\", \"attributes\": {\"choices\": [true, false]}}"}
{"op_code":6,"worker_id":"d15a9e5e-e795-4a1c-a557-05fcaedc3185-128407722955904","trial_id":22,"state":1,"values":[-0.5781952074229352],"datetime_complete":"2026-04-30T19:29:41.832468"}
{"op_code":4,"worker_id":"d15a9e5e-e795-4a1c-a557-05fcaedc3185-128407722955904","study_id":0,"datetime_start":"2026-04-30T19:29:41.877266"}
{"op_code":5,"worker_id":"d15a9e5e-e795-4a1c-a557-05fcaedc3185-128407722955904","trial_id":69,"param_name":"RANK_REGRESS","param_value_internal":69.0,"distribution":"{\"name\": \"IntDistribution\", \"attributes\": {\"log\": false, \"step\": 1, \"low\": 5, \"high\": 80}}"}
{"op_code":5,"worker_id":"d15a9e5e-e795-4a1c-a557-05fcaedc3185-128407722955904","trial_id":69,"param_name":"REG_W","param_value_internal":1.458259180427831,"distribution":"{\"name\": \"FloatDistribution\", \"attributes\": {\"step\": null, \"low\": 1e-05, \"high\": 1000.0, \"log\": true}}"}
{"op_code":5,"worker_id":"d15a9e5e-e795-4a1c-a557-05fcaedc3185-128407722955904","trial_id":69,"param_name":"USE_RMS_SCALING","param_value_internal":0,"distribution":"{\"name\": \"CategoricalDistribution\", \"attributes\": {\"choices\": [true, false]}}"}
{"op_code":6,"worker_id":"a3daeea5-c901-4874-874a-de7295aa6038-130798551020672","trial_id":49,"state":1,"values":[-0.49530498050344596],"datetime_complete":"2026-04-30T19:34:24.059781"}
{"op_code":4,"worker_id":"a3daeea5-c901-4874-874a-de7295aa6038-130798551020672","study_id":0,"datetime_start":"2026-04-30T19:34:24.109173"}
{"op_code":5,"worker_id":"a3daeea5-c901-4874-874a-de7295aa6038-130798551020672","trial_id":70,"param_name":"RANK_REGRESS","param_value_internal":35.0,"distribution":"{\"name\": \"IntDistribution\", \"attributes\": {\"log\": false, \"step\": 1, \"low\": 5, \"high\": 80}}"}
{"op_code":5,"worker_id":"a3daeea5-c901-4874-874a-de7295aa6038-130798551020672","trial_id":70,"param_name":"REG_W","param_value_internal":0.0059166938872374075,"distribution":"{\"name\": \"FloatDistribution\", \"attributes\": {\"step\": null, \"low\": 1e-05, \"high\": 1000.0, \"log\": true}}"}
{"op_code":5,"worker_id":"a3daeea5-c901-4874-874a-de7295aa6038-130798551020672","trial_id":70,"param_name":"USE_RMS_SCALING","param_value_internal":0,"distribution":"{\"name\": \"CategoricalDistribution\", \"attributes\": {\"choices\": [true, false]}}"}
{"op_code":6,"worker_id":"c823c96e-da9f-4eb7-b7f9-4e79b822abdd-125183927407744","trial_id":54,"state":1,"values":[-0.43742992882681353],"datetime_complete":"2026-04-30T19:59:57.555954"}
{"op_code":4,"worker_id":"c823c96e-da9f-4eb7-b7f9-4e79b822abdd-125183927407744","study_id":0,"datetime_start":"2026-04-30T19:59:57.601199"}
{"op_code":5,"worker_id":"c823c96e-da9f-4eb7-b7f9-4e79b822abdd-125183927407744","trial_id":71,"param_name":"RANK_REGRESS","param_value_internal":66.0,"distribution":"{\"name\": \"IntDistribution\", \"attributes\": {\"log\": false, \"step\": 1, \"low\": 5, \"high\": 80}}"}
{"op_code":5,"worker_id":"c823c96e-da9f-4eb7-b7f9-4e79b822abdd-125183927407744","trial_id":71,"param_name":"REG_W","param_value_internal":0.0005213583509280123,"distribution":"{\"name\": \"FloatDistribution\", \"attributes\": {\"step\": null, \"low\": 1e-05, \"high\": 1000.0, \"log\": true}}"}
{"op_code":5,"worker_id":"c823c96e-da9f-4eb7-b7f9-4e79b822abdd-125183927407744","trial_id":71,"param_name":"USE_RMS_SCALING","param_value_internal":0,"distribution":"{\"name\": \"CategoricalDistribution\", \"attributes\": {\"choices\": [true, false]}}"}
{"op_code":6,"worker_id":"27197ff0-0b46-449a-884c-1ebfbbcb42dd-136980799308928","trial_id":68,"state":1,"values":[-0.02154172318785863],"datetime_complete":"2026-04-30T23:44:03.506344"}
{"op_code":4,"worker_id":"27197ff0-0b46-449a-884c-1ebfbbcb42dd-136980799308928","study_id":0,"datetime_start":"2026-04-30T23:44:03.548112"}
{"op_code":5,"worker_id":"27197ff0-0b46-449a-884c-1ebfbbcb42dd-136980799308928","trial_id":72,"param_name":"RANK_REGRESS","param_value_internal":32.0,"distribution":"{\"name\": \"IntDistribution\", \"attributes\": {\"log\": false, \"step\": 1, \"low\": 5, \"high\": 80}}"}
{"op_code":5,"worker_id":"27197ff0-0b46-449a-884c-1ebfbbcb42dd-136980799308928","trial_id":72,"param_name":"REG_W","param_value_internal":4.457500744419647,"distribution":"{\"name\": \"FloatDistribution\", \"attributes\": {\"step\": null, \"low\": 1e-05, \"high\": 1000.0, \"log\": true}}"}
{"op_code":5,"worker_id":"27197ff0-0b46-449a-884c-1ebfbbcb42dd-136980799308928","trial_id":72,"param_name":"USE_RMS_SCALING","param_value_internal":1,"distribution":"{\"name\": \"CategoricalDistribution\", \"attributes\": {\"choices\": [true, false]}}"}
{"op_code":6,"worker_id":"8c1a6032-6f79-4d9f-9a54-23aac1aae273-132227986048128","trial_id":6,"state":1,"values":[-0.7063561479309047],"datetime_complete":"2026-04-30T23:55:35.293730"}
{"op_code":4,"worker_id":"8c1a6032-6f79-4d9f-9a54-23aac1aae273-132227986048128","study_id":0,"datetime_start":"2026-04-30T23:55:35.363853"}
{"op_code":5,"worker_id":"8c1a6032-6f79-4d9f-9a54-23aac1aae273-132227986048128","trial_id":73,"param_name":"RANK_REGRESS","param_value_internal":41.0,"distribution":"{\"name\": \"IntDistribution\", \"attributes\": {\"log\": false, \"step\": 1, \"low\": 5, \"high\": 80}}"}
{"op_code":5,"worker_id":"8c1a6032-6f79-4d9f-9a54-23aac1aae273-132227986048128","trial_id":73,"param_name":"REG_W","param_value_internal":0.003923848233820509,"distribution":"{\"name\": \"FloatDistribution\", \"attributes\": {\"step\": null, \"low\": 1e-05, \"high\": 1000.0, \"log\": true}}"}
{"op_code":5,"worker_id":"8c1a6032-6f79-4d9f-9a54-23aac1aae273-132227986048128","trial_id":73,"param_name":"USE_RMS_SCALING","param_value_internal":0,"distribution":"{\"name\": \"CategoricalDistribution\", \"attributes\": {\"choices\": [true, false]}}"}
{"op_code":6,"worker_id":"ef984d53-7d4e-497a-bbc8-26293ae998cd-124434996130944","trial_id":39,"state":1,"values":[-0.8187619631127586],"datetime_complete":"2026-05-01T00:01:59.370611"}
{"op_code":4,"worker_id":"ef984d53-7d4e-497a-bbc8-26293ae998cd-124434996130944","study_id":0,"datetime_start":"2026-05-01T00:01:59.451203"}
{"op_code":5,"worker_id":"ef984d53-7d4e-497a-bbc8-26293ae998cd-124434996130944","trial_id":74,"param_name":"RANK_REGRESS","param_value_internal":12.0,"distribution":"{\"name\": \"IntDistribution\", \"attributes\": {\"log\": false, \"step\": 1, \"low\": 5, \"high\": 80}}"}
{"op_code":5,"worker_id":"ef984d53-7d4e-497a-bbc8-26293ae998cd-124434996130944","trial_id":74,"param_name":"REG_W","param_value_internal":0.0007439547634534681,"distribution":"{\"name\": \"FloatDistribution\", \"attributes\": {\"step\": null, \"low\": 1e-05, \"high\": 1000.0, \"log\": true}}"}
{"op_code":5,"worker_id":"ef984d53-7d4e-497a-bbc8-26293ae998cd-124434996130944","trial_id":74,"param_name":"USE_RMS_SCALING","param_value_internal":1,"distribution":"{\"name\": \"CategoricalDistribution\", \"attributes\": {\"choices\": [true, false]}}"}
{"op_code":6,"worker_id":"213a4ea9-ee16-46f7-8b08-f052e64febc8-134335696856192","trial_id":31,"state":1,"values":[-1.0],"datetime_complete":"2026-05-01T00:18:30.996505"}
{"op_code":4,"worker_id":"213a4ea9-ee16-46f7-8b08-f052e64febc8-134335696856192","study_id":0,"datetime_start":"2026-05-01T00:18:31.058362"}
{"op_code":5,"worker_id":"213a4ea9-ee16-46f7-8b08-f052e64febc8-134335696856192","trial_id":75,"param_name":"RANK_REGRESS","param_value_internal":60.0,"distribution":"{\"name\": \"IntDistribution\", \"attributes\": {\"log\": false, \"step\": 1, \"low\": 5, \"high\": 80}}"}
{"op_code":5,"worker_id":"213a4ea9-ee16-46f7-8b08-f052e64febc8-134335696856192","trial_id":75,"param_name":"REG_W","param_value_internal":0.17299870079455826,"distribution":"{\"name\": \"FloatDistribution\", \"attributes\": {\"step\": null, \"low\": 1e-05, \"high\": 1000.0, \"log\": true}}"}
{"op_code":5,"worker_id":"213a4ea9-ee16-46f7-8b08-f052e64febc8-134335696856192","trial_id":75,"param_name":"USE_RMS_SCALING","param_value_internal":1,"distribution":"{\"name\": \"CategoricalDistribution\", \"attributes\": {\"choices\": [true, false]}}"}
{"op_code":6,"worker_id":"54d2146f-5641-4cf0-b207-daba55e40f1c-128001473950848","trial_id":0,"state":1,"values":[-0.013249247214199436],"datetime_complete":"2026-05-01T00:20:05.884566"}
{"op_code":4,"worker_id":"54d2146f-5641-4cf0-b207-daba55e40f1c-128001473950848","study_id":0,"datetime_start":"2026-05-01T00:20:05.953523"}
{"op_code":5,"worker_id":"54d2146f-5641-4cf0-b207-daba55e40f1c-128001473950848","trial_id":76,"param_name":"RANK_REGRESS","param_value_internal":25.0,"distribution":"{\"name\": \"IntDistribution\", \"attributes\": {\"log\": false, \"step\": 1, \"low\": 5, \"high\": 80}}"}
{"op_code":5,"worker_id":"54d2146f-5641-4cf0-b207-daba55e40f1c-128001473950848","trial_id":76,"param_name":"REG_W","param_value_internal":1.1372885136234224e-05,"distribution":"{\"name\": \"FloatDistribution\", \"attributes\": {\"step\": null, \"low\": 1e-05, \"high\": 1000.0, \"log\": true}}"}
{"op_code":5,"worker_id":"54d2146f-5641-4cf0-b207-daba55e40f1c-128001473950848","trial_id":76,"param_name":"USE_RMS_SCALING","param_value_internal":1,"distribution":"{\"name\": \"CategoricalDistribution\", \"attributes\": {\"choices\": [true, false]}}"}
{"op_code":6,"worker_id":"0f0b7bbc-66c4-45ca-a940-53b7a4f9aec0-137134950278272","trial_id":16,"state":1,"values":[-1.0],"datetime_complete":"2026-05-01T01:10:06.041298"}
{"op_code":4,"worker_id":"0f0b7bbc-66c4-45ca-a940-53b7a4f9aec0-137134950278272","study_id":0,"datetime_start":"2026-05-01T01:10:06.090510"}
{"op_code":5,"worker_id":"0f0b7bbc-66c4-45ca-a940-53b7a4f9aec0-137134950278272","trial_id":77,"param_name":"RANK_REGRESS","param_value_internal":47.0,"distribution":"{\"name\": \"IntDistribution\", \"attributes\": {\"log\": false, \"step\": 1, \"low\": 5, \"high\": 80}}"}
{"op_code":5,"worker_id":"0f0b7bbc-66c4-45ca-a940-53b7a4f9aec0-137134950278272","trial_id":77,"param_name":"REG_W","param_value_internal":20.05334299761871,"distribution":"{\"name\": \"FloatDistribution\", \"attributes\": {\"step\": null, \"low\": 1e-05, \"high\": 1000.0, \"log\": true}}"}
{"op_code":5,"worker_id":"0f0b7bbc-66c4-45ca-a940-53b7a4f9aec0-137134950278272","trial_id":77,"param_name":"USE_RMS_SCALING","param_value_internal":0,"distribution":"{\"name\": \"CategoricalDistribution\", \"attributes\": {\"choices\": [true, false]}}"}
{"op_code":6,"worker_id":"9a78f40b-986f-4e64-a8a0-ae993122c260-124336292586624","trial_id":59,"state":1,"values":[-1.0],"datetime_complete":"2026-05-01T01:14:57.072146"}
{"op_code":4,"worker_id":"9a78f40b-986f-4e64-a8a0-ae993122c260-124336292586624","study_id":0,"datetime_start":"2026-05-01T01:14:57.122743"}
{"op_code":5,"worker_id":"9a78f40b-986f-4e64-a8a0-ae993122c260-124336292586624","trial_id":78,"param_name":"RANK_REGRESS","param_value_internal":61.0,"distribution":"{\"name\": \"IntDistribution\", \"attributes\": {\"log\": false, \"step\": 1, \"low\": 5, \"high\": 80}}"}
{"op_code":5,"worker_id":"9a78f40b-986f-4e64-a8a0-ae993122c260-124336292586624","trial_id":78,"param_name":"REG_W","param_value_internal":0.0008626125833709624,"distribution":"{\"name\": \"FloatDistribution\", \"attributes\": {\"step\": null, \"low\": 1e-05, \"high\": 1000.0, \"log\": true}}"}
{"op_code":5,"worker_id":"9a78f40b-986f-4e64-a8a0-ae993122c260-124336292586624","trial_id":78,"param_name":"USE_RMS_SCALING","param_value_internal":1,"distribution":"{\"name\": \"CategoricalDistribution\", \"attributes\": {\"choices\": [true, false]}}"}
{"op_code":6,"worker_id":"a167cd45-0637-429d-9847-d6aa35c83cda-127974972060800","trial_id":7,"state":1,"values":[-0.1791687989214695],"datetime_complete":"2026-05-01T01:35:34.416270"}
{"op_code":4,"worker_id":"a167cd45-0637-429d-9847-d6aa35c83cda-127974972060800","study_id":0,"datetime_start":"2026-05-01T01:35:34.482968"}
{"op_code":5,"worker_id":"a167cd45-0637-429d-9847-d6aa35c83cda-127974972060800","trial_id":79,"param_name":"RANK_REGRESS","param_value_internal":39.0,"distribution":"{\"name\": \"IntDistribution\", \"attributes\": {\"log\": false, \"step\": 1, \"low\": 5, \"high\": 80}}"}
{"op_code":5,"worker_id":"a167cd45-0637-429d-9847-d6aa35c83cda-127974972060800","trial_id":79,"param_name":"REG_W","param_value_internal":793.2479025448987,"distribution":"{\"name\": \"FloatDistribution\", \"attributes\": {\"step\": null, \"low\": 1e-05, \"high\": 1000.0, \"log\": true}}"}
{"op_code":5,"worker_id":"a167cd45-0637-429d-9847-d6aa35c83cda-127974972060800","trial_id":79,"param_name":"USE_RMS_SCALING","param_value_internal":1,"distribution":"{\"name\": \"CategoricalDistribution\", \"attributes\": {\"choices\": [true, false]}}"}
{"op_code":6,"worker_id":"020c6f87-bcac-49e6-bcbe-3f52080be85f-131491294966912","trial_id":9,"state":1,"values":[-0.4694419664775474],"datetime_complete":"2026-05-01T01:39:07.139540"}
{"op_code":4,"worker_id":"020c6f87-bcac-49e6-bcbe-3f52080be85f-131491294966912","study_id":0,"datetime_start":"2026-05-01T01:39:07.222558"}
{"op_code":5,"worker_id":"020c6f87-bcac-49e6-bcbe-3f52080be85f-131491294966912","trial_id":80,"param_name":"RANK_REGRESS","param_value_internal":51.0,"distribution":"{\"name\": \"IntDistribution\", \"attributes\": {\"log\": false, \"step\": 1, \"low\": 5, \"high\": 80}}"}
{"op_code":5,"worker_id":"020c6f87-bcac-49e6-bcbe-3f52080be85f-131491294966912","trial_id":80,"param_name":"REG_W","param_value_internal":2.754140638298414,"distribution":"{\"name\": \"FloatDistribution\", \"attributes\": {\"step\": null, \"low\": 1e-05, \"high\": 1000.0, \"log\": true}}"}
{"op_code":5,"worker_id":"020c6f87-bcac-49e6-bcbe-3f52080be85f-131491294966912","trial_id":80,"param_name":"USE_RMS_SCALING","param_value_internal":1,"distribution":"{\"name\": \"CategoricalDistribution\", \"attributes\": {\"choices\": [true, false]}}"}
{"op_code":6,"worker_id":"1a246901-8ea9-4bfd-94a8-6db5a0997d52-132065971201152","trial_id":58,"state":1,"values":[-0.6354582272717564],"datetime_complete":"2026-05-01T01:52:39.264465"}
{"op_code":4,"worker_id":"1a246901-8ea9-4bfd-94a8-6db5a0997d52-132065971201152","study_id":0,"datetime_start":"2026-05-01T01:52:39.303310"}
{"op_code":5,"worker_id":"1a246901-8ea9-4bfd-94a8-6db5a0997d52-132065971201152","trial_id":81,"param_name":"RANK_REGRESS","param_value_internal":79.0,"distribution":"{\"name\": \"IntDistribution\", \"attributes\": {\"log\": false, \"step\": 1, \"low\": 5, \"high\": 80}}"}
{"op_code":5,"worker_id":"1a246901-8ea9-4bfd-94a8-6db5a0997d52-132065971201152","trial_id":81,"param_name":"REG_W","param_value_internal":0.0002790221216311657,"distribution":"{\"name\": \"FloatDistribution\", \"attributes\": {\"step\": null, \"low\": 1e-05, \"high\": 1000.0, \"log\": true}}"}
{"op_code":5,"worker_id":"1a246901-8ea9-4bfd-94a8-6db5a0997d52-132065971201152","trial_id":81,"param_name":"USE_RMS_SCALING","param_value_internal":0,"distribution":"{\"name\": \"CategoricalDistribution\", \"attributes\": {\"choices\": [true, false]}}"}
{"op_code":6,"worker_id":"57a10b5d-4268-4ae5-94e9-5ee3411f5d4b-133016728679552","trial_id":27,"state":1,"values":[-1.0],"datetime_complete":"2026-05-01T02:09:19.566524"}
{"op_code":4,"worker_id":"57a10b5d-4268-4ae5-94e9-5ee3411f5d4b-133016728679552","study_id":0,"datetime_start":"2026-05-01T02:09:19.618574"}
{"op_code":5,"worker_id":"57a10b5d-4268-4ae5-94e9-5ee3411f5d4b-133016728679552","trial_id":82,"param_name":"RANK_REGRESS","param_value_internal":50.0,"distribution":"{\"name\": \"IntDistribution\", \"attributes\": {\"log\": false, \"step\": 1, \"low\": 5, \"high\": 80}}"}
{"op_code":5,"worker_id":"57a10b5d-4268-4ae5-94e9-5ee3411f5d4b-133016728679552","trial_id":82,"param_name":"REG_W","param_value_internal":190.73271492037733,"distribution":"{\"name\": \"FloatDistribution\", \"attributes\": {\"step\": null, \"low\": 1e-05, \"high\": 1000.0, \"log\": true}}"}
{"op_code":5,"worker_id":"57a10b5d-4268-4ae5-94e9-5ee3411f5d4b-133016728679552","trial_id":82,"param_name":"USE_RMS_SCALING","param_value_internal":1,"distribution":"{\"name\": \"CategoricalDistribution\", \"attributes\": {\"choices\": [true, false]}}"}
{"op_code":6,"worker_id":"7160f680-5d4c-47d3-a2a1-0f90bd475214-129777529099392","trial_id":34,"state":1,"values":[-1.0],"datetime_complete":"2026-05-01T03:23:01.569825"}
{"op_code":4,"worker_id":"7160f680-5d4c-47d3-a2a1-0f90bd475214-129777529099392","study_id":0,"datetime_start":"2026-05-01T03:23:01.618684"}
{"op_code":5,"worker_id":"7160f680-5d4c-47d3-a2a1-0f90bd475214-129777529099392","trial_id":83,"param_name":"RANK_REGRESS","param_value_internal":69.0,"distribution":"{\"name\": \"IntDistribution\", \"attributes\": {\"log\": false, \"step\": 1, \"low\": 5, \"high\": 80}}"}
{"op_code":5,"worker_id":"7160f680-5d4c-47d3-a2a1-0f90bd475214-129777529099392","trial_id":83,"param_name":"REG_W","param_value_internal":1.3212419635757517e-05,"distribution":"{\"name\": \"FloatDistribution\", \"attributes\": {\"step\": null, \"low\": 1e-05, \"high\": 1000.0, \"log\": true}}"}
{"op_code":5,"worker_id":"7160f680-5d4c-47d3-a2a1-0f90bd475214-129777529099392","trial_id":83,"param_name":"USE_RMS_SCALING","param_value_internal":1,"distribution":"{\"name\": \"CategoricalDistribution\", \"attributes\": {\"choices\": [true, false]}}"}
{"op_code":6,"worker_id":"66c4610f-7927-4cf9-80b8-e51c5b196f12-138190033749120","trial_id":29,"state":1,"values":[-0.11798059075085991],"datetime_complete":"2026-05-01T03:29:16.592590"}
{"op_code":4,"worker_id":"66c4610f-7927-4cf9-80b8-e51c5b196f12-138190033749120","study_id":0,"datetime_start":"2026-05-01T03:29:16.633193"}
{"op_code":5,"worker_id":"66c4610f-7927-4cf9-80b8-e51c5b196f12-138190033749120","trial_id":84,"param_name":"RANK_REGRESS","param_value_internal":32.0,"distribution":"{\"name\": \"IntDistribution\", \"attributes\": {\"log\": false, \"step\": 1, \"low\": 5, \"high\": 80}}"}
{"op_code":5,"worker_id":"66c4610f-7927-4cf9-80b8-e51c5b196f12-138190033749120","trial_id":84,"param_name":"REG_W","param_value_internal":410.59731078358317,"distribution":"{\"name\": \"FloatDistribution\", \"attributes\": {\"step\": null, \"low\": 1e-05, \"high\": 1000.0, \"log\": true}}"}
{"op_code":5,"worker_id":"66c4610f-7927-4cf9-80b8-e51c5b196f12-138190033749120","trial_id":84,"param_name":"USE_RMS_SCALING","param_value_internal":1,"distribution":"{\"name\": \"CategoricalDistribution\", \"attributes\": {\"choices\": [true, false]}}"}
{"op_code":6,"worker_id":"f3748073-3219-4d2c-824d-e3f1718673f3-133334281475200","trial_id":15,"state":1,"values":[-1.0],"datetime_complete":"2026-05-01T03:35:59.937163"}
{"op_code":4,"worker_id":"f3748073-3219-4d2c-824d-e3f1718673f3-133334281475200","study_id":0,"datetime_start":"2026-05-01T03:35:59.982518"}
{"op_code":5,"worker_id":"f3748073-3219-4d2c-824d-e3f1718673f3-133334281475200","trial_id":85,"param_name":"RANK_REGRESS","param_value_internal":5.0,"distribution":"{\"name\": \"IntDistribution\", \"attributes\": {\"log\": false, \"step\": 1, \"low\": 5, \"high\": 80}}"}
{"op_code":5,"worker_id":"f3748073-3219-4d2c-824d-e3f1718673f3-133334281475200","trial_id":85,"param_name":"REG_W","param_value_internal":10.584201537113048,"distribution":"{\"name\": \"FloatDistribution\", \"attributes\": {\"step\": null, \"low\": 1e-05, \"high\": 1000.0, \"log\": true}}"}
{"op_code":5,"worker_id":"f3748073-3219-4d2c-824d-e3f1718673f3-133334281475200","trial_id":85,"param_name":"USE_RMS_SCALING","param_value_internal":1,"distribution":"{\"name\": \"CategoricalDistribution\", \"attributes\": {\"choices\": [true, false]}}"}
{"op_code":6,"worker_id":"af2638ef-84a0-4f41-93f2-cb413dcb51cb-128960822559872","trial_id":44,"state":1,"values":[0.0],"datetime_complete":"2026-05-01T03:55:16.320508"}
{"op_code":4,"worker_id":"af2638ef-84a0-4f41-93f2-cb413dcb51cb-128960822559872","study_id":0,"datetime_start":"2026-05-01T03:55:16.368926"}
{"op_code":5,"worker_id":"af2638ef-84a0-4f41-93f2-cb413dcb51cb-128960822559872","trial_id":86,"param_name":"RANK_REGRESS","param_value_internal":19.0,"distribution":"{\"name\": \"IntDistribution\", \"attributes\": {\"log\": false, \"step\": 1, \"low\": 5, \"high\": 80}}"}
{"op_code":5,"worker_id":"af2638ef-84a0-4f41-93f2-cb413dcb51cb-128960822559872","trial_id":86,"param_name":"REG_W","param_value_internal":2.389683058899574e-05,"distribution":"{\"name\": \"FloatDistribution\", \"attributes\": {\"step\": null, \"low\": 1e-05, \"high\": 1000.0, \"log\": true}}"}
{"op_code":5,"worker_id":"af2638ef-84a0-4f41-93f2-cb413dcb51cb-128960822559872","trial_id":86,"param_name":"USE_RMS_SCALING","param_value_internal":1,"distribution":"{\"name\": \"CategoricalDistribution\", \"attributes\": {\"choices\": [true, false]}}"}
{"op_code":6,"worker_id":"c4ac307b-b206-43e4-91fc-d53fc957ca9f-133769499354240","trial_id":5,"state":1,"values":[-1.0],"datetime_complete":"2026-05-01T04:08:48.095626"}
{"op_code":4,"worker_id":"c4ac307b-b206-43e4-91fc-d53fc957ca9f-133769499354240","study_id":0,"datetime_start":"2026-05-01T04:08:48.181992"}
{"op_code":5,"worker_id":"c4ac307b-b206-43e4-91fc-d53fc957ca9f-133769499354240","trial_id":87,"param_name":"RANK_REGRESS","param_value_internal":37.0,"distribution":"{\"name\": \"IntDistribution\", \"attributes\": {\"log\": false, \"step\": 1, \"low\": 5, \"high\": 80}}"}
{"op_code":5,"worker_id":"c4ac307b-b206-43e4-91fc-d53fc957ca9f-133769499354240","trial_id":87,"param_name":"REG_W","param_value_internal":0.02921940212559399,"distribution":"{\"name\": \"FloatDistribution\", \"attributes\": {\"step\": null, \"low\": 1e-05, \"high\": 1000.0, \"log\": true}}"}
{"op_code":5,"worker_id":"c4ac307b-b206-43e4-91fc-d53fc957ca9f-133769499354240","trial_id":87,"param_name":"USE_RMS_SCALING","param_value_internal":1,"distribution":"{\"name\": \"CategoricalDistribution\", \"attributes\": {\"choices\": [true, false]}}"}
{"op_code":6,"worker_id":"ef984d53-7d4e-497a-bbc8-26293ae998cd-124434996130944","trial_id":74,"state":1,"values":[-0.6947863124669791],"datetime_complete":"2026-05-01T04:14:53.039958"}
{"op_code":4,"worker_id":"ef984d53-7d4e-497a-bbc8-26293ae998cd-124434996130944","study_id":0,"datetime_start":"2026-05-01T04:14:53.091925"}
{"op_code":5,"worker_id":"ef984d53-7d4e-497a-bbc8-26293ae998cd-124434996130944","trial_id":88,"param_name":"RANK_REGRESS","param_value_internal":48.0,"distribution":"{\"name\": \"IntDistribution\", \"attributes\": {\"log\": false, \"step\": 1, \"low\": 5, \"high\": 80}}"}
{"op_code":5,"worker_id":"ef984d53-7d4e-497a-bbc8-26293ae998cd-124434996130944","trial_id":88,"param_name":"REG_W","param_value_internal":0.018822721291250906,"distribution":"{\"name\": \"FloatDistribution\", \"attributes\": {\"step\": null, \"low\": 1e-05, \"high\": 1000.0, \"log\": true}}"}
{"op_code":5,"worker_id":"ef984d53-7d4e-497a-bbc8-26293ae998cd-124434996130944","trial_id":88,"param_name":"USE_RMS_SCALING","param_value_internal":1,"distribution":"{\"name\": \"CategoricalDistribution\", \"attributes\": {\"choices\": [true, false]}}"}
{"op_code":6,"worker_id":"c9874fc8-25fb-4d5a-8405-607b67c58737-126173074924672","trial_id":2,"state":1,"values":[0.0],"datetime_complete":"2026-05-01T04:27:35.940973"}
{"op_code":4,"worker_id":"c9874fc8-25fb-4d5a-8405-607b67c58737-126173074924672","study_id":0,"datetime_start":"2026-05-01T04:27:36.002449"}
{"op_code":5,"worker_id":"c9874fc8-25fb-4d5a-8405-607b67c58737-126173074924672","trial_id":89,"param_name":"RANK_REGRESS","param_value_internal":27.0,"distribution":"{\"name\": \"IntDistribution\", \"attributes\": {\"log\": false, \"step\": 1, \"low\": 5, \"high\": 80}}"}
{"op_code":5,"worker_id":"c9874fc8-25fb-4d5a-8405-607b67c58737-126173074924672","trial_id":89,"param_name":"REG_W","param_value_internal":23.857349042567222,"distribution":"{\"name\": \"FloatDistribution\", \"attributes\": {\"step\": null, \"low\": 1e-05, \"high\": 1000.0, \"log\": true}}"}
{"op_code":5,"worker_id":"c9874fc8-25fb-4d5a-8405-607b67c58737-126173074924672","trial_id":89,"param_name":"USE_RMS_SCALING","param_value_internal":1,"distribution":"{\"name\": \"CategoricalDistribution\", \"attributes\": {\"choices\": [true, false]}}"}
{"op_code":6,"worker_id":"8a87a1bd-23e2-4b4d-ae8b-56b5d33505a4-138357583185024","trial_id":55,"state":1,"values":[0.0],"datetime_complete":"2026-05-01T04:58:20.938864"}
{"op_code":4,"worker_id":"8a87a1bd-23e2-4b4d-ae8b-56b5d33505a4-138357583185024","study_id":0,"datetime_start":"2026-05-01T04:58:21.012309"}
{"op_code":5,"worker_id":"8a87a1bd-23e2-4b4d-ae8b-56b5d33505a4-138357583185024","trial_id":90,"param_name":"RANK_REGRESS","param_value_internal":39.0,"distribution":"{\"name\": \"IntDistribution\", \"attributes\": {\"log\": false, \"step\": 1, \"low\": 5, \"high\": 80}}"}
{"op_code":5,"worker_id":"8a87a1bd-23e2-4b4d-ae8b-56b5d33505a4-138357583185024","trial_id":90,"param_name":"REG_W","param_value_internal":5.5768384059348755e-05,"distribution":"{\"name\": \"FloatDistribution\", \"attributes\": {\"step\": null, \"low\": 1e-05, \"high\": 1000.0, \"log\": true}}"}
{"op_code":5,"worker_id":"8a87a1bd-23e2-4b4d-ae8b-56b5d33505a4-138357583185024","trial_id":90,"param_name":"USE_RMS_SCALING","param_value_internal":0,"distribution":"{\"name\": \"CategoricalDistribution\", \"attributes\": {\"choices\": [true, false]}}"}
{"op_code":6,"worker_id":"adfe68f9-99f8-4f2f-a94e-fc1b4d599342-125059775497344","trial_id":47,"state":1,"values":[0.0],"datetime_complete":"2026-05-01T05:06:18.339950"}
{"op_code":4,"worker_id":"adfe68f9-99f8-4f2f-a94e-fc1b4d599342-125059775497344","study_id":0,"datetime_start":"2026-05-01T05:06:18.376180"}
{"op_code":5,"worker_id":"adfe68f9-99f8-4f2f-a94e-fc1b4d599342-125059775497344","trial_id":91,"param_name":"RANK_REGRESS","param_value_internal":50.0,"distribution":"{\"name\": \"IntDistribution\", \"attributes\": {\"log\": false, \"step\": 1, \"low\": 5, \"high\": 80}}"}
{"op_code":5,"worker_id":"adfe68f9-99f8-4f2f-a94e-fc1b4d599342-125059775497344","trial_id":91,"param_name":"REG_W","param_value_internal":0.31422397731534585,"distribution":"{\"name\": \"FloatDistribution\", \"attributes\": {\"step\": null, \"low\": 1e-05, \"high\": 1000.0, \"log\": true}}"}
{"op_code":5,"worker_id":"adfe68f9-99f8-4f2f-a94e-fc1b4d599342-125059775497344","trial_id":91,"param_name":"USE_RMS_SCALING","param_value_internal":0,"distribution":"{\"name\": \"CategoricalDistribution\", \"attributes\": {\"choices\": [true, false]}}"}
{"op_code":6,"worker_id":"f3748073-3219-4d2c-824d-e3f1718673f3-133334281475200","trial_id":85,"state":1,"values":[-0.019294502610134396],"datetime_complete":"2026-05-01T05:35:13.771138"}
{"op_code":4,"worker_id":"f3748073-3219-4d2c-824d-e3f1718673f3-133334281475200","study_id":0,"datetime_start":"2026-05-01T05:35:13.828159"}
{"op_code":5,"worker_id":"f3748073-3219-4d2c-824d-e3f1718673f3-133334281475200","trial_id":92,"param_name":"RANK_REGRESS","param_value_internal":43.0,"distribution":"{\"name\": \"IntDistribution\", \"attributes\": {\"log\": false, \"step\": 1, \"low\": 5, \"high\": 80}}"}
{"op_code":5,"worker_id":"f3748073-3219-4d2c-824d-e3f1718673f3-133334281475200","trial_id":92,"param_name":"REG_W","param_value_internal":3.03982742741931,"distribution":"{\"name\": \"FloatDistribution\", \"attributes\": {\"step\": null, \"low\": 1e-05, \"high\": 1000.0, \"log\": true}}"}
{"op_code":5,"worker_id":"f3748073-3219-4d2c-824d-e3f1718673f3-133334281475200","trial_id":92,"param_name":"USE_RMS_SCALING","param_value_internal":1,"distribution":"{\"name\": \"CategoricalDistribution\", \"attributes\": {\"choices\": [true, false]}}"}
{"op_code":6,"worker_id":"512d8189-7b98-4b03-96d2-5189f7bc8ab2-132193968559232","trial_id":19,"state":1,"values":[0.0],"datetime_complete":"2026-05-01T05:45:42.850915"}
{"op_code":4,"worker_id":"512d8189-7b98-4b03-96d2-5189f7bc8ab2-132193968559232","study_id":0,"datetime_start":"2026-05-01T05:45:42.897675"}
{"op_code":5,"worker_id":"512d8189-7b98-4b03-96d2-5189f7bc8ab2-132193968559232","trial_id":93,"param_name":"RANK_REGRESS","param_value_internal":50.0,"distribution":"{\"name\": \"IntDistribution\", \"attributes\": {\"log\": false, \"step\": 1, \"low\": 5, \"high\": 80}}"}
{"op_code":5,"worker_id":"512d8189-7b98-4b03-96d2-5189f7bc8ab2-132193968559232","trial_id":93,"param_name":"REG_W","param_value_internal":0.0022519395843042266,"distribution":"{\"name\": \"FloatDistribution\", \"attributes\": {\"step\": null, \"low\": 1e-05, \"high\": 1000.0, \"log\": true}}"}
{"op_code":5,"worker_id":"512d8189-7b98-4b03-96d2-5189f7bc8ab2-132193968559232","trial_id":93,"param_name":"USE_RMS_SCALING","param_value_internal":1,"distribution":"{\"name\": \"CategoricalDistribution\", \"attributes\": {\"choices\": [true, false]}}"}
{"op_code":6,"worker_id":"7cd44c75-8fa5-4d18-9356-c738aefca53b-140208874263680","trial_id":14,"state":1,"values":[-1.0],"datetime_complete":"2026-05-01T06:00:04.405968"}
{"op_code":4,"worker_id":"7cd44c75-8fa5-4d18-9356-c738aefca53b-140208874263680","study_id":0,"datetime_start":"2026-05-01T06:00:04.459303"}
{"op_code":5,"worker_id":"7cd44c75-8fa5-4d18-9356-c738aefca53b-140208874263680","trial_id":94,"param_name":"RANK_REGRESS","param_value_internal":11.0,"distribution":"{\"name\": \"IntDistribution\", \"attributes\": {\"log\": false, \"step\": 1, \"low\": 5, \"high\": 80}}"}
{"op_code":5,"worker_id":"7cd44c75-8fa5-4d18-9356-c738aefca53b-140208874263680","trial_id":94,"param_name":"REG_W","param_value_internal":95.07789117582033,"distribution":"{\"name\": \"FloatDistribution\", \"attributes\": {\"step\": null, \"low\": 1e-05, \"high\": 1000.0, \"log\": true}}"}
{"op_code":5,"worker_id":"7cd44c75-8fa5-4d18-9356-c738aefca53b-140208874263680","trial_id":94,"param_name":"USE_RMS_SCALING","param_value_internal":0,"distribution":"{\"name\": \"CategoricalDistribution\", \"attributes\": {\"choices\": [true, false]}}"}
{"op_code":6,"worker_id":"65122b74-8430-4d73-a6c5-4a35a3b23e9e-124380760065152","trial_id":40,"state":1,"values":[-1.0],"datetime_complete":"2026-05-01T06:04:22.109889"}
{"op_code":4,"worker_id":"65122b74-8430-4d73-a6c5-4a35a3b23e9e-124380760065152","study_id":0,"datetime_start":"2026-05-01T06:04:22.151894"}
{"op_code":5,"worker_id":"65122b74-8430-4d73-a6c5-4a35a3b23e9e-124380760065152","trial_id":95,"param_name":"RANK_REGRESS","param_value_internal":66.0,"distribution":"{\"name\": \"IntDistribution\", \"attributes\": {\"log\": false, \"step\": 1, \"low\": 5, \"high\": 80}}"}
{"op_code":5,"worker_id":"65122b74-8430-4d73-a6c5-4a35a3b23e9e-124380760065152","trial_id":95,"param_name":"REG_W","param_value_internal":0.02342322798191018,"distribution":"{\"name\": \"FloatDistribution\", \"attributes\": {\"step\": null, \"low\": 1e-05, \"high\": 1000.0, \"log\": true}}"}
{"op_code":5,"worker_id":"65122b74-8430-4d73-a6c5-4a35a3b23e9e-124380760065152","trial_id":95,"param_name":"USE_RMS_SCALING","param_value_internal":0,"distribution":"{\"name\": \"CategoricalDistribution\", \"attributes\": {\"choices\": [true, false]}}"}
{"op_code":6,"worker_id":"a408d37f-27d1-4f91-91e0-818b3ef8981c-131003963155584","trial_id":57,"state":1,"values":[-0.49532991063797516],"datetime_complete":"2026-05-01T06:07:17.033541"}
{"op_code":4,"worker_id":"a408d37f-27d1-4f91-91e0-818b3ef8981c-131003963155584","study_id":0,"datetime_start":"2026-05-01T06:07:17.078356"}
{"op_code":5,"worker_id":"a408d37f-27d1-4f91-91e0-818b3ef8981c-131003963155584","trial_id":96,"param_name":"RANK_REGRESS","param_value_internal":73.0,"distribution":"{\"name\": \"IntDistribution\", \"attributes\": {\"log\": false, \"step\": 1, \"low\": 5, \"high\": 80}}"}
{"op_code":5,"worker_id":"a408d37f-27d1-4f91-91e0-818b3ef8981c-131003963155584","trial_id":96,"param_name":"REG_W","param_value_internal":15.438521126884014,"distribution":"{\"name\": \"FloatDistribution\", \"attributes\": {\"step\": null, \"low\": 1e-05, \"high\": 1000.0, \"log\": true}}"}
{"op_code":5,"worker_id":"a408d37f-27d1-4f91-91e0-818b3ef8981c-131003963155584","trial_id":96,"param_name":"USE_RMS_SCALING","param_value_internal":0,"distribution":"{\"name\": \"CategoricalDistribution\", \"attributes\": {\"choices\": [true, false]}}"}
{"op_code":0,"worker_id":"890d7f36-fc06-4916-aea0-7454fef3c9fd-134616634537088","study_name":"cp_pred_surprise_L4_residual_delta","directions":[2]}
{"op_code":0,"worker_id":"7ced47fc-5a57-4891-86ef-53fe817ad2f4-133982711387264","study_name":"cp_pred_surprise_L4_residual_delta","directions":[2]}
{"op_code":0,"worker_id":"b2d68a0d-cb7e-42b5-9761-9bd15148a142-137255077979264","study_name":"cp_pred_surprise_L4_residual_delta","directions":[2]}
{"op_code":0,"worker_id":"b2bcda07-c623-44e7-b0df-d0e6b7978576-138816058725504","study_name":"cp_pred_surprise_L4_residual_delta","directions":[2]}
{"op_code":4,"worker_id":"b2d68a0d-cb7e-42b5-9761-9bd15148a142-137255077979264","study_id":0,"datetime_start":"2026-05-02T11:56:29.105954"}
{"op_code":4,"worker_id":"7ced47fc-5a57-4891-86ef-53fe817ad2f4-133982711387264","study_id":0,"datetime_start":"2026-05-02T11:56:29.093840"}
{"op_code":5,"worker_id":"b2d68a0d-cb7e-42b5-9761-9bd15148a142-137255077979264","trial_id":97,"param_name":"RANK_REGRESS","param_value_internal":28.0,"distribution":"{\"name\": \"IntDistribution\", \"attributes\": {\"log\": false, \"step\": 1, \"low\": 5, \"high\": 80}}"}
{"op_code":5,"worker_id":"7ced47fc-5a57-4891-86ef-53fe817ad2f4-133982711387264","trial_id":98,"param_name":"RANK_REGRESS","param_value_internal":13.0,"distribution":"{\"name\": \"IntDistribution\", \"attributes\": {\"log\": false, \"step\": 1, \"low\": 5, \"high\": 80}}"}
{"op_code":4,"worker_id":"b2bcda07-c623-44e7-b0df-d0e6b7978576-138816058725504","study_id":0,"datetime_start":"2026-05-02T11:56:29.142947"}
{"op_code":5,"worker_id":"7ced47fc-5a57-4891-86ef-53fe817ad2f4-133982711387264","trial_id":98,"param_name":"REG_W","param_value_internal":5.75950777634078e-05,"distribution":"{\"name\": \"FloatDistribution\", \"attributes\": {\"step\": null, \"low\": 1e-05, \"high\": 1000.0, \"log\": true}}"}
{"op_code":5,"worker_id":"b2bcda07-c623-44e7-b0df-d0e6b7978576-138816058725504","trial_id":99,"param_name":"RANK_REGRESS","param_value_internal":17.0,"distribution":"{\"name\": \"IntDistribution\", \"attributes\": {\"log\": false, \"step\": 1, \"low\": 5, \"high\": 80}}"}
{"op_code":5,"worker_id":"7ced47fc-5a57-4891-86ef-53fe817ad2f4-133982711387264","trial_id":98,"param_name":"USE_RMS_SCALING","param_value_internal":0,"distribution":"{\"name\": \"CategoricalDistribution\", \"attributes\": {\"choices\": [true, false]}}"}
{"op_code":5,"worker_id":"b2bcda07-c623-44e7-b0df-d0e6b7978576-138816058725504","trial_id":99,"param_name":"REG_W","param_value_internal":0.16629022477591945,"distribution":"{\"name\": \"FloatDistribution\", \"attributes\": {\"step\": null, \"low\": 1e-05, \"high\": 1000.0, \"log\": true}}"}
{"op_code":5,"worker_id":"b2d68a0d-cb7e-42b5-9761-9bd15148a142-137255077979264","trial_id":97,"param_name":"REG_W","param_value_internal":0.0007723501916037019,"distribution":"{\"name\": \"FloatDistribution\", \"attributes\": {\"step\": null, \"low\": 1e-05, \"high\": 1000.0, \"log\": true}}"}
{"op_code":5,"worker_id":"b2bcda07-c623-44e7-b0df-d0e6b7978576-138816058725504","trial_id":99,"param_name":"USE_RMS_SCALING","param_value_internal":1,"distribution":"{\"name\": \"CategoricalDistribution\", \"attributes\": {\"choices\": [true, false]}}"}
{"op_code":5,"worker_id":"b2d68a0d-cb7e-42b5-9761-9bd15148a142-137255077979264","trial_id":97,"param_name":"USE_RMS_SCALING","param_value_internal":0,"distribution":"{\"name\": \"CategoricalDistribution\", \"attributes\": {\"choices\": [true, false]}}"}
{"op_code":4,"worker_id":"890d7f36-fc06-4916-aea0-7454fef3c9fd-134616634537088","study_id":0,"datetime_start":"2026-05-02T11:56:29.091578"}
{"op_code":5,"worker_id":"890d7f36-fc06-4916-aea0-7454fef3c9fd-134616634537088","trial_id":100,"param_name":"RANK_REGRESS","param_value_internal":20.0,"distribution":"{\"name\": \"IntDistribution\", \"attributes\": {\"log\": false, \"step\": 1, \"low\": 5, \"high\": 80}}"}
{"op_code":5,"worker_id":"890d7f36-fc06-4916-aea0-7454fef3c9fd-134616634537088","trial_id":100,"param_name":"REG_W","param_value_internal":0.005730913655209225,"distribution":"{\"name\": \"FloatDistribution\", \"attributes\": {\"step\": null, \"low\": 1e-05, \"high\": 1000.0, \"log\": true}}"}
{"op_code":5,"worker_id":"890d7f36-fc06-4916-aea0-7454fef3c9fd-134616634537088","trial_id":100,"param_name":"USE_RMS_SCALING","param_value_internal":0,"distribution":"{\"name\": \"CategoricalDistribution\", \"attributes\": {\"choices\": [true, false]}}"}
{"op_code":0,"worker_id":"cddf1259-eb7c-4ae5-a604-ccf3a2e0316c-128552641008768","study_name":"cp_pred_surprise_L4_residual_delta","directions":[2]}
{"op_code":0,"worker_id":"367c1f2e-51c5-4901-96f9-2a475558d835-123169403421824","study_name":"cp_pred_surprise_L4_residual_delta","directions":[2]}
{"op_code":0,"worker_id":"84ca88d2-6b40-4ac0-82a6-380b41468d79-124029395145856","study_name":"cp_pred_surprise_L4_residual_delta","directions":[2]}
{"op_code":0,"worker_id":"764281ec-10e7-443e-8e80-1682212cf36a-124325839615104","study_name":"cp_pred_surprise_L4_residual_delta","directions":[2]}
{"op_code":4,"worker_id":"cddf1259-eb7c-4ae5-a604-ccf3a2e0316c-128552641008768","study_id":0,"datetime_start":"2026-05-02T11:56:30.798483"}
{"op_code":4,"worker_id":"764281ec-10e7-443e-8e80-1682212cf36a-124325839615104","study_id":0,"datetime_start":"2026-05-02T11:56:30.812284"}
{"op_code":5,"worker_id":"cddf1259-eb7c-4ae5-a604-ccf3a2e0316c-128552641008768","trial_id":101,"param_name":"RANK_REGRESS","param_value_internal":31.0,"distribution":"{\"name\": \"IntDistribution\", \"attributes\": {\"log\": false, \"step\": 1, \"low\": 5, \"high\": 80}}"}
{"op_code":5,"worker_id":"764281ec-10e7-443e-8e80-1682212cf36a-124325839615104","trial_id":102,"param_name":"RANK_REGRESS","param_value_internal":54.0,"distribution":"{\"name\": \"IntDistribution\", \"attributes\": {\"log\": false, \"step\": 1, \"low\": 5, \"high\": 80}}"}
{"op_code":5,"worker_id":"cddf1259-eb7c-4ae5-a604-ccf3a2e0316c-128552641008768","trial_id":101,"param_name":"REG_W","param_value_internal":0.00013141069530171935,"distribution":"{\"name\": \"FloatDistribution\", \"attributes\": {\"step\": null, \"low\": 1e-05, \"high\": 1000.0, \"log\": true}}"}
{"op_code":5,"worker_id":"764281ec-10e7-443e-8e80-1682212cf36a-124325839615104","trial_id":102,"param_name":"REG_W","param_value_internal":48.11798851832308,"distribution":"{\"name\": \"FloatDistribution\", \"attributes\": {\"step\": null, \"low\": 1e-05, \"high\": 1000.0, \"log\": true}}"}
{"op_code":5,"worker_id":"cddf1259-eb7c-4ae5-a604-ccf3a2e0316c-128552641008768","trial_id":101,"param_name":"USE_RMS_SCALING","param_value_internal":0,"distribution":"{\"name\": \"CategoricalDistribution\", \"attributes\": {\"choices\": [true, false]}}"}
{"op_code":5,"worker_id":"764281ec-10e7-443e-8e80-1682212cf36a-124325839615104","trial_id":102,"param_name":"USE_RMS_SCALING","param_value_internal":0,"distribution":"{\"name\": \"CategoricalDistribution\", \"attributes\": {\"choices\": [true, false]}}"}
{"op_code":4,"worker_id":"367c1f2e-51c5-4901-96f9-2a475558d835-123169403421824","study_id":0,"datetime_start":"2026-05-02T11:56:30.803742"}
{"op_code":5,"worker_id":"367c1f2e-51c5-4901-96f9-2a475558d835-123169403421824","trial_id":103,"param_name":"RANK_REGRESS","param_value_internal":44.0,"distribution":"{\"name\": \"IntDistribution\", \"attributes\": {\"log\": false, \"step\": 1, \"low\": 5, \"high\": 80}}"}
{"op_code":5,"worker_id":"367c1f2e-51c5-4901-96f9-2a475558d835-123169403421824","trial_id":103,"param_name":"REG_W","param_value_internal":0.005499677913009834,"distribution":"{\"name\": \"FloatDistribution\", \"attributes\": {\"step\": null, \"low\": 1e-05, \"high\": 1000.0, \"log\": true}}"}
{"op_code":5,"worker_id":"367c1f2e-51c5-4901-96f9-2a475558d835-123169403421824","trial_id":103,"param_name":"USE_RMS_SCALING","param_value_internal":0,"distribution":"{\"name\": \"CategoricalDistribution\", \"attributes\": {\"choices\": [true, false]}}"}
{"op_code":4,"worker_id":"84ca88d2-6b40-4ac0-82a6-380b41468d79-124029395145856","study_id":0,"datetime_start":"2026-05-02T11:56:30.802356"}
{"op_code":5,"worker_id":"84ca88d2-6b40-4ac0-82a6-380b41468d79-124029395145856","trial_id":104,"param_name":"RANK_REGRESS","param_value_internal":53.0,"distribution":"{\"name\": \"IntDistribution\", \"attributes\": {\"log\": false, \"step\": 1, \"low\": 5, \"high\": 80}}"}
{"op_code":5,"worker_id":"84ca88d2-6b40-4ac0-82a6-380b41468d79-124029395145856","trial_id":104,"param_name":"REG_W","param_value_internal":132.81059072509376,"distribution":"{\"name\": \"FloatDistribution\", \"attributes\": {\"step\": null, \"low\": 1e-05, \"high\": 1000.0, \"log\": true}}"}
{"op_code":5,"worker_id":"84ca88d2-6b40-4ac0-82a6-380b41468d79-124029395145856","trial_id":104,"param_name":"USE_RMS_SCALING","param_value_internal":1,"distribution":"{\"name\": \"CategoricalDistribution\", \"attributes\": {\"choices\": [true, false]}}"}
{"op_code":0,"worker_id":"92e1aad4-83bf-4ec0-af8f-ea817f784110-127297255449728","study_name":"cp_pred_surprise_L4_residual_delta","directions":[2]}
{"op_code":0,"worker_id":"fa48fe86-cfb3-45d6-8405-e88b2e28167a-136180831741056","study_name":"cp_pred_surprise_L4_residual_delta","directions":[2]}
{"op_code":0,"worker_id":"545504c3-ce0e-483d-ae0b-41729d10761c-137367374230656","study_name":"cp_pred_surprise_L4_residual_delta","directions":[2]}
{"op_code":0,"worker_id":"b031c9d5-9393-4461-9580-92a99c71d184-123485889524864","study_name":"cp_pred_surprise_L4_residual_delta","directions":[2]}
{"op_code":4,"worker_id":"92e1aad4-83bf-4ec0-af8f-ea817f784110-127297255449728","study_id":0,"datetime_start":"2026-05-02T11:56:32.945198"}
{"op_code":4,"worker_id":"b031c9d5-9393-4461-9580-92a99c71d184-123485889524864","study_id":0,"datetime_start":"2026-05-02T11:56:32.964703"}
{"op_code":4,"worker_id":"fa48fe86-cfb3-45d6-8405-e88b2e28167a-136180831741056","study_id":0,"datetime_start":"2026-05-02T11:56:32.945310"}
{"op_code":5,"worker_id":"b031c9d5-9393-4461-9580-92a99c71d184-123485889524864","trial_id":106,"param_name":"RANK_REGRESS","param_value_internal":70.0,"distribution":"{\"name\": \"IntDistribution\", \"attributes\": {\"log\": false, \"step\": 1, \"low\": 5, \"high\": 80}}"}
{"op_code":5,"worker_id":"fa48fe86-cfb3-45d6-8405-e88b2e28167a-136180831741056","trial_id":107,"param_name":"RANK_REGRESS","param_value_internal":50.0,"distribution":"{\"name\": \"IntDistribution\", \"attributes\": {\"log\": false, \"step\": 1, \"low\": 5, \"high\": 80}}"}
{"op_code":5,"worker_id":"b031c9d5-9393-4461-9580-92a99c71d184-123485889524864","trial_id":106,"param_name":"REG_W","param_value_internal":0.00011603599390773512,"distribution":"{\"name\": \"FloatDistribution\", \"attributes\": {\"step\": null, \"low\": 1e-05, \"high\": 1000.0, \"log\": true}}"}
{"op_code":5,"worker_id":"fa48fe86-cfb3-45d6-8405-e88b2e28167a-136180831741056","trial_id":107,"param_name":"REG_W","param_value_internal":18.362863769127266,"distribution":"{\"name\": \"FloatDistribution\", \"attributes\": {\"step\": null, \"low\": 1e-05, \"high\": 1000.0, \"log\": true}}"}
{"op_code":5,"worker_id":"b031c9d5-9393-4461-9580-92a99c71d184-123485889524864","trial_id":106,"param_name":"USE_RMS_SCALING","param_value_internal":1,"distribution":"{\"name\": \"CategoricalDistribution\", \"attributes\": {\"choices\": [true, false]}}"}
{"op_code":5,"worker_id":"fa48fe86-cfb3-45d6-8405-e88b2e28167a-136180831741056","trial_id":107,"param_name":"USE_RMS_SCALING","param_value_internal":0,"distribution":"{\"name\": \"CategoricalDistribution\", \"attributes\": {\"choices\": [true, false]}}"}
{"op_code":5,"worker_id":"92e1aad4-83bf-4ec0-af8f-ea817f784110-127297255449728","trial_id":105,"param_name":"RANK_REGRESS","param_value_internal":35.0,"distribution":"{\"name\": \"IntDistribution\", \"attributes\": {\"log\": false, \"step\": 1, \"low\": 5, \"high\": 80}}"}
{"op_code":5,"worker_id":"92e1aad4-83bf-4ec0-af8f-ea817f784110-127297255449728","trial_id":105,"param_name":"REG_W","param_value_internal":0.2812341988734543,"distribution":"{\"name\": \"FloatDistribution\", \"attributes\": {\"step\": null, \"low\": 1e-05, \"high\": 1000.0, \"log\": true}}"}
{"op_code":5,"worker_id":"92e1aad4-83bf-4ec0-af8f-ea817f784110-127297255449728","trial_id":105,"param_name":"USE_RMS_SCALING","param_value_internal":1,"distribution":"{\"name\": \"CategoricalDistribution\", \"attributes\": {\"choices\": [true, false]}}"}
{"op_code":4,"worker_id":"545504c3-ce0e-483d-ae0b-41729d10761c-137367374230656","study_id":0,"datetime_start":"2026-05-02T11:56:32.956537"}
{"op_code":5,"worker_id":"545504c3-ce0e-483d-ae0b-41729d10761c-137367374230656","trial_id":108,"param_name":"RANK_REGRESS","param_value_internal":8.0,"distribution":"{\"name\": \"IntDistribution\", \"attributes\": {\"log\": false, \"step\": 1, \"low\": 5, \"high\": 80}}"}
{"op_code":5,"worker_id":"545504c3-ce0e-483d-ae0b-41729d10761c-137367374230656","trial_id":108,"param_name":"REG_W","param_value_internal":0.005447035116937358,"distribution":"{\"name\": \"FloatDistribution\", \"attributes\": {\"step\": null, \"low\": 1e-05, \"high\": 1000.0, \"log\": true}}"}
{"op_code":5,"worker_id":"545504c3-ce0e-483d-ae0b-41729d10761c-137367374230656","trial_id":108,"param_name":"USE_RMS_SCALING","param_value_internal":0,"distribution":"{\"name\": \"CategoricalDistribution\", \"attributes\": {\"choices\": [true, false]}}"}
{"op_code":0,"worker_id":"5a7f6a64-691b-4dd9-8d89-7a59fff7f038-126012419212416","study_name":"cp_pred_surprise_L4_residual_delta","directions":[2]}
{"op_code":0,"worker_id":"d0dc3a97-0337-40b0-a9d4-4eda234f4a81-133304838554752","study_name":"cp_pred_surprise_L4_residual_delta","directions":[2]}
{"op_code":0,"worker_id":"47342059-ce3b-49d2-a004-017e36a99000-132099804411008","study_name":"cp_pred_surprise_L4_residual_delta","directions":[2]}
{"op_code":0,"worker_id":"57d87e75-9073-481e-98a4-29c4c926ec05-129185487660160","study_name":"cp_pred_surprise_L4_residual_delta","directions":[2]}
{"op_code":4,"worker_id":"47342059-ce3b-49d2-a004-017e36a99000-132099804411008","study_id":0,"datetime_start":"2026-05-02T11:56:33.831119"}
{"op_code":4,"worker_id":"d0dc3a97-0337-40b0-a9d4-4eda234f4a81-133304838554752","study_id":0,"datetime_start":"2026-05-02T11:56:33.838167"}
{"op_code":5,"worker_id":"47342059-ce3b-49d2-a004-017e36a99000-132099804411008","trial_id":109,"param_name":"RANK_REGRESS","param_value_internal":65.0,"distribution":"{\"name\": \"IntDistribution\", \"attributes\": {\"log\": false, \"step\": 1, \"low\": 5, \"high\": 80}}"}
{"op_code":4,"worker_id":"57d87e75-9073-481e-98a4-29c4c926ec05-129185487660160","study_id":0,"datetime_start":"2026-05-02T11:56:33.867145"}
{"op_code":5,"worker_id":"47342059-ce3b-49d2-a004-017e36a99000-132099804411008","trial_id":109,"param_name":"REG_W","param_value_internal":57.11444188383807,"distribution":"{\"name\": \"FloatDistribution\", \"attributes\": {\"step\": null, \"low\": 1e-05, \"high\": 1000.0, \"log\": true}}"}
{"op_code":5,"worker_id":"57d87e75-9073-481e-98a4-29c4c926ec05-129185487660160","trial_id":111,"param_name":"RANK_REGRESS","param_value_internal":30.0,"distribution":"{\"name\": \"IntDistribution\", \"attributes\": {\"log\": false, \"step\": 1, \"low\": 5, \"high\": 80}}"}
{"op_code":5,"worker_id":"47342059-ce3b-49d2-a004-017e36a99000-132099804411008","trial_id":109,"param_name":"USE_RMS_SCALING","param_value_internal":1,"distribution":"{\"name\": \"CategoricalDistribution\", \"attributes\": {\"choices\": [true, false]}}"}
{"op_code":5,"worker_id":"57d87e75-9073-481e-98a4-29c4c926ec05-129185487660160","trial_id":111,"param_name":"REG_W","param_value_internal":0.2490253048587025,"distribution":"{\"name\": \"FloatDistribution\", \"attributes\": {\"step\": null, \"low\": 1e-05, \"high\": 1000.0, \"log\": true}}"}
{"op_code":4,"worker_id":"5a7f6a64-691b-4dd9-8d89-7a59fff7f038-126012419212416","study_id":0,"datetime_start":"2026-05-02T11:56:33.833768"}
{"op_code":5,"worker_id":"57d87e75-9073-481e-98a4-29c4c926ec05-129185487660160","trial_id":111,"param_name":"USE_RMS_SCALING","param_value_internal":1,"distribution":"{\"name\": \"CategoricalDistribution\", \"attributes\": {\"choices\": [true, false]}}"}
{"op_code":5,"worker_id":"5a7f6a64-691b-4dd9-8d89-7a59fff7f038-126012419212416","trial_id":112,"param_name":"RANK_REGRESS","param_value_internal":65.0,"distribution":"{\"name\": \"IntDistribution\", \"attributes\": {\"log\": false, \"step\": 1, \"low\": 5, \"high\": 80}}"}
{"op_code":5,"worker_id":"5a7f6a64-691b-4dd9-8d89-7a59fff7f038-126012419212416","trial_id":112,"param_name":"REG_W","param_value_internal":295.3005381776864,"distribution":"{\"name\": \"FloatDistribution\", \"attributes\": {\"step\": null, \"low\": 1e-05, \"high\": 1000.0, \"log\": true}}"}
{"op_code":5,"worker_id":"5a7f6a64-691b-4dd9-8d89-7a59fff7f038-126012419212416","trial_id":112,"param_name":"USE_RMS_SCALING","param_value_internal":0,"distribution":"{\"name\": \"CategoricalDistribution\", \"attributes\": {\"choices\": [true, false]}}"}
{"op_code":5,"worker_id":"d0dc3a97-0337-40b0-a9d4-4eda234f4a81-133304838554752","trial_id":110,"param_name":"RANK_REGRESS","param_value_internal":75.0,"distribution":"{\"name\": \"IntDistribution\", \"attributes\": {\"log\": false, \"step\": 1, \"low\": 5, \"high\": 80}}"}
{"op_code":5,"worker_id":"d0dc3a97-0337-40b0-a9d4-4eda234f4a81-133304838554752","trial_id":110,"param_name":"REG_W","param_value_internal":2.3603420984182693,"distribution":"{\"name\": \"FloatDistribution\", \"attributes\": {\"step\": null, \"low\": 1e-05, \"high\": 1000.0, \"log\": true}}"}
{"op_code":5,"worker_id":"d0dc3a97-0337-40b0-a9d4-4eda234f4a81-133304838554752","trial_id":110,"param_name":"USE_RMS_SCALING","param_value_internal":1,"distribution":"{\"name\": \"CategoricalDistribution\", \"attributes\": {\"choices\": [true, false]}}"}
{"op_code":0,"worker_id":"5e95381e-37e4-4df3-8a1a-c1454bed528f-124914902733952","study_name":"cp_pred_surprise_L4_residual_delta","directions":[2]}
{"op_code":0,"worker_id":"20ffa24d-9217-4e41-abe0-37321851f704-140078165832832","study_name":"cp_pred_surprise_L4_residual_delta","directions":[2]}
{"op_code":0,"worker_id":"fcb3e7fd-66af-4439-9f9a-26dd92a1b4b7-126210328212608","study_name":"cp_pred_surprise_L4_residual_delta","directions":[2]}
{"op_code":0,"worker_id":"de71966f-e221-4109-a5f6-ff53aefe4bc5-129579470083200","study_name":"cp_pred_surprise_L4_residual_delta","directions":[2]}
{"op_code":4,"worker_id":"fcb3e7fd-66af-4439-9f9a-26dd92a1b4b7-126210328212608","study_id":0,"datetime_start":"2026-05-02T11:56:35.743527"}
{"op_code":4,"worker_id":"de71966f-e221-4109-a5f6-ff53aefe4bc5-129579470083200","study_id":0,"datetime_start":"2026-05-02T11:56:35.747775"}
{"op_code":4,"worker_id":"20ffa24d-9217-4e41-abe0-37321851f704-140078165832832","study_id":0,"datetime_start":"2026-05-02T11:56:35.743639"}
{"op_code":5,"worker_id":"de71966f-e221-4109-a5f6-ff53aefe4bc5-129579470083200","trial_id":114,"param_name":"RANK_REGRESS","param_value_internal":74.0,"distribution":"{\"name\": \"IntDistribution\", \"attributes\": {\"log\": false, \"step\": 1, \"low\": 5, \"high\": 80}}"}
{"op_code":5,"worker_id":"fcb3e7fd-66af-4439-9f9a-26dd92a1b4b7-126210328212608","trial_id":113,"param_name":"RANK_REGRESS","param_value_internal":55.0,"distribution":"{\"name\": \"IntDistribution\", \"attributes\": {\"log\": false, \"step\": 1, \"low\": 5, \"high\": 80}}"}
{"op_code":5,"worker_id":"de71966f-e221-4109-a5f6-ff53aefe4bc5-129579470083200","trial_id":114,"param_name":"REG_W","param_value_internal":336.18912802748025,"distribution":"{\"name\": \"FloatDistribution\", \"attributes\": {\"step\": null, \"low\": 1e-05, \"high\": 1000.0, \"log\": true}}"}
{"op_code":5,"worker_id":"fcb3e7fd-66af-4439-9f9a-26dd92a1b4b7-126210328212608","trial_id":113,"param_name":"REG_W","param_value_internal":226.53369252969944,"distribution":"{\"name\": \"FloatDistribution\", \"attributes\": {\"step\": null, \"low\": 1e-05, \"high\": 1000.0, \"log\": true}}"}
{"op_code":5,"worker_id":"de71966f-e221-4109-a5f6-ff53aefe4bc5-129579470083200","trial_id":114,"param_name":"USE_RMS_SCALING","param_value_internal":1,"distribution":"{\"name\": \"CategoricalDistribution\", \"attributes\": {\"choices\": [true, false]}}"}
{"op_code":5,"worker_id":"fcb3e7fd-66af-4439-9f9a-26dd92a1b4b7-126210328212608","trial_id":113,"param_name":"USE_RMS_SCALING","param_value_internal":0,"distribution":"{\"name\": \"CategoricalDistribution\", \"attributes\": {\"choices\": [true, false]}}"}
{"op_code":5,"worker_id":"20ffa24d-9217-4e41-abe0-37321851f704-140078165832832","trial_id":115,"param_name":"RANK_REGRESS","param_value_internal":20.0,"distribution":"{\"name\": \"IntDistribution\", \"attributes\": {\"log\": false, \"step\": 1, \"low\": 5, \"high\": 80}}"}
{"op_code":5,"worker_id":"20ffa24d-9217-4e41-abe0-37321851f704-140078165832832","trial_id":115,"param_name":"REG_W","param_value_internal":0.013020787742126179,"distribution":"{\"name\": \"FloatDistribution\", \"attributes\": {\"step\": null, \"low\": 1e-05, \"high\": 1000.0, \"log\": true}}"}
{"op_code":5,"worker_id":"20ffa24d-9217-4e41-abe0-37321851f704-140078165832832","trial_id":115,"param_name":"USE_RMS_SCALING","param_value_internal":0,"distribution":"{\"name\": \"CategoricalDistribution\", \"attributes\": {\"choices\": [true, false]}}"}
{"op_code":4,"worker_id":"5e95381e-37e4-4df3-8a1a-c1454bed528f-124914902733952","study_id":0,"datetime_start":"2026-05-02T11:56:35.745006"}
{"op_code":5,"worker_id":"5e95381e-37e4-4df3-8a1a-c1454bed528f-124914902733952","trial_id":116,"param_name":"RANK_REGRESS","param_value_internal":7.0,"distribution":"{\"name\": \"IntDistribution\", \"attributes\": {\"log\": false, \"step\": 1, \"low\": 5, \"high\": 80}}"}
{"op_code":5,"worker_id":"5e95381e-37e4-4df3-8a1a-c1454bed528f-124914902733952","trial_id":116,"param_name":"REG_W","param_value_internal":943.9196373704121,"distribution":"{\"name\": \"FloatDistribution\", \"attributes\": {\"step\": null, \"low\": 1e-05, \"high\": 1000.0, \"log\": true}}"}
{"op_code":5,"worker_id":"5e95381e-37e4-4df3-8a1a-c1454bed528f-124914902733952","trial_id":116,"param_name":"USE_RMS_SCALING","param_value_internal":0,"distribution":"{\"name\": \"CategoricalDistribution\", \"attributes\": {\"choices\": [true, false]}}"}
{"op_code":0,"worker_id":"8524509d-391f-473b-a18b-af2d06289582-135276398822528","study_name":"cp_pred_surprise_L4_residual_delta","directions":[2]}
{"op_code":0,"worker_id":"2268367a-63e3-40d6-b432-bd56ff94777b-138643068691584","study_name":"cp_pred_surprise_L4_residual_delta","directions":[2]}
{"op_code":0,"worker_id":"0656df68-6b1c-46b4-8cf4-f269c31dbfa3-125285106451584","study_name":"cp_pred_surprise_L4_residual_delta","directions":[2]}
{"op_code":4,"worker_id":"2268367a-63e3-40d6-b432-bd56ff94777b-138643068691584","study_id":0,"datetime_start":"2026-05-02T11:56:37.239204"}
{"op_code":4,"worker_id":"8524509d-391f-473b-a18b-af2d06289582-135276398822528","study_id":0,"datetime_start":"2026-05-02T11:56:37.240108"}
{"op_code":5,"worker_id":"2268367a-63e3-40d6-b432-bd56ff94777b-138643068691584","trial_id":117,"param_name":"RANK_REGRESS","param_value_internal":38.0,"distribution":"{\"name\": \"IntDistribution\", \"attributes\": {\"log\": false, \"step\": 1, \"low\": 5, \"high\": 80}}"}
{"op_code":4,"worker_id":"0656df68-6b1c-46b4-8cf4-f269c31dbfa3-125285106451584","study_id":0,"datetime_start":"2026-05-02T11:56:37.240809"}
{"op_code":5,"worker_id":"2268367a-63e3-40d6-b432-bd56ff94777b-138643068691584","trial_id":117,"param_name":"REG_W","param_value_internal":186.4688995975524,"distribution":"{\"name\": \"FloatDistribution\", \"attributes\": {\"step\": null, \"low\": 1e-05, \"high\": 1000.0, \"log\": true}}"}
{"op_code":5,"worker_id":"0656df68-6b1c-46b4-8cf4-f269c31dbfa3-125285106451584","trial_id":119,"param_name":"RANK_REGRESS","param_value_internal":26.0,"distribution":"{\"name\": \"IntDistribution\", \"attributes\": {\"log\": false, \"step\": 1, \"low\": 5, \"high\": 80}}"}
{"op_code":5,"worker_id":"2268367a-63e3-40d6-b432-bd56ff94777b-138643068691584","trial_id":117,"param_name":"USE_RMS_SCALING","param_value_internal":1,"distribution":"{\"name\": \"CategoricalDistribution\", \"attributes\": {\"choices\": [true, false]}}"}
{"op_code":5,"worker_id":"0656df68-6b1c-46b4-8cf4-f269c31dbfa3-125285106451584","trial_id":119,"param_name":"REG_W","param_value_internal":0.06759862560914937,"distribution":"{\"name\": \"FloatDistribution\", \"attributes\": {\"step\": null, \"low\": 1e-05, \"high\": 1000.0, \"log\": true}}"}
{"op_code":5,"worker_id":"8524509d-391f-473b-a18b-af2d06289582-135276398822528","trial_id":118,"param_name":"RANK_REGRESS","param_value_internal":70.0,"distribution":"{\"name\": \"IntDistribution\", \"attributes\": {\"log\": false, \"step\": 1, \"low\": 5, \"high\": 80}}"}
{"op_code":5,"worker_id":"0656df68-6b1c-46b4-8cf4-f269c31dbfa3-125285106451584","trial_id":119,"param_name":"USE_RMS_SCALING","param_value_internal":1,"distribution":"{\"name\": \"CategoricalDistribution\", \"attributes\": {\"choices\": [true, false]}}"}
{"op_code":5,"worker_id":"8524509d-391f-473b-a18b-af2d06289582-135276398822528","trial_id":118,"param_name":"REG_W","param_value_internal":0.0008619589302988857,"distribution":"{\"name\": \"FloatDistribution\", \"attributes\": {\"step\": null, \"low\": 1e-05, \"high\": 1000.0, \"log\": true}}"}
{"op_code":5,"worker_id":"8524509d-391f-473b-a18b-af2d06289582-135276398822528","trial_id":118,"param_name":"USE_RMS_SCALING","param_value_internal":1,"distribution":"{\"name\": \"CategoricalDistribution\", \"attributes\": {\"choices\": [true, false]}}"}
{"op_code":0,"worker_id":"70529981-3581-43d4-97e4-bf46996ee23a-128300044149888","study_name":"cp_pred_surprise_L4_residual_delta","directions":[2]}
{"op_code":0,"worker_id":"9c463c5d-cc27-49a6-933c-47cd2c47e6d2-131383133889664","study_name":"cp_pred_surprise_L4_residual_delta","directions":[2]}
{"op_code":0,"worker_id":"a95d89e2-7693-47dd-aaef-76d200b5d75f-128988600763520","study_name":"cp_pred_surprise_L4_residual_delta","directions":[2]}
{"op_code":0,"worker_id":"9e6d99d6-6ee9-48b1-a4c6-6b56d9cac8d7-135315230184576","study_name":"cp_pred_surprise_L4_residual_delta","directions":[2]}
{"op_code":4,"worker_id":"70529981-3581-43d4-97e4-bf46996ee23a-128300044149888","study_id":0,"datetime_start":"2026-05-02T11:56:39.156304"}
{"op_code":4,"worker_id":"a95d89e2-7693-47dd-aaef-76d200b5d75f-128988600763520","study_id":0,"datetime_start":"2026-05-02T11:56:39.174049"}
{"op_code":4,"worker_id":"9e6d99d6-6ee9-48b1-a4c6-6b56d9cac8d7-135315230184576","study_id":0,"datetime_start":"2026-05-02T11:56:39.201965"}
{"op_code":5,"worker_id":"70529981-3581-43d4-97e4-bf46996ee23a-128300044149888","trial_id":120,"param_name":"RANK_REGRESS","param_value_internal":10.0,"distribution":"{\"name\": \"IntDistribution\", \"attributes\": {\"log\": false, \"step\": 1, \"low\": 5, \"high\": 80}}"}
{"op_code":5,"worker_id":"a95d89e2-7693-47dd-aaef-76d200b5d75f-128988600763520","trial_id":121,"param_name":"RANK_REGRESS","param_value_internal":58.0,"distribution":"{\"name\": \"IntDistribution\", \"attributes\": {\"log\": false, \"step\": 1, \"low\": 5, \"high\": 80}}"}
{"op_code":5,"worker_id":"70529981-3581-43d4-97e4-bf46996ee23a-128300044149888","trial_id":120,"param_name":"REG_W","param_value_internal":97.73035592389616,"distribution":"{\"name\": \"FloatDistribution\", \"attributes\": {\"step\": null, \"low\": 1e-05, \"high\": 1000.0, \"log\": true}}"}
{"op_code":5,"worker_id":"a95d89e2-7693-47dd-aaef-76d200b5d75f-128988600763520","trial_id":121,"param_name":"REG_W","param_value_internal":0.0037096878423313307,"distribution":"{\"name\": \"FloatDistribution\", \"attributes\": {\"step\": null, \"low\": 1e-05, \"high\": 1000.0, \"log\": true}}"}
{"op_code":5,"worker_id":"70529981-3581-43d4-97e4-bf46996ee23a-128300044149888","trial_id":120,"param_name":"USE_RMS_SCALING","param_value_internal":0,"distribution":"{\"name\": \"CategoricalDistribution\", \"attributes\": {\"choices\": [true, false]}}"}
{"op_code":5,"worker_id":"a95d89e2-7693-47dd-aaef-76d200b5d75f-128988600763520","trial_id":121,"param_name":"USE_RMS_SCALING","param_value_internal":1,"distribution":"{\"name\": \"CategoricalDistribution\", \"attributes\": {\"choices\": [true, false]}}"}
{"op_code":5,"worker_id":"9e6d99d6-6ee9-48b1-a4c6-6b56d9cac8d7-135315230184576","trial_id":122,"param_name":"RANK_REGRESS","param_value_internal":31.0,"distribution":"{\"name\": \"IntDistribution\", \"attributes\": {\"log\": false, \"step\": 1, \"low\": 5, \"high\": 80}}"}
{"op_code":5,"worker_id":"9e6d99d6-6ee9-48b1-a4c6-6b56d9cac8d7-135315230184576","trial_id":122,"param_name":"REG_W","param_value_internal":444.336596519626,"distribution":"{\"name\": \"FloatDistribution\", \"attributes\": {\"step\": null, \"low\": 1e-05, \"high\": 1000.0, \"log\": true}}"}
{"op_code":5,"worker_id":"9e6d99d6-6ee9-48b1-a4c6-6b56d9cac8d7-135315230184576","trial_id":122,"param_name":"USE_RMS_SCALING","param_value_internal":1,"distribution":"{\"name\": \"CategoricalDistribution\", \"attributes\": {\"choices\": [true, false]}}"}
{"op_code":4,"worker_id":"9c463c5d-cc27-49a6-933c-47cd2c47e6d2-131383133889664","study_id":0,"datetime_start":"2026-05-02T11:56:39.156296"}
{"op_code":5,"worker_id":"9c463c5d-cc27-49a6-933c-47cd2c47e6d2-131383133889664","trial_id":123,"param_name":"RANK_REGRESS","param_value_internal":13.0,"distribution":"{\"name\": \"IntDistribution\", \"attributes\": {\"log\": false, \"step\": 1, \"low\": 5, \"high\": 80}}"}
{"op_code":5,"worker_id":"9c463c5d-cc27-49a6-933c-47cd2c47e6d2-131383133889664","trial_id":123,"param_name":"REG_W","param_value_internal":2.121730279416323e-05,"distribution":"{\"name\": \"FloatDistribution\", \"attributes\": {\"step\": null, \"low\": 1e-05, \"high\": 1000.0, \"log\": true}}"}
{"op_code":5,"worker_id":"9c463c5d-cc27-49a6-933c-47cd2c47e6d2-131383133889664","trial_id":123,"param_name":"USE_RMS_SCALING","param_value_internal":0,"distribution":"{\"name\": \"CategoricalDistribution\", \"attributes\": {\"choices\": [true, false]}}"}
{"op_code":0,"worker_id":"bccd51cc-e6dc-4031-aeb1-bbc9de6ee542-137907064124544","study_name":"cp_pred_surprise_L4_residual_delta","directions":[2]}
{"op_code":4,"worker_id":"bccd51cc-e6dc-4031-aeb1-bbc9de6ee542-137907064124544","study_id":0,"datetime_start":"2026-05-02T11:56:40.451840"}
{"op_code":5,"worker_id":"bccd51cc-e6dc-4031-aeb1-bbc9de6ee542-137907064124544","trial_id":124,"param_name":"RANK_REGRESS","param_value_internal":19.0,"distribution":"{\"name\": \"IntDistribution\", \"attributes\": {\"log\": false, \"step\": 1, \"low\": 5, \"high\": 80}}"}
{"op_code":5,"worker_id":"bccd51cc-e6dc-4031-aeb1-bbc9de6ee542-137907064124544","trial_id":124,"param_name":"REG_W","param_value_internal":5.843859715870454,"distribution":"{\"name\": \"FloatDistribution\", \"attributes\": {\"step\": null, \"low\": 1e-05, \"high\": 1000.0, \"log\": true}}"}
{"op_code":5,"worker_id":"bccd51cc-e6dc-4031-aeb1-bbc9de6ee542-137907064124544","trial_id":124,"param_name":"USE_RMS_SCALING","param_value_internal":1,"distribution":"{\"name\": \"CategoricalDistribution\", \"attributes\": {\"choices\": [true, false]}}"}
{"op_code":0,"worker_id":"a3d70e85-3c60-49c4-85a8-3f9229fc54b6-132687067952256","study_name":"cp_pred_surprise_L4_residual_delta","directions":[2]}
{"op_code":0,"worker_id":"a2402edb-24b5-4909-a0e2-9bbc6a3ca454-138238669829248","study_name":"cp_pred_surprise_L4_residual_delta","directions":[2]}
{"op_code":0,"worker_id":"836049a3-5eab-4ebb-96cb-04efa08d96e5-133299216462976","study_name":"cp_pred_surprise_L4_residual_delta","directions":[2]}
{"op_code":0,"worker_id":"134dabc6-7928-4985-923c-a37cb18d6444-138629105861760","study_name":"cp_pred_surprise_L4_residual_delta","directions":[2]}
{"op_code":4,"worker_id":"a2402edb-24b5-4909-a0e2-9bbc6a3ca454-138238669829248","study_id":0,"datetime_start":"2026-05-02T11:56:40.877857"}
{"op_code":4,"worker_id":"a3d70e85-3c60-49c4-85a8-3f9229fc54b6-132687067952256","study_id":0,"datetime_start":"2026-05-02T11:56:40.881734"}
{"op_code":5,"worker_id":"a2402edb-24b5-4909-a0e2-9bbc6a3ca454-138238669829248","trial_id":125,"param_name":"RANK_REGRESS","param_value_internal":50.0,"distribution":"{\"name\": \"IntDistribution\", \"attributes\": {\"log\": false, \"step\": 1, \"low\": 5, \"high\": 80}}"}
{"op_code":5,"worker_id":"a3d70e85-3c60-49c4-85a8-3f9229fc54b6-132687067952256","trial_id":126,"param_name":"RANK_REGRESS","param_value_internal":69.0,"distribution":"{\"name\": \"IntDistribution\", \"attributes\": {\"log\": false, \"step\": 1, \"low\": 5, \"high\": 80}}"}
{"op_code":5,"worker_id":"a2402edb-24b5-4909-a0e2-9bbc6a3ca454-138238669829248","trial_id":125,"param_name":"REG_W","param_value_internal":973.6731708318861,"distribution":"{\"name\": \"FloatDistribution\", \"attributes\": {\"step\": null, \"low\": 1e-05, \"high\": 1000.0, \"log\": true}}"}
{"op_code":5,"worker_id":"a3d70e85-3c60-49c4-85a8-3f9229fc54b6-132687067952256","trial_id":126,"param_name":"REG_W","param_value_internal":90.45292143017596,"distribution":"{\"name\": \"FloatDistribution\", \"attributes\": {\"step\": null, \"low\": 1e-05, \"high\": 1000.0, \"log\": true}}"}
{"op_code":5,"worker_id":"a2402edb-24b5-4909-a0e2-9bbc6a3ca454-138238669829248","trial_id":125,"param_name":"USE_RMS_SCALING","param_value_internal":1,"distribution":"{\"name\": \"CategoricalDistribution\", \"attributes\": {\"choices\": [true, false]}}"}
{"op_code":5,"worker_id":"a3d70e85-3c60-49c4-85a8-3f9229fc54b6-132687067952256","trial_id":126,"param_name":"USE_RMS_SCALING","param_value_internal":0,"distribution":"{\"name\": \"CategoricalDistribution\", \"attributes\": {\"choices\": [true, false]}}"}
{"op_code":4,"worker_id":"134dabc6-7928-4985-923c-a37cb18d6444-138629105861760","study_id":0,"datetime_start":"2026-05-02T11:56:40.900971"}
{"op_code":5,"worker_id":"134dabc6-7928-4985-923c-a37cb18d6444-138629105861760","trial_id":127,"param_name":"RANK_REGRESS","param_value_internal":69.0,"distribution":"{\"name\": \"IntDistribution\", \"attributes\": {\"log\": false, \"step\": 1, \"low\": 5, \"high\": 80}}"}
{"op_code":5,"worker_id":"134dabc6-7928-4985-923c-a37cb18d6444-138629105861760","trial_id":127,"param_name":"REG_W","param_value_internal":0.32168766589394493,"distribution":"{\"name\": \"FloatDistribution\", \"attributes\": {\"step\": null, \"low\": 1e-05, \"high\": 1000.0, \"log\": true}}"}
{"op_code":5,"worker_id":"134dabc6-7928-4985-923c-a37cb18d6444-138629105861760","trial_id":127,"param_name":"USE_RMS_SCALING","param_value_internal":1,"distribution":"{\"name\": \"CategoricalDistribution\", \"attributes\": {\"choices\": [true, false]}}"}
{"op_code":4,"worker_id":"836049a3-5eab-4ebb-96cb-04efa08d96e5-133299216462976","study_id":0,"datetime_start":"2026-05-02T11:56:40.888052"}
{"op_code":5,"worker_id":"836049a3-5eab-4ebb-96cb-04efa08d96e5-133299216462976","trial_id":128,"param_name":"RANK_REGRESS","param_value_internal":59.0,"distribution":"{\"name\": \"IntDistribution\", \"attributes\": {\"log\": false, \"step\": 1, \"low\": 5, \"high\": 80}}"}
{"op_code":5,"worker_id":"836049a3-5eab-4ebb-96cb-04efa08d96e5-133299216462976","trial_id":128,"param_name":"REG_W","param_value_internal":430.29726842402204,"distribution":"{\"name\": \"FloatDistribution\", \"attributes\": {\"step\": null, \"low\": 1e-05, \"high\": 1000.0, \"log\": true}}"}
{"op_code":5,"worker_id":"836049a3-5eab-4ebb-96cb-04efa08d96e5-133299216462976","trial_id":128,"param_name":"USE_RMS_SCALING","param_value_internal":1,"distribution":"{\"name\": \"CategoricalDistribution\", \"attributes\": {\"choices\": [true, false]}}"}
{"op_code":0,"worker_id":"607a8961-dcbd-4929-b104-cfefd3e8b348-139826766582912","study_name":"cp_pred_surprise_L4_residual_delta","directions":[2]}
{"op_code":0,"worker_id":"a4c58fc9-1164-4668-b824-d178847823e0-139639922590848","study_name":"cp_pred_surprise_L4_residual_delta","directions":[2]}
{"op_code":0,"worker_id":"2772ac5d-f863-4fb6-8c1f-bed9039e181a-139201099039872","study_name":"cp_pred_surprise_L4_residual_delta","directions":[2]}
{"op_code":0,"worker_id":"2e99b8d4-09cc-43c9-8fa3-5caeec128a08-132620365124736","study_name":"cp_pred_surprise_L4_residual_delta","directions":[2]}
{"op_code":4,"worker_id":"607a8961-dcbd-4929-b104-cfefd3e8b348-139826766582912","study_id":0,"datetime_start":"2026-05-02T11:56:42.323505"}
{"op_code":4,"worker_id":"2e99b8d4-09cc-43c9-8fa3-5caeec128a08-132620365124736","study_id":0,"datetime_start":"2026-05-02T11:56:42.341023"}
{"op_code":5,"worker_id":"607a8961-dcbd-4929-b104-cfefd3e8b348-139826766582912","trial_id":129,"param_name":"RANK_REGRESS","param_value_internal":67.0,"distribution":"{\"name\": \"IntDistribution\", \"attributes\": {\"log\": false, \"step\": 1, \"low\": 5, \"high\": 80}}"}
{"op_code":5,"worker_id":"2e99b8d4-09cc-43c9-8fa3-5caeec128a08-132620365124736","trial_id":130,"param_name":"RANK_REGRESS","param_value_internal":32.0,"distribution":"{\"name\": \"IntDistribution\", \"attributes\": {\"log\": false, \"step\": 1, \"low\": 5, \"high\": 80}}"}
{"op_code":0,"worker_id":"ca705c9c-ba9b-4870-a4ba-de8e74559c32-140615493284992","study_name":"cp_pred_surprise_L4_residual_delta","directions":[2]}
{"op_code":0,"worker_id":"2592febd-08bc-47a8-b8af-bd17b3029d09-136736600298624","study_name":"cp_pred_surprise_L4_residual_delta","directions":[2]}
{"op_code":0,"worker_id":"a37e7d93-2c5c-481c-a7c4-504c7826ce83-124983939982464","study_name":"cp_pred_surprise_L4_residual_delta","directions":[2]}
{"op_code":5,"worker_id":"607a8961-dcbd-4929-b104-cfefd3e8b348-139826766582912","trial_id":129,"param_name":"REG_W","param_value_internal":0.0008968799571237775,"distribution":"{\"name\": \"FloatDistribution\", \"attributes\": {\"step\": null, \"low\": 1e-05, \"high\": 1000.0, \"log\": true}}"}
{"op_code":4,"worker_id":"ca705c9c-ba9b-4870-a4ba-de8e74559c32-140615493284992","study_id":0,"datetime_start":"2026-05-02T11:56:42.543238"}
{"op_code":5,"worker_id":"607a8961-dcbd-4929-b104-cfefd3e8b348-139826766582912","trial_id":129,"param_name":"USE_RMS_SCALING","param_value_internal":1,"distribution":"{\"name\": \"CategoricalDistribution\", \"attributes\": {\"choices\": [true, false]}}"}
{"op_code":4,"worker_id":"a37e7d93-2c5c-481c-a7c4-504c7826ce83-124983939982464","study_id":0,"datetime_start":"2026-05-02T11:56:42.592902"}
{"op_code":4,"worker_id":"2592febd-08bc-47a8-b8af-bd17b3029d09-136736600298624","study_id":0,"datetime_start":"2026-05-02T11:56:42.545022"}
{"op_code":5,"worker_id":"a37e7d93-2c5c-481c-a7c4-504c7826ce83-124983939982464","trial_id":132,"param_name":"RANK_REGRESS","param_value_internal":8.0,"distribution":"{\"name\": \"IntDistribution\", \"attributes\": {\"log\": false, \"step\": 1, \"low\": 5, \"high\": 80}}"}
{"op_code":5,"worker_id":"2592febd-08bc-47a8-b8af-bd17b3029d09-136736600298624","trial_id":133,"param_name":"RANK_REGRESS","param_value_internal":13.0,"distribution":"{\"name\": \"IntDistribution\", \"attributes\": {\"log\": false, \"step\": 1, \"low\": 5, \"high\": 80}}"}
{"op_code":5,"worker_id":"a37e7d93-2c5c-481c-a7c4-504c7826ce83-124983939982464","trial_id":132,"param_name":"REG_W","param_value_internal":0.11365406678672152,"distribution":"{\"name\": \"FloatDistribution\", \"attributes\": {\"step\": null, \"low\": 1e-05, \"high\": 1000.0, \"log\": true}}"}
{"op_code":5,"worker_id":"2592febd-08bc-47a8-b8af-bd17b3029d09-136736600298624","trial_id":133,"param_name":"REG_W","param_value_internal":7.027405462646996e-05,"distribution":"{\"name\": \"FloatDistribution\", \"attributes\": {\"step\": null, \"low\": 1e-05, \"high\": 1000.0, \"log\": true}}"}
{"op_code":5,"worker_id":"a37e7d93-2c5c-481c-a7c4-504c7826ce83-124983939982464","trial_id":132,"param_name":"USE_RMS_SCALING","param_value_internal":1,"distribution":"{\"name\": \"CategoricalDistribution\", \"attributes\": {\"choices\": [true, false]}}"}
{"op_code":5,"worker_id":"2592febd-08bc-47a8-b8af-bd17b3029d09-136736600298624","trial_id":133,"param_name":"USE_RMS_SCALING","param_value_internal":0,"distribution":"{\"name\": \"CategoricalDistribution\", \"attributes\": {\"choices\": [true, false]}}"}
{"op_code":5,"worker_id":"ca705c9c-ba9b-4870-a4ba-de8e74559c32-140615493284992","trial_id":131,"param_name":"RANK_REGRESS","param_value_internal":28.0,"distribution":"{\"name\": \"IntDistribution\", \"attributes\": {\"log\": false, \"step\": 1, \"low\": 5, \"high\": 80}}"}
{"op_code":5,"worker_id":"ca705c9c-ba9b-4870-a4ba-de8e74559c32-140615493284992","trial_id":131,"param_name":"REG_W","param_value_internal":0.0030658926116823968,"distribution":"{\"name\": \"FloatDistribution\", \"attributes\": {\"step\": null, \"low\": 1e-05, \"high\": 1000.0, \"log\": true}}"}
{"op_code":0,"worker_id":"54d59239-8777-47c1-91c5-47f82544da83-135398668960896","study_name":"cp_pred_surprise_L4_residual_delta","directions":[2]}
{"op_code":5,"worker_id":"ca705c9c-ba9b-4870-a4ba-de8e74559c32-140615493284992","trial_id":131,"param_name":"USE_RMS_SCALING","param_value_internal":1,"distribution":"{\"name\": \"CategoricalDistribution\", \"attributes\": {\"choices\": [true, false]}}"}
{"op_code":0,"worker_id":"527dd3e2-5fd9-4e42-975c-325c4c3587ff-132805283697792","study_name":"cp_pred_surprise_L4_residual_delta","directions":[2]}
{"op_code":4,"worker_id":"a4c58fc9-1164-4668-b824-d178847823e0-139639922590848","study_id":0,"datetime_start":"2026-05-02T11:56:42.324047"}
{"op_code":4,"worker_id":"2772ac5d-f863-4fb6-8c1f-bed9039e181a-139201099039872","study_id":0,"datetime_start":"2026-05-02T11:56:42.324441"}
{"op_code":5,"worker_id":"a4c58fc9-1164-4668-b824-d178847823e0-139639922590848","trial_id":134,"param_name":"RANK_REGRESS","param_value_internal":26.0,"distribution":"{\"name\": \"IntDistribution\", \"attributes\": {\"log\": false, \"step\": 1, \"low\": 5, \"high\": 80}}"}
{"op_code":0,"worker_id":"c647f864-67e7-4a31-b16b-229bf824cd2f-125836463367296","study_name":"cp_pred_surprise_L4_residual_delta","directions":[2]}
{"op_code":4,"worker_id":"54d59239-8777-47c1-91c5-47f82544da83-135398668960896","study_id":0,"datetime_start":"2026-05-02T11:56:42.955468"}
{"op_code":5,"worker_id":"2772ac5d-f863-4fb6-8c1f-bed9039e181a-139201099039872","trial_id":135,"param_name":"RANK_REGRESS","param_value_internal":31.0,"distribution":"{\"name\": \"IntDistribution\", \"attributes\": {\"log\": false, \"step\": 1, \"low\": 5, \"high\": 80}}"}
{"op_code":4,"worker_id":"527dd3e2-5fd9-4e42-975c-325c4c3587ff-132805283697792","study_id":0,"datetime_start":"2026-05-02T11:56:42.956338"}
{"op_code":5,"worker_id":"2772ac5d-f863-4fb6-8c1f-bed9039e181a-139201099039872","trial_id":135,"param_name":"REG_W","param_value_internal":0.03277225874688134,"distribution":"{\"name\": \"FloatDistribution\", \"attributes\": {\"step\": null, \"low\": 1e-05, \"high\": 1000.0, \"log\": true}}"}
{"op_code":0,"worker_id":"f2ba7df6-fc08-4fb3-bc3f-22e8b3c39a7f-133312374555776","study_name":"cp_pred_surprise_L4_residual_delta","directions":[2]}
{"op_code":4,"worker_id":"c647f864-67e7-4a31-b16b-229bf824cd2f-125836463367296","study_id":0,"datetime_start":"2026-05-02T11:56:42.997639"}
{"op_code":5,"worker_id":"527dd3e2-5fd9-4e42-975c-325c4c3587ff-132805283697792","trial_id":137,"param_name":"RANK_REGRESS","param_value_internal":50.0,"distribution":"{\"name\": \"IntDistribution\", \"attributes\": {\"log\": false, \"step\": 1, \"low\": 5, \"high\": 80}}"}
{"op_code":5,"worker_id":"2772ac5d-f863-4fb6-8c1f-bed9039e181a-139201099039872","trial_id":135,"param_name":"USE_RMS_SCALING","param_value_internal":0,"distribution":"{\"name\": \"CategoricalDistribution\", \"attributes\": {\"choices\": [true, false]}}"}
{"op_code":5,"worker_id":"c647f864-67e7-4a31-b16b-229bf824cd2f-125836463367296","trial_id":138,"param_name":"RANK_REGRESS","param_value_internal":47.0,"distribution":"{\"name\": \"IntDistribution\", \"attributes\": {\"log\": false, \"step\": 1, \"low\": 5, \"high\": 80}}"}
{"op_code":5,"worker_id":"527dd3e2-5fd9-4e42-975c-325c4c3587ff-132805283697792","trial_id":137,"param_name":"REG_W","param_value_internal":0.14875359750168218,"distribution":"{\"name\": \"FloatDistribution\", \"attributes\": {\"step\": null, \"low\": 1e-05, \"high\": 1000.0, \"log\": true}}"}
{"op_code":5,"worker_id":"c647f864-67e7-4a31-b16b-229bf824cd2f-125836463367296","trial_id":138,"param_name":"REG_W","param_value_internal":0.024137018913571825,"distribution":"{\"name\": \"FloatDistribution\", \"attributes\": {\"step\": null, \"low\": 1e-05, \"high\": 1000.0, \"log\": true}}"}
{"op_code":4,"worker_id":"f2ba7df6-fc08-4fb3-bc3f-22e8b3c39a7f-133312374555776","study_id":0,"datetime_start":"2026-05-02T11:56:43.119090"}
{"op_code":5,"worker_id":"527dd3e2-5fd9-4e42-975c-325c4c3587ff-132805283697792","trial_id":137,"param_name":"USE_RMS_SCALING","param_value_internal":0,"distribution":"{\"name\": \"CategoricalDistribution\", \"attributes\": {\"choices\": [true, false]}}"}
{"op_code":5,"worker_id":"f2ba7df6-fc08-4fb3-bc3f-22e8b3c39a7f-133312374555776","trial_id":139,"param_name":"RANK_REGRESS","param_value_internal":19.0,"distribution":"{\"name\": \"IntDistribution\", \"attributes\": {\"log\": false, \"step\": 1, \"low\": 5, \"high\": 80}}"}
{"op_code":5,"worker_id":"c647f864-67e7-4a31-b16b-229bf824cd2f-125836463367296","trial_id":138,"param_name":"USE_RMS_SCALING","param_value_internal":0,"distribution":"{\"name\": \"CategoricalDistribution\", \"attributes\": {\"choices\": [true, false]}}"}
{"op_code":5,"worker_id":"f2ba7df6-fc08-4fb3-bc3f-22e8b3c39a7f-133312374555776","trial_id":139,"param_name":"REG_W","param_value_internal":0.022945064746249712,"distribution":"{\"name\": \"FloatDistribution\", \"attributes\": {\"step\": null, \"low\": 1e-05, \"high\": 1000.0, \"log\": true}}"}
{"op_code":5,"worker_id":"a4c58fc9-1164-4668-b824-d178847823e0-139639922590848","trial_id":134,"param_name":"REG_W","param_value_internal":0.0001145426860548878,"distribution":"{\"name\": \"FloatDistribution\", \"attributes\": {\"step\": null, \"low\": 1e-05, \"high\": 1000.0, \"log\": true}}"}
{"op_code":5,"worker_id":"f2ba7df6-fc08-4fb3-bc3f-22e8b3c39a7f-133312374555776","trial_id":139,"param_name":"USE_RMS_SCALING","param_value_internal":0,"distribution":"{\"name\": \"CategoricalDistribution\", \"attributes\": {\"choices\": [true, false]}}"}
{"op_code":5,"worker_id":"a4c58fc9-1164-4668-b824-d178847823e0-139639922590848","trial_id":134,"param_name":"USE_RMS_SCALING","param_value_internal":0,"distribution":"{\"name\": \"CategoricalDistribution\", \"attributes\": {\"choices\": [true, false]}}"}
{"op_code":5,"worker_id":"54d59239-8777-47c1-91c5-47f82544da83-135398668960896","trial_id":136,"param_name":"RANK_REGRESS","param_value_internal":71.0,"distribution":"{\"name\": \"IntDistribution\", \"attributes\": {\"log\": false, \"step\": 1, \"low\": 5, \"high\": 80}}"}
{"op_code":5,"worker_id":"54d59239-8777-47c1-91c5-47f82544da83-135398668960896","trial_id":136,"param_name":"REG_W","param_value_internal":4.148517934208927e-05,"distribution":"{\"name\": \"FloatDistribution\", \"attributes\": {\"step\": null, \"low\": 1e-05, \"high\": 1000.0, \"log\": true}}"}
{"op_code":5,"worker_id":"54d59239-8777-47c1-91c5-47f82544da83-135398668960896","trial_id":136,"param_name":"USE_RMS_SCALING","param_value_internal":1,"distribution":"{\"name\": \"CategoricalDistribution\", \"attributes\": {\"choices\": [true, false]}}"}
{"op_code":5,"worker_id":"2e99b8d4-09cc-43c9-8fa3-5caeec128a08-132620365124736","trial_id":130,"param_name":"REG_W","param_value_internal":431.48933661142155,"distribution":"{\"name\": \"FloatDistribution\", \"attributes\": {\"step\": null, \"low\": 1e-05, \"high\": 1000.0, \"log\": true}}"}
{"op_code":5,"worker_id":"2e99b8d4-09cc-43c9-8fa3-5caeec128a08-132620365124736","trial_id":130,"param_name":"USE_RMS_SCALING","param_value_internal":1,"distribution":"{\"name\": \"CategoricalDistribution\", \"attributes\": {\"choices\": [true, false]}}"}
{"op_code":0,"worker_id":"f9715c42-24a3-468b-905f-efca8b555e4a-138084126524544","study_name":"cp_pred_surprise_L4_residual_delta","directions":[2]}
{"op_code":4,"worker_id":"f9715c42-24a3-468b-905f-efca8b555e4a-138084126524544","study_id":0,"datetime_start":"2026-05-02T11:56:43.581072"}
{"op_code":5,"worker_id":"f9715c42-24a3-468b-905f-efca8b555e4a-138084126524544","trial_id":140,"param_name":"RANK_REGRESS","param_value_internal":42.0,"distribution":"{\"name\": \"IntDistribution\", \"attributes\": {\"log\": false, \"step\": 1, \"low\": 5, \"high\": 80}}"}
{"op_code":5,"worker_id":"f9715c42-24a3-468b-905f-efca8b555e4a-138084126524544","trial_id":140,"param_name":"REG_W","param_value_internal":0.2529519841267007,"distribution":"{\"name\": \"FloatDistribution\", \"attributes\": {\"step\": null, \"low\": 1e-05, \"high\": 1000.0, \"log\": true}}"}
{"op_code":5,"worker_id":"f9715c42-24a3-468b-905f-efca8b555e4a-138084126524544","trial_id":140,"param_name":"USE_RMS_SCALING","param_value_internal":1,"distribution":"{\"name\": \"CategoricalDistribution\", \"attributes\": {\"choices\": [true, false]}}"}
{"op_code":0,"worker_id":"a2d6a88f-cf11-4ab0-b694-d2b5cc853568-129930930336896","study_name":"cp_pred_surprise_L4_residual_delta","directions":[2]}
{"op_code":0,"worker_id":"6a97675d-6686-4775-841a-577e8d6db923-128106248651904","study_name":"cp_pred_surprise_L4_residual_delta","directions":[2]}
{"op_code":0,"worker_id":"e62a866a-f689-428f-a26d-a7cbb434360b-137301604934784","study_name":"cp_pred_surprise_L4_residual_delta","directions":[2]}
{"op_code":0,"worker_id":"0868c1ba-1e38-4376-987c-1f0b755e209f-124445509420160","study_name":"cp_pred_surprise_L4_residual_delta","directions":[2]}
{"op_code":4,"worker_id":"a2d6a88f-cf11-4ab0-b694-d2b5cc853568-129930930336896","study_id":0,"datetime_start":"2026-05-02T11:56:46.052942"}
{"op_code":4,"worker_id":"e62a866a-f689-428f-a26d-a7cbb434360b-137301604934784","study_id":0,"datetime_start":"2026-05-02T11:56:46.058748"}
{"op_code":4,"worker_id":"0868c1ba-1e38-4376-987c-1f0b755e209f-124445509420160","study_id":0,"datetime_start":"2026-05-02T11:56:46.082582"}
{"op_code":5,"worker_id":"a2d6a88f-cf11-4ab0-b694-d2b5cc853568-129930930336896","trial_id":141,"param_name":"RANK_REGRESS","param_value_internal":25.0,"distribution":"{\"name\": \"IntDistribution\", \"attributes\": {\"log\": false, \"step\": 1, \"low\": 5, \"high\": 80}}"}
{"op_code":5,"worker_id":"e62a866a-f689-428f-a26d-a7cbb434360b-137301604934784","trial_id":142,"param_name":"RANK_REGRESS","param_value_internal":17.0,"distribution":"{\"name\": \"IntDistribution\", \"attributes\": {\"log\": false, \"step\": 1, \"low\": 5, \"high\": 80}}"}
{"op_code":5,"worker_id":"a2d6a88f-cf11-4ab0-b694-d2b5cc853568-129930930336896","trial_id":141,"param_name":"REG_W","param_value_internal":2.0991698345133815e-05,"distribution":"{\"name\": \"FloatDistribution\", \"attributes\": {\"step\": null, \"low\": 1e-05, \"high\": 1000.0, \"log\": true}}"}
{"op_code":5,"worker_id":"e62a866a-f689-428f-a26d-a7cbb434360b-137301604934784","trial_id":142,"param_name":"REG_W","param_value_internal":3.813900482038647e-05,"distribution":"{\"name\": \"FloatDistribution\", \"attributes\": {\"step\": null, \"low\": 1e-05, \"high\": 1000.0, \"log\": true}}"}
{"op_code":5,"worker_id":"a2d6a88f-cf11-4ab0-b694-d2b5cc853568-129930930336896","trial_id":141,"param_name":"USE_RMS_SCALING","param_value_internal":1,"distribution":"{\"name\": \"CategoricalDistribution\", \"attributes\": {\"choices\": [true, false]}}"}
{"op_code":5,"worker_id":"e62a866a-f689-428f-a26d-a7cbb434360b-137301604934784","trial_id":142,"param_name":"USE_RMS_SCALING","param_value_internal":1,"distribution":"{\"name\": \"CategoricalDistribution\", \"attributes\": {\"choices\": [true, false]}}"}
{"op_code":5,"worker_id":"0868c1ba-1e38-4376-987c-1f0b755e209f-124445509420160","trial_id":143,"param_name":"RANK_REGRESS","param_value_internal":76.0,"distribution":"{\"name\": \"IntDistribution\", \"attributes\": {\"log\": false, \"step\": 1, \"low\": 5, \"high\": 80}}"}
{"op_code":5,"worker_id":"0868c1ba-1e38-4376-987c-1f0b755e209f-124445509420160","trial_id":143,"param_name":"REG_W","param_value_internal":0.0007934474803222545,"distribution":"{\"name\": \"FloatDistribution\", \"attributes\": {\"step\": null, \"low\": 1e-05, \"high\": 1000.0, \"log\": true}}"}
{"op_code":5,"worker_id":"0868c1ba-1e38-4376-987c-1f0b755e209f-124445509420160","trial_id":143,"param_name":"USE_RMS_SCALING","param_value_internal":0,"distribution":"{\"name\": \"CategoricalDistribution\", \"attributes\": {\"choices\": [true, false]}}"}
{"op_code":4,"worker_id":"6a97675d-6686-4775-841a-577e8d6db923-128106248651904","study_id":0,"datetime_start":"2026-05-02T11:56:46.052947"}
{"op_code":5,"worker_id":"6a97675d-6686-4775-841a-577e8d6db923-128106248651904","trial_id":144,"param_name":"RANK_REGRESS","param_value_internal":64.0,"distribution":"{\"name\": \"IntDistribution\", \"attributes\": {\"log\": false, \"step\": 1, \"low\": 5, \"high\": 80}}"}
{"op_code":5,"worker_id":"6a97675d-6686-4775-841a-577e8d6db923-128106248651904","trial_id":144,"param_name":"REG_W","param_value_internal":0.004037713478780215,"distribution":"{\"name\": \"FloatDistribution\", \"attributes\": {\"step\": null, \"low\": 1e-05, \"high\": 1000.0, \"log\": true}}"}
{"op_code":5,"worker_id":"6a97675d-6686-4775-841a-577e8d6db923-128106248651904","trial_id":144,"param_name":"USE_RMS_SCALING","param_value_internal":1,"distribution":"{\"name\": \"CategoricalDistribution\", \"attributes\": {\"choices\": [true, false]}}"}
{"op_code":0,"worker_id":"41f41cb8-3ab9-4bad-be3a-f04bf82d9943-138585146164352","study_name":"cp_pred_surprise_L4_residual_delta","directions":[2]}
{"op_code":0,"worker_id":"1f251b8b-a65e-48ee-9156-ca45056aa327-138514294936704","study_name":"cp_pred_surprise_L4_residual_delta","directions":[2]}
{"op_code":0,"worker_id":"335c1eed-a759-4c76-9acf-83a92f2c27a1-129189241209984","study_name":"cp_pred_surprise_L4_residual_delta","directions":[2]}
{"op_code":0,"worker_id":"06ef1712-b476-4f07-8963-0f67a62ab9b8-130372800873600","study_name":"cp_pred_surprise_L4_residual_delta","directions":[2]}
{"op_code":4,"worker_id":"335c1eed-a759-4c76-9acf-83a92f2c27a1-129189241209984","study_id":0,"datetime_start":"2026-05-02T11:56:48.169776"}
{"op_code":4,"worker_id":"06ef1712-b476-4f07-8963-0f67a62ab9b8-130372800873600","study_id":0,"datetime_start":"2026-05-02T11:56:48.171240"}
{"op_code":5,"worker_id":"335c1eed-a759-4c76-9acf-83a92f2c27a1-129189241209984","trial_id":145,"param_name":"RANK_REGRESS","param_value_internal":23.0,"distribution":"{\"name\": \"IntDistribution\", \"attributes\": {\"log\": false, \"step\": 1, \"low\": 5, \"high\": 80}}"}
{"op_code":5,"worker_id":"06ef1712-b476-4f07-8963-0f67a62ab9b8-130372800873600","trial_id":146,"param_name":"RANK_REGRESS","param_value_internal":52.0,"distribution":"{\"name\": \"IntDistribution\", \"attributes\": {\"log\": false, \"step\": 1, \"low\": 5, \"high\": 80}}"}
{"op_code":4,"worker_id":"1f251b8b-a65e-48ee-9156-ca45056aa327-138514294936704","study_id":0,"datetime_start":"2026-05-02T11:56:48.170244"}
{"op_code":5,"worker_id":"06ef1712-b476-4f07-8963-0f67a62ab9b8-130372800873600","trial_id":146,"param_name":"REG_W","param_value_internal":8.756034158033833,"distribution":"{\"name\": \"FloatDistribution\", \"attributes\": {\"step\": null, \"low\": 1e-05, \"high\": 1000.0, \"log\": true}}"}
{"op_code":5,"worker_id":"1f251b8b-a65e-48ee-9156-ca45056aa327-138514294936704","trial_id":147,"param_name":"RANK_REGRESS","param_value_internal":80.0,"distribution":"{\"name\": \"IntDistribution\", \"attributes\": {\"log\": false, \"step\": 1, \"low\": 5, \"high\": 80}}"}
{"op_code":5,"worker_id":"06ef1712-b476-4f07-8963-0f67a62ab9b8-130372800873600","trial_id":146,"param_name":"USE_RMS_SCALING","param_value_internal":0,"distribution":"{\"name\": \"CategoricalDistribution\", \"attributes\": {\"choices\": [true, false]}}"}
{"op_code":4,"worker_id":"41f41cb8-3ab9-4bad-be3a-f04bf82d9943-138585146164352","study_id":0,"datetime_start":"2026-05-02T11:56:48.173041"}
{"op_code":5,"worker_id":"1f251b8b-a65e-48ee-9156-ca45056aa327-138514294936704","trial_id":147,"param_name":"REG_W","param_value_internal":2.045620173574014e-05,"distribution":"{\"name\": \"FloatDistribution\", \"attributes\": {\"step\": null, \"low\": 1e-05, \"high\": 1000.0, \"log\": true}}"}
{"op_code":5,"worker_id":"41f41cb8-3ab9-4bad-be3a-f04bf82d9943-138585146164352","trial_id":148,"param_name":"RANK_REGRESS","param_value_internal":43.0,"distribution":"{\"name\": \"IntDistribution\", \"attributes\": {\"log\": false, \"step\": 1, \"low\": 5, \"high\": 80}}"}
{"op_code":5,"worker_id":"1f251b8b-a65e-48ee-9156-ca45056aa327-138514294936704","trial_id":147,"param_name":"USE_RMS_SCALING","param_value_internal":1,"distribution":"{\"name\": \"CategoricalDistribution\", \"attributes\": {\"choices\": [true, false]}}"}
{"op_code":5,"worker_id":"41f41cb8-3ab9-4bad-be3a-f04bf82d9943-138585146164352","trial_id":148,"param_name":"REG_W","param_value_internal":619.228024691126,"distribution":"{\"name\": \"FloatDistribution\", \"attributes\": {\"step\": null, \"low\": 1e-05, \"high\": 1000.0, \"log\": true}}"}
{"op_code":5,"worker_id":"41f41cb8-3ab9-4bad-be3a-f04bf82d9943-138585146164352","trial_id":148,"param_name":"USE_RMS_SCALING","param_value_internal":1,"distribution":"{\"name\": \"CategoricalDistribution\", \"attributes\": {\"choices\": [true, false]}}"}
{"op_code":5,"worker_id":"335c1eed-a759-4c76-9acf-83a92f2c27a1-129189241209984","trial_id":145,"param_name":"REG_W","param_value_internal":0.00017205216926592345,"distribution":"{\"name\": \"FloatDistribution\", \"attributes\": {\"step\": null, \"low\": 1e-05, \"high\": 1000.0, \"log\": true}}"}
{"op_code":5,"worker_id":"335c1eed-a759-4c76-9acf-83a92f2c27a1-129189241209984","trial_id":145,"param_name":"USE_RMS_SCALING","param_value_internal":0,"distribution":"{\"name\": \"CategoricalDistribution\", \"attributes\": {\"choices\": [true, false]}}"}
{"op_code":0,"worker_id":"32208a8e-772a-4e1c-a484-fe372d955b90-129355916706944","study_name":"cp_pred_surprise_L4_residual_delta","directions":[2]}
{"op_code":0,"worker_id":"b588d23b-780f-4b96-b0c0-186e2a22a213-135586066474112","study_name":"cp_pred_surprise_L4_residual_delta","directions":[2]}
{"op_code":0,"worker_id":"0a464f04-e4d2-4253-8ddc-7729b0c258b3-131293243425920","study_name":"cp_pred_surprise_L4_residual_delta","directions":[2]}
{"op_code":0,"worker_id":"eac5570b-9775-4a11-bc5f-b3d674c9557f-137681122288768","study_name":"cp_pred_surprise_L4_residual_delta","directions":[2]}
{"op_code":4,"worker_id":"b588d23b-780f-4b96-b0c0-186e2a22a213-135586066474112","study_id":0,"datetime_start":"2026-05-02T11:56:49.588532"}
{"op_code":4,"worker_id":"eac5570b-9775-4a11-bc5f-b3d674c9557f-137681122288768","study_id":0,"datetime_start":"2026-05-02T11:56:49.601159"}
{"op_code":5,"worker_id":"b588d23b-780f-4b96-b0c0-186e2a22a213-135586066474112","trial_id":149,"param_name":"RANK_REGRESS","param_value_internal":70.0,"distribution":"{\"name\": \"IntDistribution\", \"attributes\": {\"log\": false, \"step\": 1, \"low\": 5, \"high\": 80}}"}
{"op_code":5,"worker_id":"eac5570b-9775-4a11-bc5f-b3d674c9557f-137681122288768","trial_id":150,"param_name":"RANK_REGRESS","param_value_internal":6.0,"distribution":"{\"name\": \"IntDistribution\", \"attributes\": {\"log\": false, \"step\": 1, \"low\": 5, \"high\": 80}}"}
{"op_code":5,"worker_id":"b588d23b-780f-4b96-b0c0-186e2a22a213-135586066474112","trial_id":149,"param_name":"REG_W","param_value_internal":27.76123192346836,"distribution":"{\"name\": \"FloatDistribution\", \"attributes\": {\"step\": null, \"low\": 1e-05, \"high\": 1000.0, \"log\": true}}"}
{"op_code":5,"worker_id":"eac5570b-9775-4a11-bc5f-b3d674c9557f-137681122288768","trial_id":150,"param_name":"REG_W","param_value_internal":131.9063864827033,"distribution":"{\"name\": \"FloatDistribution\", \"attributes\": {\"step\": null, \"low\": 1e-05, \"high\": 1000.0, \"log\": true}}"}
{"op_code":5,"worker_id":"b588d23b-780f-4b96-b0c0-186e2a22a213-135586066474112","trial_id":149,"param_name":"USE_RMS_SCALING","param_value_internal":0,"distribution":"{\"name\": \"CategoricalDistribution\", \"attributes\": {\"choices\": [true, false]}}"}
{"op_code":5,"worker_id":"eac5570b-9775-4a11-bc5f-b3d674c9557f-137681122288768","trial_id":150,"param_name":"USE_RMS_SCALING","param_value_internal":0,"distribution":"{\"name\": \"CategoricalDistribution\", \"attributes\": {\"choices\": [true, false]}}"}
{"op_code":4,"worker_id":"0a464f04-e4d2-4253-8ddc-7729b0c258b3-131293243425920","study_id":0,"datetime_start":"2026-05-02T11:56:49.599878"}
{"op_code":5,"worker_id":"0a464f04-e4d2-4253-8ddc-7729b0c258b3-131293243425920","trial_id":151,"param_name":"RANK_REGRESS","param_value_internal":21.0,"distribution":"{\"name\": \"IntDistribution\", \"attributes\": {\"log\": false, \"step\": 1, \"low\": 5, \"high\": 80}}"}
{"op_code":5,"worker_id":"0a464f04-e4d2-4253-8ddc-7729b0c258b3-131293243425920","trial_id":151,"param_name":"REG_W","param_value_internal":0.0004073312355706089,"distribution":"{\"name\": \"FloatDistribution\", \"attributes\": {\"step\": null, \"low\": 1e-05, \"high\": 1000.0, \"log\": true}}"}
{"op_code":5,"worker_id":"0a464f04-e4d2-4253-8ddc-7729b0c258b3-131293243425920","trial_id":151,"param_name":"USE_RMS_SCALING","param_value_internal":1,"distribution":"{\"name\": \"CategoricalDistribution\", \"attributes\": {\"choices\": [true, false]}}"}
{"op_code":4,"worker_id":"32208a8e-772a-4e1c-a484-fe372d955b90-129355916706944","study_id":0,"datetime_start":"2026-05-02T11:56:49.589495"}
{"op_code":5,"worker_id":"32208a8e-772a-4e1c-a484-fe372d955b90-129355916706944","trial_id":152,"param_name":"RANK_REGRESS","param_value_internal":43.0,"distribution":"{\"name\": \"IntDistribution\", \"attributes\": {\"log\": false, \"step\": 1, \"low\": 5, \"high\": 80}}"}
{"op_code":5,"worker_id":"32208a8e-772a-4e1c-a484-fe372d955b90-129355916706944","trial_id":152,"param_name":"REG_W","param_value_internal":0.8314155180168803,"distribution":"{\"name\": \"FloatDistribution\", \"attributes\": {\"step\": null, \"low\": 1e-05, \"high\": 1000.0, \"log\": true}}"}
{"op_code":5,"worker_id":"32208a8e-772a-4e1c-a484-fe372d955b90-129355916706944","trial_id":152,"param_name":"USE_RMS_SCALING","param_value_internal":1,"distribution":"{\"name\": \"CategoricalDistribution\", \"attributes\": {\"choices\": [true, false]}}"}
{"op_code":0,"worker_id":"e15ce689-0d37-4437-b366-29f51c53ed7c-136664888902784","study_name":"cp_pred_surprise_L4_residual_delta","directions":[2]}
{"op_code":0,"worker_id":"934c32c8-981f-419d-9dcb-54ea28ddf277-138001908450432","study_name":"cp_pred_surprise_L4_residual_delta","directions":[2]}
{"op_code":0,"worker_id":"fd4c6e84-e123-4952-a6cc-c352051059da-134957476656256","study_name":"cp_pred_surprise_L4_residual_delta","directions":[2]}
{"op_code":0,"worker_id":"a9de1890-6646-42ba-a9ab-3835378b25dd-133745729029248","study_name":"cp_pred_surprise_L4_residual_delta","directions":[2]}
{"op_code":4,"worker_id":"934c32c8-981f-419d-9dcb-54ea28ddf277-138001908450432","study_id":0,"datetime_start":"2026-05-02T11:56:51.603044"}
{"op_code":4,"worker_id":"fd4c6e84-e123-4952-a6cc-c352051059da-134957476656256","study_id":0,"datetime_start":"2026-05-02T11:56:51.618800"}
{"op_code":4,"worker_id":"a9de1890-6646-42ba-a9ab-3835378b25dd-133745729029248","study_id":0,"datetime_start":"2026-05-02T11:56:51.628814"}
{"op_code":5,"worker_id":"934c32c8-981f-419d-9dcb-54ea28ddf277-138001908450432","trial_id":153,"param_name":"RANK_REGRESS","param_value_internal":75.0,"distribution":"{\"name\": \"IntDistribution\", \"attributes\": {\"log\": false, \"step\": 1, \"low\": 5, \"high\": 80}}"}
{"op_code":5,"worker_id":"a9de1890-6646-42ba-a9ab-3835378b25dd-133745729029248","trial_id":155,"param_name":"RANK_REGRESS","param_value_internal":57.0,"distribution":"{\"name\": \"IntDistribution\", \"attributes\": {\"log\": false, \"step\": 1, \"low\": 5, \"high\": 80}}"}
{"op_code":5,"worker_id":"934c32c8-981f-419d-9dcb-54ea28ddf277-138001908450432","trial_id":153,"param_name":"REG_W","param_value_internal":0.01455158502530419,"distribution":"{\"name\": \"FloatDistribution\", \"attributes\": {\"step\": null, \"low\": 1e-05, \"high\": 1000.0, \"log\": true}}"}
{"op_code":5,"worker_id":"a9de1890-6646-42ba-a9ab-3835378b25dd-133745729029248","trial_id":155,"param_name":"REG_W","param_value_internal":67.05469395085042,"distribution":"{\"name\": \"FloatDistribution\", \"attributes\": {\"step\": null, \"low\": 1e-05, \"high\": 1000.0, \"log\": true}}"}
{"op_code":5,"worker_id":"934c32c8-981f-419d-9dcb-54ea28ddf277-138001908450432","trial_id":153,"param_name":"USE_RMS_SCALING","param_value_internal":1,"distribution":"{\"name\": \"CategoricalDistribution\", \"attributes\": {\"choices\": [true, false]}}"}
{"op_code":5,"worker_id":"a9de1890-6646-42ba-a9ab-3835378b25dd-133745729029248","trial_id":155,"param_name":"USE_RMS_SCALING","param_value_internal":1,"distribution":"{\"name\": \"CategoricalDistribution\", \"attributes\": {\"choices\": [true, false]}}"}
{"op_code":5,"worker_id":"fd4c6e84-e123-4952-a6cc-c352051059da-134957476656256","trial_id":154,"param_name":"RANK_REGRESS","param_value_internal":7.0,"distribution":"{\"name\": \"IntDistribution\", \"attributes\": {\"log\": false, \"step\": 1, \"low\": 5, \"high\": 80}}"}
{"op_code":5,"worker_id":"fd4c6e84-e123-4952-a6cc-c352051059da-134957476656256","trial_id":154,"param_name":"REG_W","param_value_internal":0.38246149369011595,"distribution":"{\"name\": \"FloatDistribution\", \"attributes\": {\"step\": null, \"low\": 1e-05, \"high\": 1000.0, \"log\": true}}"}
{"op_code":5,"worker_id":"fd4c6e84-e123-4952-a6cc-c352051059da-134957476656256","trial_id":154,"param_name":"USE_RMS_SCALING","param_value_internal":1,"distribution":"{\"name\": \"CategoricalDistribution\", \"attributes\": {\"choices\": [true, false]}}"}
{"op_code":4,"worker_id":"e15ce689-0d37-4437-b366-29f51c53ed7c-136664888902784","study_id":0,"datetime_start":"2026-05-02T11:56:51.603581"}
{"op_code":5,"worker_id":"e15ce689-0d37-4437-b366-29f51c53ed7c-136664888902784","trial_id":156,"param_name":"RANK_REGRESS","param_value_internal":38.0,"distribution":"{\"name\": \"IntDistribution\", \"attributes\": {\"log\": false, \"step\": 1, \"low\": 5, \"high\": 80}}"}
{"op_code":5,"worker_id":"e15ce689-0d37-4437-b366-29f51c53ed7c-136664888902784","trial_id":156,"param_name":"REG_W","param_value_internal":0.012441220010710633,"distribution":"{\"name\": \"FloatDistribution\", \"attributes\": {\"step\": null, \"low\": 1e-05, \"high\": 1000.0, \"log\": true}}"}
{"op_code":5,"worker_id":"e15ce689-0d37-4437-b366-29f51c53ed7c-136664888902784","trial_id":156,"param_name":"USE_RMS_SCALING","param_value_internal":1,"distribution":"{\"name\": \"CategoricalDistribution\", \"attributes\": {\"choices\": [true, false]}}"}
{"op_code":0,"worker_id":"340cd959-9aab-439a-b94f-a460bbf27755-132504112014464","study_name":"cp_pred_surprise_L4_residual_delta","directions":[2]}
{"op_code":0,"worker_id":"94f49cc4-8f8d-4074-89c4-f4a241b48c53-137518108005504","study_name":"cp_pred_surprise_L4_residual_delta","directions":[2]}
{"op_code":0,"worker_id":"ef8377bc-da91-4c79-9dcf-94a7122e3257-131511103014016","study_name":"cp_pred_surprise_L4_residual_delta","directions":[2]}
{"op_code":0,"worker_id":"afdde78b-7250-42ff-90db-bc96bef1d170-137621046207616","study_name":"cp_pred_surprise_L4_residual_delta","directions":[2]}
{"op_code":4,"worker_id":"340cd959-9aab-439a-b94f-a460bbf27755-132504112014464","study_id":0,"datetime_start":"2026-05-02T11:56:53.221107"}
{"op_code":4,"worker_id":"94f49cc4-8f8d-4074-89c4-f4a241b48c53-137518108005504","study_id":0,"datetime_start":"2026-05-02T11:56:53.226623"}
{"op_code":4,"worker_id":"ef8377bc-da91-4c79-9dcf-94a7122e3257-131511103014016","study_id":0,"datetime_start":"2026-05-02T11:56:53.222223"}
{"op_code":5,"worker_id":"340cd959-9aab-439a-b94f-a460bbf27755-132504112014464","trial_id":157,"param_name":"RANK_REGRESS","param_value_internal":66.0,"distribution":"{\"name\": \"IntDistribution\", \"attributes\": {\"log\": false, \"step\": 1, \"low\": 5, \"high\": 80}}"}
{"op_code":5,"worker_id":"ef8377bc-da91-4c79-9dcf-94a7122e3257-131511103014016","trial_id":159,"param_name":"RANK_REGRESS","param_value_internal":78.0,"distribution":"{\"name\": \"IntDistribution\", \"attributes\": {\"log\": false, \"step\": 1, \"low\": 5, \"high\": 80}}"}
{"op_code":5,"worker_id":"340cd959-9aab-439a-b94f-a460bbf27755-132504112014464","trial_id":157,"param_name":"REG_W","param_value_internal":3.778376033788201,"distribution":"{\"name\": \"FloatDistribution\", \"attributes\": {\"step\": null, \"low\": 1e-05, \"high\": 1000.0, \"log\": true}}"}
{"op_code":5,"worker_id":"ef8377bc-da91-4c79-9dcf-94a7122e3257-131511103014016","trial_id":159,"param_name":"REG_W","param_value_internal":8.101854611493808e-05,"distribution":"{\"name\": \"FloatDistribution\", \"attributes\": {\"step\": null, \"low\": 1e-05, \"high\": 1000.0, \"log\": true}}"}
{"op_code":5,"worker_id":"340cd959-9aab-439a-b94f-a460bbf27755-132504112014464","trial_id":157,"param_name":"USE_RMS_SCALING","param_value_internal":0,"distribution":"{\"name\": \"CategoricalDistribution\", \"attributes\": {\"choices\": [true, false]}}"}
{"op_code":5,"worker_id":"ef8377bc-da91-4c79-9dcf-94a7122e3257-131511103014016","trial_id":159,"param_name":"USE_RMS_SCALING","param_value_internal":1,"distribution":"{\"name\": \"CategoricalDistribution\", \"attributes\": {\"choices\": [true, false]}}"}
{"op_code":5,"worker_id":"94f49cc4-8f8d-4074-89c4-f4a241b48c53-137518108005504","trial_id":158,"param_name":"RANK_REGRESS","param_value_internal":74.0,"distribution":"{\"name\": \"IntDistribution\", \"attributes\": {\"log\": false, \"step\": 1, \"low\": 5, \"high\": 80}}"}
{"op_code":5,"worker_id":"94f49cc4-8f8d-4074-89c4-f4a241b48c53-137518108005504","trial_id":158,"param_name":"REG_W","param_value_internal":0.0004083896620637838,"distribution":"{\"name\": \"FloatDistribution\", \"attributes\": {\"step\": null, \"low\": 1e-05, \"high\": 1000.0, \"log\": true}}"}
{"op_code":5,"worker_id":"94f49cc4-8f8d-4074-89c4-f4a241b48c53-137518108005504","trial_id":158,"param_name":"USE_RMS_SCALING","param_value_internal":1,"distribution":"{\"name\": \"CategoricalDistribution\", \"attributes\": {\"choices\": [true, false]}}"}
{"op_code":4,"worker_id":"afdde78b-7250-42ff-90db-bc96bef1d170-137621046207616","study_id":0,"datetime_start":"2026-05-02T11:56:53.232159"}
{"op_code":5,"worker_id":"afdde78b-7250-42ff-90db-bc96bef1d170-137621046207616","trial_id":160,"param_name":"RANK_REGRESS","param_value_internal":32.0,"distribution":"{\"name\": \"IntDistribution\", \"attributes\": {\"log\": false, \"step\": 1, \"low\": 5, \"high\": 80}}"}
{"op_code":5,"worker_id":"afdde78b-7250-42ff-90db-bc96bef1d170-137621046207616","trial_id":160,"param_name":"REG_W","param_value_internal":325.60298204465516,"distribution":"{\"name\": \"FloatDistribution\", \"attributes\": {\"step\": null, \"low\": 1e-05, \"high\": 1000.0, \"log\": true}}"}
{"op_code":5,"worker_id":"afdde78b-7250-42ff-90db-bc96bef1d170-137621046207616","trial_id":160,"param_name":"USE_RMS_SCALING","param_value_internal":1,"distribution":"{\"name\": \"CategoricalDistribution\", \"attributes\": {\"choices\": [true, false]}}"}
{"op_code":0,"worker_id":"626f1d03-a258-49fc-9774-b7ab73106a32-132534894191744","study_name":"cp_pred_surprise_L4_residual_delta","directions":[2]}
{"op_code":0,"worker_id":"8474621d-283b-41c8-923d-d4f8d5617aa2-136649410602112","study_name":"cp_pred_surprise_L4_residual_delta","directions":[2]}
{"op_code":0,"worker_id":"4d8f0190-bb9f-4517-be96-cd547b4640ef-131895313265792","study_name":"cp_pred_surprise_L4_residual_delta","directions":[2]}
{"op_code":0,"worker_id":"1c0aec9a-1f5e-4e97-95f5-9d856b2c8e1c-139393626313856","study_name":"cp_pred_surprise_L4_residual_delta","directions":[2]}
{"op_code":4,"worker_id":"626f1d03-a258-49fc-9774-b7ab73106a32-132534894191744","study_id":0,"datetime_start":"2026-05-02T11:56:55.306743"}
{"op_code":4,"worker_id":"1c0aec9a-1f5e-4e97-95f5-9d856b2c8e1c-139393626313856","study_id":0,"datetime_start":"2026-05-02T11:56:55.320450"}
{"op_code":5,"worker_id":"626f1d03-a258-49fc-9774-b7ab73106a32-132534894191744","trial_id":161,"param_name":"RANK_REGRESS","param_value_internal":58.0,"distribution":"{\"name\": \"IntDistribution\", \"attributes\": {\"log\": false, \"step\": 1, \"low\": 5, \"high\": 80}}"}
{"op_code":5,"worker_id":"1c0aec9a-1f5e-4e97-95f5-9d856b2c8e1c-139393626313856","trial_id":162,"param_name":"RANK_REGRESS","param_value_internal":34.0,"distribution":"{\"name\": \"IntDistribution\", \"attributes\": {\"log\": false, \"step\": 1, \"low\": 5, \"high\": 80}}"}
{"op_code":5,"worker_id":"626f1d03-a258-49fc-9774-b7ab73106a32-132534894191744","trial_id":161,"param_name":"REG_W","param_value_internal":0.008898447060089685,"distribution":"{\"name\": \"FloatDistribution\", \"attributes\": {\"step\": null, \"low\": 1e-05, \"high\": 1000.0, \"log\": true}}"}
{"op_code":5,"worker_id":"1c0aec9a-1f5e-4e97-95f5-9d856b2c8e1c-139393626313856","trial_id":162,"param_name":"REG_W","param_value_internal":13.223845192117315,"distribution":"{\"name\": \"FloatDistribution\", \"attributes\": {\"step\": null, \"low\": 1e-05, \"high\": 1000.0, \"log\": true}}"}
{"op_code":5,"worker_id":"626f1d03-a258-49fc-9774-b7ab73106a32-132534894191744","trial_id":161,"param_name":"USE_RMS_SCALING","param_value_internal":0,"distribution":"{\"name\": \"CategoricalDistribution\", \"attributes\": {\"choices\": [true, false]}}"}
{"op_code":5,"worker_id":"1c0aec9a-1f5e-4e97-95f5-9d856b2c8e1c-139393626313856","trial_id":162,"param_name":"USE_RMS_SCALING","param_value_internal":1,"distribution":"{\"name\": \"CategoricalDistribution\", \"attributes\": {\"choices\": [true, false]}}"}
{"op_code":4,"worker_id":"8474621d-283b-41c8-923d-d4f8d5617aa2-136649410602112","study_id":0,"datetime_start":"2026-05-02T11:56:55.311552"}
{"op_code":5,"worker_id":"8474621d-283b-41c8-923d-d4f8d5617aa2-136649410602112","trial_id":163,"param_name":"RANK_REGRESS","param_value_internal":56.0,"distribution":"{\"name\": \"IntDistribution\", \"attributes\": {\"log\": false, \"step\": 1, \"low\": 5, \"high\": 80}}"}
{"op_code":5,"worker_id":"8474621d-283b-41c8-923d-d4f8d5617aa2-136649410602112","trial_id":163,"param_name":"REG_W","param_value_internal":5.750045403369557e-05,"distribution":"{\"name\": \"FloatDistribution\", \"attributes\": {\"step\": null, \"low\": 1e-05, \"high\": 1000.0, \"log\": true}}"}
{"op_code":5,"worker_id":"8474621d-283b-41c8-923d-d4f8d5617aa2-136649410602112","trial_id":163,"param_name":"USE_RMS_SCALING","param_value_internal":1,"distribution":"{\"name\": \"CategoricalDistribution\", \"attributes\": {\"choices\": [true, false]}}"}
{"op_code":4,"worker_id":"4d8f0190-bb9f-4517-be96-cd547b4640ef-131895313265792","study_id":0,"datetime_start":"2026-05-02T11:56:55.313399"}
{"op_code":5,"worker_id":"4d8f0190-bb9f-4517-be96-cd547b4640ef-131895313265792","trial_id":164,"param_name":"RANK_REGRESS","param_value_internal":11.0,"distribution":"{\"name\": \"IntDistribution\", \"attributes\": {\"log\": false, \"step\": 1, \"low\": 5, \"high\": 80}}"}
{"op_code":5,"worker_id":"4d8f0190-bb9f-4517-be96-cd547b4640ef-131895313265792","trial_id":164,"param_name":"REG_W","param_value_internal":0.015812311273244044,"distribution":"{\"name\": \"FloatDistribution\", \"attributes\": {\"step\": null, \"low\": 1e-05, \"high\": 1000.0, \"log\": true}}"}
{"op_code":5,"worker_id":"4d8f0190-bb9f-4517-be96-cd547b4640ef-131895313265792","trial_id":164,"param_name":"USE_RMS_SCALING","param_value_internal":0,"distribution":"{\"name\": \"CategoricalDistribution\", \"attributes\": {\"choices\": [true, false]}}"}
{"op_code":0,"worker_id":"3bde2546-445a-4f5c-ac96-2f366e9d3019-139004618105984","study_name":"cp_pred_surprise_L4_residual_delta","directions":[2]}
{"op_code":0,"worker_id":"94609256-7a5d-4fdb-99b0-3f6aa2a906de-129925997573248","study_name":"cp_pred_surprise_L4_residual_delta","directions":[2]}
{"op_code":0,"worker_id":"539cb9e0-019c-4883-b98d-1f72203902c6-134468788851840","study_name":"cp_pred_surprise_L4_residual_delta","directions":[2]}
{"op_code":0,"worker_id":"9a2eaf43-300b-433f-864e-bb95f31c9917-136685498074240","study_name":"cp_pred_surprise_L4_residual_delta","directions":[2]}
{"op_code":4,"worker_id":"539cb9e0-019c-4883-b98d-1f72203902c6-134468788851840","study_id":0,"datetime_start":"2026-05-02T11:56:56.609295"}
{"op_code":4,"worker_id":"94609256-7a5d-4fdb-99b0-3f6aa2a906de-129925997573248","study_id":0,"datetime_start":"2026-05-02T11:56:56.611295"}
{"op_code":4,"worker_id":"3bde2546-445a-4f5c-ac96-2f366e9d3019-139004618105984","study_id":0,"datetime_start":"2026-05-02T11:56:56.614387"}
{"op_code":5,"worker_id":"539cb9e0-019c-4883-b98d-1f72203902c6-134468788851840","trial_id":165,"param_name":"RANK_REGRESS","param_value_internal":56.0,"distribution":"{\"name\": \"IntDistribution\", \"attributes\": {\"log\": false, \"step\": 1, \"low\": 5, \"high\": 80}}"}
{"op_code":5,"worker_id":"94609256-7a5d-4fdb-99b0-3f6aa2a906de-129925997573248","trial_id":166,"param_name":"RANK_REGRESS","param_value_internal":23.0,"distribution":"{\"name\": \"IntDistribution\", \"attributes\": {\"log\": false, \"step\": 1, \"low\": 5, \"high\": 80}}"}
{"op_code":5,"worker_id":"539cb9e0-019c-4883-b98d-1f72203902c6-134468788851840","trial_id":165,"param_name":"REG_W","param_value_internal":9.42835048518547e-05,"distribution":"{\"name\": \"FloatDistribution\", \"attributes\": {\"step\": null, \"low\": 1e-05, \"high\": 1000.0, \"log\": true}}"}
{"op_code":5,"worker_id":"94609256-7a5d-4fdb-99b0-3f6aa2a906de-129925997573248","trial_id":166,"param_name":"REG_W","param_value_internal":0.0027328464319957206,"distribution":"{\"name\": \"FloatDistribution\", \"attributes\": {\"step\": null, \"low\": 1e-05, \"high\": 1000.0, \"log\": true}}"}
{"op_code":5,"worker_id":"539cb9e0-019c-4883-b98d-1f72203902c6-134468788851840","trial_id":165,"param_name":"USE_RMS_SCALING","param_value_internal":1,"distribution":"{\"name\": \"CategoricalDistribution\", \"attributes\": {\"choices\": [true, false]}}"}
{"op_code":5,"worker_id":"94609256-7a5d-4fdb-99b0-3f6aa2a906de-129925997573248","trial_id":166,"param_name":"USE_RMS_SCALING","param_value_internal":1,"distribution":"{\"name\": \"CategoricalDistribution\", \"attributes\": {\"choices\": [true, false]}}"}
{"op_code":5,"worker_id":"3bde2546-445a-4f5c-ac96-2f366e9d3019-139004618105984","trial_id":167,"param_name":"RANK_REGRESS","param_value_internal":35.0,"distribution":"{\"name\": \"IntDistribution\", \"attributes\": {\"log\": false, \"step\": 1, \"low\": 5, \"high\": 80}}"}
{"op_code":5,"worker_id":"3bde2546-445a-4f5c-ac96-2f366e9d3019-139004618105984","trial_id":167,"param_name":"REG_W","param_value_internal":0.0221752456075519,"distribution":"{\"name\": \"FloatDistribution\", \"attributes\": {\"step\": null, \"low\": 1e-05, \"high\": 1000.0, \"log\": true}}"}
{"op_code":4,"worker_id":"9a2eaf43-300b-433f-864e-bb95f31c9917-136685498074240","study_id":0,"datetime_start":"2026-05-02T11:56:56.637247"}
{"op_code":5,"worker_id":"3bde2546-445a-4f5c-ac96-2f366e9d3019-139004618105984","trial_id":167,"param_name":"USE_RMS_SCALING","param_value_internal":0,"distribution":"{\"name\": \"CategoricalDistribution\", \"attributes\": {\"choices\": [true, false]}}"}
{"op_code":5,"worker_id":"9a2eaf43-300b-433f-864e-bb95f31c9917-136685498074240","trial_id":168,"param_name":"RANK_REGRESS","param_value_internal":10.0,"distribution":"{\"name\": \"IntDistribution\", \"attributes\": {\"log\": false, \"step\": 1, \"low\": 5, \"high\": 80}}"}
{"op_code":5,"worker_id":"9a2eaf43-300b-433f-864e-bb95f31c9917-136685498074240","trial_id":168,"param_name":"REG_W","param_value_internal":301.71903128850005,"distribution":"{\"name\": \"FloatDistribution\", \"attributes\": {\"step\": null, \"low\": 1e-05, \"high\": 1000.0, \"log\": true}}"}
{"op_code":5,"worker_id":"9a2eaf43-300b-433f-864e-bb95f31c9917-136685498074240","trial_id":168,"param_name":"USE_RMS_SCALING","param_value_internal":1,"distribution":"{\"name\": \"CategoricalDistribution\", \"attributes\": {\"choices\": [true, false]}}"}
{"op_code":0,"worker_id":"2243ee0e-66ec-4d2e-8e18-63b5a6e1332a-138843930739840","study_name":"cp_pred_surprise_L4_residual_delta","directions":[2]}
{"op_code":0,"worker_id":"1bb4e8d4-7b05-4f87-bfdc-3ecec3335592-123257063167104","study_name":"cp_pred_surprise_L4_residual_delta","directions":[2]}
{"op_code":0,"worker_id":"4128b77b-5db4-4e49-9a20-ffe847137089-136738135991424","study_name":"cp_pred_surprise_L4_residual_delta","directions":[2]}
{"op_code":0,"worker_id":"0faf5ed0-5521-4731-8327-7d2e8d547726-132930439709824","study_name":"cp_pred_surprise_L4_residual_delta","directions":[2]}
{"op_code":4,"worker_id":"2243ee0e-66ec-4d2e-8e18-63b5a6e1332a-138843930739840","study_id":0,"datetime_start":"2026-05-02T11:56:58.361906"}
{"op_code":4,"worker_id":"4128b77b-5db4-4e49-9a20-ffe847137089-136738135991424","study_id":0,"datetime_start":"2026-05-02T11:56:58.384702"}
{"op_code":4,"worker_id":"0faf5ed0-5521-4731-8327-7d2e8d547726-132930439709824","study_id":0,"datetime_start":"2026-05-02T11:56:58.402696"}
{"op_code":5,"worker_id":"4128b77b-5db4-4e49-9a20-ffe847137089-136738135991424","trial_id":170,"param_name":"RANK_REGRESS","param_value_internal":19.0,"distribution":"{\"name\": \"IntDistribution\", \"attributes\": {\"log\": false, \"step\": 1, \"low\": 5, \"high\": 80}}"}
{"op_code":0,"worker_id":"ba2843a6-e81f-449b-8cc3-f8746845b48c-134596738552960","study_name":"cp_pred_surprise_L4_residual_delta","directions":[2]}
{"op_code":0,"worker_id":"d672b11e-a646-4921-bfb1-d8cef021d99f-124508048639104","study_name":"cp_pred_surprise_L4_residual_delta","directions":[2]}
{"op_code":5,"worker_id":"0faf5ed0-5521-4731-8327-7d2e8d547726-132930439709824","trial_id":171,"param_name":"RANK_REGRESS","param_value_internal":58.0,"distribution":"{\"name\": \"IntDistribution\", \"attributes\": {\"log\": false, \"step\": 1, \"low\": 5, \"high\": 80}}"}
{"op_code":5,"worker_id":"4128b77b-5db4-4e49-9a20-ffe847137089-136738135991424","trial_id":170,"param_name":"REG_W","param_value_internal":0.16938794371868313,"distribution":"{\"name\": \"FloatDistribution\", \"attributes\": {\"step\": null, \"low\": 1e-05, \"high\": 1000.0, \"log\": true}}"}
{"op_code":5,"worker_id":"0faf5ed0-5521-4731-8327-7d2e8d547726-132930439709824","trial_id":171,"param_name":"REG_W","param_value_internal":3.3860392693101247e-05,"distribution":"{\"name\": \"FloatDistribution\", \"attributes\": {\"step\": null, \"low\": 1e-05, \"high\": 1000.0, \"log\": true}}"}
{"op_code":4,"worker_id":"ba2843a6-e81f-449b-8cc3-f8746845b48c-134596738552960","study_id":0,"datetime_start":"2026-05-02T11:56:58.609837"}
{"op_code":5,"worker_id":"4128b77b-5db4-4e49-9a20-ffe847137089-136738135991424","trial_id":170,"param_name":"USE_RMS_SCALING","param_value_internal":1,"distribution":"{\"name\": \"CategoricalDistribution\", \"attributes\": {\"choices\": [true, false]}}"}
{"op_code":4,"worker_id":"d672b11e-a646-4921-bfb1-d8cef021d99f-124508048639104","study_id":0,"datetime_start":"2026-05-02T11:56:58.610321"}
{"op_code":0,"worker_id":"94fc9716-0f0a-446a-b628-5e3ff1e2e83e-138861215044736","study_name":"cp_pred_surprise_L4_residual_delta","directions":[2]}
{"op_code":5,"worker_id":"0faf5ed0-5521-4731-8327-7d2e8d547726-132930439709824","trial_id":171,"param_name":"USE_RMS_SCALING","param_value_internal":0,"distribution":"{\"name\": \"CategoricalDistribution\", \"attributes\": {\"choices\": [true, false]}}"}
{"op_code":5,"worker_id":"ba2843a6-e81f-449b-8cc3-f8746845b48c-134596738552960","trial_id":172,"param_name":"RANK_REGRESS","param_value_internal":76.0,"distribution":"{\"name\": \"IntDistribution\", \"attributes\": {\"log\": false, \"step\": 1, \"low\": 5, \"high\": 80}}"}
{"op_code":5,"worker_id":"d672b11e-a646-4921-bfb1-d8cef021d99f-124508048639104","trial_id":173,"param_name":"RANK_REGRESS","param_value_internal":71.0,"distribution":"{\"name\": \"IntDistribution\", \"attributes\": {\"log\": false, \"step\": 1, \"low\": 5, \"high\": 80}}"}
{"op_code":4,"worker_id":"94fc9716-0f0a-446a-b628-5e3ff1e2e83e-138861215044736","study_id":0,"datetime_start":"2026-05-02T11:56:58.749469"}
{"op_code":5,"worker_id":"ba2843a6-e81f-449b-8cc3-f8746845b48c-134596738552960","trial_id":172,"param_name":"REG_W","param_value_internal":15.405637871058696,"distribution":"{\"name\": \"FloatDistribution\", \"attributes\": {\"step\": null, \"low\": 1e-05, \"high\": 1000.0, \"log\": true}}"}
{"op_code":5,"worker_id":"94fc9716-0f0a-446a-b628-5e3ff1e2e83e-138861215044736","trial_id":174,"param_name":"RANK_REGRESS","param_value_internal":50.0,"distribution":"{\"name\": \"IntDistribution\", \"attributes\": {\"log\": false, \"step\": 1, \"low\": 5, \"high\": 80}}"}
{"op_code":5,"worker_id":"ba2843a6-e81f-449b-8cc3-f8746845b48c-134596738552960","trial_id":172,"param_name":"USE_RMS_SCALING","param_value_internal":1,"distribution":"{\"name\": \"CategoricalDistribution\", \"attributes\": {\"choices\": [true, false]}}"}
{"op_code":5,"worker_id":"94fc9716-0f0a-446a-b628-5e3ff1e2e83e-138861215044736","trial_id":174,"param_name":"REG_W","param_value_internal":234.71182093734387,"distribution":"{\"name\": \"FloatDistribution\", \"attributes\": {\"step\": null, \"low\": 1e-05, \"high\": 1000.0, \"log\": true}}"}
{"op_code":5,"worker_id":"94fc9716-0f0a-446a-b628-5e3ff1e2e83e-138861215044736","trial_id":174,"param_name":"USE_RMS_SCALING","param_value_internal":1,"distribution":"{\"name\": \"CategoricalDistribution\", \"attributes\": {\"choices\": [true, false]}}"}
{"op_code":5,"worker_id":"d672b11e-a646-4921-bfb1-d8cef021d99f-124508048639104","trial_id":173,"param_name":"REG_W","param_value_internal":0.0004544467034751121,"distribution":"{\"name\": \"FloatDistribution\", \"attributes\": {\"step\": null, \"low\": 1e-05, \"high\": 1000.0, \"log\": true}}"}
{"op_code":5,"worker_id":"d672b11e-a646-4921-bfb1-d8cef021d99f-124508048639104","trial_id":173,"param_name":"USE_RMS_SCALING","param_value_internal":0,"distribution":"{\"name\": \"CategoricalDistribution\", \"attributes\": {\"choices\": [true, false]}}"}
{"op_code":4,"worker_id":"1bb4e8d4-7b05-4f87-bfdc-3ecec3335592-123257063167104","study_id":0,"datetime_start":"2026-05-02T11:56:58.370728"}
{"op_code":5,"worker_id":"2243ee0e-66ec-4d2e-8e18-63b5a6e1332a-138843930739840","trial_id":169,"param_name":"RANK_REGRESS","param_value_internal":35.0,"distribution":"{\"name\": \"IntDistribution\", \"attributes\": {\"log\": false, \"step\": 1, \"low\": 5, \"high\": 80}}"}
{"op_code":5,"worker_id":"1bb4e8d4-7b05-4f87-bfdc-3ecec3335592-123257063167104","trial_id":175,"param_name":"RANK_REGRESS","param_value_internal":11.0,"distribution":"{\"name\": \"IntDistribution\", \"attributes\": {\"log\": false, \"step\": 1, \"low\": 5, \"high\": 80}}"}
{"op_code":5,"worker_id":"2243ee0e-66ec-4d2e-8e18-63b5a6e1332a-138843930739840","trial_id":169,"param_name":"REG_W","param_value_internal":0.46829873939853767,"distribution":"{\"name\": \"FloatDistribution\", \"attributes\": {\"step\": null, \"low\": 1e-05, \"high\": 1000.0, \"log\": true}}"}
{"op_code":5,"worker_id":"1bb4e8d4-7b05-4f87-bfdc-3ecec3335592-123257063167104","trial_id":175,"param_name":"REG_W","param_value_internal":0.008242452255050237,"distribution":"{\"name\": \"FloatDistribution\", \"attributes\": {\"step\": null, \"low\": 1e-05, \"high\": 1000.0, \"log\": true}}"}
{"op_code":5,"worker_id":"2243ee0e-66ec-4d2e-8e18-63b5a6e1332a-138843930739840","trial_id":169,"param_name":"USE_RMS_SCALING","param_value_internal":0,"distribution":"{\"name\": \"CategoricalDistribution\", \"attributes\": {\"choices\": [true, false]}}"}
{"op_code":5,"worker_id":"1bb4e8d4-7b05-4f87-bfdc-3ecec3335592-123257063167104","trial_id":175,"param_name":"USE_RMS_SCALING","param_value_internal":1,"distribution":"{\"name\": \"CategoricalDistribution\", \"attributes\": {\"choices\": [true, false]}}"}
{"op_code":0,"worker_id":"877eaa86-1997-4e9e-b01c-3811d6b2dcb3-136845501285504","study_name":"cp_pred_surprise_L4_residual_delta","directions":[2]}
{"op_code":4,"worker_id":"877eaa86-1997-4e9e-b01c-3811d6b2dcb3-136845501285504","study_id":0,"datetime_start":"2026-05-02T11:56:59.106010"}
{"op_code":5,"worker_id":"877eaa86-1997-4e9e-b01c-3811d6b2dcb3-136845501285504","trial_id":176,"param_name":"RANK_REGRESS","param_value_internal":45.0,"distribution":"{\"name\": \"IntDistribution\", \"attributes\": {\"log\": false, \"step\": 1, \"low\": 5, \"high\": 80}}"}
{"op_code":5,"worker_id":"877eaa86-1997-4e9e-b01c-3811d6b2dcb3-136845501285504","trial_id":176,"param_name":"REG_W","param_value_internal":130.6149693071396,"distribution":"{\"name\": \"FloatDistribution\", \"attributes\": {\"step\": null, \"low\": 1e-05, \"high\": 1000.0, \"log\": true}}"}
{"op_code":5,"worker_id":"877eaa86-1997-4e9e-b01c-3811d6b2dcb3-136845501285504","trial_id":176,"param_name":"USE_RMS_SCALING","param_value_internal":1,"distribution":"{\"name\": \"CategoricalDistribution\", \"attributes\": {\"choices\": [true, false]}}"}
{"op_code":0,"worker_id":"2b404dd9-54e6-4d87-9c60-7a9f08d6fbdd-133813987579008","study_name":"cp_pred_surprise_L4_residual_delta","directions":[2]}
{"op_code":0,"worker_id":"e07a6d4a-3740-4ec3-896e-044b7956aa1f-137786909283456","study_name":"cp_pred_surprise_L4_residual_delta","directions":[2]}
{"op_code":0,"worker_id":"f85b498c-ae8c-48f5-a161-c3cb843da975-125146908734592","study_name":"cp_pred_surprise_L4_residual_delta","directions":[2]}
{"op_code":0,"worker_id":"eb56d468-224c-4e81-a5c4-7b2bb7ef66b3-137116809188480","study_name":"cp_pred_surprise_L4_residual_delta","directions":[2]}
{"op_code":4,"worker_id":"e07a6d4a-3740-4ec3-896e-044b7956aa1f-137786909283456","study_id":0,"datetime_start":"2026-05-02T11:57:00.975345"}
{"op_code":4,"worker_id":"f85b498c-ae8c-48f5-a161-c3cb843da975-125146908734592","study_id":0,"datetime_start":"2026-05-02T11:57:00.975715"}
{"op_code":5,"worker_id":"e07a6d4a-3740-4ec3-896e-044b7956aa1f-137786909283456","trial_id":177,"param_name":"RANK_REGRESS","param_value_internal":48.0,"distribution":"{\"name\": \"IntDistribution\", \"attributes\": {\"log\": false, \"step\": 1, \"low\": 5, \"high\": 80}}"}
{"op_code":5,"worker_id":"f85b498c-ae8c-48f5-a161-c3cb843da975-125146908734592","trial_id":178,"param_name":"RANK_REGRESS","param_value_internal":57.0,"distribution":"{\"name\": \"IntDistribution\", \"attributes\": {\"log\": false, \"step\": 1, \"low\": 5, \"high\": 80}}"}
{"op_code":5,"worker_id":"e07a6d4a-3740-4ec3-896e-044b7956aa1f-137786909283456","trial_id":177,"param_name":"REG_W","param_value_internal":0.0004037791105768921,"distribution":"{\"name\": \"FloatDistribution\", \"attributes\": {\"step\": null, \"low\": 1e-05, \"high\": 1000.0, \"log\": true}}"}
{"op_code":5,"worker_id":"f85b498c-ae8c-48f5-a161-c3cb843da975-125146908734592","trial_id":178,"param_name":"REG_W","param_value_internal":0.0028316244663718496,"distribution":"{\"name\": \"FloatDistribution\", \"attributes\": {\"step\": null, \"low\": 1e-05, \"high\": 1000.0, \"log\": true}}"}
{"op_code":5,"worker_id":"e07a6d4a-3740-4ec3-896e-044b7956aa1f-137786909283456","trial_id":177,"param_name":"USE_RMS_SCALING","param_value_internal":1,"distribution":"{\"name\": \"CategoricalDistribution\", \"attributes\": {\"choices\": [true, false]}}"}
{"op_code":5,"worker_id":"f85b498c-ae8c-48f5-a161-c3cb843da975-125146908734592","trial_id":178,"param_name":"USE_RMS_SCALING","param_value_internal":0,"distribution":"{\"name\": \"CategoricalDistribution\", \"attributes\": {\"choices\": [true, false]}}"}
{"op_code":4,"worker_id":"2b404dd9-54e6-4d87-9c60-7a9f08d6fbdd-133813987579008","study_id":0,"datetime_start":"2026-05-02T11:57:00.977241"}
{"op_code":5,"worker_id":"2b404dd9-54e6-4d87-9c60-7a9f08d6fbdd-133813987579008","trial_id":179,"param_name":"RANK_REGRESS","param_value_internal":53.0,"distribution":"{\"name\": \"IntDistribution\", \"attributes\": {\"log\": false, \"step\": 1, \"low\": 5, \"high\": 80}}"}
{"op_code":5,"worker_id":"2b404dd9-54e6-4d87-9c60-7a9f08d6fbdd-133813987579008","trial_id":179,"param_name":"REG_W","param_value_internal":0.012307888808987411,"distribution":"{\"name\": \"FloatDistribution\", \"attributes\": {\"step\": null, \"low\": 1e-05, \"high\": 1000.0, \"log\": true}}"}
{"op_code":5,"worker_id":"2b404dd9-54e6-4d87-9c60-7a9f08d6fbdd-133813987579008","trial_id":179,"param_name":"USE_RMS_SCALING","param_value_internal":1,"distribution":"{\"name\": \"CategoricalDistribution\", \"attributes\": {\"choices\": [true, false]}}"}
{"op_code":4,"worker_id":"eb56d468-224c-4e81-a5c4-7b2bb7ef66b3-137116809188480","study_id":0,"datetime_start":"2026-05-02T11:57:00.993990"}
{"op_code":5,"worker_id":"eb56d468-224c-4e81-a5c4-7b2bb7ef66b3-137116809188480","trial_id":180,"param_name":"RANK_REGRESS","param_value_internal":23.0,"distribution":"{\"name\": \"IntDistribution\", \"attributes\": {\"log\": false, \"step\": 1, \"low\": 5, \"high\": 80}}"}
{"op_code":5,"worker_id":"eb56d468-224c-4e81-a5c4-7b2bb7ef66b3-137116809188480","trial_id":180,"param_name":"REG_W","param_value_internal":0.000163807455064349,"distribution":"{\"name\": \"FloatDistribution\", \"attributes\": {\"step\": null, \"low\": 1e-05, \"high\": 1000.0, \"log\": true}}"}
{"op_code":5,"worker_id":"eb56d468-224c-4e81-a5c4-7b2bb7ef66b3-137116809188480","trial_id":180,"param_name":"USE_RMS_SCALING","param_value_internal":1,"distribution":"{\"name\": \"CategoricalDistribution\", \"attributes\": {\"choices\": [true, false]}}"}
{"op_code":6,"worker_id":"eac5570b-9775-4a11-bc5f-b3d674c9557f-137681122288768","trial_id":150,"state":1,"values":[0.0],"datetime_complete":"2026-05-02T14:22:19.432564"}
{"op_code":4,"worker_id":"eac5570b-9775-4a11-bc5f-b3d674c9557f-137681122288768","study_id":0,"datetime_start":"2026-05-02T14:22:19.502185"}
{"op_code":5,"worker_id":"eac5570b-9775-4a11-bc5f-b3d674c9557f-137681122288768","trial_id":181,"param_name":"RANK_REGRESS","param_value_internal":79.0,"distribution":"{\"name\": \"IntDistribution\", \"attributes\": {\"log\": false, \"step\": 1, \"low\": 5, \"high\": 80}}"}
{"op_code":5,"worker_id":"eac5570b-9775-4a11-bc5f-b3d674c9557f-137681122288768","trial_id":181,"param_name":"REG_W","param_value_internal":17.578974240327728,"distribution":"{\"name\": \"FloatDistribution\", \"attributes\": {\"step\": null, \"low\": 1e-05, \"high\": 1000.0, \"log\": true}}"}
{"op_code":5,"worker_id":"eac5570b-9775-4a11-bc5f-b3d674c9557f-137681122288768","trial_id":181,"param_name":"USE_RMS_SCALING","param_value_internal":0,"distribution":"{\"name\": \"CategoricalDistribution\", \"attributes\": {\"choices\": [true, false]}}"}
{"op_code":6,"worker_id":"5e95381e-37e4-4df3-8a1a-c1454bed528f-124914902733952","trial_id":116,"state":1,"values":[0.0],"datetime_complete":"2026-05-02T14:48:36.740720"}
{"op_code":4,"worker_id":"5e95381e-37e4-4df3-8a1a-c1454bed528f-124914902733952","study_id":0,"datetime_start":"2026-05-02T14:48:36.844473"}
{"op_code":5,"worker_id":"5e95381e-37e4-4df3-8a1a-c1454bed528f-124914902733952","trial_id":182,"param_name":"RANK_REGRESS","param_value_internal":75.0,"distribution":"{\"name\": \"IntDistribution\", \"attributes\": {\"log\": false, \"step\": 1, \"low\": 5, \"high\": 80}}"}
{"op_code":5,"worker_id":"5e95381e-37e4-4df3-8a1a-c1454bed528f-124914902733952","trial_id":182,"param_name":"REG_W","param_value_internal":0.42758477550251855,"distribution":"{\"name\": \"FloatDistribution\", \"attributes\": {\"step\": null, \"low\": 1e-05, \"high\": 1000.0, \"log\": true}}"}
{"op_code":5,"worker_id":"5e95381e-37e4-4df3-8a1a-c1454bed528f-124914902733952","trial_id":182,"param_name":"USE_RMS_SCALING","param_value_internal":0,"distribution":"{\"name\": \"CategoricalDistribution\", \"attributes\": {\"choices\": [true, false]}}"}
{"op_code":6,"worker_id":"fd4c6e84-e123-4952-a6cc-c352051059da-134957476656256","trial_id":154,"state":1,"values":[-0.43118606515715047],"datetime_complete":"2026-05-02T14:50:08.751912"}
{"op_code":4,"worker_id":"fd4c6e84-e123-4952-a6cc-c352051059da-134957476656256","study_id":0,"datetime_start":"2026-05-02T14:50:08.815592"}
{"op_code":5,"worker_id":"fd4c6e84-e123-4952-a6cc-c352051059da-134957476656256","trial_id":183,"param_name":"RANK_REGRESS","param_value_internal":6.0,"distribution":"{\"name\": \"IntDistribution\", \"attributes\": {\"log\": false, \"step\": 1, \"low\": 5, \"high\": 80}}"}
{"op_code":5,"worker_id":"fd4c6e84-e123-4952-a6cc-c352051059da-134957476656256","trial_id":183,"param_name":"REG_W","param_value_internal":8.880172201263653,"distribution":"{\"name\": \"FloatDistribution\", \"attributes\": {\"step\": null, \"low\": 1e-05, \"high\": 1000.0, \"log\": true}}"}
{"op_code":5,"worker_id":"fd4c6e84-e123-4952-a6cc-c352051059da-134957476656256","trial_id":183,"param_name":"USE_RMS_SCALING","param_value_internal":0,"distribution":"{\"name\": \"CategoricalDistribution\", \"attributes\": {\"choices\": [true, false]}}"}
{"op_code":6,"worker_id":"a37e7d93-2c5c-481c-a7c4-504c7826ce83-124983939982464","trial_id":132,"state":1,"values":[-0.4746855813865786],"datetime_complete":"2026-05-02T15:09:09.047022"}
{"op_code":4,"worker_id":"a37e7d93-2c5c-481c-a7c4-504c7826ce83-124983939982464","study_id":0,"datetime_start":"2026-05-02T15:09:09.096547"}
{"op_code":5,"worker_id":"a37e7d93-2c5c-481c-a7c4-504c7826ce83-124983939982464","trial_id":184,"param_name":"RANK_REGRESS","param_value_internal":9.0,"distribution":"{\"name\": \"IntDistribution\", \"attributes\": {\"log\": false, \"step\": 1, \"low\": 5, \"high\": 80}}"}
{"op_code":5,"worker_id":"a37e7d93-2c5c-481c-a7c4-504c7826ce83-124983939982464","trial_id":184,"param_name":"REG_W","param_value_internal":0.0039005717155808535,"distribution":"{\"name\": \"FloatDistribution\", \"attributes\": {\"step\": null, \"low\": 1e-05, \"high\": 1000.0, \"log\": true}}"}
{"op_code":5,"worker_id":"a37e7d93-2c5c-481c-a7c4-504c7826ce83-124983939982464","trial_id":184,"param_name":"USE_RMS_SCALING","param_value_internal":0,"distribution":"{\"name\": \"CategoricalDistribution\", \"attributes\": {\"choices\": [true, false]}}"}
{"op_code":6,"worker_id":"1bb4e8d4-7b05-4f87-bfdc-3ecec3335592-123257063167104","trial_id":175,"state":1,"values":[-0.6537816965415737],"datetime_complete":"2026-05-02T16:09:59.118719"}
{"op_code":4,"worker_id":"1bb4e8d4-7b05-4f87-bfdc-3ecec3335592-123257063167104","study_id":0,"datetime_start":"2026-05-02T16:09:59.195102"}
{"op_code":5,"worker_id":"1bb4e8d4-7b05-4f87-bfdc-3ecec3335592-123257063167104","trial_id":185,"param_name":"RANK_REGRESS","param_value_internal":63.0,"distribution":"{\"name\": \"IntDistribution\", \"attributes\": {\"log\": false, \"step\": 1, \"low\": 5, \"high\": 80}}"}
{"op_code":5,"worker_id":"1bb4e8d4-7b05-4f87-bfdc-3ecec3335592-123257063167104","trial_id":185,"param_name":"REG_W","param_value_internal":0.04315880003804881,"distribution":"{\"name\": \"FloatDistribution\", \"attributes\": {\"step\": null, \"low\": 1e-05, \"high\": 1000.0, \"log\": true}}"}
{"op_code":5,"worker_id":"1bb4e8d4-7b05-4f87-bfdc-3ecec3335592-123257063167104","trial_id":185,"param_name":"USE_RMS_SCALING","param_value_internal":0,"distribution":"{\"name\": \"CategoricalDistribution\", \"attributes\": {\"choices\": [true, false]}}"}
{"op_code":6,"worker_id":"70529981-3581-43d4-97e4-bf46996ee23a-128300044149888","trial_id":120,"state":1,"values":[0.0],"datetime_complete":"2026-05-02T16:21:51.886066"}
{"op_code":4,"worker_id":"70529981-3581-43d4-97e4-bf46996ee23a-128300044149888","study_id":0,"datetime_start":"2026-05-02T16:21:51.939861"}
{"op_code":9,"worker_id":"70529981-3581-43d4-97e4-bf46996ee23a-128300044149888","trial_id":186,"system_attr":{"tpe:relative_params:0":"{\"RANK_REGRESS\": 35, \"REG_W\": 606.017222087893, \"USE_RMS_SCALING\": true}"}}
{"op_code":5,"worker_id":"70529981-3581-43d4-97e4-bf46996ee23a-128300044149888","trial_id":186,"param_name":"RANK_REGRESS","param_value_internal":35.0,"distribution":"{\"name\": \"IntDistribution\", \"attributes\": {\"log\": false, \"step\": 1, \"low\": 5, \"high\": 80}}"}
{"op_code":5,"worker_id":"70529981-3581-43d4-97e4-bf46996ee23a-128300044149888","trial_id":186,"param_name":"REG_W","param_value_internal":606.017222087893,"distribution":"{\"name\": \"FloatDistribution\", \"attributes\": {\"step\": null, \"low\": 1e-05, \"high\": 1000.0, \"log\": true}}"}
{"op_code":5,"worker_id":"70529981-3581-43d4-97e4-bf46996ee23a-128300044149888","trial_id":186,"param_name":"USE_RMS_SCALING","param_value_internal":0,"distribution":"{\"name\": \"CategoricalDistribution\", \"attributes\": {\"choices\": [true, false]}}"}
{"op_code":6,"worker_id":"9a2eaf43-300b-433f-864e-bb95f31c9917-136685498074240","trial_id":168,"state":1,"values":[0.0],"datetime_complete":"2026-05-02T16:34:40.291367"}
{"op_code":4,"worker_id":"9a2eaf43-300b-433f-864e-bb95f31c9917-136685498074240","study_id":0,"datetime_start":"2026-05-02T16:34:40.368595"}
{"op_code":9,"worker_id":"9a2eaf43-300b-433f-864e-bb95f31c9917-136685498074240","trial_id":187,"system_attr":{"tpe:relative_params:0":"{\"RANK_REGRESS\": 22, \"REG_W\": 106.60814377362922, \"USE_RMS_SCALING\": true}"}}
{"op_code":5,"worker_id":"9a2eaf43-300b-433f-864e-bb95f31c9917-136685498074240","trial_id":187,"param_name":"RANK_REGRESS","param_value_internal":22.0,"distribution":"{\"name\": \"IntDistribution\", \"attributes\": {\"log\": false, \"step\": 1, \"low\": 5, \"high\": 80}}"}
{"op_code":5,"worker_id":"9a2eaf43-300b-433f-864e-bb95f31c9917-136685498074240","trial_id":187,"param_name":"REG_W","param_value_internal":106.60814377362922,"distribution":"{\"name\": \"FloatDistribution\", \"attributes\": {\"step\": null, \"low\": 1e-05, \"high\": 1000.0, \"log\": true}}"}
{"op_code":5,"worker_id":"9a2eaf43-300b-433f-864e-bb95f31c9917-136685498074240","trial_id":187,"param_name":"USE_RMS_SCALING","param_value_internal":0,"distribution":"{\"name\": \"CategoricalDistribution\", \"attributes\": {\"choices\": [true, false]}}"}
{"op_code":6,"worker_id":"7ced47fc-5a57-4891-86ef-53fe817ad2f4-133982711387264","trial_id":98,"state":1,"values":[-0.9975392637255652],"datetime_complete":"2026-05-02T16:48:27.727650"}
{"op_code":4,"worker_id":"7ced47fc-5a57-4891-86ef-53fe817ad2f4-133982711387264","study_id":0,"datetime_start":"2026-05-02T16:48:27.775021"}
{"op_code":9,"worker_id":"7ced47fc-5a57-4891-86ef-53fe817ad2f4-133982711387264","trial_id":188,"system_attr":{"tpe:relative_params:0":"{\"RANK_REGRESS\": 34, \"REG_W\": 120.34089667597733, \"USE_RMS_SCALING\": true}"}}
{"op_code":5,"worker_id":"7ced47fc-5a57-4891-86ef-53fe817ad2f4-133982711387264","trial_id":188,"param_name":"RANK_REGRESS","param_value_internal":34.0,"distribution":"{\"name\": \"IntDistribution\", \"attributes\": {\"log\": false, \"step\": 1, \"low\": 5, \"high\": 80}}"}
{"op_code":5,"worker_id":"7ced47fc-5a57-4891-86ef-53fe817ad2f4-133982711387264","trial_id":188,"param_name":"REG_W","param_value_internal":120.34089667597733,"distribution":"{\"name\": \"FloatDistribution\", \"attributes\": {\"step\": null, \"low\": 1e-05, \"high\": 1000.0, \"log\": true}}"}
{"op_code":5,"worker_id":"7ced47fc-5a57-4891-86ef-53fe817ad2f4-133982711387264","trial_id":188,"param_name":"USE_RMS_SCALING","param_value_internal":0,"distribution":"{\"name\": \"CategoricalDistribution\", \"attributes\": {\"choices\": [true, false]}}"}
{"op_code":6,"worker_id":"4d8f0190-bb9f-4517-be96-cd547b4640ef-131895313265792","trial_id":164,"state":1,"values":[-0.5054608567950601],"datetime_complete":"2026-05-02T17:03:08.641645"}
{"op_code":4,"worker_id":"4d8f0190-bb9f-4517-be96-cd547b4640ef-131895313265792","study_id":0,"datetime_start":"2026-05-02T17:03:08.720114"}
{"op_code":9,"worker_id":"4d8f0190-bb9f-4517-be96-cd547b4640ef-131895313265792","trial_id":189,"system_attr":{"tpe:relative_params:0":"{\"RANK_REGRESS\": 27, \"REG_W\": 13.86140291435002, \"USE_RMS_SCALING\": true}"}}
{"op_code":5,"worker_id":"4d8f0190-bb9f-4517-be96-cd547b4640ef-131895313265792","trial_id":189,"param_name":"RANK_REGRESS","param_value_internal":27.0,"distribution":"{\"name\": \"IntDistribution\", \"attributes\": {\"log\": false, \"step\": 1, \"low\": 5, \"high\": 80}}"}
{"op_code":5,"worker_id":"4d8f0190-bb9f-4517-be96-cd547b4640ef-131895313265792","trial_id":189,"param_name":"REG_W","param_value_internal":13.86140291435002,"distribution":"{\"name\": \"FloatDistribution\", \"attributes\": {\"step\": null, \"low\": 1e-05, \"high\": 1000.0, \"log\": true}}"}
{"op_code":5,"worker_id":"4d8f0190-bb9f-4517-be96-cd547b4640ef-131895313265792","trial_id":189,"param_name":"USE_RMS_SCALING","param_value_internal":0,"distribution":"{\"name\": \"CategoricalDistribution\", \"attributes\": {\"choices\": [true, false]}}"}
{"op_code":6,"worker_id":"fd4c6e84-e123-4952-a6cc-c352051059da-134957476656256","trial_id":183,"state":1,"values":[-0.0026733037132102844],"datetime_complete":"2026-05-02T17:14:48.303254"}
{"op_code":4,"worker_id":"fd4c6e84-e123-4952-a6cc-c352051059da-134957476656256","study_id":0,"datetime_start":"2026-05-02T17:14:48.358274"}
{"op_code":9,"worker_id":"fd4c6e84-e123-4952-a6cc-c352051059da-134957476656256","trial_id":190,"system_attr":{"tpe:relative_params:0":"{\"RANK_REGRESS\": 37, \"REG_W\": 789.1905109443046, \"USE_RMS_SCALING\": true}"}}
{"op_code":5,"worker_id":"fd4c6e84-e123-4952-a6cc-c352051059da-134957476656256","trial_id":190,"param_name":"RANK_REGRESS","param_value_internal":37.0,"distribution":"{\"name\": \"IntDistribution\", \"attributes\": {\"log\": false, \"step\": 1, \"low\": 5, \"high\": 80}}"}
{"op_code":5,"worker_id":"fd4c6e84-e123-4952-a6cc-c352051059da-134957476656256","trial_id":190,"param_name":"REG_W","param_value_internal":789.1905109443046,"distribution":"{\"name\": \"FloatDistribution\", \"attributes\": {\"step\": null, \"low\": 1e-05, \"high\": 1000.0, \"log\": true}}"}
{"op_code":5,"worker_id":"fd4c6e84-e123-4952-a6cc-c352051059da-134957476656256","trial_id":190,"param_name":"USE_RMS_SCALING","param_value_internal":0,"distribution":"{\"name\": \"CategoricalDistribution\", \"attributes\": {\"choices\": [true, false]}}"}
{"op_code":6,"worker_id":"9c463c5d-cc27-49a6-933c-47cd2c47e6d2-131383133889664","trial_id":123,"state":1,"values":[-0.9996232659012803],"datetime_complete":"2026-05-02T17:35:35.274395"}
{"op_code":4,"worker_id":"9c463c5d-cc27-49a6-933c-47cd2c47e6d2-131383133889664","study_id":0,"datetime_start":"2026-05-02T17:35:35.332568"}
{"op_code":9,"worker_id":"9c463c5d-cc27-49a6-933c-47cd2c47e6d2-131383133889664","trial_id":191,"system_attr":{"tpe:relative_params:0":"{\"RANK_REGRESS\": 29, \"REG_W\": 25.294218031486544, \"USE_RMS_SCALING\": true}"}}
{"op_code":5,"worker_id":"9c463c5d-cc27-49a6-933c-47cd2c47e6d2-131383133889664","trial_id":191,"param_name":"RANK_REGRESS","param_value_internal":29.0,"distribution":"{\"name\": \"IntDistribution\", \"attributes\": {\"log\": false, \"step\": 1, \"low\": 5, \"high\": 80}}"}
{"op_code":5,"worker_id":"9c463c5d-cc27-49a6-933c-47cd2c47e6d2-131383133889664","trial_id":191,"param_name":"REG_W","param_value_internal":25.294218031486544,"distribution":"{\"name\": \"FloatDistribution\", \"attributes\": {\"step\": null, \"low\": 1e-05, \"high\": 1000.0, \"log\": true}}"}
{"op_code":5,"worker_id":"9c463c5d-cc27-49a6-933c-47cd2c47e6d2-131383133889664","trial_id":191,"param_name":"USE_RMS_SCALING","param_value_internal":0,"distribution":"{\"name\": \"CategoricalDistribution\", \"attributes\": {\"choices\": [true, false]}}"}
{"op_code":6,"worker_id":"2592febd-08bc-47a8-b8af-bd17b3029d09-136736600298624","trial_id":133,"state":1,"values":[-0.9244274297222708],"datetime_complete":"2026-05-02T17:44:36.824834"}
{"op_code":4,"worker_id":"2592febd-08bc-47a8-b8af-bd17b3029d09-136736600298624","study_id":0,"datetime_start":"2026-05-02T17:44:36.872896"}
{"op_code":9,"worker_id":"2592febd-08bc-47a8-b8af-bd17b3029d09-136736600298624","trial_id":192,"system_attr":{"tpe:relative_params:0":"{\"RANK_REGRESS\": 31, \"REG_W\": 370.4717889429067, \"USE_RMS_SCALING\": true}"}}
{"op_code":5,"worker_id":"2592febd-08bc-47a8-b8af-bd17b3029d09-136736600298624","trial_id":192,"param_name":"RANK_REGRESS","param_value_internal":31.0,"distribution":"{\"name\": \"IntDistribution\", \"attributes\": {\"log\": false, \"step\": 1, \"low\": 5, \"high\": 80}}"}
{"op_code":5,"worker_id":"2592febd-08bc-47a8-b8af-bd17b3029d09-136736600298624","trial_id":192,"param_name":"REG_W","param_value_internal":370.4717889429067,"distribution":"{\"name\": \"FloatDistribution\", \"attributes\": {\"step\": null, \"low\": 1e-05, \"high\": 1000.0, \"log\": true}}"}
{"op_code":5,"worker_id":"2592febd-08bc-47a8-b8af-bd17b3029d09-136736600298624","trial_id":192,"param_name":"USE_RMS_SCALING","param_value_internal":0,"distribution":"{\"name\": \"CategoricalDistribution\", \"attributes\": {\"choices\": [true, false]}}"}
{"op_code":6,"worker_id":"890d7f36-fc06-4916-aea0-7454fef3c9fd-134616634537088","trial_id":100,"state":1,"values":[-0.821727620091241],"datetime_complete":"2026-05-02T17:58:10.453824"}
{"op_code":4,"worker_id":"890d7f36-fc06-4916-aea0-7454fef3c9fd-134616634537088","study_id":0,"datetime_start":"2026-05-02T17:58:10.522924"}
{"op_code":9,"worker_id":"890d7f36-fc06-4916-aea0-7454fef3c9fd-134616634537088","trial_id":193,"system_attr":{"tpe:relative_params:0":"{\"RANK_REGRESS\": 26, \"REG_W\": 881.8959087675057, \"USE_RMS_SCALING\": false}"}}
{"op_code":5,"worker_id":"890d7f36-fc06-4916-aea0-7454fef3c9fd-134616634537088","trial_id":193,"param_name":"RANK_REGRESS","param_value_internal":26.0,"distribution":"{\"name\": \"IntDistribution\", \"attributes\": {\"log\": false, \"step\": 1, \"low\": 5, \"high\": 80}}"}
{"op_code":5,"worker_id":"890d7f36-fc06-4916-aea0-7454fef3c9fd-134616634537088","trial_id":193,"param_name":"REG_W","param_value_internal":881.8959087675057,"distribution":"{\"name\": \"FloatDistribution\", \"attributes\": {\"step\": null, \"low\": 1e-05, \"high\": 1000.0, \"log\": true}}"}
{"op_code":5,"worker_id":"890d7f36-fc06-4916-aea0-7454fef3c9fd-134616634537088","trial_id":193,"param_name":"USE_RMS_SCALING","param_value_internal":1,"distribution":"{\"name\": \"CategoricalDistribution\", \"attributes\": {\"choices\": [true, false]}}"}
{"op_code":6,"worker_id":"b2bcda07-c623-44e7-b0df-d0e6b7978576-138816058725504","trial_id":99,"state":1,"values":[-0.7534560123250436],"datetime_complete":"2026-05-02T18:41:08.652064"}
{"op_code":4,"worker_id":"b2bcda07-c623-44e7-b0df-d0e6b7978576-138816058725504","study_id":0,"datetime_start":"2026-05-02T18:41:08.710832"}
{"op_code":9,"worker_id":"b2bcda07-c623-44e7-b0df-d0e6b7978576-138816058725504","trial_id":194,"system_attr":{"tpe:relative_params:0":"{\"RANK_REGRESS\": 44, \"REG_W\": 76.99893339762303, \"USE_RMS_SCALING\": true}"}}
{"op_code":5,"worker_id":"b2bcda07-c623-44e7-b0df-d0e6b7978576-138816058725504","trial_id":194,"param_name":"RANK_REGRESS","param_value_internal":44.0,"distribution":"{\"name\": \"IntDistribution\", \"attributes\": {\"log\": false, \"step\": 1, \"low\": 5, \"high\": 80}}"}
{"op_code":5,"worker_id":"b2bcda07-c623-44e7-b0df-d0e6b7978576-138816058725504","trial_id":194,"param_name":"REG_W","param_value_internal":76.99893339762303,"distribution":"{\"name\": \"FloatDistribution\", \"attributes\": {\"step\": null, \"low\": 1e-05, \"high\": 1000.0, \"log\": true}}"}
{"op_code":5,"worker_id":"b2bcda07-c623-44e7-b0df-d0e6b7978576-138816058725504","trial_id":194,"param_name":"USE_RMS_SCALING","param_value_internal":0,"distribution":"{\"name\": \"CategoricalDistribution\", \"attributes\": {\"choices\": [true, false]}}"}
{"op_code":6,"worker_id":"a37e7d93-2c5c-481c-a7c4-504c7826ce83-124983939982464","trial_id":184,"state":1,"values":[-0.5554977743056561],"datetime_complete":"2026-05-02T19:08:22.657757"}
{"op_code":4,"worker_id":"a37e7d93-2c5c-481c-a7c4-504c7826ce83-124983939982464","study_id":0,"datetime_start":"2026-05-02T19:08:22.705503"}
{"op_code":9,"worker_id":"a37e7d93-2c5c-481c-a7c4-504c7826ce83-124983939982464","trial_id":195,"system_attr":{"tpe:relative_params:0":"{\"RANK_REGRESS\": 28, \"REG_W\": 377.23193310256534, \"USE_RMS_SCALING\": true}"}}
{"op_code":5,"worker_id":"a37e7d93-2c5c-481c-a7c4-504c7826ce83-124983939982464","trial_id":195,"param_name":"RANK_REGRESS","param_value_internal":28.0,"distribution":"{\"name\": \"IntDistribution\", \"attributes\": {\"log\": false, \"step\": 1, \"low\": 5, \"high\": 80}}"}
{"op_code":5,"worker_id":"a37e7d93-2c5c-481c-a7c4-504c7826ce83-124983939982464","trial_id":195,"param_name":"REG_W","param_value_internal":377.23193310256534,"distribution":"{\"name\": \"FloatDistribution\", \"attributes\": {\"step\": null, \"low\": 1e-05, \"high\": 1000.0, \"log\": true}}"}
{"op_code":5,"worker_id":"a37e7d93-2c5c-481c-a7c4-504c7826ce83-124983939982464","trial_id":195,"param_name":"USE_RMS_SCALING","param_value_internal":0,"distribution":"{\"name\": \"CategoricalDistribution\", \"attributes\": {\"choices\": [true, false]}}"}
{"op_code":6,"worker_id":"4128b77b-5db4-4e49-9a20-ffe847137089-136738135991424","trial_id":170,"state":1,"values":[-0.7596915821814303],"datetime_complete":"2026-05-02T19:42:44.805118"}
{"op_code":4,"worker_id":"4128b77b-5db4-4e49-9a20-ffe847137089-136738135991424","study_id":0,"datetime_start":"2026-05-02T19:42:44.849265"}
{"op_code":9,"worker_id":"4128b77b-5db4-4e49-9a20-ffe847137089-136738135991424","trial_id":196,"system_attr":{"tpe:relative_params:0":"{\"RANK_REGRESS\": 34, \"REG_W\": 9.344507482505268, \"USE_RMS_SCALING\": true}"}}
{"op_code":5,"worker_id":"4128b77b-5db4-4e49-9a20-ffe847137089-136738135991424","trial_id":196,"param_name":"RANK_REGRESS","param_value_internal":34.0,"distribution":"{\"name\": \"IntDistribution\", \"attributes\": {\"log\": false, \"step\": 1, \"low\": 5, \"high\": 80}}"}
{"op_code":5,"worker_id":"4128b77b-5db4-4e49-9a20-ffe847137089-136738135991424","trial_id":196,"param_name":"REG_W","param_value_internal":9.344507482505268,"distribution":"{\"name\": \"FloatDistribution\", \"attributes\": {\"step\": null, \"low\": 1e-05, \"high\": 1000.0, \"log\": true}}"}
{"op_code":5,"worker_id":"4128b77b-5db4-4e49-9a20-ffe847137089-136738135991424","trial_id":196,"param_name":"USE_RMS_SCALING","param_value_internal":0,"distribution":"{\"name\": \"CategoricalDistribution\", \"attributes\": {\"choices\": [true, false]}}"}
{"op_code":6,"worker_id":"20ffa24d-9217-4e41-abe0-37321851f704-140078165832832","trial_id":115,"state":1,"values":[-0.9171094536365932],"datetime_complete":"2026-05-02T19:52:24.015397"}
{"op_code":4,"worker_id":"20ffa24d-9217-4e41-abe0-37321851f704-140078165832832","study_id":0,"datetime_start":"2026-05-02T19:52:24.085350"}
{"op_code":9,"worker_id":"20ffa24d-9217-4e41-abe0-37321851f704-140078165832832","trial_id":197,"system_attr":{"tpe:relative_params:0":"{\"RANK_REGRESS\": 18, \"REG_W\": 263.80942122843555, \"USE_RMS_SCALING\": true}"}}
{"op_code":5,"worker_id":"20ffa24d-9217-4e41-abe0-37321851f704-140078165832832","trial_id":197,"param_name":"RANK_REGRESS","param_value_internal":18.0,"distribution":"{\"name\": \"IntDistribution\", \"attributes\": {\"log\": false, \"step\": 1, \"low\": 5, \"high\": 80}}"}
{"op_code":5,"worker_id":"20ffa24d-9217-4e41-abe0-37321851f704-140078165832832","trial_id":197,"param_name":"REG_W","param_value_internal":263.80942122843555,"distribution":"{\"name\": \"FloatDistribution\", \"attributes\": {\"step\": null, \"low\": 1e-05, \"high\": 1000.0, \"log\": true}}"}
{"op_code":5,"worker_id":"20ffa24d-9217-4e41-abe0-37321851f704-140078165832832","trial_id":197,"param_name":"USE_RMS_SCALING","param_value_internal":0,"distribution":"{\"name\": \"CategoricalDistribution\", \"attributes\": {\"choices\": [true, false]}}"}
{"op_code":6,"worker_id":"545504c3-ce0e-483d-ae0b-41729d10761c-137367374230656","trial_id":108,"state":1,"values":[-0.45414577276338713],"datetime_complete":"2026-05-02T19:52:48.980207"}
{"op_code":4,"worker_id":"545504c3-ce0e-483d-ae0b-41729d10761c-137367374230656","study_id":0,"datetime_start":"2026-05-02T19:52:49.121266"}
{"op_code":9,"worker_id":"545504c3-ce0e-483d-ae0b-41729d10761c-137367374230656","trial_id":198,"system_attr":{"tpe:relative_params:0":"{\"RANK_REGRESS\": 6, \"REG_W\": 922.6405703153454, \"USE_RMS_SCALING\": true}"}}
{"op_code":5,"worker_id":"545504c3-ce0e-483d-ae0b-41729d10761c-137367374230656","trial_id":198,"param_name":"RANK_REGRESS","param_value_internal":6.0,"distribution":"{\"name\": \"IntDistribution\", \"attributes\": {\"log\": false, \"step\": 1, \"low\": 5, \"high\": 80}}"}
{"op_code":5,"worker_id":"545504c3-ce0e-483d-ae0b-41729d10761c-137367374230656","trial_id":198,"param_name":"REG_W","param_value_internal":922.6405703153454,"distribution":"{\"name\": \"FloatDistribution\", \"attributes\": {\"step\": null, \"low\": 1e-05, \"high\": 1000.0, \"log\": true}}"}
{"op_code":5,"worker_id":"545504c3-ce0e-483d-ae0b-41729d10761c-137367374230656","trial_id":198,"param_name":"USE_RMS_SCALING","param_value_internal":0,"distribution":"{\"name\": \"CategoricalDistribution\", \"attributes\": {\"choices\": [true, false]}}"}
{"op_code":6,"worker_id":"bccd51cc-e6dc-4031-aeb1-bbc9de6ee542-137907064124544","trial_id":124,"state":1,"values":[-0.246165221608849],"datetime_complete":"2026-05-02T20:16:43.256175"}
{"op_code":4,"worker_id":"bccd51cc-e6dc-4031-aeb1-bbc9de6ee542-137907064124544","study_id":0,"datetime_start":"2026-05-02T20:16:43.310764"}
{"op_code":9,"worker_id":"bccd51cc-e6dc-4031-aeb1-bbc9de6ee542-137907064124544","trial_id":199,"system_attr":{"tpe:relative_params:0":"{\"RANK_REGRESS\": 17, \"REG_W\": 560.5367330154392, \"USE_RMS_SCALING\": false}"}}
{"op_code":5,"worker_id":"bccd51cc-e6dc-4031-aeb1-bbc9de6ee542-137907064124544","trial_id":199,"param_name":"RANK_REGRESS","param_value_internal":17.0,"distribution":"{\"name\": \"IntDistribution\", \"attributes\": {\"log\": false, \"step\": 1, \"low\": 5, \"high\": 80}}"}
{"op_code":5,"worker_id":"bccd51cc-e6dc-4031-aeb1-bbc9de6ee542-137907064124544","trial_id":199,"param_name":"REG_W","param_value_internal":560.5367330154392,"distribution":"{\"name\": \"FloatDistribution\", \"attributes\": {\"step\": null, \"low\": 1e-05, \"high\": 1000.0, \"log\": true}}"}
{"op_code":5,"worker_id":"bccd51cc-e6dc-4031-aeb1-bbc9de6ee542-137907064124544","trial_id":199,"param_name":"USE_RMS_SCALING","param_value_internal":1,"distribution":"{\"name\": \"CategoricalDistribution\", \"attributes\": {\"choices\": [true, false]}}"}
{"op_code":6,"worker_id":"e62a866a-f689-428f-a26d-a7cbb434360b-137301604934784","trial_id":142,"state":1,"values":[-0.9016028368783852],"datetime_complete":"2026-05-02T20:26:39.681428"}
{"op_code":4,"worker_id":"e62a866a-f689-428f-a26d-a7cbb434360b-137301604934784","study_id":0,"datetime_start":"2026-05-02T20:26:39.749098"}
{"op_code":9,"worker_id":"e62a866a-f689-428f-a26d-a7cbb434360b-137301604934784","trial_id":200,"system_attr":{"tpe:relative_params:0":"{\"RANK_REGRESS\": 22, \"REG_W\": 4.144212318840624, \"USE_RMS_SCALING\": true}"}}
{"op_code":5,"worker_id":"e62a866a-f689-428f-a26d-a7cbb434360b-137301604934784","trial_id":200,"param_name":"RANK_REGRESS","param_value_internal":22.0,"distribution":"{\"name\": \"IntDistribution\", \"attributes\": {\"log\": false, \"step\": 1, \"low\": 5, \"high\": 80}}"}
{"op_code":5,"worker_id":"e62a866a-f689-428f-a26d-a7cbb434360b-137301604934784","trial_id":200,"param_name":"REG_W","param_value_internal":4.144212318840624,"distribution":"{\"name\": \"FloatDistribution\", \"attributes\": {\"step\": null, \"low\": 1e-05, \"high\": 1000.0, \"log\": true}}"}
{"op_code":5,"worker_id":"e62a866a-f689-428f-a26d-a7cbb434360b-137301604934784","trial_id":200,"param_name":"USE_RMS_SCALING","param_value_internal":0,"distribution":"{\"name\": \"CategoricalDistribution\", \"attributes\": {\"choices\": [true, false]}}"}
{"op_code":6,"worker_id":"f2ba7df6-fc08-4fb3-bc3f-22e8b3c39a7f-133312374555776","trial_id":139,"state":1,"values":[-0.8686333522196978],"datetime_complete":"2026-05-02T20:33:03.669217"}
{"op_code":4,"worker_id":"f2ba7df6-fc08-4fb3-bc3f-22e8b3c39a7f-133312374555776","study_id":0,"datetime_start":"2026-05-02T20:33:03.720547"}
{"op_code":9,"worker_id":"f2ba7df6-fc08-4fb3-bc3f-22e8b3c39a7f-133312374555776","trial_id":201,"system_attr":{"tpe:relative_params:0":"{\"RANK_REGRESS\": 20, \"REG_W\": 386.7005885462687, \"USE_RMS_SCALING\": true}"}}
{"op_code":5,"worker_id":"f2ba7df6-fc08-4fb3-bc3f-22e8b3c39a7f-133312374555776","trial_id":201,"param_name":"RANK_REGRESS","param_value_internal":20.0,"distribution":"{\"name\": \"IntDistribution\", \"attributes\": {\"log\": false, \"step\": 1, \"low\": 5, \"high\": 80}}"}
{"op_code":5,"worker_id":"f2ba7df6-fc08-4fb3-bc3f-22e8b3c39a7f-133312374555776","trial_id":201,"param_name":"REG_W","param_value_internal":386.7005885462687,"distribution":"{\"name\": \"FloatDistribution\", \"attributes\": {\"step\": null, \"low\": 1e-05, \"high\": 1000.0, \"log\": true}}"}
{"op_code":5,"worker_id":"f2ba7df6-fc08-4fb3-bc3f-22e8b3c39a7f-133312374555776","trial_id":201,"param_name":"USE_RMS_SCALING","param_value_internal":0,"distribution":"{\"name\": \"CategoricalDistribution\", \"attributes\": {\"choices\": [true, false]}}"}
{"op_code":6,"worker_id":"b2d68a0d-cb7e-42b5-9761-9bd15148a142-137255077979264","trial_id":97,"state":1,"values":[-1.0],"datetime_complete":"2026-05-02T20:40:13.736497"}
{"op_code":4,"worker_id":"b2d68a0d-cb7e-42b5-9761-9bd15148a142-137255077979264","study_id":0,"datetime_start":"2026-05-02T20:40:13.804846"}
{"op_code":9,"worker_id":"b2d68a0d-cb7e-42b5-9761-9bd15148a142-137255077979264","trial_id":202,"system_attr":{"tpe:relative_params:0":"{\"RANK_REGRESS\": 18, \"REG_W\": 596.7082759895907, \"USE_RMS_SCALING\": true}"}}
{"op_code":5,"worker_id":"b2d68a0d-cb7e-42b5-9761-9bd15148a142-137255077979264","trial_id":202,"param_name":"RANK_REGRESS","param_value_internal":18.0,"distribution":"{\"name\": \"IntDistribution\", \"attributes\": {\"log\": false, \"step\": 1, \"low\": 5, \"high\": 80}}"}
{"op_code":5,"worker_id":"b2d68a0d-cb7e-42b5-9761-9bd15148a142-137255077979264","trial_id":202,"param_name":"REG_W","param_value_internal":596.7082759895907,"distribution":"{\"name\": \"FloatDistribution\", \"attributes\": {\"step\": null, \"low\": 1e-05, \"high\": 1000.0, \"log\": true}}"}
{"op_code":5,"worker_id":"b2d68a0d-cb7e-42b5-9761-9bd15148a142-137255077979264","trial_id":202,"param_name":"USE_RMS_SCALING","param_value_internal":0,"distribution":"{\"name\": \"CategoricalDistribution\", \"attributes\": {\"choices\": [true, false]}}"}
{"op_code":6,"worker_id":"0a464f04-e4d2-4253-8ddc-7729b0c258b3-131293243425920","trial_id":151,"state":1,"values":[-1.0],"datetime_complete":"2026-05-02T21:06:36.376076"}
{"op_code":4,"worker_id":"0a464f04-e4d2-4253-8ddc-7729b0c258b3-131293243425920","study_id":0,"datetime_start":"2026-05-02T21:06:36.420178"}
{"op_code":9,"worker_id":"0a464f04-e4d2-4253-8ddc-7729b0c258b3-131293243425920","trial_id":203,"system_attr":{"tpe:relative_params:0":"{\"RANK_REGRESS\": 46, \"REG_W\": 352.0935243470172, \"USE_RMS_SCALING\": true}"}}
{"op_code":5,"worker_id":"0a464f04-e4d2-4253-8ddc-7729b0c258b3-131293243425920","trial_id":203,"param_name":"RANK_REGRESS","param_value_internal":46.0,"distribution":"{\"name\": \"IntDistribution\", \"attributes\": {\"log\": false, \"step\": 1, \"low\": 5, \"high\": 80}}"}
{"op_code":5,"worker_id":"0a464f04-e4d2-4253-8ddc-7729b0c258b3-131293243425920","trial_id":203,"param_name":"REG_W","param_value_internal":352.0935243470172,"distribution":"{\"name\": \"FloatDistribution\", \"attributes\": {\"step\": null, \"low\": 1e-05, \"high\": 1000.0, \"log\": true}}"}
{"op_code":5,"worker_id":"0a464f04-e4d2-4253-8ddc-7729b0c258b3-131293243425920","trial_id":203,"param_name":"USE_RMS_SCALING","param_value_internal":0,"distribution":"{\"name\": \"CategoricalDistribution\", \"attributes\": {\"choices\": [true, false]}}"}
{"op_code":6,"worker_id":"ca705c9c-ba9b-4870-a4ba-de8e74559c32-140615493284992","trial_id":131,"state":1,"values":[-1.0],"datetime_complete":"2026-05-02T21:19:11.771533"}
{"op_code":4,"worker_id":"ca705c9c-ba9b-4870-a4ba-de8e74559c32-140615493284992","study_id":0,"datetime_start":"2026-05-02T21:19:11.820915"}
{"op_code":9,"worker_id":"ca705c9c-ba9b-4870-a4ba-de8e74559c32-140615493284992","trial_id":204,"system_attr":{"tpe:relative_params:0":"{\"RANK_REGRESS\": 34, \"REG_W\": 21.349403289741964, \"USE_RMS_SCALING\": false}"}}
{"op_code":5,"worker_id":"ca705c9c-ba9b-4870-a4ba-de8e74559c32-140615493284992","trial_id":204,"param_name":"RANK_REGRESS","param_value_internal":34.0,"distribution":"{\"name\": \"IntDistribution\", \"attributes\": {\"log\": false, \"step\": 1, \"low\": 5, \"high\": 80}}"}
{"op_code":5,"worker_id":"ca705c9c-ba9b-4870-a4ba-de8e74559c32-140615493284992","trial_id":204,"param_name":"REG_W","param_value_internal":21.349403289741964,"distribution":"{\"name\": \"FloatDistribution\", \"attributes\": {\"step\": null, \"low\": 1e-05, \"high\": 1000.0, \"log\": true}}"}
{"op_code":5,"worker_id":"ca705c9c-ba9b-4870-a4ba-de8e74559c32-140615493284992","trial_id":204,"param_name":"USE_RMS_SCALING","param_value_internal":1,"distribution":"{\"name\": \"CategoricalDistribution\", \"attributes\": {\"choices\": [true, false]}}"}
{"op_code":6,"worker_id":"94609256-7a5d-4fdb-99b0-3f6aa2a906de-129925997573248","trial_id":166,"state":1,"values":[-0.8861330505861921],"datetime_complete":"2026-05-02T22:22:18.965654"}
{"op_code":4,"worker_id":"94609256-7a5d-4fdb-99b0-3f6aa2a906de-129925997573248","study_id":0,"datetime_start":"2026-05-02T22:22:19.012522"}
{"op_code":9,"worker_id":"94609256-7a5d-4fdb-99b0-3f6aa2a906de-129925997573248","trial_id":205,"system_attr":{"tpe:relative_params:0":"{\"RANK_REGRESS\": 6, \"REG_W\": 830.7799960018502, \"USE_RMS_SCALING\": true}"}}
{"op_code":5,"worker_id":"94609256-7a5d-4fdb-99b0-3f6aa2a906de-129925997573248","trial_id":205,"param_name":"RANK_REGRESS","param_value_internal":6.0,"distribution":"{\"name\": \"IntDistribution\", \"attributes\": {\"log\": false, \"step\": 1, \"low\": 5, \"high\": 80}}"}
{"op_code":5,"worker_id":"94609256-7a5d-4fdb-99b0-3f6aa2a906de-129925997573248","trial_id":205,"param_name":"REG_W","param_value_internal":830.7799960018502,"distribution":"{\"name\": \"FloatDistribution\", \"attributes\": {\"step\": null, \"low\": 1e-05, \"high\": 1000.0, \"log\": true}}"}
{"op_code":5,"worker_id":"94609256-7a5d-4fdb-99b0-3f6aa2a906de-129925997573248","trial_id":205,"param_name":"USE_RMS_SCALING","param_value_internal":0,"distribution":"{\"name\": \"CategoricalDistribution\", \"attributes\": {\"choices\": [true, false]}}"}
{"op_code":6,"worker_id":"335c1eed-a759-4c76-9acf-83a92f2c27a1-129189241209984","trial_id":145,"state":1,"values":[-1.0],"datetime_complete":"2026-05-02T22:28:02.522453"}
{"op_code":4,"worker_id":"335c1eed-a759-4c76-9acf-83a92f2c27a1-129189241209984","study_id":0,"datetime_start":"2026-05-02T22:28:02.589766"}
{"op_code":9,"worker_id":"335c1eed-a759-4c76-9acf-83a92f2c27a1-129189241209984","trial_id":206,"system_attr":{"tpe:relative_params:0":"{\"RANK_REGRESS\": 21, \"REG_W\": 34.7767343845022, \"USE_RMS_SCALING\": false}"}}
{"op_code":5,"worker_id":"335c1eed-a759-4c76-9acf-83a92f2c27a1-129189241209984","trial_id":206,"param_name":"RANK_REGRESS","param_value_internal":21.0,"distribution":"{\"name\": \"IntDistribution\", \"attributes\": {\"log\": false, \"step\": 1, \"low\": 5, \"high\": 80}}"}
{"op_code":5,"worker_id":"335c1eed-a759-4c76-9acf-83a92f2c27a1-129189241209984","trial_id":206,"param_name":"REG_W","param_value_internal":34.7767343845022,"distribution":"{\"name\": \"FloatDistribution\", \"attributes\": {\"step\": null, \"low\": 1e-05, \"high\": 1000.0, \"log\": true}}"}
{"op_code":5,"worker_id":"335c1eed-a759-4c76-9acf-83a92f2c27a1-129189241209984","trial_id":206,"param_name":"USE_RMS_SCALING","param_value_internal":1,"distribution":"{\"name\": \"CategoricalDistribution\", \"attributes\": {\"choices\": [true, false]}}"}
{"op_code":6,"worker_id":"eb56d468-224c-4e81-a5c4-7b2bb7ef66b3-137116809188480","trial_id":180,"state":1,"values":[-1.0],"datetime_complete":"2026-05-02T22:33:13.368079"}
{"op_code":4,"worker_id":"eb56d468-224c-4e81-a5c4-7b2bb7ef66b3-137116809188480","study_id":0,"datetime_start":"2026-05-02T22:33:13.433187"}
{"op_code":9,"worker_id":"eb56d468-224c-4e81-a5c4-7b2bb7ef66b3-137116809188480","trial_id":207,"system_attr":{"tpe:relative_params:0":"{\"RANK_REGRESS\": 14, \"REG_W\": 2.80552953228565, \"USE_RMS_SCALING\": true}"}}
{"op_code":5,"worker_id":"eb56d468-224c-4e81-a5c4-7b2bb7ef66b3-137116809188480","trial_id":207,"param_name":"RANK_REGRESS","param_value_internal":14.0,"distribution":"{\"name\": \"IntDistribution\", \"attributes\": {\"log\": false, \"step\": 1, \"low\": 5, \"high\": 80}}"}
{"op_code":5,"worker_id":"eb56d468-224c-4e81-a5c4-7b2bb7ef66b3-137116809188480","trial_id":207,"param_name":"REG_W","param_value_internal":2.80552953228565,"distribution":"{\"name\": \"FloatDistribution\", \"attributes\": {\"step\": null, \"low\": 1e-05, \"high\": 1000.0, \"log\": true}}"}
{"op_code":5,"worker_id":"eb56d468-224c-4e81-a5c4-7b2bb7ef66b3-137116809188480","trial_id":207,"param_name":"USE_RMS_SCALING","param_value_internal":0,"distribution":"{\"name\": \"CategoricalDistribution\", \"attributes\": {\"choices\": [true, false]}}"}
{"op_code":6,"worker_id":"a4c58fc9-1164-4668-b824-d178847823e0-139639922590848","trial_id":134,"state":1,"values":[-1.0],"datetime_complete":"2026-05-02T22:50:07.437514"}
{"op_code":4,"worker_id":"a4c58fc9-1164-4668-b824-d178847823e0-139639922590848","study_id":0,"datetime_start":"2026-05-02T22:50:07.501328"}
{"op_code":9,"worker_id":"a4c58fc9-1164-4668-b824-d178847823e0-139639922590848","trial_id":208,"system_attr":{"tpe:relative_params:0":"{\"RANK_REGRESS\": 18, \"REG_W\": 42.183757623351134, \"USE_RMS_SCALING\": true}"}}
{"op_code":5,"worker_id":"a4c58fc9-1164-4668-b824-d178847823e0-139639922590848","trial_id":208,"param_name":"RANK_REGRESS","param_value_internal":18.0,"distribution":"{\"name\": \"IntDistribution\", \"attributes\": {\"log\": false, \"step\": 1, \"low\": 5, \"high\": 80}}"}
{"op_code":5,"worker_id":"a4c58fc9-1164-4668-b824-d178847823e0-139639922590848","trial_id":208,"param_name":"REG_W","param_value_internal":42.183757623351134,"distribution":"{\"name\": \"FloatDistribution\", \"attributes\": {\"step\": null, \"low\": 1e-05, \"high\": 1000.0, \"log\": true}}"}
{"op_code":5,"worker_id":"a4c58fc9-1164-4668-b824-d178847823e0-139639922590848","trial_id":208,"param_name":"USE_RMS_SCALING","param_value_internal":0,"distribution":"{\"name\": \"CategoricalDistribution\", \"attributes\": {\"choices\": [true, false]}}"}
{"op_code":6,"worker_id":"0656df68-6b1c-46b4-8cf4-f269c31dbfa3-125285106451584","trial_id":119,"state":1,"values":[-1.0],"datetime_complete":"2026-05-02T23:54:55.851207"}
{"op_code":4,"worker_id":"0656df68-6b1c-46b4-8cf4-f269c31dbfa3-125285106451584","study_id":0,"datetime_start":"2026-05-02T23:54:55.896029"}
{"op_code":9,"worker_id":"0656df68-6b1c-46b4-8cf4-f269c31dbfa3-125285106451584","trial_id":209,"system_attr":{"tpe:relative_params:0":"{\"RANK_REGRESS\": 10, \"REG_W\": 49.82380009120732, \"USE_RMS_SCALING\": true}"}}
{"op_code":5,"worker_id":"0656df68-6b1c-46b4-8cf4-f269c31dbfa3-125285106451584","trial_id":209,"param_name":"RANK_REGRESS","param_value_internal":10.0,"distribution":"{\"name\": \"IntDistribution\", \"attributes\": {\"log\": false, \"step\": 1, \"low\": 5, \"high\": 80}}"}
{"op_code":5,"worker_id":"0656df68-6b1c-46b4-8cf4-f269c31dbfa3-125285106451584","trial_id":209,"param_name":"REG_W","param_value_internal":49.82380009120732,"distribution":"{\"name\": \"FloatDistribution\", \"attributes\": {\"step\": null, \"low\": 1e-05, \"high\": 1000.0, \"log\": true}}"}
{"op_code":5,"worker_id":"0656df68-6b1c-46b4-8cf4-f269c31dbfa3-125285106451584","trial_id":209,"param_name":"USE_RMS_SCALING","param_value_internal":0,"distribution":"{\"name\": \"CategoricalDistribution\", \"attributes\": {\"choices\": [true, false]}}"}
{"op_code":6,"worker_id":"a2d6a88f-cf11-4ab0-b694-d2b5cc853568-129930930336896","trial_id":141,"state":1,"values":[-1.0],"datetime_complete":"2026-05-02T23:57:47.801980"}
{"op_code":6,"worker_id":"2772ac5d-f863-4fb6-8c1f-bed9039e181a-139201099039872","trial_id":135,"state":1,"values":[-0.8361967800084963],"datetime_complete":"2026-05-03T00:50:21.430658"}
{"op_code":6,"worker_id":"545504c3-ce0e-483d-ae0b-41729d10761c-137367374230656","trial_id":198,"state":1,"values":[0.0],"datetime_complete":"2026-05-03T00:55:24.752181"}
{"op_code":6,"worker_id":"94609256-7a5d-4fdb-99b0-3f6aa2a906de-129925997573248","trial_id":205,"state":1,"values":[0.0],"datetime_complete":"2026-05-03T00:58:56.398711"}
{"op_code":6,"worker_id":"57d87e75-9073-481e-98a4-29c4c926ec05-129185487660160","trial_id":111,"state":1,"values":[-0.7704111623005979],"datetime_complete":"2026-05-03T01:30:21.906327"}
{"op_code":6,"worker_id":"1c0aec9a-1f5e-4e97-95f5-9d856b2c8e1c-139393626313856","trial_id":162,"state":1,"values":[-0.11866625652298157],"datetime_complete":"2026-05-03T01:31:55.681038"}
{"op_code":6,"worker_id":"cddf1259-eb7c-4ae5-a604-ccf3a2e0316c-128552641008768","trial_id":101,"state":1,"values":[-1.0],"datetime_complete":"2026-05-03T02:06:15.627197"}
{"op_code":6,"worker_id":"9e6d99d6-6ee9-48b1-a4c6-6b56d9cac8d7-135315230184576","trial_id":122,"state":1,"values":[0.0],"datetime_complete":"2026-05-03T02:23:32.157477"}
{"op_code":6,"worker_id":"367c1f2e-51c5-4901-96f9-2a475558d835-123169403421824","trial_id":103,"state":1,"values":[-1.0],"datetime_complete":"2026-05-03T02:36:52.163923"}
{"op_code":6,"worker_id":"2243ee0e-66ec-4d2e-8e18-63b5a6e1332a-138843930739840","trial_id":169,"state":1,"values":[-0.7996290738625976],"datetime_complete":"2026-05-03T02:45:57.799545"}
{"op_code":6,"worker_id":"9a2eaf43-300b-433f-864e-bb95f31c9917-136685498074240","trial_id":187,"state":1,"values":[0.0],"datetime_complete":"2026-05-03T02:47:05.533046"}
{"op_code":6,"worker_id":"f2ba7df6-fc08-4fb3-bc3f-22e8b3c39a7f-133312374555776","trial_id":201,"state":1,"values":[0.0],"datetime_complete":"2026-05-03T03:10:35.230669"}
{"op_code":6,"worker_id":"b2d68a0d-cb7e-42b5-9761-9bd15148a142-137255077979264","trial_id":202,"state":1,"values":[0.0],"datetime_complete":"2026-05-03T03:17:25.545300"}
{"op_code":6,"worker_id":"890d7f36-fc06-4916-aea0-7454fef3c9fd-134616634537088","trial_id":193,"state":1,"values":[0.0],"datetime_complete":"2026-05-03T03:39:26.418275"}
{"op_code":6,"worker_id":"20ffa24d-9217-4e41-abe0-37321851f704-140078165832832","trial_id":197,"state":1,"values":[0.0],"datetime_complete":"2026-05-03T03:45:10.022331"}
{"op_code":6,"worker_id":"3bde2546-445a-4f5c-ac96-2f366e9d3019-139004618105984","trial_id":167,"state":1,"values":[-0.8674739832176385],"datetime_complete":"2026-05-03T04:05:07.882823"}
{"op_code":6,"worker_id":"0656df68-6b1c-46b4-8cf4-f269c31dbfa3-125285106451584","trial_id":209,"state":1,"values":[0.0],"datetime_complete":"2026-05-03T04:16:22.593305"}
{"op_code":6,"worker_id":"a37e7d93-2c5c-481c-a7c4-504c7826ce83-124983939982464","trial_id":195,"state":1,"values":[0.0],"datetime_complete":"2026-05-03T04:28:37.462718"}
{"op_code":6,"worker_id":"bccd51cc-e6dc-4031-aeb1-bbc9de6ee542-137907064124544","trial_id":199,"state":1,"values":[0.0],"datetime_complete":"2026-05-03T04:31:31.546748"}
{"op_code":6,"worker_id":"eb56d468-224c-4e81-a5c4-7b2bb7ef66b3-137116809188480","trial_id":207,"state":1,"values":[-0.07390238022579658],"datetime_complete":"2026-05-03T04:51:59.835552"}
{"op_code":6,"worker_id":"a4c58fc9-1164-4668-b824-d178847823e0-139639922590848","trial_id":208,"state":1,"values":[0.0],"datetime_complete":"2026-05-03T05:09:38.795773"}
{"op_code":6,"worker_id":"4d8f0190-bb9f-4517-be96-cd547b4640ef-131895313265792","trial_id":189,"state":1,"values":[-0.005895696319109393],"datetime_complete":"2026-05-03T05:37:03.409495"}
{"op_code":6,"worker_id":"06ef1712-b476-4f07-8963-0f67a62ab9b8-130372800873600","trial_id":146,"state":1,"values":[-0.03340428673454351],"datetime_complete":"2026-05-03T05:45:53.302308"}
{"op_code":6,"worker_id":"2268367a-63e3-40d6-b432-bd56ff94777b-138643068691584","trial_id":117,"state":1,"values":[0.0],"datetime_complete":"2026-05-03T05:45:54.998997"}
{"op_code":6,"worker_id":"e15ce689-0d37-4437-b366-29f51c53ed7c-136664888902784","trial_id":156,"state":1,"values":[-1.0],"datetime_complete":"2026-05-03T05:50:56.381965"}
{"op_code":6,"worker_id":"e62a866a-f689-428f-a26d-a7cbb434360b-137301604934784","trial_id":200,"state":1,"values":[-0.06761427739522925],"datetime_complete":"2026-05-03T05:56:55.607482"}
{"op_code":6,"worker_id":"7ced47fc-5a57-4891-86ef-53fe817ad2f4-133982711387264","trial_id":188,"state":1,"values":[0.0],"datetime_complete":"2026-05-03T06:14:51.275943"}
{"op_code":6,"worker_id":"b2bcda07-c623-44e7-b0df-d0e6b7978576-138816058725504","trial_id":194,"state":1,"values":[0.0],"datetime_complete":"2026-05-03T06:15:23.484488"}
{"op_code":6,"worker_id":"539cb9e0-019c-4883-b98d-1f72203902c6-134468788851840","trial_id":165,"state":1,"values":[-1.0],"datetime_complete":"2026-05-03T06:24:39.803929"}
{"op_code":6,"worker_id":"9c463c5d-cc27-49a6-933c-47cd2c47e6d2-131383133889664","trial_id":191,"state":1,"values":[0.0],"datetime_complete":"2026-05-03T06:40:53.406055"}
{"op_code":6,"worker_id":"41f41cb8-3ab9-4bad-be3a-f04bf82d9943-138585146164352","trial_id":148,"state":1,"values":[0.0],"datetime_complete":"2026-05-03T07:28:15.496711"}
{"op_code":6,"worker_id":"335c1eed-a759-4c76-9acf-83a92f2c27a1-129189241209984","trial_id":206,"state":1,"values":[-0.00983003281044681],"datetime_complete":"2026-05-03T07:30:45.282737"}
{"op_code":6,"worker_id":"32208a8e-772a-4e1c-a484-fe372d955b90-129355916706944","trial_id":152,"state":1,"values":[-0.8542272749449963],"datetime_complete":"2026-05-03T07:37:42.879338"}
{"op_code":6,"worker_id":"8474621d-283b-41c8-923d-d4f8d5617aa2-136649410602112","trial_id":163,"state":1,"values":[-1.0],"datetime_complete":"2026-05-03T07:39:39.077156"}
{"op_code":6,"worker_id":"70529981-3581-43d4-97e4-bf46996ee23a-128300044149888","trial_id":186,"state":1,"values":[0.0],"datetime_complete":"2026-05-03T07:40:41.978755"}
{"op_code":6,"worker_id":"f9715c42-24a3-468b-905f-efca8b555e4a-138084126524544","trial_id":140,"state":1,"values":[-0.8760479852343878],"datetime_complete":"2026-05-03T07:53:20.067351"}
{"op_code":6,"worker_id":"2592febd-08bc-47a8-b8af-bd17b3029d09-136736600298624","trial_id":192,"state":1,"values":[0.0],"datetime_complete":"2026-05-03T07:58:06.088446"}
{"op_code":6,"worker_id":"c647f864-67e7-4a31-b16b-229bf824cd2f-125836463367296","trial_id":138,"state":1,"values":[-0.8683750859250335],"datetime_complete":"2026-05-03T09:09:59.543564"}
{"op_code":6,"worker_id":"fd4c6e84-e123-4952-a6cc-c352051059da-134957476656256","trial_id":190,"state":1,"values":[0.0],"datetime_complete":"2026-05-03T09:10:17.928197"}
{"op_code":6,"worker_id":"877eaa86-1997-4e9e-b01c-3811d6b2dcb3-136845501285504","trial_id":176,"state":1,"values":[0.0],"datetime_complete":"2026-05-03T09:31:13.573656"}
{"op_code":6,"worker_id":"4128b77b-5db4-4e49-9a20-ffe847137089-136738135991424","trial_id":196,"state":1,"values":[-0.01619114940267981],"datetime_complete":"2026-05-03T09:47:57.806055"}
{"op_code":6,"worker_id":"fcb3e7fd-66af-4439-9f9a-26dd92a1b4b7-126210328212608","trial_id":113,"state":1,"values":[0.0],"datetime_complete":"2026-05-03T10:06:10.940112"}
{"op_code":6,"worker_id":"84ca88d2-6b40-4ac0-82a6-380b41468d79-124029395145856","trial_id":104,"state":1,"values":[0.0],"datetime_complete":"2026-05-03T11:34:47.641704"}
{"op_code":6,"worker_id":"764281ec-10e7-443e-8e80-1682212cf36a-124325839615104","trial_id":102,"state":1,"values":[0.0],"datetime_complete":"2026-05-03T11:40:07.572259"}
{"op_code":6,"worker_id":"ca705c9c-ba9b-4870-a4ba-de8e74559c32-140615493284992","trial_id":204,"state":1,"values":[-0.09101620022783659],"datetime_complete":"2026-05-03T11:53:23.912376"}
{"op_code":6,"worker_id":"2b404dd9-54e6-4d87-9c60-7a9f08d6fbdd-133813987579008","trial_id":179,"state":1,"values":[-1.0],"datetime_complete":"2026-05-03T12:00:39.771430"}
{"op_code":6,"worker_id":"0faf5ed0-5521-4731-8327-7d2e8d547726-132930439709824","trial_id":171,"state":1,"values":[-1.0],"datetime_complete":"2026-05-03T12:15:19.849542"}
{"op_code":6,"worker_id":"0868c1ba-1e38-4376-987c-1f0b755e209f-124445509420160","trial_id":143,"state":1,"values":[-1.0],"datetime_complete":"2026-05-03T12:55:57.090971"}
{"op_code":6,"worker_id":"2e99b8d4-09cc-43c9-8fa3-5caeec128a08-132620365124736","trial_id":130,"state":1,"values":[0.0],"datetime_complete":"2026-05-03T13:13:54.074968"}
{"op_code":6,"worker_id":"a2402edb-24b5-4909-a0e2-9bbc6a3ca454-138238669829248","trial_id":125,"state":1,"values":[0.0],"datetime_complete":"2026-05-03T13:15:02.822199"}
{"op_code":6,"worker_id":"a95d89e2-7693-47dd-aaef-76d200b5d75f-128988600763520","trial_id":121,"state":1,"values":[-1.0],"datetime_complete":"2026-05-03T13:20:37.641555"}
{"op_code":6,"worker_id":"527dd3e2-5fd9-4e42-975c-325c4c3587ff-132805283697792","trial_id":137,"state":1,"values":[-0.8009476370374843],"datetime_complete":"2026-05-03T13:23:40.307737"}
{"op_code":6,"worker_id":"626f1d03-a258-49fc-9774-b7ab73106a32-132534894191744","trial_id":161,"state":1,"values":[-0.9529502614244331],"datetime_complete":"2026-05-03T13:26:11.237397"}
{"op_code":6,"worker_id":"94fc9716-0f0a-446a-b628-5e3ff1e2e83e-138861215044736","trial_id":174,"state":1,"values":[0.0],"datetime_complete":"2026-05-03T13:38:24.707710"}
{"op_code":6,"worker_id":"8524509d-391f-473b-a18b-af2d06289582-135276398822528","trial_id":118,"state":1,"values":[-1.0],"datetime_complete":"2026-05-03T13:44:40.355651"}
{"op_code":6,"worker_id":"ba2843a6-e81f-449b-8cc3-f8746845b48c-134596738552960","trial_id":172,"state":1,"values":[-0.1880341018128606],"datetime_complete":"2026-05-03T13:50:37.952691"}
{"op_code":6,"worker_id":"607a8961-dcbd-4929-b104-cfefd3e8b348-139826766582912","trial_id":129,"state":1,"values":[-1.0],"datetime_complete":"2026-05-03T14:07:36.305613"}
{"op_code":6,"worker_id":"1bb4e8d4-7b05-4f87-bfdc-3ecec3335592-123257063167104","trial_id":185,"state":1,"values":[-0.9762003232572628],"datetime_complete":"2026-05-03T14:10:33.888788"}
{"op_code":6,"worker_id":"836049a3-5eab-4ebb-96cb-04efa08d96e5-133299216462976","trial_id":128,"state":1,"values":[0.0],"datetime_complete":"2026-05-03T14:28:06.407061"}
{"op_code":6,"worker_id":"a9de1890-6646-42ba-a9ab-3835378b25dd-133745729029248","trial_id":155,"state":1,"values":[-0.003831530617617799],"datetime_complete":"2026-05-03T15:08:13.127812"}
{"op_code":6,"worker_id":"f85b498c-ae8c-48f5-a161-c3cb843da975-125146908734592","trial_id":178,"state":1,"values":[-0.992536118774077],"datetime_complete":"2026-05-03T15:12:52.131201"}
{"op_code":6,"worker_id":"92e1aad4-83bf-4ec0-af8f-ea817f784110-127297255449728","trial_id":105,"state":1,"values":[-0.8532523623249119],"datetime_complete":"2026-05-03T15:41:41.890399"}
{"op_code":6,"worker_id":"0a464f04-e4d2-4253-8ddc-7729b0c258b3-131293243425920","trial_id":203,"state":1,"values":[0.0],"datetime_complete":"2026-05-03T16:36:28.942126"}
{"op_code":6,"worker_id":"d672b11e-a646-4921-bfb1-d8cef021d99f-124508048639104","trial_id":173,"state":1,"values":[-1.0],"datetime_complete":"2026-05-03T17:20:54.695504"}
{"op_code":6,"worker_id":"54d59239-8777-47c1-91c5-47f82544da83-135398668960896","trial_id":136,"state":1,"values":[-1.0],"datetime_complete":"2026-05-03T17:27:07.348787"}
{"op_code":6,"worker_id":"a3d70e85-3c60-49c4-85a8-3f9229fc54b6-132687067952256","trial_id":126,"state":1,"values":[0.0],"datetime_complete":"2026-05-03T18:22:57.343437"}
{"op_code":6,"worker_id":"134dabc6-7928-4985-923c-a37cb18d6444-138629105861760","trial_id":127,"state":1,"values":[-0.7983084946867334],"datetime_complete":"2026-05-03T18:26:37.333610"}
{"op_code":6,"worker_id":"b588d23b-780f-4b96-b0c0-186e2a22a213-135586066474112","trial_id":149,"state":1,"values":[0.0],"datetime_complete":"2026-05-03T18:59:00.630594"}
{"op_code":6,"worker_id":"5a7f6a64-691b-4dd9-8d89-7a59fff7f038-126012419212416","trial_id":112,"state":1,"values":[0.0],"datetime_complete":"2026-05-03T19:21:27.708260"}
{"op_code":6,"worker_id":"5e95381e-37e4-4df3-8a1a-c1454bed528f-124914902733952","trial_id":182,"state":1,"values":[-0.7300875217525524],"datetime_complete":"2026-05-03T19:26:00.161078"}
{"op_code":6,"worker_id":"de71966f-e221-4109-a5f6-ff53aefe4bc5-129579470083200","trial_id":114,"state":1,"values":[0.0],"datetime_complete":"2026-05-03T19:39:03.560353"}
{"op_code":6,"worker_id":"934c32c8-981f-419d-9dcb-54ea28ddf277-138001908450432","trial_id":153,"state":1,"values":[-1.0],"datetime_complete":"2026-05-03T19:50:42.640186"}
{"op_code":6,"worker_id":"47342059-ce3b-49d2-a004-017e36a99000-132099804411008","trial_id":109,"state":1,"values":[-0.012971896331634758],"datetime_complete":"2026-05-03T19:53:16.702806"}
{"op_code":6,"worker_id":"afdde78b-7250-42ff-90db-bc96bef1d170-137621046207616","trial_id":160,"state":1,"values":[0.0],"datetime_complete":"2026-05-03T20:00:01.172614"}
{"op_code":6,"worker_id":"d0dc3a97-0337-40b0-a9d4-4eda234f4a81-133304838554752","trial_id":110,"state":1,"values":[-0.6298058247057413],"datetime_complete":"2026-05-03T20:45:55.161362"}
{"op_code":6,"worker_id":"340cd959-9aab-439a-b94f-a460bbf27755-132504112014464","trial_id":157,"state":1,"values":[-0.20887185487002338],"datetime_complete":"2026-05-03T21:03:01.336358"}
{"op_code":6,"worker_id":"94f49cc4-8f8d-4074-89c4-f4a241b48c53-137518108005504","trial_id":158,"state":1,"values":[-1.0],"datetime_complete":"2026-05-03T22:33:04.693025"}
{"op_code":6,"worker_id":"1f251b8b-a65e-48ee-9156-ca45056aa327-138514294936704","trial_id":147,"state":1,"values":[-1.0],"datetime_complete":"2026-05-03T22:44:11.988770"}
{"op_code":6,"worker_id":"eac5570b-9775-4a11-bc5f-b3d674c9557f-137681122288768","trial_id":181,"state":1,"values":[0.0016067716369112157],"datetime_complete":"2026-05-03T22:56:03.997487"}
{"op_code":6,"worker_id":"ef8377bc-da91-4c79-9dcf-94a7122e3257-131511103014016","trial_id":159,"state":1,"values":[-1.0],"datetime_complete":"2026-05-03T23:03:18.248748"}
{"op_code":6,"worker_id":"6a97675d-6686-4775-841a-577e8d6db923-128106248651904","trial_id":144,"state":1,"values":[-1.0],"datetime_complete":"2026-05-04T02:47:58.910457"}
{"op_code":6,"worker_id":"e07a6d4a-3740-4ec3-896e-044b7956aa1f-137786909283456","trial_id":177,"state":1,"values":[-1.0],"datetime_complete":"2026-05-04T04:54:22.037512"}
{"op_code":6,"worker_id":"fa48fe86-cfb3-45d6-8405-e88b2e28167a-136180831741056","trial_id":107,"state":1,"values":[-0.0008471266163982231],"datetime_complete":"2026-05-04T16:38:11.826798"}
{"op_code":6,"worker_id":"b031c9d5-9393-4461-9580-92a99c71d184-123485889524864","trial_id":106,"state":1,"values":[-1.0],"datetime_complete":"2026-05-05T02:10:03.340770"}
{"op_code":0,"worker_id":"53037bad-4917-42aa-8872-87b91bb68fde-128063880737920","study_name":"cp_pred_surprise_L4_residual_delta","directions":[2]}
{"op_code":0,"worker_id":"7d582dcf-d661-42e9-b1fc-85e31ef2eb03-137716055807104","study_name":"cp_pred_surprise_L4_residual_delta","directions":[2]}
{"op_code":4,"worker_id":"53037bad-4917-42aa-8872-87b91bb68fde-128063880737920","study_id":0,"datetime_start":"2026-05-05T15:11:59.578305"}
{"op_code":4,"worker_id":"7d582dcf-d661-42e9-b1fc-85e31ef2eb03-137716055807104","study_id":0,"datetime_start":"2026-05-05T15:11:59.600408"}
{"op_code":9,"worker_id":"53037bad-4917-42aa-8872-87b91bb68fde-128063880737920","trial_id":210,"system_attr":{"tpe:relative_params:0":"{\"RANK_REGRESS\": 62, \"REG_W\": 623.6916443294983, \"USE_RMS_SCALING\": true}"}}
{"op_code":9,"worker_id":"7d582dcf-d661-42e9-b1fc-85e31ef2eb03-137716055807104","trial_id":211,"system_attr":{"tpe:relative_params:0":"{\"RANK_REGRESS\": 63, \"REG_W\": 174.01945804832698, \"USE_RMS_SCALING\": true}"}}
{"op_code":5,"worker_id":"53037bad-4917-42aa-8872-87b91bb68fde-128063880737920","trial_id":210,"param_name":"RANK_REGRESS","param_value_internal":62.0,"distribution":"{\"name\": \"IntDistribution\", \"attributes\": {\"log\": false, \"step\": 1, \"low\": 5, \"high\": 80}}"}
{"op_code":5,"worker_id":"7d582dcf-d661-42e9-b1fc-85e31ef2eb03-137716055807104","trial_id":211,"param_name":"RANK_REGRESS","param_value_internal":63.0,"distribution":"{\"name\": \"IntDistribution\", \"attributes\": {\"log\": false, \"step\": 1, \"low\": 5, \"high\": 80}}"}
{"op_code":5,"worker_id":"53037bad-4917-42aa-8872-87b91bb68fde-128063880737920","trial_id":210,"param_name":"REG_W","param_value_internal":623.6916443294983,"distribution":"{\"name\": \"FloatDistribution\", \"attributes\": {\"step\": null, \"low\": 1e-05, \"high\": 1000.0, \"log\": true}}"}
{"op_code":5,"worker_id":"7d582dcf-d661-42e9-b1fc-85e31ef2eb03-137716055807104","trial_id":211,"param_name":"REG_W","param_value_internal":174.01945804832698,"distribution":"{\"name\": \"FloatDistribution\", \"attributes\": {\"step\": null, \"low\": 1e-05, \"high\": 1000.0, \"log\": true}}"}
{"op_code":5,"worker_id":"53037bad-4917-42aa-8872-87b91bb68fde-128063880737920","trial_id":210,"param_name":"USE_RMS_SCALING","param_value_internal":0,"distribution":"{\"name\": \"CategoricalDistribution\", \"attributes\": {\"choices\": [true, false]}}"}
{"op_code":5,"worker_id":"7d582dcf-d661-42e9-b1fc-85e31ef2eb03-137716055807104","trial_id":211,"param_name":"USE_RMS_SCALING","param_value_internal":0,"distribution":"{\"name\": \"CategoricalDistribution\", \"attributes\": {\"choices\": [true, false]}}"}
{"op_code":0,"worker_id":"16ad873e-257d-4039-9e1e-253827d7025b-139960618550400","study_name":"cp_pred_surprise_L4_residual_delta","directions":[2]}
{"op_code":4,"worker_id":"16ad873e-257d-4039-9e1e-253827d7025b-139960618550400","study_id":0,"datetime_start":"2026-05-05T15:11:59.883446"}
{"op_code":9,"worker_id":"16ad873e-257d-4039-9e1e-253827d7025b-139960618550400","trial_id":212,"system_attr":{"tpe:relative_params:0":"{\"RANK_REGRESS\": 79, \"REG_W\": 64.90485416187862, \"USE_RMS_SCALING\": true}"}}
{"op_code":5,"worker_id":"16ad873e-257d-4039-9e1e-253827d7025b-139960618550400","trial_id":212,"param_name":"RANK_REGRESS","param_value_internal":79.0,"distribution":"{\"name\": \"IntDistribution\", \"attributes\": {\"log\": false, \"step\": 1, \"low\": 5, \"high\": 80}}"}
{"op_code":5,"worker_id":"16ad873e-257d-4039-9e1e-253827d7025b-139960618550400","trial_id":212,"param_name":"REG_W","param_value_internal":64.90485416187862,"distribution":"{\"name\": \"FloatDistribution\", \"attributes\": {\"step\": null, \"low\": 1e-05, \"high\": 1000.0, \"log\": true}}"}
{"op_code":5,"worker_id":"16ad873e-257d-4039-9e1e-253827d7025b-139960618550400","trial_id":212,"param_name":"USE_RMS_SCALING","param_value_internal":0,"distribution":"{\"name\": \"CategoricalDistribution\", \"attributes\": {\"choices\": [true, false]}}"}
{"op_code":0,"worker_id":"8901ca3e-87b5-4492-93f3-e287fbaa31dd-130145336677504","study_name":"cp_pred_surprise_L4_residual_delta","directions":[2]}
{"op_code":4,"worker_id":"8901ca3e-87b5-4492-93f3-e287fbaa31dd-130145336677504","study_id":0,"datetime_start":"2026-05-05T15:12:00.151101"}
{"op_code":9,"worker_id":"8901ca3e-87b5-4492-93f3-e287fbaa31dd-130145336677504","trial_id":213,"system_attr":{"tpe:relative_params:0":"{\"RANK_REGRESS\": 77, \"REG_W\": 380.1773900606743, \"USE_RMS_SCALING\": false}"}}
{"op_code":5,"worker_id":"8901ca3e-87b5-4492-93f3-e287fbaa31dd-130145336677504","trial_id":213,"param_name":"RANK_REGRESS","param_value_internal":77.0,"distribution":"{\"name\": \"IntDistribution\", \"attributes\": {\"log\": false, \"step\": 1, \"low\": 5, \"high\": 80}}"}
{"op_code":5,"worker_id":"8901ca3e-87b5-4492-93f3-e287fbaa31dd-130145336677504","trial_id":213,"param_name":"REG_W","param_value_internal":380.1773900606743,"distribution":"{\"name\": \"FloatDistribution\", \"attributes\": {\"step\": null, \"low\": 1e-05, \"high\": 1000.0, \"log\": true}}"}
{"op_code":5,"worker_id":"8901ca3e-87b5-4492-93f3-e287fbaa31dd-130145336677504","trial_id":213,"param_name":"USE_RMS_SCALING","param_value_internal":1,"distribution":"{\"name\": \"CategoricalDistribution\", \"attributes\": {\"choices\": [true, false]}}"}
{"op_code":0,"worker_id":"fab62fc8-f17f-404e-b4e7-7f010fcb741a-125394526581888","study_name":"cp_pred_surprise_L4_residual_delta","directions":[2]}
{"op_code":4,"worker_id":"fab62fc8-f17f-404e-b4e7-7f010fcb741a-125394526581888","study_id":0,"datetime_start":"2026-05-05T15:16:42.846658"}
{"op_code":9,"worker_id":"fab62fc8-f17f-404e-b4e7-7f010fcb741a-125394526581888","trial_id":214,"system_attr":{"tpe:relative_params:0":"{\"RANK_REGRESS\": 67, \"REG_W\": 370.3809604079134, \"USE_RMS_SCALING\": true}"}}
{"op_code":5,"worker_id":"fab62fc8-f17f-404e-b4e7-7f010fcb741a-125394526581888","trial_id":214,"param_name":"RANK_REGRESS","param_value_internal":67.0,"distribution":"{\"name\": \"IntDistribution\", \"attributes\": {\"log\": false, \"step\": 1, \"low\": 5, \"high\": 80}}"}
{"op_code":5,"worker_id":"fab62fc8-f17f-404e-b4e7-7f010fcb741a-125394526581888","trial_id":214,"param_name":"REG_W","param_value_internal":370.3809604079134,"distribution":"{\"name\": \"FloatDistribution\", \"attributes\": {\"step\": null, \"low\": 1e-05, \"high\": 1000.0, \"log\": true}}"}
{"op_code":5,"worker_id":"fab62fc8-f17f-404e-b4e7-7f010fcb741a-125394526581888","trial_id":214,"param_name":"USE_RMS_SCALING","param_value_internal":0,"distribution":"{\"name\": \"CategoricalDistribution\", \"attributes\": {\"choices\": [true, false]}}"}
{"op_code":0,"worker_id":"f107db7f-e5c0-4dbc-ac7c-56675e4f080b-133739224122496","study_name":"cp_pred_surprise_L4_residual_delta","directions":[2]}
{"op_code":4,"worker_id":"f107db7f-e5c0-4dbc-ac7c-56675e4f080b-133739224122496","study_id":0,"datetime_start":"2026-05-05T15:16:46.706221"}
{"op_code":9,"worker_id":"f107db7f-e5c0-4dbc-ac7c-56675e4f080b-133739224122496","trial_id":215,"system_attr":{"tpe:relative_params:0":"{\"RANK_REGRESS\": 34, \"REG_W\": 140.29318938837682, \"USE_RMS_SCALING\": false}"}}
{"op_code":5,"worker_id":"f107db7f-e5c0-4dbc-ac7c-56675e4f080b-133739224122496","trial_id":215,"param_name":"RANK_REGRESS","param_value_internal":34.0,"distribution":"{\"name\": \"IntDistribution\", \"attributes\": {\"log\": false, \"step\": 1, \"low\": 5, \"high\": 80}}"}
{"op_code":5,"worker_id":"f107db7f-e5c0-4dbc-ac7c-56675e4f080b-133739224122496","trial_id":215,"param_name":"REG_W","param_value_internal":140.29318938837682,"distribution":"{\"name\": \"FloatDistribution\", \"attributes\": {\"step\": null, \"low\": 1e-05, \"high\": 1000.0, \"log\": true}}"}
{"op_code":5,"worker_id":"f107db7f-e5c0-4dbc-ac7c-56675e4f080b-133739224122496","trial_id":215,"param_name":"USE_RMS_SCALING","param_value_internal":1,"distribution":"{\"name\": \"CategoricalDistribution\", \"attributes\": {\"choices\": [true, false]}}"}
{"op_code":0,"worker_id":"a30af7f1-9592-4558-b6c9-7b5b67d4975a-126992064414848","study_name":"cp_pred_surprise_L4_residual_delta","directions":[2]}
{"op_code":4,"worker_id":"a30af7f1-9592-4558-b6c9-7b5b67d4975a-126992064414848","study_id":0,"datetime_start":"2026-05-05T15:16:47.712553"}
{"op_code":9,"worker_id":"a30af7f1-9592-4558-b6c9-7b5b67d4975a-126992064414848","trial_id":216,"system_attr":{"tpe:relative_params:0":"{\"RANK_REGRESS\": 54, \"REG_W\": 187.93871118694037, \"USE_RMS_SCALING\": true}"}}
{"op_code":5,"worker_id":"a30af7f1-9592-4558-b6c9-7b5b67d4975a-126992064414848","trial_id":216,"param_name":"RANK_REGRESS","param_value_internal":54.0,"distribution":"{\"name\": \"IntDistribution\", \"attributes\": {\"log\": false, \"step\": 1, \"low\": 5, \"high\": 80}}"}
{"op_code":5,"worker_id":"a30af7f1-9592-4558-b6c9-7b5b67d4975a-126992064414848","trial_id":216,"param_name":"REG_W","param_value_internal":187.93871118694037,"distribution":"{\"name\": \"FloatDistribution\", \"attributes\": {\"step\": null, \"low\": 1e-05, \"high\": 1000.0, \"log\": true}}"}
{"op_code":5,"worker_id":"a30af7f1-9592-4558-b6c9-7b5b67d4975a-126992064414848","trial_id":216,"param_name":"USE_RMS_SCALING","param_value_internal":0,"distribution":"{\"name\": \"CategoricalDistribution\", \"attributes\": {\"choices\": [true, false]}}"}
{"op_code":0,"worker_id":"805089ec-0dd8-4e3d-b64d-317326d03f62-130166862115968","study_name":"cp_pred_surprise_L4_residual_delta","directions":[2]}
{"op_code":4,"worker_id":"805089ec-0dd8-4e3d-b64d-317326d03f62-130166862115968","study_id":0,"datetime_start":"2026-05-05T15:16:48.539759"}
{"op_code":9,"worker_id":"805089ec-0dd8-4e3d-b64d-317326d03f62-130166862115968","trial_id":217,"system_attr":{"tpe:relative_params:0":"{\"RANK_REGRESS\": 73, \"REG_W\": 691.740447246869, \"USE_RMS_SCALING\": false}"}}
{"op_code":5,"worker_id":"805089ec-0dd8-4e3d-b64d-317326d03f62-130166862115968","trial_id":217,"param_name":"RANK_REGRESS","param_value_internal":73.0,"distribution":"{\"name\": \"IntDistribution\", \"attributes\": {\"log\": false, \"step\": 1, \"low\": 5, \"high\": 80}}"}
{"op_code":5,"worker_id":"805089ec-0dd8-4e3d-b64d-317326d03f62-130166862115968","trial_id":217,"param_name":"REG_W","param_value_internal":691.740447246869,"distribution":"{\"name\": \"FloatDistribution\", \"attributes\": {\"step\": null, \"low\": 1e-05, \"high\": 1000.0, \"log\": true}}"}
{"op_code":5,"worker_id":"805089ec-0dd8-4e3d-b64d-317326d03f62-130166862115968","trial_id":217,"param_name":"USE_RMS_SCALING","param_value_internal":1,"distribution":"{\"name\": \"CategoricalDistribution\", \"attributes\": {\"choices\": [true, false]}}"}
{"op_code":0,"worker_id":"4cdcaa28-c7f8-401f-bf5e-f5331e78baba-137221478241408","study_name":"cp_pred_surprise_L4_residual_delta","directions":[2]}
{"op_code":4,"worker_id":"4cdcaa28-c7f8-401f-bf5e-f5331e78baba-137221478241408","study_id":0,"datetime_start":"2026-05-05T15:16:48.774024"}
{"op_code":9,"worker_id":"4cdcaa28-c7f8-401f-bf5e-f5331e78baba-137221478241408","trial_id":218,"system_attr":{"tpe:relative_params:0":"{\"RANK_REGRESS\": 37, \"REG_W\": 665.7717825108178, \"USE_RMS_SCALING\": false}"}}
{"op_code":5,"worker_id":"4cdcaa28-c7f8-401f-bf5e-f5331e78baba-137221478241408","trial_id":218,"param_name":"RANK_REGRESS","param_value_internal":37.0,"distribution":"{\"name\": \"IntDistribution\", \"attributes\": {\"log\": false, \"step\": 1, \"low\": 5, \"high\": 80}}"}
{"op_code":5,"worker_id":"4cdcaa28-c7f8-401f-bf5e-f5331e78baba-137221478241408","trial_id":218,"param_name":"REG_W","param_value_internal":665.7717825108178,"distribution":"{\"name\": \"FloatDistribution\", \"attributes\": {\"step\": null, \"low\": 1e-05, \"high\": 1000.0, \"log\": true}}"}
{"op_code":5,"worker_id":"4cdcaa28-c7f8-401f-bf5e-f5331e78baba-137221478241408","trial_id":218,"param_name":"USE_RMS_SCALING","param_value_internal":1,"distribution":"{\"name\": \"CategoricalDistribution\", \"attributes\": {\"choices\": [true, false]}}"}
{"op_code":0,"worker_id":"b38760ef-3a4e-421f-a74c-32dea7205c47-135192391603328","study_name":"cp_pred_surprise_L4_residual_delta","directions":[2]}
{"op_code":4,"worker_id":"b38760ef-3a4e-421f-a74c-32dea7205c47-135192391603328","study_id":0,"datetime_start":"2026-05-05T15:16:49.223779"}
{"op_code":9,"worker_id":"b38760ef-3a4e-421f-a74c-32dea7205c47-135192391603328","trial_id":219,"system_attr":{"tpe:relative_params:0":"{\"RANK_REGRESS\": 59, \"REG_W\": 7.477547730213782, \"USE_RMS_SCALING\": true}"}}
{"op_code":5,"worker_id":"b38760ef-3a4e-421f-a74c-32dea7205c47-135192391603328","trial_id":219,"param_name":"RANK_REGRESS","param_value_internal":59.0,"distribution":"{\"name\": \"IntDistribution\", \"attributes\": {\"log\": false, \"step\": 1, \"low\": 5, \"high\": 80}}"}
{"op_code":5,"worker_id":"b38760ef-3a4e-421f-a74c-32dea7205c47-135192391603328","trial_id":219,"param_name":"REG_W","param_value_internal":7.477547730213782,"distribution":"{\"name\": \"FloatDistribution\", \"attributes\": {\"step\": null, \"low\": 1e-05, \"high\": 1000.0, \"log\": true}}"}
{"op_code":5,"worker_id":"b38760ef-3a4e-421f-a74c-32dea7205c47-135192391603328","trial_id":219,"param_name":"USE_RMS_SCALING","param_value_internal":0,"distribution":"{\"name\": \"CategoricalDistribution\", \"attributes\": {\"choices\": [true, false]}}"}
{"op_code":0,"worker_id":"8d1887c2-568a-4803-9a80-8c71aab8b5b2-137961543713920","study_name":"cp_pred_surprise_L4_residual_delta","directions":[2]}
{"op_code":4,"worker_id":"8d1887c2-568a-4803-9a80-8c71aab8b5b2-137961543713920","study_id":0,"datetime_start":"2026-05-05T15:16:49.850155"}
{"op_code":9,"worker_id":"8d1887c2-568a-4803-9a80-8c71aab8b5b2-137961543713920","trial_id":220,"system_attr":{"tpe:relative_params:0":"{\"RANK_REGRESS\": 25, \"REG_W\": 628.2411411327357, \"USE_RMS_SCALING\": false}"}}
{"op_code":5,"worker_id":"8d1887c2-568a-4803-9a80-8c71aab8b5b2-137961543713920","trial_id":220,"param_name":"RANK_REGRESS","param_value_internal":25.0,"distribution":"{\"name\": \"IntDistribution\", \"attributes\": {\"log\": false, \"step\": 1, \"low\": 5, \"high\": 80}}"}
{"op_code":5,"worker_id":"8d1887c2-568a-4803-9a80-8c71aab8b5b2-137961543713920","trial_id":220,"param_name":"REG_W","param_value_internal":628.2411411327357,"distribution":"{\"name\": \"FloatDistribution\", \"attributes\": {\"step\": null, \"low\": 1e-05, \"high\": 1000.0, \"log\": true}}"}
{"op_code":5,"worker_id":"8d1887c2-568a-4803-9a80-8c71aab8b5b2-137961543713920","trial_id":220,"param_name":"USE_RMS_SCALING","param_value_internal":1,"distribution":"{\"name\": \"CategoricalDistribution\", \"attributes\": {\"choices\": [true, false]}}"}
{"op_code":0,"worker_id":"618c8ea6-d498-4528-a4d9-116926881694-129064357311616","study_name":"cp_pred_surprise_L4_residual_delta","directions":[2]}
{"op_code":4,"worker_id":"618c8ea6-d498-4528-a4d9-116926881694-129064357311616","study_id":0,"datetime_start":"2026-05-05T15:16:50.815812"}
{"op_code":9,"worker_id":"618c8ea6-d498-4528-a4d9-116926881694-129064357311616","trial_id":221,"system_attr":{"tpe:relative_params:0":"{\"RANK_REGRESS\": 54, \"REG_W\": 714.7402848569972, \"USE_RMS_SCALING\": true}"}}
{"op_code":5,"worker_id":"618c8ea6-d498-4528-a4d9-116926881694-129064357311616","trial_id":221,"param_name":"RANK_REGRESS","param_value_internal":54.0,"distribution":"{\"name\": \"IntDistribution\", \"attributes\": {\"log\": false, \"step\": 1, \"low\": 5, \"high\": 80}}"}
{"op_code":5,"worker_id":"618c8ea6-d498-4528-a4d9-116926881694-129064357311616","trial_id":221,"param_name":"REG_W","param_value_internal":714.7402848569972,"distribution":"{\"name\": \"FloatDistribution\", \"attributes\": {\"step\": null, \"low\": 1e-05, \"high\": 1000.0, \"log\": true}}"}
{"op_code":5,"worker_id":"618c8ea6-d498-4528-a4d9-116926881694-129064357311616","trial_id":221,"param_name":"USE_RMS_SCALING","param_value_internal":0,"distribution":"{\"name\": \"CategoricalDistribution\", \"attributes\": {\"choices\": [true, false]}}"}
{"op_code":0,"worker_id":"844b1522-3376-47d8-9912-9f4887c5f55e-126024451806336","study_name":"cp_pred_surprise_L4_residual_delta","directions":[2]}
{"op_code":4,"worker_id":"844b1522-3376-47d8-9912-9f4887c5f55e-126024451806336","study_id":0,"datetime_start":"2026-05-05T15:16:51.301726"}
{"op_code":9,"worker_id":"844b1522-3376-47d8-9912-9f4887c5f55e-126024451806336","trial_id":222,"system_attr":{"tpe:relative_params:0":"{\"RANK_REGRESS\": 46, \"REG_W\": 65.42764133071508, \"USE_RMS_SCALING\": false}"}}
{"op_code":5,"worker_id":"844b1522-3376-47d8-9912-9f4887c5f55e-126024451806336","trial_id":222,"param_name":"RANK_REGRESS","param_value_internal":46.0,"distribution":"{\"name\": \"IntDistribution\", \"attributes\": {\"log\": false, \"step\": 1, \"low\": 5, \"high\": 80}}"}
{"op_code":5,"worker_id":"844b1522-3376-47d8-9912-9f4887c5f55e-126024451806336","trial_id":222,"param_name":"REG_W","param_value_internal":65.42764133071508,"distribution":"{\"name\": \"FloatDistribution\", \"attributes\": {\"step\": null, \"low\": 1e-05, \"high\": 1000.0, \"log\": true}}"}
{"op_code":5,"worker_id":"844b1522-3376-47d8-9912-9f4887c5f55e-126024451806336","trial_id":222,"param_name":"USE_RMS_SCALING","param_value_internal":1,"distribution":"{\"name\": \"CategoricalDistribution\", \"attributes\": {\"choices\": [true, false]}}"}
{"op_code":0,"worker_id":"a28c3d8e-ec7d-4779-a9db-bcca1250d929-128938352542848","study_name":"cp_pred_surprise_L4_residual_delta","directions":[2]}
{"op_code":4,"worker_id":"a28c3d8e-ec7d-4779-a9db-bcca1250d929-128938352542848","study_id":0,"datetime_start":"2026-05-05T15:16:53.613098"}
{"op_code":9,"worker_id":"a28c3d8e-ec7d-4779-a9db-bcca1250d929-128938352542848","trial_id":223,"system_attr":{"tpe:relative_params:0":"{\"RANK_REGRESS\": 79, \"REG_W\": 315.39445538606986, \"USE_RMS_SCALING\": true}"}}
{"op_code":5,"worker_id":"a28c3d8e-ec7d-4779-a9db-bcca1250d929-128938352542848","trial_id":223,"param_name":"RANK_REGRESS","param_value_internal":79.0,"distribution":"{\"name\": \"IntDistribution\", \"attributes\": {\"log\": false, \"step\": 1, \"low\": 5, \"high\": 80}}"}
{"op_code":5,"worker_id":"a28c3d8e-ec7d-4779-a9db-bcca1250d929-128938352542848","trial_id":223,"param_name":"REG_W","param_value_internal":315.39445538606986,"distribution":"{\"name\": \"FloatDistribution\", \"attributes\": {\"step\": null, \"low\": 1e-05, \"high\": 1000.0, \"log\": true}}"}
{"op_code":5,"worker_id":"a28c3d8e-ec7d-4779-a9db-bcca1250d929-128938352542848","trial_id":223,"param_name":"USE_RMS_SCALING","param_value_internal":0,"distribution":"{\"name\": \"CategoricalDistribution\", \"attributes\": {\"choices\": [true, false]}}"}
{"op_code":0,"worker_id":"760d8bca-f645-4e42-8423-17d35ccb83c6-123497264829568","study_name":"cp_pred_surprise_L4_residual_delta","directions":[2]}
{"op_code":4,"worker_id":"760d8bca-f645-4e42-8423-17d35ccb83c6-123497264829568","study_id":0,"datetime_start":"2026-05-05T15:16:53.927809"}
{"op_code":0,"worker_id":"b690dbb5-2caf-4809-a6cd-8cc05fc39cd1-129708872922240","study_name":"cp_pred_surprise_L4_residual_delta","directions":[2]}
{"op_code":9,"worker_id":"760d8bca-f645-4e42-8423-17d35ccb83c6-123497264829568","trial_id":224,"system_attr":{"tpe:relative_params:0":"{\"RANK_REGRESS\": 58, \"REG_W\": 36.810663677248996, \"USE_RMS_SCALING\": true}"}}
{"op_code":5,"worker_id":"760d8bca-f645-4e42-8423-17d35ccb83c6-123497264829568","trial_id":224,"param_name":"RANK_REGRESS","param_value_internal":58.0,"distribution":"{\"name\": \"IntDistribution\", \"attributes\": {\"log\": false, \"step\": 1, \"low\": 5, \"high\": 80}}"}
{"op_code":5,"worker_id":"760d8bca-f645-4e42-8423-17d35ccb83c6-123497264829568","trial_id":224,"param_name":"REG_W","param_value_internal":36.810663677248996,"distribution":"{\"name\": \"FloatDistribution\", \"attributes\": {\"step\": null, \"low\": 1e-05, \"high\": 1000.0, \"log\": true}}"}
{"op_code":5,"worker_id":"760d8bca-f645-4e42-8423-17d35ccb83c6-123497264829568","trial_id":224,"param_name":"USE_RMS_SCALING","param_value_internal":0,"distribution":"{\"name\": \"CategoricalDistribution\", \"attributes\": {\"choices\": [true, false]}}"}
{"op_code":4,"worker_id":"b690dbb5-2caf-4809-a6cd-8cc05fc39cd1-129708872922240","study_id":0,"datetime_start":"2026-05-05T15:16:54.006070"}
{"op_code":9,"worker_id":"b690dbb5-2caf-4809-a6cd-8cc05fc39cd1-129708872922240","trial_id":225,"system_attr":{"tpe:relative_params:0":"{\"RANK_REGRESS\": 61, \"REG_W\": 76.61772651471732, \"USE_RMS_SCALING\": false}"}}
{"op_code":5,"worker_id":"b690dbb5-2caf-4809-a6cd-8cc05fc39cd1-129708872922240","trial_id":225,"param_name":"RANK_REGRESS","param_value_internal":61.0,"distribution":"{\"name\": \"IntDistribution\", \"attributes\": {\"log\": false, \"step\": 1, \"low\": 5, \"high\": 80}}"}
{"op_code":5,"worker_id":"b690dbb5-2caf-4809-a6cd-8cc05fc39cd1-129708872922240","trial_id":225,"param_name":"REG_W","param_value_internal":76.61772651471732,"distribution":"{\"name\": \"FloatDistribution\", \"attributes\": {\"step\": null, \"low\": 1e-05, \"high\": 1000.0, \"log\": true}}"}
{"op_code":5,"worker_id":"b690dbb5-2caf-4809-a6cd-8cc05fc39cd1-129708872922240","trial_id":225,"param_name":"USE_RMS_SCALING","param_value_internal":1,"distribution":"{\"name\": \"CategoricalDistribution\", \"attributes\": {\"choices\": [true, false]}}"}
{"op_code":0,"worker_id":"ae63fcef-8f75-4641-b3d6-4118aa0fb97e-130900694115456","study_name":"cp_pred_surprise_L4_residual_delta","directions":[2]}
{"op_code":4,"worker_id":"ae63fcef-8f75-4641-b3d6-4118aa0fb97e-130900694115456","study_id":0,"datetime_start":"2026-05-05T15:16:56.388746"}
{"op_code":0,"worker_id":"170ecef2-3dd9-4ad5-9fe3-447931ab8b29-131091280225408","study_name":"cp_pred_surprise_L4_residual_delta","directions":[2]}
{"op_code":9,"worker_id":"ae63fcef-8f75-4641-b3d6-4118aa0fb97e-130900694115456","trial_id":226,"system_attr":{"tpe:relative_params:0":"{\"RANK_REGRESS\": 37, \"REG_W\": 201.9404326266345, \"USE_RMS_SCALING\": false}"}}
{"op_code":5,"worker_id":"ae63fcef-8f75-4641-b3d6-4118aa0fb97e-130900694115456","trial_id":226,"param_name":"RANK_REGRESS","param_value_internal":37.0,"distribution":"{\"name\": \"IntDistribution\", \"attributes\": {\"log\": false, \"step\": 1, \"low\": 5, \"high\": 80}}"}
{"op_code":5,"worker_id":"ae63fcef-8f75-4641-b3d6-4118aa0fb97e-130900694115456","trial_id":226,"param_name":"REG_W","param_value_internal":201.9404326266345,"distribution":"{\"name\": \"FloatDistribution\", \"attributes\": {\"step\": null, \"low\": 1e-05, \"high\": 1000.0, \"log\": true}}"}
{"op_code":4,"worker_id":"170ecef2-3dd9-4ad5-9fe3-447931ab8b29-131091280225408","study_id":0,"datetime_start":"2026-05-05T15:16:56.459624"}
{"op_code":5,"worker_id":"ae63fcef-8f75-4641-b3d6-4118aa0fb97e-130900694115456","trial_id":226,"param_name":"USE_RMS_SCALING","param_value_internal":1,"distribution":"{\"name\": \"CategoricalDistribution\", \"attributes\": {\"choices\": [true, false]}}"}
{"op_code":9,"worker_id":"170ecef2-3dd9-4ad5-9fe3-447931ab8b29-131091280225408","trial_id":227,"system_attr":{"tpe:relative_params:0":"{\"RANK_REGRESS\": 43, \"REG_W\": 955.5624411072179, \"USE_RMS_SCALING\": true}"}}
{"op_code":5,"worker_id":"170ecef2-3dd9-4ad5-9fe3-447931ab8b29-131091280225408","trial_id":227,"param_name":"RANK_REGRESS","param_value_internal":43.0,"distribution":"{\"name\": \"IntDistribution\", \"attributes\": {\"log\": false, \"step\": 1, \"low\": 5, \"high\": 80}}"}
{"op_code":5,"worker_id":"170ecef2-3dd9-4ad5-9fe3-447931ab8b29-131091280225408","trial_id":227,"param_name":"REG_W","param_value_internal":955.5624411072179,"distribution":"{\"name\": \"FloatDistribution\", \"attributes\": {\"step\": null, \"low\": 1e-05, \"high\": 1000.0, \"log\": true}}"}
{"op_code":5,"worker_id":"170ecef2-3dd9-4ad5-9fe3-447931ab8b29-131091280225408","trial_id":227,"param_name":"USE_RMS_SCALING","param_value_internal":0,"distribution":"{\"name\": \"CategoricalDistribution\", \"attributes\": {\"choices\": [true, false]}}"}
{"op_code":0,"worker_id":"62e35d26-8ac7-447b-8fb4-f01daf14d32f-131376588985472","study_name":"cp_pred_surprise_L4_residual_delta","directions":[2]}
{"op_code":4,"worker_id":"62e35d26-8ac7-447b-8fb4-f01daf14d32f-131376588985472","study_id":0,"datetime_start":"2026-05-05T15:16:56.677283"}
{"op_code":9,"worker_id":"62e35d26-8ac7-447b-8fb4-f01daf14d32f-131376588985472","trial_id":228,"system_attr":{"tpe:relative_params:0":"{\"RANK_REGRESS\": 44, \"REG_W\": 23.40461873136996, \"USE_RMS_SCALING\": true}"}}
{"op_code":5,"worker_id":"62e35d26-8ac7-447b-8fb4-f01daf14d32f-131376588985472","trial_id":228,"param_name":"RANK_REGRESS","param_value_internal":44.0,"distribution":"{\"name\": \"IntDistribution\", \"attributes\": {\"log\": false, \"step\": 1, \"low\": 5, \"high\": 80}}"}
{"op_code":5,"worker_id":"62e35d26-8ac7-447b-8fb4-f01daf14d32f-131376588985472","trial_id":228,"param_name":"REG_W","param_value_internal":23.40461873136996,"distribution":"{\"name\": \"FloatDistribution\", \"attributes\": {\"step\": null, \"low\": 1e-05, \"high\": 1000.0, \"log\": true}}"}
{"op_code":5,"worker_id":"62e35d26-8ac7-447b-8fb4-f01daf14d32f-131376588985472","trial_id":228,"param_name":"USE_RMS_SCALING","param_value_internal":0,"distribution":"{\"name\": \"CategoricalDistribution\", \"attributes\": {\"choices\": [true, false]}}"}
{"op_code":0,"worker_id":"2754fbfa-766c-402f-b312-e09629bd9c64-127828779738240","study_name":"cp_pred_surprise_L4_residual_delta","directions":[2]}
{"op_code":4,"worker_id":"2754fbfa-766c-402f-b312-e09629bd9c64-127828779738240","study_id":0,"datetime_start":"2026-05-05T15:16:57.089915"}
{"op_code":9,"worker_id":"2754fbfa-766c-402f-b312-e09629bd9c64-127828779738240","trial_id":229,"system_attr":{"tpe:relative_params:0":"{\"RANK_REGRESS\": 39, \"REG_W\": 995.1102291560757, \"USE_RMS_SCALING\": false}"}}
{"op_code":5,"worker_id":"2754fbfa-766c-402f-b312-e09629bd9c64-127828779738240","trial_id":229,"param_name":"RANK_REGRESS","param_value_internal":39.0,"distribution":"{\"name\": \"IntDistribution\", \"attributes\": {\"log\": false, \"step\": 1, \"low\": 5, \"high\": 80}}"}
{"op_code":5,"worker_id":"2754fbfa-766c-402f-b312-e09629bd9c64-127828779738240","trial_id":229,"param_name":"REG_W","param_value_internal":995.1102291560757,"distribution":"{\"name\": \"FloatDistribution\", \"attributes\": {\"step\": null, \"low\": 1e-05, \"high\": 1000.0, \"log\": true}}"}
{"op_code":5,"worker_id":"2754fbfa-766c-402f-b312-e09629bd9c64-127828779738240","trial_id":229,"param_name":"USE_RMS_SCALING","param_value_internal":1,"distribution":"{\"name\": \"CategoricalDistribution\", \"attributes\": {\"choices\": [true, false]}}"}
{"op_code":0,"worker_id":"1e2855c3-b9bb-4042-aefc-67ca73f0cc67-124833242678400","study_name":"cp_pred_surprise_L4_residual_delta","directions":[2]}
{"op_code":4,"worker_id":"1e2855c3-b9bb-4042-aefc-67ca73f0cc67-124833242678400","study_id":0,"datetime_start":"2026-05-05T15:16:57.351875"}
{"op_code":9,"worker_id":"1e2855c3-b9bb-4042-aefc-67ca73f0cc67-124833242678400","trial_id":230,"system_attr":{"tpe:relative_params:0":"{\"RANK_REGRESS\": 24, \"REG_W\": 76.2960061463957, \"USE_RMS_SCALING\": false}"}}
{"op_code":5,"worker_id":"1e2855c3-b9bb-4042-aefc-67ca73f0cc67-124833242678400","trial_id":230,"param_name":"RANK_REGRESS","param_value_internal":24.0,"distribution":"{\"name\": \"IntDistribution\", \"attributes\": {\"log\": false, \"step\": 1, \"low\": 5, \"high\": 80}}"}
{"op_code":5,"worker_id":"1e2855c3-b9bb-4042-aefc-67ca73f0cc67-124833242678400","trial_id":230,"param_name":"REG_W","param_value_internal":76.2960061463957,"distribution":"{\"name\": \"FloatDistribution\", \"attributes\": {\"step\": null, \"low\": 1e-05, \"high\": 1000.0, \"log\": true}}"}
{"op_code":5,"worker_id":"1e2855c3-b9bb-4042-aefc-67ca73f0cc67-124833242678400","trial_id":230,"param_name":"USE_RMS_SCALING","param_value_internal":1,"distribution":"{\"name\": \"CategoricalDistribution\", \"attributes\": {\"choices\": [true, false]}}"}
{"op_code":0,"worker_id":"0db2042f-2779-4ebf-b3c5-75692fff44af-140492220298368","study_name":"cp_pred_surprise_L4_residual_delta","directions":[2]}
{"op_code":4,"worker_id":"0db2042f-2779-4ebf-b3c5-75692fff44af-140492220298368","study_id":0,"datetime_start":"2026-05-05T15:16:57.953031"}
{"op_code":9,"worker_id":"0db2042f-2779-4ebf-b3c5-75692fff44af-140492220298368","trial_id":231,"system_attr":{"tpe:relative_params:0":"{\"RANK_REGRESS\": 37, \"REG_W\": 31.34278084427797, \"USE_RMS_SCALING\": false}"}}
{"op_code":5,"worker_id":"0db2042f-2779-4ebf-b3c5-75692fff44af-140492220298368","trial_id":231,"param_name":"RANK_REGRESS","param_value_internal":37.0,"distribution":"{\"name\": \"IntDistribution\", \"attributes\": {\"log\": false, \"step\": 1, \"low\": 5, \"high\": 80}}"}
{"op_code":5,"worker_id":"0db2042f-2779-4ebf-b3c5-75692fff44af-140492220298368","trial_id":231,"param_name":"REG_W","param_value_internal":31.34278084427797,"distribution":"{\"name\": \"FloatDistribution\", \"attributes\": {\"step\": null, \"low\": 1e-05, \"high\": 1000.0, \"log\": true}}"}
{"op_code":5,"worker_id":"0db2042f-2779-4ebf-b3c5-75692fff44af-140492220298368","trial_id":231,"param_name":"USE_RMS_SCALING","param_value_internal":1,"distribution":"{\"name\": \"CategoricalDistribution\", \"attributes\": {\"choices\": [true, false]}}"}
{"op_code":0,"worker_id":"5d928416-85d8-472e-8534-86f458c3966a-129524521604224","study_name":"cp_pred_surprise_L4_residual_delta","directions":[2]}
{"op_code":4,"worker_id":"5d928416-85d8-472e-8534-86f458c3966a-129524521604224","study_id":0,"datetime_start":"2026-05-05T15:16:58.501198"}
{"op_code":9,"worker_id":"5d928416-85d8-472e-8534-86f458c3966a-129524521604224","trial_id":232,"system_attr":{"tpe:relative_params:0":"{\"RANK_REGRESS\": 79, \"REG_W\": 5.433607306223243, \"USE_RMS_SCALING\": true}"}}
{"op_code":5,"worker_id":"5d928416-85d8-472e-8534-86f458c3966a-129524521604224","trial_id":232,"param_name":"RANK_REGRESS","param_value_internal":79.0,"distribution":"{\"name\": \"IntDistribution\", \"attributes\": {\"log\": false, \"step\": 1, \"low\": 5, \"high\": 80}}"}
{"op_code":5,"worker_id":"5d928416-85d8-472e-8534-86f458c3966a-129524521604224","trial_id":232,"param_name":"REG_W","param_value_internal":5.433607306223243,"distribution":"{\"name\": \"FloatDistribution\", \"attributes\": {\"step\": null, \"low\": 1e-05, \"high\": 1000.0, \"log\": true}}"}
{"op_code":5,"worker_id":"5d928416-85d8-472e-8534-86f458c3966a-129524521604224","trial_id":232,"param_name":"USE_RMS_SCALING","param_value_internal":0,"distribution":"{\"name\": \"CategoricalDistribution\", \"attributes\": {\"choices\": [true, false]}}"}
{"op_code":0,"worker_id":"dbcfeb1a-c989-4a62-a833-6ceeb1e57476-137134554518656","study_name":"cp_pred_surprise_L4_residual_delta","directions":[2]}
{"op_code":4,"worker_id":"dbcfeb1a-c989-4a62-a833-6ceeb1e57476-137134554518656","study_id":0,"datetime_start":"2026-05-05T15:16:58.901479"}
{"op_code":9,"worker_id":"dbcfeb1a-c989-4a62-a833-6ceeb1e57476-137134554518656","trial_id":233,"system_attr":{"tpe:relative_params:0":"{\"RANK_REGRESS\": 31, \"REG_W\": 954.2597716539584, \"USE_RMS_SCALING\": true}"}}
{"op_code":5,"worker_id":"dbcfeb1a-c989-4a62-a833-6ceeb1e57476-137134554518656","trial_id":233,"param_name":"RANK_REGRESS","param_value_internal":31.0,"distribution":"{\"name\": \"IntDistribution\", \"attributes\": {\"log\": false, \"step\": 1, \"low\": 5, \"high\": 80}}"}
{"op_code":5,"worker_id":"dbcfeb1a-c989-4a62-a833-6ceeb1e57476-137134554518656","trial_id":233,"param_name":"REG_W","param_value_internal":954.2597716539584,"distribution":"{\"name\": \"FloatDistribution\", \"attributes\": {\"step\": null, \"low\": 1e-05, \"high\": 1000.0, \"log\": true}}"}
{"op_code":5,"worker_id":"dbcfeb1a-c989-4a62-a833-6ceeb1e57476-137134554518656","trial_id":233,"param_name":"USE_RMS_SCALING","param_value_internal":0,"distribution":"{\"name\": \"CategoricalDistribution\", \"attributes\": {\"choices\": [true, false]}}"}
{"op_code":0,"worker_id":"ebabb57a-d3af-48de-8a9d-ebd1db8d8aac-136799377802368","study_name":"cp_pred_surprise_L4_residual_delta","directions":[2]}
{"op_code":4,"worker_id":"ebabb57a-d3af-48de-8a9d-ebd1db8d8aac-136799377802368","study_id":0,"datetime_start":"2026-05-05T15:16:59.271782"}
{"op_code":9,"worker_id":"ebabb57a-d3af-48de-8a9d-ebd1db8d8aac-136799377802368","trial_id":234,"system_attr":{"tpe:relative_params:0":"{\"RANK_REGRESS\": 31, \"REG_W\": 695.6593832966579, \"USE_RMS_SCALING\": false}"}}
{"op_code":5,"worker_id":"ebabb57a-d3af-48de-8a9d-ebd1db8d8aac-136799377802368","trial_id":234,"param_name":"RANK_REGRESS","param_value_internal":31.0,"distribution":"{\"name\": \"IntDistribution\", \"attributes\": {\"log\": false, \"step\": 1, \"low\": 5, \"high\": 80}}"}
{"op_code":5,"worker_id":"ebabb57a-d3af-48de-8a9d-ebd1db8d8aac-136799377802368","trial_id":234,"param_name":"REG_W","param_value_internal":695.6593832966579,"distribution":"{\"name\": \"FloatDistribution\", \"attributes\": {\"step\": null, \"low\": 1e-05, \"high\": 1000.0, \"log\": true}}"}
{"op_code":5,"worker_id":"ebabb57a-d3af-48de-8a9d-ebd1db8d8aac-136799377802368","trial_id":234,"param_name":"USE_RMS_SCALING","param_value_internal":1,"distribution":"{\"name\": \"CategoricalDistribution\", \"attributes\": {\"choices\": [true, false]}}"}
{"op_code":0,"worker_id":"2aeac7ad-0abb-410d-93fa-8e9b86dde663-136293067854976","study_name":"cp_pred_surprise_L4_residual_delta","directions":[2]}
{"op_code":4,"worker_id":"2aeac7ad-0abb-410d-93fa-8e9b86dde663-136293067854976","study_id":0,"datetime_start":"2026-05-05T15:17:00.685879"}
{"op_code":9,"worker_id":"2aeac7ad-0abb-410d-93fa-8e9b86dde663-136293067854976","trial_id":235,"system_attr":{"tpe:relative_params:0":"{\"RANK_REGRESS\": 61, \"REG_W\": 87.23874327103702, \"USE_RMS_SCALING\": true}"}}
{"op_code":5,"worker_id":"2aeac7ad-0abb-410d-93fa-8e9b86dde663-136293067854976","trial_id":235,"param_name":"RANK_REGRESS","param_value_internal":61.0,"distribution":"{\"name\": \"IntDistribution\", \"attributes\": {\"log\": false, \"step\": 1, \"low\": 5, \"high\": 80}}"}
{"op_code":5,"worker_id":"2aeac7ad-0abb-410d-93fa-8e9b86dde663-136293067854976","trial_id":235,"param_name":"REG_W","param_value_internal":87.23874327103702,"distribution":"{\"name\": \"FloatDistribution\", \"attributes\": {\"step\": null, \"low\": 1e-05, \"high\": 1000.0, \"log\": true}}"}
{"op_code":5,"worker_id":"2aeac7ad-0abb-410d-93fa-8e9b86dde663-136293067854976","trial_id":235,"param_name":"USE_RMS_SCALING","param_value_internal":0,"distribution":"{\"name\": \"CategoricalDistribution\", \"attributes\": {\"choices\": [true, false]}}"}
{"op_code":0,"worker_id":"1a3b4b43-519a-42ad-8518-916dc6b863a6-133128496419968","study_name":"cp_pred_surprise_L4_residual_delta","directions":[2]}
{"op_code":4,"worker_id":"1a3b4b43-519a-42ad-8518-916dc6b863a6-133128496419968","study_id":0,"datetime_start":"2026-05-05T15:17:04.649305"}
{"op_code":9,"worker_id":"1a3b4b43-519a-42ad-8518-916dc6b863a6-133128496419968","trial_id":236,"system_attr":{"tpe:relative_params:0":"{\"RANK_REGRESS\": 41, \"REG_W\": 28.66556361664564, \"USE_RMS_SCALING\": true}"}}
{"op_code":5,"worker_id":"1a3b4b43-519a-42ad-8518-916dc6b863a6-133128496419968","trial_id":236,"param_name":"RANK_REGRESS","param_value_internal":41.0,"distribution":"{\"name\": \"IntDistribution\", \"attributes\": {\"log\": false, \"step\": 1, \"low\": 5, \"high\": 80}}"}
{"op_code":5,"worker_id":"1a3b4b43-519a-42ad-8518-916dc6b863a6-133128496419968","trial_id":236,"param_name":"REG_W","param_value_internal":28.66556361664564,"distribution":"{\"name\": \"FloatDistribution\", \"attributes\": {\"step\": null, \"low\": 1e-05, \"high\": 1000.0, \"log\": true}}"}
{"op_code":5,"worker_id":"1a3b4b43-519a-42ad-8518-916dc6b863a6-133128496419968","trial_id":236,"param_name":"USE_RMS_SCALING","param_value_internal":0,"distribution":"{\"name\": \"CategoricalDistribution\", \"attributes\": {\"choices\": [true, false]}}"}
{"op_code":0,"worker_id":"21dfc64c-002c-47f6-8a7f-9a68f0078257-137999055623296","study_name":"cp_pred_surprise_L4_residual_delta","directions":[2]}
{"op_code":4,"worker_id":"21dfc64c-002c-47f6-8a7f-9a68f0078257-137999055623296","study_id":0,"datetime_start":"2026-05-05T15:17:03.994258"}
{"op_code":9,"worker_id":"21dfc64c-002c-47f6-8a7f-9a68f0078257-137999055623296","trial_id":237,"system_attr":{"tpe:relative_params:0":"{\"RANK_REGRESS\": 54, \"REG_W\": 24.80495768966359, \"USE_RMS_SCALING\": false}"}}
{"op_code":5,"worker_id":"21dfc64c-002c-47f6-8a7f-9a68f0078257-137999055623296","trial_id":237,"param_name":"RANK_REGRESS","param_value_internal":54.0,"distribution":"{\"name\": \"IntDistribution\", \"attributes\": {\"log\": false, \"step\": 1, \"low\": 5, \"high\": 80}}"}
{"op_code":5,"worker_id":"21dfc64c-002c-47f6-8a7f-9a68f0078257-137999055623296","trial_id":237,"param_name":"REG_W","param_value_internal":24.80495768966359,"distribution":"{\"name\": \"FloatDistribution\", \"attributes\": {\"step\": null, \"low\": 1e-05, \"high\": 1000.0, \"log\": true}}"}
{"op_code":5,"worker_id":"21dfc64c-002c-47f6-8a7f-9a68f0078257-137999055623296","trial_id":237,"param_name":"USE_RMS_SCALING","param_value_internal":1,"distribution":"{\"name\": \"CategoricalDistribution\", \"attributes\": {\"choices\": [true, false]}}"}
{"op_code":0,"worker_id":"a573c4ce-08d5-46ce-aed2-876d30b6ca2d-135524444898432","study_name":"cp_pred_surprise_L4_residual_delta","directions":[2]}
{"op_code":4,"worker_id":"a573c4ce-08d5-46ce-aed2-876d30b6ca2d-135524444898432","study_id":0,"datetime_start":"2026-05-05T15:17:05.316304"}
{"op_code":9,"worker_id":"a573c4ce-08d5-46ce-aed2-876d30b6ca2d-135524444898432","trial_id":238,"system_attr":{"tpe:relative_params:0":"{\"RANK_REGRESS\": 67, \"REG_W\": 832.2856059247637, \"USE_RMS_SCALING\": false}"}}
{"op_code":5,"worker_id":"a573c4ce-08d5-46ce-aed2-876d30b6ca2d-135524444898432","trial_id":238,"param_name":"RANK_REGRESS","param_value_internal":67.0,"distribution":"{\"name\": \"IntDistribution\", \"attributes\": {\"log\": false, \"step\": 1, \"low\": 5, \"high\": 80}}"}
{"op_code":5,"worker_id":"a573c4ce-08d5-46ce-aed2-876d30b6ca2d-135524444898432","trial_id":238,"param_name":"REG_W","param_value_internal":832.2856059247637,"distribution":"{\"name\": \"FloatDistribution\", \"attributes\": {\"step\": null, \"low\": 1e-05, \"high\": 1000.0, \"log\": true}}"}
{"op_code":5,"worker_id":"a573c4ce-08d5-46ce-aed2-876d30b6ca2d-135524444898432","trial_id":238,"param_name":"USE_RMS_SCALING","param_value_internal":1,"distribution":"{\"name\": \"CategoricalDistribution\", \"attributes\": {\"choices\": [true, false]}}"}
{"op_code":0,"worker_id":"d9ba2dc1-3703-4683-a973-8baec3e680de-140163527951488","study_name":"cp_pred_surprise_L4_residual_delta","directions":[2]}
{"op_code":4,"worker_id":"d9ba2dc1-3703-4683-a973-8baec3e680de-140163527951488","study_id":0,"datetime_start":"2026-05-05T15:17:05.970253"}
{"op_code":9,"worker_id":"d9ba2dc1-3703-4683-a973-8baec3e680de-140163527951488","trial_id":239,"system_attr":{"tpe:relative_params:0":"{\"RANK_REGRESS\": 33, \"REG_W\": 35.48468710308043, \"USE_RMS_SCALING\": true}"}}
{"op_code":5,"worker_id":"d9ba2dc1-3703-4683-a973-8baec3e680de-140163527951488","trial_id":239,"param_name":"RANK_REGRESS","param_value_internal":33.0,"distribution":"{\"name\": \"IntDistribution\", \"attributes\": {\"log\": false, \"step\": 1, \"low\": 5, \"high\": 80}}"}
{"op_code":5,"worker_id":"d9ba2dc1-3703-4683-a973-8baec3e680de-140163527951488","trial_id":239,"param_name":"REG_W","param_value_internal":35.48468710308043,"distribution":"{\"name\": \"FloatDistribution\", \"attributes\": {\"step\": null, \"low\": 1e-05, \"high\": 1000.0, \"log\": true}}"}
{"op_code":5,"worker_id":"d9ba2dc1-3703-4683-a973-8baec3e680de-140163527951488","trial_id":239,"param_name":"USE_RMS_SCALING","param_value_internal":0,"distribution":"{\"name\": \"CategoricalDistribution\", \"attributes\": {\"choices\": [true, false]}}"}
{"op_code":0,"worker_id":"204d2bae-2135-4356-b434-1a2a2bc0c265-133008478106752","study_name":"cp_pred_surprise_L4_residual_delta","directions":[2]}
{"op_code":4,"worker_id":"204d2bae-2135-4356-b434-1a2a2bc0c265-133008478106752","study_id":0,"datetime_start":"2026-05-05T15:17:06.642412"}
{"op_code":9,"worker_id":"204d2bae-2135-4356-b434-1a2a2bc0c265-133008478106752","trial_id":240,"system_attr":{"tpe:relative_params:0":"{\"RANK_REGRESS\": 13, \"REG_W\": 822.2941534091933, \"USE_RMS_SCALING\": true}"}}
{"op_code":5,"worker_id":"204d2bae-2135-4356-b434-1a2a2bc0c265-133008478106752","trial_id":240,"param_name":"RANK_REGRESS","param_value_internal":13.0,"distribution":"{\"name\": \"IntDistribution\", \"attributes\": {\"log\": false, \"step\": 1, \"low\": 5, \"high\": 80}}"}
{"op_code":5,"worker_id":"204d2bae-2135-4356-b434-1a2a2bc0c265-133008478106752","trial_id":240,"param_name":"REG_W","param_value_internal":822.2941534091933,"distribution":"{\"name\": \"FloatDistribution\", \"attributes\": {\"step\": null, \"low\": 1e-05, \"high\": 1000.0, \"log\": true}}"}
{"op_code":5,"worker_id":"204d2bae-2135-4356-b434-1a2a2bc0c265-133008478106752","trial_id":240,"param_name":"USE_RMS_SCALING","param_value_internal":0,"distribution":"{\"name\": \"CategoricalDistribution\", \"attributes\": {\"choices\": [true, false]}}"}
{"op_code":0,"worker_id":"e89e164c-3735-4708-ae67-2914e45c0ea2-134404404409472","study_name":"cp_pred_surprise_L4_residual_delta","directions":[2]}
{"op_code":4,"worker_id":"e89e164c-3735-4708-ae67-2914e45c0ea2-134404404409472","study_id":0,"datetime_start":"2026-05-05T15:17:08.747290"}
{"op_code":9,"worker_id":"e89e164c-3735-4708-ae67-2914e45c0ea2-134404404409472","trial_id":241,"system_attr":{"tpe:relative_params:0":"{\"RANK_REGRESS\": 52, \"REG_W\": 102.81816389056148, \"USE_RMS_SCALING\": true}"}}
{"op_code":5,"worker_id":"e89e164c-3735-4708-ae67-2914e45c0ea2-134404404409472","trial_id":241,"param_name":"RANK_REGRESS","param_value_internal":52.0,"distribution":"{\"name\": \"IntDistribution\", \"attributes\": {\"log\": false, \"step\": 1, \"low\": 5, \"high\": 80}}"}
{"op_code":5,"worker_id":"e89e164c-3735-4708-ae67-2914e45c0ea2-134404404409472","trial_id":241,"param_name":"REG_W","param_value_internal":102.81816389056148,"distribution":"{\"name\": \"FloatDistribution\", \"attributes\": {\"step\": null, \"low\": 1e-05, \"high\": 1000.0, \"log\": true}}"}
{"op_code":5,"worker_id":"e89e164c-3735-4708-ae67-2914e45c0ea2-134404404409472","trial_id":241,"param_name":"USE_RMS_SCALING","param_value_internal":0,"distribution":"{\"name\": \"CategoricalDistribution\", \"attributes\": {\"choices\": [true, false]}}"}
{"op_code":0,"worker_id":"8e86a884-5f8f-4f53-bcc7-b53e587b40e2-140497274684544","study_name":"cp_pred_surprise_L4_residual_delta","directions":[2]}
{"op_code":4,"worker_id":"8e86a884-5f8f-4f53-bcc7-b53e587b40e2-140497274684544","study_id":0,"datetime_start":"2026-05-05T15:17:10.008775"}
{"op_code":0,"worker_id":"33912124-06b5-4a3a-a9c2-ebfd08c78877-136920995738752","study_name":"cp_pred_surprise_L4_residual_delta","directions":[2]}
{"op_code":9,"worker_id":"8e86a884-5f8f-4f53-bcc7-b53e587b40e2-140497274684544","trial_id":242,"system_attr":{"tpe:relative_params:0":"{\"RANK_REGRESS\": 30, \"REG_W\": 491.1899799254819, \"USE_RMS_SCALING\": false}"}}
{"op_code":5,"worker_id":"8e86a884-5f8f-4f53-bcc7-b53e587b40e2-140497274684544","trial_id":242,"param_name":"RANK_REGRESS","param_value_internal":30.0,"distribution":"{\"name\": \"IntDistribution\", \"attributes\": {\"log\": false, \"step\": 1, \"low\": 5, \"high\": 80}}"}
{"op_code":4,"worker_id":"33912124-06b5-4a3a-a9c2-ebfd08c78877-136920995738752","study_id":0,"datetime_start":"2026-05-05T15:17:10.058044"}
{"op_code":5,"worker_id":"8e86a884-5f8f-4f53-bcc7-b53e587b40e2-140497274684544","trial_id":242,"param_name":"REG_W","param_value_internal":491.1899799254819,"distribution":"{\"name\": \"FloatDistribution\", \"attributes\": {\"step\": null, \"low\": 1e-05, \"high\": 1000.0, \"log\": true}}"}
{"op_code":9,"worker_id":"33912124-06b5-4a3a-a9c2-ebfd08c78877-136920995738752","trial_id":243,"system_attr":{"tpe:relative_params:0":"{\"RANK_REGRESS\": 6, \"REG_W\": 78.48515370542609, \"USE_RMS_SCALING\": true}"}}
{"op_code":5,"worker_id":"8e86a884-5f8f-4f53-bcc7-b53e587b40e2-140497274684544","trial_id":242,"param_name":"USE_RMS_SCALING","param_value_internal":1,"distribution":"{\"name\": \"CategoricalDistribution\", \"attributes\": {\"choices\": [true, false]}}"}
{"op_code":5,"worker_id":"33912124-06b5-4a3a-a9c2-ebfd08c78877-136920995738752","trial_id":243,"param_name":"RANK_REGRESS","param_value_internal":6.0,"distribution":"{\"name\": \"IntDistribution\", \"attributes\": {\"log\": false, \"step\": 1, \"low\": 5, \"high\": 80}}"}
{"op_code":5,"worker_id":"33912124-06b5-4a3a-a9c2-ebfd08c78877-136920995738752","trial_id":243,"param_name":"REG_W","param_value_internal":78.48515370542609,"distribution":"{\"name\": \"FloatDistribution\", \"attributes\": {\"step\": null, \"low\": 1e-05, \"high\": 1000.0, \"log\": true}}"}
{"op_code":5,"worker_id":"33912124-06b5-4a3a-a9c2-ebfd08c78877-136920995738752","trial_id":243,"param_name":"USE_RMS_SCALING","param_value_internal":0,"distribution":"{\"name\": \"CategoricalDistribution\", \"attributes\": {\"choices\": [true, false]}}"}
{"op_code":0,"worker_id":"97e47aa0-4eed-48d5-a22d-ca542d80357d-134838551012480","study_name":"cp_pred_surprise_L4_residual_delta","directions":[2]}
{"op_code":4,"worker_id":"97e47aa0-4eed-48d5-a22d-ca542d80357d-134838551012480","study_id":0,"datetime_start":"2026-05-05T15:17:12.466068"}
{"op_code":9,"worker_id":"97e47aa0-4eed-48d5-a22d-ca542d80357d-134838551012480","trial_id":244,"system_attr":{"tpe:relative_params:0":"{\"RANK_REGRESS\": 40, \"REG_W\": 956.6514113413585, \"USE_RMS_SCALING\": false}"}}
{"op_code":5,"worker_id":"97e47aa0-4eed-48d5-a22d-ca542d80357d-134838551012480","trial_id":244,"param_name":"RANK_REGRESS","param_value_internal":40.0,"distribution":"{\"name\": \"IntDistribution\", \"attributes\": {\"log\": false, \"step\": 1, \"low\": 5, \"high\": 80}}"}
{"op_code":5,"worker_id":"97e47aa0-4eed-48d5-a22d-ca542d80357d-134838551012480","trial_id":244,"param_name":"REG_W","param_value_internal":956.6514113413585,"distribution":"{\"name\": \"FloatDistribution\", \"attributes\": {\"step\": null, \"low\": 1e-05, \"high\": 1000.0, \"log\": true}}"}
{"op_code":5,"worker_id":"97e47aa0-4eed-48d5-a22d-ca542d80357d-134838551012480","trial_id":244,"param_name":"USE_RMS_SCALING","param_value_internal":1,"distribution":"{\"name\": \"CategoricalDistribution\", \"attributes\": {\"choices\": [true, false]}}"}
{"op_code":0,"worker_id":"96bce0f8-41e7-48b3-999e-db42ceacaace-137574897247360","study_name":"cp_pred_surprise_L4_residual_delta","directions":[2]}
{"op_code":4,"worker_id":"96bce0f8-41e7-48b3-999e-db42ceacaace-137574897247360","study_id":0,"datetime_start":"2026-05-05T15:17:12.757904"}
{"op_code":9,"worker_id":"96bce0f8-41e7-48b3-999e-db42ceacaace-137574897247360","trial_id":245,"system_attr":{"tpe:relative_params:0":"{\"RANK_REGRESS\": 63, \"REG_W\": 66.84101388638261, \"USE_RMS_SCALING\": true}"}}
{"op_code":5,"worker_id":"96bce0f8-41e7-48b3-999e-db42ceacaace-137574897247360","trial_id":245,"param_name":"RANK_REGRESS","param_value_internal":63.0,"distribution":"{\"name\": \"IntDistribution\", \"attributes\": {\"log\": false, \"step\": 1, \"low\": 5, \"high\": 80}}"}
{"op_code":5,"worker_id":"96bce0f8-41e7-48b3-999e-db42ceacaace-137574897247360","trial_id":245,"param_name":"REG_W","param_value_internal":66.84101388638261,"distribution":"{\"name\": \"FloatDistribution\", \"attributes\": {\"step\": null, \"low\": 1e-05, \"high\": 1000.0, \"log\": true}}"}
{"op_code":5,"worker_id":"96bce0f8-41e7-48b3-999e-db42ceacaace-137574897247360","trial_id":245,"param_name":"USE_RMS_SCALING","param_value_internal":0,"distribution":"{\"name\": \"CategoricalDistribution\", \"attributes\": {\"choices\": [true, false]}}"}
{"op_code":0,"worker_id":"bbf9fdda-0716-4875-8e2b-037e5eaa338c-134451518538880","study_name":"cp_pred_surprise_L4_residual_delta","directions":[2]}
{"op_code":4,"worker_id":"bbf9fdda-0716-4875-8e2b-037e5eaa338c-134451518538880","study_id":0,"datetime_start":"2026-05-05T15:17:14.234513"}
{"op_code":9,"worker_id":"bbf9fdda-0716-4875-8e2b-037e5eaa338c-134451518538880","trial_id":246,"system_attr":{"tpe:relative_params:0":"{\"RANK_REGRESS\": 78, \"REG_W\": 19.182613079799545, \"USE_RMS_SCALING\": true}"}}
{"op_code":5,"worker_id":"bbf9fdda-0716-4875-8e2b-037e5eaa338c-134451518538880","trial_id":246,"param_name":"RANK_REGRESS","param_value_internal":78.0,"distribution":"{\"name\": \"IntDistribution\", \"attributes\": {\"log\": false, \"step\": 1, \"low\": 5, \"high\": 80}}"}
{"op_code":5,"worker_id":"bbf9fdda-0716-4875-8e2b-037e5eaa338c-134451518538880","trial_id":246,"param_name":"REG_W","param_value_internal":19.182613079799545,"distribution":"{\"name\": \"FloatDistribution\", \"attributes\": {\"step\": null, \"low\": 1e-05, \"high\": 1000.0, \"log\": true}}"}
{"op_code":5,"worker_id":"bbf9fdda-0716-4875-8e2b-037e5eaa338c-134451518538880","trial_id":246,"param_name":"USE_RMS_SCALING","param_value_internal":0,"distribution":"{\"name\": \"CategoricalDistribution\", \"attributes\": {\"choices\": [true, false]}}"}
{"op_code":0,"worker_id":"a58dd2dd-d483-4780-9c9d-10eb76736914-133595121935488","study_name":"cp_pred_surprise_L4_residual_delta","directions":[2]}
{"op_code":4,"worker_id":"a58dd2dd-d483-4780-9c9d-10eb76736914-133595121935488","study_id":0,"datetime_start":"2026-05-05T15:17:15.915545"}
{"op_code":9,"worker_id":"a58dd2dd-d483-4780-9c9d-10eb76736914-133595121935488","trial_id":247,"system_attr":{"tpe:relative_params:0":"{\"RANK_REGRESS\": 67, \"REG_W\": 7.925594070664669, \"USE_RMS_SCALING\": false}"}}
{"op_code":5,"worker_id":"a58dd2dd-d483-4780-9c9d-10eb76736914-133595121935488","trial_id":247,"param_name":"RANK_REGRESS","param_value_internal":67.0,"distribution":"{\"name\": \"IntDistribution\", \"attributes\": {\"log\": false, \"step\": 1, \"low\": 5, \"high\": 80}}"}
{"op_code":5,"worker_id":"a58dd2dd-d483-4780-9c9d-10eb76736914-133595121935488","trial_id":247,"param_name":"REG_W","param_value_internal":7.925594070664669,"distribution":"{\"name\": \"FloatDistribution\", \"attributes\": {\"step\": null, \"low\": 1e-05, \"high\": 1000.0, \"log\": true}}"}
{"op_code":5,"worker_id":"a58dd2dd-d483-4780-9c9d-10eb76736914-133595121935488","trial_id":247,"param_name":"USE_RMS_SCALING","param_value_internal":1,"distribution":"{\"name\": \"CategoricalDistribution\", \"attributes\": {\"choices\": [true, false]}}"}
{"op_code":0,"worker_id":"43d7f0af-95da-445b-9cff-9d441bf4a247-128636873352320","study_name":"cp_pred_surprise_L4_residual_delta","directions":[2]}
{"op_code":4,"worker_id":"43d7f0af-95da-445b-9cff-9d441bf4a247-128636873352320","study_id":0,"datetime_start":"2026-05-05T15:17:16.211451"}
{"op_code":9,"worker_id":"43d7f0af-95da-445b-9cff-9d441bf4a247-128636873352320","trial_id":248,"system_attr":{"tpe:relative_params:0":"{\"RANK_REGRESS\": 21, \"REG_W\": 40.64757532179875, \"USE_RMS_SCALING\": true}"}}
{"op_code":5,"worker_id":"43d7f0af-95da-445b-9cff-9d441bf4a247-128636873352320","trial_id":248,"param_name":"RANK_REGRESS","param_value_internal":21.0,"distribution":"{\"name\": \"IntDistribution\", \"attributes\": {\"log\": false, \"step\": 1, \"low\": 5, \"high\": 80}}"}
{"op_code":5,"worker_id":"43d7f0af-95da-445b-9cff-9d441bf4a247-128636873352320","trial_id":248,"param_name":"REG_W","param_value_internal":40.64757532179875,"distribution":"{\"name\": \"FloatDistribution\", \"attributes\": {\"step\": null, \"low\": 1e-05, \"high\": 1000.0, \"log\": true}}"}
{"op_code":5,"worker_id":"43d7f0af-95da-445b-9cff-9d441bf4a247-128636873352320","trial_id":248,"param_name":"USE_RMS_SCALING","param_value_internal":0,"distribution":"{\"name\": \"CategoricalDistribution\", \"attributes\": {\"choices\": [true, false]}}"}
{"op_code":0,"worker_id":"8542207a-30bd-4c2b-9355-95c28c9a8fc9-123547658900608","study_name":"cp_pred_surprise_L4_residual_delta","directions":[2]}
{"op_code":4,"worker_id":"8542207a-30bd-4c2b-9355-95c28c9a8fc9-123547658900608","study_id":0,"datetime_start":"2026-05-05T15:17:16.363570"}
{"op_code":9,"worker_id":"8542207a-30bd-4c2b-9355-95c28c9a8fc9-123547658900608","trial_id":249,"system_attr":{"tpe:relative_params:0":"{\"RANK_REGRESS\": 57, \"REG_W\": 917.1400565479066, \"USE_RMS_SCALING\": true}"}}
{"op_code":5,"worker_id":"8542207a-30bd-4c2b-9355-95c28c9a8fc9-123547658900608","trial_id":249,"param_name":"RANK_REGRESS","param_value_internal":57.0,"distribution":"{\"name\": \"IntDistribution\", \"attributes\": {\"log\": false, \"step\": 1, \"low\": 5, \"high\": 80}}"}
{"op_code":5,"worker_id":"8542207a-30bd-4c2b-9355-95c28c9a8fc9-123547658900608","trial_id":249,"param_name":"REG_W","param_value_internal":917.1400565479066,"distribution":"{\"name\": \"FloatDistribution\", \"attributes\": {\"step\": null, \"low\": 1e-05, \"high\": 1000.0, \"log\": true}}"}
{"op_code":0,"worker_id":"1d7c15ed-23d9-437d-abd5-6ca5b1b52005-134278238643328","study_name":"cp_pred_surprise_L4_residual_delta","directions":[2]}
{"op_code":5,"worker_id":"8542207a-30bd-4c2b-9355-95c28c9a8fc9-123547658900608","trial_id":249,"param_name":"USE_RMS_SCALING","param_value_internal":0,"distribution":"{\"name\": \"CategoricalDistribution\", \"attributes\": {\"choices\": [true, false]}}"}
{"op_code":4,"worker_id":"1d7c15ed-23d9-437d-abd5-6ca5b1b52005-134278238643328","study_id":0,"datetime_start":"2026-05-05T15:17:16.459208"}
{"op_code":9,"worker_id":"1d7c15ed-23d9-437d-abd5-6ca5b1b52005-134278238643328","trial_id":250,"system_attr":{"tpe:relative_params:0":"{\"RANK_REGRESS\": 31, \"REG_W\": 47.21071324619249, \"USE_RMS_SCALING\": false}"}}
{"op_code":5,"worker_id":"1d7c15ed-23d9-437d-abd5-6ca5b1b52005-134278238643328","trial_id":250,"param_name":"RANK_REGRESS","param_value_internal":31.0,"distribution":"{\"name\": \"IntDistribution\", \"attributes\": {\"log\": false, \"step\": 1, \"low\": 5, \"high\": 80}}"}
{"op_code":5,"worker_id":"1d7c15ed-23d9-437d-abd5-6ca5b1b52005-134278238643328","trial_id":250,"param_name":"REG_W","param_value_internal":47.21071324619249,"distribution":"{\"name\": \"FloatDistribution\", \"attributes\": {\"step\": null, \"low\": 1e-05, \"high\": 1000.0, \"log\": true}}"}
{"op_code":5,"worker_id":"1d7c15ed-23d9-437d-abd5-6ca5b1b52005-134278238643328","trial_id":250,"param_name":"USE_RMS_SCALING","param_value_internal":1,"distribution":"{\"name\": \"CategoricalDistribution\", \"attributes\": {\"choices\": [true, false]}}"}
{"op_code":0,"worker_id":"4e1e4470-9c99-488c-aea4-2533c47e54fa-131132962206848","study_name":"cp_pred_surprise_L4_residual_delta","directions":[2]}
{"op_code":4,"worker_id":"4e1e4470-9c99-488c-aea4-2533c47e54fa-131132962206848","study_id":0,"datetime_start":"2026-05-05T15:17:16.980928"}
{"op_code":9,"worker_id":"4e1e4470-9c99-488c-aea4-2533c47e54fa-131132962206848","trial_id":251,"system_attr":{"tpe:relative_params:0":"{\"RANK_REGRESS\": 30, \"REG_W\": 178.26100299221778, \"USE_RMS_SCALING\": true}"}}
{"op_code":5,"worker_id":"4e1e4470-9c99-488c-aea4-2533c47e54fa-131132962206848","trial_id":251,"param_name":"RANK_REGRESS","param_value_internal":30.0,"distribution":"{\"name\": \"IntDistribution\", \"attributes\": {\"log\": false, \"step\": 1, \"low\": 5, \"high\": 80}}"}
{"op_code":5,"worker_id":"4e1e4470-9c99-488c-aea4-2533c47e54fa-131132962206848","trial_id":251,"param_name":"REG_W","param_value_internal":178.26100299221778,"distribution":"{\"name\": \"FloatDistribution\", \"attributes\": {\"step\": null, \"low\": 1e-05, \"high\": 1000.0, \"log\": true}}"}
{"op_code":5,"worker_id":"4e1e4470-9c99-488c-aea4-2533c47e54fa-131132962206848","trial_id":251,"param_name":"USE_RMS_SCALING","param_value_internal":0,"distribution":"{\"name\": \"CategoricalDistribution\", \"attributes\": {\"choices\": [true, false]}}"}
{"op_code":0,"worker_id":"4fad43a1-3961-4f99-83f1-71055a9542ac-135068809892992","study_name":"cp_pred_surprise_L4_residual_delta","directions":[2]}
{"op_code":4,"worker_id":"4fad43a1-3961-4f99-83f1-71055a9542ac-135068809892992","study_id":0,"datetime_start":"2026-05-05T15:17:17.977448"}
{"op_code":9,"worker_id":"4fad43a1-3961-4f99-83f1-71055a9542ac-135068809892992","trial_id":252,"system_attr":{"tpe:relative_params:0":"{\"RANK_REGRESS\": 76, \"REG_W\": 151.59847856852485, \"USE_RMS_SCALING\": false}"}}
{"op_code":5,"worker_id":"4fad43a1-3961-4f99-83f1-71055a9542ac-135068809892992","trial_id":252,"param_name":"RANK_REGRESS","param_value_internal":76.0,"distribution":"{\"name\": \"IntDistribution\", \"attributes\": {\"log\": false, \"step\": 1, \"low\": 5, \"high\": 80}}"}
{"op_code":5,"worker_id":"4fad43a1-3961-4f99-83f1-71055a9542ac-135068809892992","trial_id":252,"param_name":"REG_W","param_value_internal":151.59847856852485,"distribution":"{\"name\": \"FloatDistribution\", \"attributes\": {\"step\": null, \"low\": 1e-05, \"high\": 1000.0, \"log\": true}}"}
{"op_code":5,"worker_id":"4fad43a1-3961-4f99-83f1-71055a9542ac-135068809892992","trial_id":252,"param_name":"USE_RMS_SCALING","param_value_internal":1,"distribution":"{\"name\": \"CategoricalDistribution\", \"attributes\": {\"choices\": [true, false]}}"}
{"op_code":0,"worker_id":"5b3877cd-777d-4471-a157-5101491aa774-138210776011904","study_name":"cp_pred_surprise_L4_residual_delta","directions":[2]}
{"op_code":4,"worker_id":"5b3877cd-777d-4471-a157-5101491aa774-138210776011904","study_id":0,"datetime_start":"2026-05-05T15:17:19.718828"}
{"op_code":9,"worker_id":"5b3877cd-777d-4471-a157-5101491aa774-138210776011904","trial_id":253,"system_attr":{"tpe:relative_params:0":"{\"RANK_REGRESS\": 42, \"REG_W\": 22.507503402292922, \"USE_RMS_SCALING\": false}"}}
{"op_code":5,"worker_id":"5b3877cd-777d-4471-a157-5101491aa774-138210776011904","trial_id":253,"param_name":"RANK_REGRESS","param_value_internal":42.0,"distribution":"{\"name\": \"IntDistribution\", \"attributes\": {\"log\": false, \"step\": 1, \"low\": 5, \"high\": 80}}"}
{"op_code":5,"worker_id":"5b3877cd-777d-4471-a157-5101491aa774-138210776011904","trial_id":253,"param_name":"REG_W","param_value_internal":22.507503402292922,"distribution":"{\"name\": \"FloatDistribution\", \"attributes\": {\"step\": null, \"low\": 1e-05, \"high\": 1000.0, \"log\": true}}"}
{"op_code":5,"worker_id":"5b3877cd-777d-4471-a157-5101491aa774-138210776011904","trial_id":253,"param_name":"USE_RMS_SCALING","param_value_internal":1,"distribution":"{\"name\": \"CategoricalDistribution\", \"attributes\": {\"choices\": [true, false]}}"}
{"op_code":0,"worker_id":"d65c201e-ee4d-4d35-8db1-ae5a0871948e-130501901071488","study_name":"cp_pred_surprise_L4_residual_delta","directions":[2]}
{"op_code":0,"worker_id":"5bbd3485-ccb2-45bc-9287-454cfcebaa72-131033527653504","study_name":"cp_pred_surprise_L4_residual_delta","directions":[2]}
{"op_code":0,"worker_id":"3180525c-99c8-443c-82a3-b7f9ccd22e7a-128288071771264","study_name":"cp_pred_surprise_L4_residual_delta","directions":[2]}
{"op_code":4,"worker_id":"d65c201e-ee4d-4d35-8db1-ae5a0871948e-130501901071488","study_id":0,"datetime_start":"2026-05-05T15:17:20.015074"}
{"op_code":4,"worker_id":"3180525c-99c8-443c-82a3-b7f9ccd22e7a-128288071771264","study_id":0,"datetime_start":"2026-05-05T15:17:20.025850"}
{"op_code":4,"worker_id":"5bbd3485-ccb2-45bc-9287-454cfcebaa72-131033527653504","study_id":0,"datetime_start":"2026-05-05T15:17:20.041283"}
{"op_code":9,"worker_id":"d65c201e-ee4d-4d35-8db1-ae5a0871948e-130501901071488","trial_id":254,"system_attr":{"tpe:relative_params:0":"{\"RANK_REGRESS\": 69, \"REG_W\": 448.258125247455, \"USE_RMS_SCALING\": true}"}}
{"op_code":9,"worker_id":"3180525c-99c8-443c-82a3-b7f9ccd22e7a-128288071771264","trial_id":255,"system_attr":{"tpe:relative_params:0":"{\"RANK_REGRESS\": 41, \"REG_W\": 685.7346120949305, \"USE_RMS_SCALING\": true}"}}
{"op_code":9,"worker_id":"5bbd3485-ccb2-45bc-9287-454cfcebaa72-131033527653504","trial_id":256,"system_attr":{"tpe:relative_params:0":"{\"RANK_REGRESS\": 22, \"REG_W\": 486.08601193205857, \"USE_RMS_SCALING\": false}"}}
{"op_code":5,"worker_id":"3180525c-99c8-443c-82a3-b7f9ccd22e7a-128288071771264","trial_id":255,"param_name":"RANK_REGRESS","param_value_internal":41.0,"distribution":"{\"name\": \"IntDistribution\", \"attributes\": {\"log\": false, \"step\": 1, \"low\": 5, \"high\": 80}}"}
{"op_code":5,"worker_id":"5bbd3485-ccb2-45bc-9287-454cfcebaa72-131033527653504","trial_id":256,"param_name":"RANK_REGRESS","param_value_internal":22.0,"distribution":"{\"name\": \"IntDistribution\", \"attributes\": {\"log\": false, \"step\": 1, \"low\": 5, \"high\": 80}}"}
{"op_code":5,"worker_id":"3180525c-99c8-443c-82a3-b7f9ccd22e7a-128288071771264","trial_id":255,"param_name":"REG_W","param_value_internal":685.7346120949305,"distribution":"{\"name\": \"FloatDistribution\", \"attributes\": {\"step\": null, \"low\": 1e-05, \"high\": 1000.0, \"log\": true}}"}
{"op_code":5,"worker_id":"5bbd3485-ccb2-45bc-9287-454cfcebaa72-131033527653504","trial_id":256,"param_name":"REG_W","param_value_internal":486.08601193205857,"distribution":"{\"name\": \"FloatDistribution\", \"attributes\": {\"step\": null, \"low\": 1e-05, \"high\": 1000.0, \"log\": true}}"}
{"op_code":5,"worker_id":"3180525c-99c8-443c-82a3-b7f9ccd22e7a-128288071771264","trial_id":255,"param_name":"USE_RMS_SCALING","param_value_internal":0,"distribution":"{\"name\": \"CategoricalDistribution\", \"attributes\": {\"choices\": [true, false]}}"}
{"op_code":5,"worker_id":"5bbd3485-ccb2-45bc-9287-454cfcebaa72-131033527653504","trial_id":256,"param_name":"USE_RMS_SCALING","param_value_internal":1,"distribution":"{\"name\": \"CategoricalDistribution\", \"attributes\": {\"choices\": [true, false]}}"}
{"op_code":5,"worker_id":"d65c201e-ee4d-4d35-8db1-ae5a0871948e-130501901071488","trial_id":254,"param_name":"RANK_REGRESS","param_value_internal":69.0,"distribution":"{\"name\": \"IntDistribution\", \"attributes\": {\"log\": false, \"step\": 1, \"low\": 5, \"high\": 80}}"}
{"op_code":5,"worker_id":"d65c201e-ee4d-4d35-8db1-ae5a0871948e-130501901071488","trial_id":254,"param_name":"REG_W","param_value_internal":448.258125247455,"distribution":"{\"name\": \"FloatDistribution\", \"attributes\": {\"step\": null, \"low\": 1e-05, \"high\": 1000.0, \"log\": true}}"}
{"op_code":5,"worker_id":"d65c201e-ee4d-4d35-8db1-ae5a0871948e-130501901071488","trial_id":254,"param_name":"USE_RMS_SCALING","param_value_internal":0,"distribution":"{\"name\": \"CategoricalDistribution\", \"attributes\": {\"choices\": [true, false]}}"}
{"op_code":0,"worker_id":"e86d0807-65c8-4d61-9b5d-50455135d798-124468313445504","study_name":"cp_pred_surprise_L4_residual_delta","directions":[2]}
{"op_code":4,"worker_id":"e86d0807-65c8-4d61-9b5d-50455135d798-124468313445504","study_id":0,"datetime_start":"2026-05-05T15:17:23.847594"}
{"op_code":9,"worker_id":"e86d0807-65c8-4d61-9b5d-50455135d798-124468313445504","trial_id":257,"system_attr":{"tpe:relative_params:0":"{\"RANK_REGRESS\": 53, \"REG_W\": 646.4106359299526, \"USE_RMS_SCALING\": false}"}}
{"op_code":5,"worker_id":"e86d0807-65c8-4d61-9b5d-50455135d798-124468313445504","trial_id":257,"param_name":"RANK_REGRESS","param_value_internal":53.0,"distribution":"{\"name\": \"IntDistribution\", \"attributes\": {\"log\": false, \"step\": 1, \"low\": 5, \"high\": 80}}"}
{"op_code":5,"worker_id":"e86d0807-65c8-4d61-9b5d-50455135d798-124468313445504","trial_id":257,"param_name":"REG_W","param_value_internal":646.4106359299526,"distribution":"{\"name\": \"FloatDistribution\", \"attributes\": {\"step\": null, \"low\": 1e-05, \"high\": 1000.0, \"log\": true}}"}
{"op_code":5,"worker_id":"e86d0807-65c8-4d61-9b5d-50455135d798-124468313445504","trial_id":257,"param_name":"USE_RMS_SCALING","param_value_internal":1,"distribution":"{\"name\": \"CategoricalDistribution\", \"attributes\": {\"choices\": [true, false]}}"}
{"op_code":0,"worker_id":"cb137312-0cb4-4eb9-9066-3e25f92932d8-133512367174784","study_name":"cp_pred_surprise_L4_residual_delta","directions":[2]}
{"op_code":4,"worker_id":"cb137312-0cb4-4eb9-9066-3e25f92932d8-133512367174784","study_id":0,"datetime_start":"2026-05-05T15:17:23.310971"}
{"op_code":9,"worker_id":"cb137312-0cb4-4eb9-9066-3e25f92932d8-133512367174784","trial_id":258,"system_attr":{"tpe:relative_params:0":"{\"RANK_REGRESS\": 26, \"REG_W\": 786.8296274548635, \"USE_RMS_SCALING\": true}"}}
{"op_code":5,"worker_id":"cb137312-0cb4-4eb9-9066-3e25f92932d8-133512367174784","trial_id":258,"param_name":"RANK_REGRESS","param_value_internal":26.0,"distribution":"{\"name\": \"IntDistribution\", \"attributes\": {\"log\": false, \"step\": 1, \"low\": 5, \"high\": 80}}"}
{"op_code":5,"worker_id":"cb137312-0cb4-4eb9-9066-3e25f92932d8-133512367174784","trial_id":258,"param_name":"REG_W","param_value_internal":786.8296274548635,"distribution":"{\"name\": \"FloatDistribution\", \"attributes\": {\"step\": null, \"low\": 1e-05, \"high\": 1000.0, \"log\": true}}"}
{"op_code":5,"worker_id":"cb137312-0cb4-4eb9-9066-3e25f92932d8-133512367174784","trial_id":258,"param_name":"USE_RMS_SCALING","param_value_internal":0,"distribution":"{\"name\": \"CategoricalDistribution\", \"attributes\": {\"choices\": [true, false]}}"}
{"op_code":0,"worker_id":"3baa0914-6d88-47d6-ad51-c958a9435ec1-127812905321600","study_name":"cp_pred_surprise_L4_residual_delta","directions":[2]}
{"op_code":4,"worker_id":"3baa0914-6d88-47d6-ad51-c958a9435ec1-127812905321600","study_id":0,"datetime_start":"2026-05-05T15:17:25.230770"}
{"op_code":9,"worker_id":"3baa0914-6d88-47d6-ad51-c958a9435ec1-127812905321600","trial_id":259,"system_attr":{"tpe:relative_params:0":"{\"RANK_REGRESS\": 59, \"REG_W\": 8.550964924815531, \"USE_RMS_SCALING\": true}"}}
{"op_code":5,"worker_id":"3baa0914-6d88-47d6-ad51-c958a9435ec1-127812905321600","trial_id":259,"param_name":"RANK_REGRESS","param_value_internal":59.0,"distribution":"{\"name\": \"IntDistribution\", \"attributes\": {\"log\": false, \"step\": 1, \"low\": 5, \"high\": 80}}"}
{"op_code":5,"worker_id":"3baa0914-6d88-47d6-ad51-c958a9435ec1-127812905321600","trial_id":259,"param_name":"REG_W","param_value_internal":8.550964924815531,"distribution":"{\"name\": \"FloatDistribution\", \"attributes\": {\"step\": null, \"low\": 1e-05, \"high\": 1000.0, \"log\": true}}"}
{"op_code":5,"worker_id":"3baa0914-6d88-47d6-ad51-c958a9435ec1-127812905321600","trial_id":259,"param_name":"USE_RMS_SCALING","param_value_internal":0,"distribution":"{\"name\": \"CategoricalDistribution\", \"attributes\": {\"choices\": [true, false]}}"}
{"op_code":0,"worker_id":"c34b4cca-52e1-4041-88e7-7876e98fc089-140707222733952","study_name":"cp_pred_surprise_L4_residual_delta","directions":[2]}
{"op_code":4,"worker_id":"c34b4cca-52e1-4041-88e7-7876e98fc089-140707222733952","study_id":0,"datetime_start":"2026-05-05T15:17:25.875960"}
{"op_code":9,"worker_id":"c34b4cca-52e1-4041-88e7-7876e98fc089-140707222733952","trial_id":260,"system_attr":{"tpe:relative_params:0":"{\"RANK_REGRESS\": 14, \"REG_W\": 793.2262908066089, \"USE_RMS_SCALING\": true}"}}
{"op_code":5,"worker_id":"c34b4cca-52e1-4041-88e7-7876e98fc089-140707222733952","trial_id":260,"param_name":"RANK_REGRESS","param_value_internal":14.0,"distribution":"{\"name\": \"IntDistribution\", \"attributes\": {\"log\": false, \"step\": 1, \"low\": 5, \"high\": 80}}"}
{"op_code":5,"worker_id":"c34b4cca-52e1-4041-88e7-7876e98fc089-140707222733952","trial_id":260,"param_name":"REG_W","param_value_internal":793.2262908066089,"distribution":"{\"name\": \"FloatDistribution\", \"attributes\": {\"step\": null, \"low\": 1e-05, \"high\": 1000.0, \"log\": true}}"}
{"op_code":5,"worker_id":"c34b4cca-52e1-4041-88e7-7876e98fc089-140707222733952","trial_id":260,"param_name":"USE_RMS_SCALING","param_value_internal":0,"distribution":"{\"name\": \"CategoricalDistribution\", \"attributes\": {\"choices\": [true, false]}}"}
{"op_code":0,"worker_id":"b3b14fe7-f3d0-4f7a-b78a-d85e136e5101-137643302249600","study_name":"cp_pred_surprise_L4_residual_delta","directions":[2]}
{"op_code":4,"worker_id":"b3b14fe7-f3d0-4f7a-b78a-d85e136e5101-137643302249600","study_id":0,"datetime_start":"2026-05-05T15:17:26.175173"}
{"op_code":9,"worker_id":"b3b14fe7-f3d0-4f7a-b78a-d85e136e5101-137643302249600","trial_id":261,"system_attr":{"tpe:relative_params:0":"{\"RANK_REGRESS\": 42, \"REG_W\": 48.158682241674484, \"USE_RMS_SCALING\": false}"}}
{"op_code":5,"worker_id":"b3b14fe7-f3d0-4f7a-b78a-d85e136e5101-137643302249600","trial_id":261,"param_name":"RANK_REGRESS","param_value_internal":42.0,"distribution":"{\"name\": \"IntDistribution\", \"attributes\": {\"log\": false, \"step\": 1, \"low\": 5, \"high\": 80}}"}
{"op_code":5,"worker_id":"b3b14fe7-f3d0-4f7a-b78a-d85e136e5101-137643302249600","trial_id":261,"param_name":"REG_W","param_value_internal":48.158682241674484,"distribution":"{\"name\": \"FloatDistribution\", \"attributes\": {\"step\": null, \"low\": 1e-05, \"high\": 1000.0, \"log\": true}}"}
{"op_code":5,"worker_id":"b3b14fe7-f3d0-4f7a-b78a-d85e136e5101-137643302249600","trial_id":261,"param_name":"USE_RMS_SCALING","param_value_internal":1,"distribution":"{\"name\": \"CategoricalDistribution\", \"attributes\": {\"choices\": [true, false]}}"}
{"op_code":0,"worker_id":"51bb5a9f-8f68-4875-95c3-35f7e6f9b54d-137167903294592","study_name":"cp_pred_surprise_L4_residual_delta","directions":[2]}
{"op_code":4,"worker_id":"51bb5a9f-8f68-4875-95c3-35f7e6f9b54d-137167903294592","study_id":0,"datetime_start":"2026-05-05T15:17:28.277894"}
{"op_code":9,"worker_id":"51bb5a9f-8f68-4875-95c3-35f7e6f9b54d-137167903294592","trial_id":262,"system_attr":{"tpe:relative_params:0":"{\"RANK_REGRESS\": 35, \"REG_W\": 24.619336631546513, \"USE_RMS_SCALING\": true}"}}
{"op_code":5,"worker_id":"51bb5a9f-8f68-4875-95c3-35f7e6f9b54d-137167903294592","trial_id":262,"param_name":"RANK_REGRESS","param_value_internal":35.0,"distribution":"{\"name\": \"IntDistribution\", \"attributes\": {\"log\": false, \"step\": 1, \"low\": 5, \"high\": 80}}"}
{"op_code":5,"worker_id":"51bb5a9f-8f68-4875-95c3-35f7e6f9b54d-137167903294592","trial_id":262,"param_name":"REG_W","param_value_internal":24.619336631546513,"distribution":"{\"name\": \"FloatDistribution\", \"attributes\": {\"step\": null, \"low\": 1e-05, \"high\": 1000.0, \"log\": true}}"}
{"op_code":5,"worker_id":"51bb5a9f-8f68-4875-95c3-35f7e6f9b54d-137167903294592","trial_id":262,"param_name":"USE_RMS_SCALING","param_value_internal":0,"distribution":"{\"name\": \"CategoricalDistribution\", \"attributes\": {\"choices\": [true, false]}}"}
{"op_code":0,"worker_id":"f8c6f72b-b54d-4412-be41-bb9b636d6111-138472978535552","study_name":"cp_pred_surprise_L4_residual_delta","directions":[2]}
{"op_code":4,"worker_id":"f8c6f72b-b54d-4412-be41-bb9b636d6111-138472978535552","study_id":0,"datetime_start":"2026-05-05T15:17:28.494252"}
{"op_code":9,"worker_id":"f8c6f72b-b54d-4412-be41-bb9b636d6111-138472978535552","trial_id":263,"system_attr":{"tpe:relative_params:0":"{\"RANK_REGRESS\": 34, \"REG_W\": 699.9140668728926, \"USE_RMS_SCALING\": false}"}}
{"op_code":5,"worker_id":"f8c6f72b-b54d-4412-be41-bb9b636d6111-138472978535552","trial_id":263,"param_name":"RANK_REGRESS","param_value_internal":34.0,"distribution":"{\"name\": \"IntDistribution\", \"attributes\": {\"log\": false, \"step\": 1, \"low\": 5, \"high\": 80}}"}
{"op_code":5,"worker_id":"f8c6f72b-b54d-4412-be41-bb9b636d6111-138472978535552","trial_id":263,"param_name":"REG_W","param_value_internal":699.9140668728926,"distribution":"{\"name\": \"FloatDistribution\", \"attributes\": {\"step\": null, \"low\": 1e-05, \"high\": 1000.0, \"log\": true}}"}
{"op_code":5,"worker_id":"f8c6f72b-b54d-4412-be41-bb9b636d6111-138472978535552","trial_id":263,"param_name":"USE_RMS_SCALING","param_value_internal":1,"distribution":"{\"name\": \"CategoricalDistribution\", \"attributes\": {\"choices\": [true, false]}}"}
{"op_code":0,"worker_id":"d74144e0-fda2-4541-8baa-21f36b4a9a97-139784318428288","study_name":"cp_pred_surprise_L4_residual_delta","directions":[2]}
{"op_code":4,"worker_id":"d74144e0-fda2-4541-8baa-21f36b4a9a97-139784318428288","study_id":0,"datetime_start":"2026-05-05T15:17:30.362245"}
{"op_code":9,"worker_id":"d74144e0-fda2-4541-8baa-21f36b4a9a97-139784318428288","trial_id":264,"system_attr":{"tpe:relative_params:0":"{\"RANK_REGRESS\": 6, \"REG_W\": 712.2176086816971, \"USE_RMS_SCALING\": true}"}}
{"op_code":5,"worker_id":"d74144e0-fda2-4541-8baa-21f36b4a9a97-139784318428288","trial_id":264,"param_name":"RANK_REGRESS","param_value_internal":6.0,"distribution":"{\"name\": \"IntDistribution\", \"attributes\": {\"log\": false, \"step\": 1, \"low\": 5, \"high\": 80}}"}
{"op_code":5,"worker_id":"d74144e0-fda2-4541-8baa-21f36b4a9a97-139784318428288","trial_id":264,"param_name":"REG_W","param_value_internal":712.2176086816971,"distribution":"{\"name\": \"FloatDistribution\", \"attributes\": {\"step\": null, \"low\": 1e-05, \"high\": 1000.0, \"log\": true}}"}
{"op_code":5,"worker_id":"d74144e0-fda2-4541-8baa-21f36b4a9a97-139784318428288","trial_id":264,"param_name":"USE_RMS_SCALING","param_value_internal":0,"distribution":"{\"name\": \"CategoricalDistribution\", \"attributes\": {\"choices\": [true, false]}}"}
{"op_code":0,"worker_id":"63c87a16-3dc8-460f-8c87-2f2cdb5db66b-127061967840384","study_name":"cp_pred_surprise_L4_residual_delta","directions":[2]}
{"op_code":4,"worker_id":"63c87a16-3dc8-460f-8c87-2f2cdb5db66b-127061967840384","study_id":0,"datetime_start":"2026-05-05T15:17:31.469545"}
{"op_code":9,"worker_id":"63c87a16-3dc8-460f-8c87-2f2cdb5db66b-127061967840384","trial_id":265,"system_attr":{"tpe:relative_params:0":"{\"RANK_REGRESS\": 80, \"REG_W\": 886.3625278666088, \"USE_RMS_SCALING\": false}"}}
{"op_code":5,"worker_id":"63c87a16-3dc8-460f-8c87-2f2cdb5db66b-127061967840384","trial_id":265,"param_name":"RANK_REGRESS","param_value_internal":80.0,"distribution":"{\"name\": \"IntDistribution\", \"attributes\": {\"log\": false, \"step\": 1, \"low\": 5, \"high\": 80}}"}
{"op_code":5,"worker_id":"63c87a16-3dc8-460f-8c87-2f2cdb5db66b-127061967840384","trial_id":265,"param_name":"REG_W","param_value_internal":886.3625278666088,"distribution":"{\"name\": \"FloatDistribution\", \"attributes\": {\"step\": null, \"low\": 1e-05, \"high\": 1000.0, \"log\": true}}"}
{"op_code":5,"worker_id":"63c87a16-3dc8-460f-8c87-2f2cdb5db66b-127061967840384","trial_id":265,"param_name":"USE_RMS_SCALING","param_value_internal":1,"distribution":"{\"name\": \"CategoricalDistribution\", \"attributes\": {\"choices\": [true, false]}}"}
{"op_code":0,"worker_id":"1f03e0be-dbdc-4ea0-961e-9b42cc1afcba-128572882117760","study_name":"cp_pred_surprise_L4_residual_delta","directions":[2]}
{"op_code":4,"worker_id":"1f03e0be-dbdc-4ea0-961e-9b42cc1afcba-128572882117760","study_id":0,"datetime_start":"2026-05-05T15:17:31.655675"}
{"op_code":9,"worker_id":"1f03e0be-dbdc-4ea0-961e-9b42cc1afcba-128572882117760","trial_id":266,"system_attr":{"tpe:relative_params:0":"{\"RANK_REGRESS\": 5, \"REG_W\": 10.98872040512693, \"USE_RMS_SCALING\": true}"}}
{"op_code":5,"worker_id":"1f03e0be-dbdc-4ea0-961e-9b42cc1afcba-128572882117760","trial_id":266,"param_name":"RANK_REGRESS","param_value_internal":5.0,"distribution":"{\"name\": \"IntDistribution\", \"attributes\": {\"log\": false, \"step\": 1, \"low\": 5, \"high\": 80}}"}
{"op_code":5,"worker_id":"1f03e0be-dbdc-4ea0-961e-9b42cc1afcba-128572882117760","trial_id":266,"param_name":"REG_W","param_value_internal":10.98872040512693,"distribution":"{\"name\": \"FloatDistribution\", \"attributes\": {\"step\": null, \"low\": 1e-05, \"high\": 1000.0, \"log\": true}}"}
{"op_code":5,"worker_id":"1f03e0be-dbdc-4ea0-961e-9b42cc1afcba-128572882117760","trial_id":266,"param_name":"USE_RMS_SCALING","param_value_internal":0,"distribution":"{\"name\": \"CategoricalDistribution\", \"attributes\": {\"choices\": [true, false]}}"}
{"op_code":0,"worker_id":"a2ad5f6e-cfa6-49da-9be5-0647e8f4382c-135265889055872","study_name":"cp_pred_surprise_L4_residual_delta","directions":[2]}
{"op_code":4,"worker_id":"a2ad5f6e-cfa6-49da-9be5-0647e8f4382c-135265889055872","study_id":0,"datetime_start":"2026-05-05T15:17:34.512784"}
{"op_code":9,"worker_id":"a2ad5f6e-cfa6-49da-9be5-0647e8f4382c-135265889055872","trial_id":267,"system_attr":{"tpe:relative_params:0":"{\"RANK_REGRESS\": 78, \"REG_W\": 5.562435340578043, \"USE_RMS_SCALING\": true}"}}
{"op_code":5,"worker_id":"a2ad5f6e-cfa6-49da-9be5-0647e8f4382c-135265889055872","trial_id":267,"param_name":"RANK_REGRESS","param_value_internal":78.0,"distribution":"{\"name\": \"IntDistribution\", \"attributes\": {\"log\": false, \"step\": 1, \"low\": 5, \"high\": 80}}"}
{"op_code":5,"worker_id":"a2ad5f6e-cfa6-49da-9be5-0647e8f4382c-135265889055872","trial_id":267,"param_name":"REG_W","param_value_internal":5.562435340578043,"distribution":"{\"name\": \"FloatDistribution\", \"attributes\": {\"step\": null, \"low\": 1e-05, \"high\": 1000.0, \"log\": true}}"}
{"op_code":5,"worker_id":"a2ad5f6e-cfa6-49da-9be5-0647e8f4382c-135265889055872","trial_id":267,"param_name":"USE_RMS_SCALING","param_value_internal":0,"distribution":"{\"name\": \"CategoricalDistribution\", \"attributes\": {\"choices\": [true, false]}}"}
{"op_code":0,"worker_id":"d562d315-b988-492d-8d64-aa57da35f7d9-126185884161152","study_name":"cp_pred_surprise_L4_residual_delta","directions":[2]}
{"op_code":4,"worker_id":"d562d315-b988-492d-8d64-aa57da35f7d9-126185884161152","study_id":0,"datetime_start":"2026-05-05T15:17:36.186875"}
{"op_code":9,"worker_id":"d562d315-b988-492d-8d64-aa57da35f7d9-126185884161152","trial_id":268,"system_attr":{"tpe:relative_params:0":"{\"RANK_REGRESS\": 64, \"REG_W\": 42.03063174339603, \"USE_RMS_SCALING\": false}"}}
{"op_code":5,"worker_id":"d562d315-b988-492d-8d64-aa57da35f7d9-126185884161152","trial_id":268,"param_name":"RANK_REGRESS","param_value_internal":64.0,"distribution":"{\"name\": \"IntDistribution\", \"attributes\": {\"log\": false, \"step\": 1, \"low\": 5, \"high\": 80}}"}
{"op_code":5,"worker_id":"d562d315-b988-492d-8d64-aa57da35f7d9-126185884161152","trial_id":268,"param_name":"REG_W","param_value_internal":42.03063174339603,"distribution":"{\"name\": \"FloatDistribution\", \"attributes\": {\"step\": null, \"low\": 1e-05, \"high\": 1000.0, \"log\": true}}"}
{"op_code":5,"worker_id":"d562d315-b988-492d-8d64-aa57da35f7d9-126185884161152","trial_id":268,"param_name":"USE_RMS_SCALING","param_value_internal":1,"distribution":"{\"name\": \"CategoricalDistribution\", \"attributes\": {\"choices\": [true, false]}}"}
{"op_code":0,"worker_id":"b95cacb5-e748-4f98-a591-033c7d4a3bf6-138773943276672","study_name":"cp_pred_surprise_L4_residual_delta","directions":[2]}
{"op_code":4,"worker_id":"b95cacb5-e748-4f98-a591-033c7d4a3bf6-138773943276672","study_id":0,"datetime_start":"2026-05-05T15:17:38.077876"}
{"op_code":9,"worker_id":"b95cacb5-e748-4f98-a591-033c7d4a3bf6-138773943276672","trial_id":269,"system_attr":{"tpe:relative_params:0":"{\"RANK_REGRESS\": 51, \"REG_W\": 21.889779299012904, \"USE_RMS_SCALING\": true}"}}
{"op_code":5,"worker_id":"b95cacb5-e748-4f98-a591-033c7d4a3bf6-138773943276672","trial_id":269,"param_name":"RANK_REGRESS","param_value_internal":51.0,"distribution":"{\"name\": \"IntDistribution\", \"attributes\": {\"log\": false, \"step\": 1, \"low\": 5, \"high\": 80}}"}
{"op_code":5,"worker_id":"b95cacb5-e748-4f98-a591-033c7d4a3bf6-138773943276672","trial_id":269,"param_name":"REG_W","param_value_internal":21.889779299012904,"distribution":"{\"name\": \"FloatDistribution\", \"attributes\": {\"step\": null, \"low\": 1e-05, \"high\": 1000.0, \"log\": true}}"}
{"op_code":5,"worker_id":"b95cacb5-e748-4f98-a591-033c7d4a3bf6-138773943276672","trial_id":269,"param_name":"USE_RMS_SCALING","param_value_internal":0,"distribution":"{\"name\": \"CategoricalDistribution\", \"attributes\": {\"choices\": [true, false]}}"}
{"op_code":0,"worker_id":"a8ecd967-ceed-4ea3-92ae-0dfdc497b5a7-139952655135872","study_name":"cp_pred_surprise_L4_residual_delta","directions":[2]}
{"op_code":4,"worker_id":"a8ecd967-ceed-4ea3-92ae-0dfdc497b5a7-139952655135872","study_id":0,"datetime_start":"2026-05-05T15:17:39.390451"}
{"op_code":9,"worker_id":"a8ecd967-ceed-4ea3-92ae-0dfdc497b5a7-139952655135872","trial_id":270,"system_attr":{"tpe:relative_params:0":"{\"RANK_REGRESS\": 25, \"REG_W\": 30.618289160699053, \"USE_RMS_SCALING\": true}"}}
{"op_code":5,"worker_id":"a8ecd967-ceed-4ea3-92ae-0dfdc497b5a7-139952655135872","trial_id":270,"param_name":"RANK_REGRESS","param_value_internal":25.0,"distribution":"{\"name\": \"IntDistribution\", \"attributes\": {\"log\": false, \"step\": 1, \"low\": 5, \"high\": 80}}"}
{"op_code":5,"worker_id":"a8ecd967-ceed-4ea3-92ae-0dfdc497b5a7-139952655135872","trial_id":270,"param_name":"REG_W","param_value_internal":30.618289160699053,"distribution":"{\"name\": \"FloatDistribution\", \"attributes\": {\"step\": null, \"low\": 1e-05, \"high\": 1000.0, \"log\": true}}"}
{"op_code":5,"worker_id":"a8ecd967-ceed-4ea3-92ae-0dfdc497b5a7-139952655135872","trial_id":270,"param_name":"USE_RMS_SCALING","param_value_internal":0,"distribution":"{\"name\": \"CategoricalDistribution\", \"attributes\": {\"choices\": [true, false]}}"}
{"op_code":0,"worker_id":"774f5301-e674-4365-a3dc-5ef93426f533-140572276831360","study_name":"cp_pred_surprise_L4_residual_delta","directions":[2]}
{"op_code":4,"worker_id":"774f5301-e674-4365-a3dc-5ef93426f533-140572276831360","study_id":0,"datetime_start":"2026-05-05T15:17:39.805458"}
{"op_code":9,"worker_id":"774f5301-e674-4365-a3dc-5ef93426f533-140572276831360","trial_id":271,"system_attr":{"tpe:relative_params:0":"{\"RANK_REGRESS\": 33, \"REG_W\": 57.83299184993663, \"USE_RMS_SCALING\": false}"}}
{"op_code":5,"worker_id":"774f5301-e674-4365-a3dc-5ef93426f533-140572276831360","trial_id":271,"param_name":"RANK_REGRESS","param_value_internal":33.0,"distribution":"{\"name\": \"IntDistribution\", \"attributes\": {\"log\": false, \"step\": 1, \"low\": 5, \"high\": 80}}"}
{"op_code":5,"worker_id":"774f5301-e674-4365-a3dc-5ef93426f533-140572276831360","trial_id":271,"param_name":"REG_W","param_value_internal":57.83299184993663,"distribution":"{\"name\": \"FloatDistribution\", \"attributes\": {\"step\": null, \"low\": 1e-05, \"high\": 1000.0, \"log\": true}}"}
{"op_code":5,"worker_id":"774f5301-e674-4365-a3dc-5ef93426f533-140572276831360","trial_id":271,"param_name":"USE_RMS_SCALING","param_value_internal":1,"distribution":"{\"name\": \"CategoricalDistribution\", \"attributes\": {\"choices\": [true, false]}}"}
{"op_code":0,"worker_id":"2d2da948-f8c9-4d82-8c68-f8c578999dc8-123680903255168","study_name":"cp_pred_surprise_L4_residual_delta","directions":[2]}
{"op_code":4,"worker_id":"2d2da948-f8c9-4d82-8c68-f8c578999dc8-123680903255168","study_id":0,"datetime_start":"2026-05-05T15:17:39.915226"}
{"op_code":9,"worker_id":"2d2da948-f8c9-4d82-8c68-f8c578999dc8-123680903255168","trial_id":272,"system_attr":{"tpe:relative_params:0":"{\"RANK_REGRESS\": 49, \"REG_W\": 152.19406883212625, \"USE_RMS_SCALING\": true}"}}
{"op_code":5,"worker_id":"2d2da948-f8c9-4d82-8c68-f8c578999dc8-123680903255168","trial_id":272,"param_name":"RANK_REGRESS","param_value_internal":49.0,"distribution":"{\"name\": \"IntDistribution\", \"attributes\": {\"log\": false, \"step\": 1, \"low\": 5, \"high\": 80}}"}
{"op_code":5,"worker_id":"2d2da948-f8c9-4d82-8c68-f8c578999dc8-123680903255168","trial_id":272,"param_name":"REG_W","param_value_internal":152.19406883212625,"distribution":"{\"name\": \"FloatDistribution\", \"attributes\": {\"step\": null, \"low\": 1e-05, \"high\": 1000.0, \"log\": true}}"}
{"op_code":5,"worker_id":"2d2da948-f8c9-4d82-8c68-f8c578999dc8-123680903255168","trial_id":272,"param_name":"USE_RMS_SCALING","param_value_internal":0,"distribution":"{\"name\": \"CategoricalDistribution\", \"attributes\": {\"choices\": [true, false]}}"}
{"op_code":0,"worker_id":"f3522fd4-f87d-4a4b-8d30-167e84ddcaa3-129160435082368","study_name":"cp_pred_surprise_L4_residual_delta","directions":[2]}
{"op_code":4,"worker_id":"f3522fd4-f87d-4a4b-8d30-167e84ddcaa3-129160435082368","study_id":0,"datetime_start":"2026-05-05T15:17:40.816800"}
{"op_code":9,"worker_id":"f3522fd4-f87d-4a4b-8d30-167e84ddcaa3-129160435082368","trial_id":273,"system_attr":{"tpe:relative_params:0":"{\"RANK_REGRESS\": 27, \"REG_W\": 600.1073566376328, \"USE_RMS_SCALING\": false}"}}
{"op_code":5,"worker_id":"f3522fd4-f87d-4a4b-8d30-167e84ddcaa3-129160435082368","trial_id":273,"param_name":"RANK_REGRESS","param_value_internal":27.0,"distribution":"{\"name\": \"IntDistribution\", \"attributes\": {\"log\": false, \"step\": 1, \"low\": 5, \"high\": 80}}"}
{"op_code":5,"worker_id":"f3522fd4-f87d-4a4b-8d30-167e84ddcaa3-129160435082368","trial_id":273,"param_name":"REG_W","param_value_internal":600.1073566376328,"distribution":"{\"name\": \"FloatDistribution\", \"attributes\": {\"step\": null, \"low\": 1e-05, \"high\": 1000.0, \"log\": true}}"}
{"op_code":5,"worker_id":"f3522fd4-f87d-4a4b-8d30-167e84ddcaa3-129160435082368","trial_id":273,"param_name":"USE_RMS_SCALING","param_value_internal":1,"distribution":"{\"name\": \"CategoricalDistribution\", \"attributes\": {\"choices\": [true, false]}}"}
{"op_code":0,"worker_id":"c29bcec8-7fba-419e-912b-5df33e4c161e-123231078630528","study_name":"cp_pred_surprise_L4_residual_delta","directions":[2]}
{"op_code":4,"worker_id":"c29bcec8-7fba-419e-912b-5df33e4c161e-123231078630528","study_id":0,"datetime_start":"2026-05-05T15:17:42.572102"}
{"op_code":9,"worker_id":"c29bcec8-7fba-419e-912b-5df33e4c161e-123231078630528","trial_id":274,"system_attr":{"tpe:relative_params:0":"{\"RANK_REGRESS\": 49, \"REG_W\": 48.90139331034125, \"USE_RMS_SCALING\": false}"}}
{"op_code":5,"worker_id":"c29bcec8-7fba-419e-912b-5df33e4c161e-123231078630528","trial_id":274,"param_name":"RANK_REGRESS","param_value_internal":49.0,"distribution":"{\"name\": \"IntDistribution\", \"attributes\": {\"log\": false, \"step\": 1, \"low\": 5, \"high\": 80}}"}
{"op_code":5,"worker_id":"c29bcec8-7fba-419e-912b-5df33e4c161e-123231078630528","trial_id":274,"param_name":"REG_W","param_value_internal":48.90139331034125,"distribution":"{\"name\": \"FloatDistribution\", \"attributes\": {\"step\": null, \"low\": 1e-05, \"high\": 1000.0, \"log\": true}}"}
{"op_code":5,"worker_id":"c29bcec8-7fba-419e-912b-5df33e4c161e-123231078630528","trial_id":274,"param_name":"USE_RMS_SCALING","param_value_internal":1,"distribution":"{\"name\": \"CategoricalDistribution\", \"attributes\": {\"choices\": [true, false]}}"}
{"op_code":0,"worker_id":"f41b31eb-e176-4fc3-bffe-78a98d2b4a91-135289386407040","study_name":"cp_pred_surprise_L4_residual_delta","directions":[2]}
{"op_code":4,"worker_id":"f41b31eb-e176-4fc3-bffe-78a98d2b4a91-135289386407040","study_id":0,"datetime_start":"2026-05-05T15:17:43.624400"}
{"op_code":9,"worker_id":"f41b31eb-e176-4fc3-bffe-78a98d2b4a91-135289386407040","trial_id":275,"system_attr":{"tpe:relative_params:0":"{\"RANK_REGRESS\": 68, \"REG_W\": 35.749425472608216, \"USE_RMS_SCALING\": true}"}}
{"op_code":5,"worker_id":"f41b31eb-e176-4fc3-bffe-78a98d2b4a91-135289386407040","trial_id":275,"param_name":"RANK_REGRESS","param_value_internal":68.0,"distribution":"{\"name\": \"IntDistribution\", \"attributes\": {\"log\": false, \"step\": 1, \"low\": 5, \"high\": 80}}"}
{"op_code":5,"worker_id":"f41b31eb-e176-4fc3-bffe-78a98d2b4a91-135289386407040","trial_id":275,"param_name":"REG_W","param_value_internal":35.749425472608216,"distribution":"{\"name\": \"FloatDistribution\", \"attributes\": {\"step\": null, \"low\": 1e-05, \"high\": 1000.0, \"log\": true}}"}
{"op_code":5,"worker_id":"f41b31eb-e176-4fc3-bffe-78a98d2b4a91-135289386407040","trial_id":275,"param_name":"USE_RMS_SCALING","param_value_internal":0,"distribution":"{\"name\": \"CategoricalDistribution\", \"attributes\": {\"choices\": [true, false]}}"}
{"op_code":0,"worker_id":"603ce9bf-3f72-4bce-acc2-05b0ffbf70d3-140042158396544","study_name":"cp_pred_surprise_L4_residual_delta","directions":[2]}
{"op_code":4,"worker_id":"603ce9bf-3f72-4bce-acc2-05b0ffbf70d3-140042158396544","study_id":0,"datetime_start":"2026-05-05T15:17:45.663513"}
{"op_code":9,"worker_id":"603ce9bf-3f72-4bce-acc2-05b0ffbf70d3-140042158396544","trial_id":276,"system_attr":{"tpe:relative_params:0":"{\"RANK_REGRESS\": 72, \"REG_W\": 968.6971340455955, \"USE_RMS_SCALING\": true}"}}
{"op_code":5,"worker_id":"603ce9bf-3f72-4bce-acc2-05b0ffbf70d3-140042158396544","trial_id":276,"param_name":"RANK_REGRESS","param_value_internal":72.0,"distribution":"{\"name\": \"IntDistribution\", \"attributes\": {\"log\": false, \"step\": 1, \"low\": 5, \"high\": 80}}"}
{"op_code":5,"worker_id":"603ce9bf-3f72-4bce-acc2-05b0ffbf70d3-140042158396544","trial_id":276,"param_name":"REG_W","param_value_internal":968.6971340455955,"distribution":"{\"name\": \"FloatDistribution\", \"attributes\": {\"step\": null, \"low\": 1e-05, \"high\": 1000.0, \"log\": true}}"}
{"op_code":5,"worker_id":"603ce9bf-3f72-4bce-acc2-05b0ffbf70d3-140042158396544","trial_id":276,"param_name":"USE_RMS_SCALING","param_value_internal":0,"distribution":"{\"name\": \"CategoricalDistribution\", \"attributes\": {\"choices\": [true, false]}}"}
{"op_code":0,"worker_id":"4a6602e0-d95c-4133-98e4-5dab13f358df-125742097208448","study_name":"cp_pred_surprise_L4_residual_delta","directions":[2]}
{"op_code":4,"worker_id":"4a6602e0-d95c-4133-98e4-5dab13f358df-125742097208448","study_id":0,"datetime_start":"2026-05-05T15:17:46.110437"}
{"op_code":9,"worker_id":"4a6602e0-d95c-4133-98e4-5dab13f358df-125742097208448","trial_id":277,"system_attr":{"tpe:relative_params:0":"{\"RANK_REGRESS\": 46, \"REG_W\": 852.0292763117355, \"USE_RMS_SCALING\": false}"}}
{"op_code":5,"worker_id":"4a6602e0-d95c-4133-98e4-5dab13f358df-125742097208448","trial_id":277,"param_name":"RANK_REGRESS","param_value_internal":46.0,"distribution":"{\"name\": \"IntDistribution\", \"attributes\": {\"log\": false, \"step\": 1, \"low\": 5, \"high\": 80}}"}
{"op_code":5,"worker_id":"4a6602e0-d95c-4133-98e4-5dab13f358df-125742097208448","trial_id":277,"param_name":"REG_W","param_value_internal":852.0292763117355,"distribution":"{\"name\": \"FloatDistribution\", \"attributes\": {\"step\": null, \"low\": 1e-05, \"high\": 1000.0, \"log\": true}}"}
{"op_code":5,"worker_id":"4a6602e0-d95c-4133-98e4-5dab13f358df-125742097208448","trial_id":277,"param_name":"USE_RMS_SCALING","param_value_internal":1,"distribution":"{\"name\": \"CategoricalDistribution\", \"attributes\": {\"choices\": [true, false]}}"}
{"op_code":0,"worker_id":"deda2f04-5216-46ba-8340-11a6d2bdc0a3-130091836687488","study_name":"cp_pred_surprise_L4_residual_delta","directions":[2]}
{"op_code":4,"worker_id":"deda2f04-5216-46ba-8340-11a6d2bdc0a3-130091836687488","study_id":0,"datetime_start":"2026-05-05T15:17:47.589693"}
{"op_code":9,"worker_id":"deda2f04-5216-46ba-8340-11a6d2bdc0a3-130091836687488","trial_id":278,"system_attr":{"tpe:relative_params:0":"{\"RANK_REGRESS\": 38, \"REG_W\": 61.62923368587925, \"USE_RMS_SCALING\": true}"}}
{"op_code":5,"worker_id":"deda2f04-5216-46ba-8340-11a6d2bdc0a3-130091836687488","trial_id":278,"param_name":"RANK_REGRESS","param_value_internal":38.0,"distribution":"{\"name\": \"IntDistribution\", \"attributes\": {\"log\": false, \"step\": 1, \"low\": 5, \"high\": 80}}"}
{"op_code":5,"worker_id":"deda2f04-5216-46ba-8340-11a6d2bdc0a3-130091836687488","trial_id":278,"param_name":"REG_W","param_value_internal":61.62923368587925,"distribution":"{\"name\": \"FloatDistribution\", \"attributes\": {\"step\": null, \"low\": 1e-05, \"high\": 1000.0, \"log\": true}}"}
{"op_code":5,"worker_id":"deda2f04-5216-46ba-8340-11a6d2bdc0a3-130091836687488","trial_id":278,"param_name":"USE_RMS_SCALING","param_value_internal":0,"distribution":"{\"name\": \"CategoricalDistribution\", \"attributes\": {\"choices\": [true, false]}}"}
{"op_code":0,"worker_id":"d5c5d389-317b-4938-a4b8-d62cfbd77c1f-138416651666560","study_name":"cp_pred_surprise_L4_residual_delta","directions":[2]}
{"op_code":0,"worker_id":"26919fca-0555-4c24-9661-5320ff35f858-139694760510592","study_name":"cp_pred_surprise_L4_residual_delta","directions":[2]}
{"op_code":4,"worker_id":"d5c5d389-317b-4938-a4b8-d62cfbd77c1f-138416651666560","study_id":0,"datetime_start":"2026-05-05T15:17:49.987661"}
{"op_code":4,"worker_id":"26919fca-0555-4c24-9661-5320ff35f858-139694760510592","study_id":0,"datetime_start":"2026-05-05T15:17:49.216774"}
{"op_code":9,"worker_id":"26919fca-0555-4c24-9661-5320ff35f858-139694760510592","trial_id":280,"system_attr":{"tpe:relative_params:0":"{\"RANK_REGRESS\": 18, \"REG_W\": 70.39026803293018, \"USE_RMS_SCALING\": true}"}}
{"op_code":9,"worker_id":"d5c5d389-317b-4938-a4b8-d62cfbd77c1f-138416651666560","trial_id":279,"system_attr":{"tpe:relative_params:0":"{\"RANK_REGRESS\": 18, \"REG_W\": 35.819023832403246, \"USE_RMS_SCALING\": true}"}}
{"op_code":5,"worker_id":"26919fca-0555-4c24-9661-5320ff35f858-139694760510592","trial_id":280,"param_name":"RANK_REGRESS","param_value_internal":18.0,"distribution":"{\"name\": \"IntDistribution\", \"attributes\": {\"log\": false, \"step\": 1, \"low\": 5, \"high\": 80}}"}
{"op_code":5,"worker_id":"d5c5d389-317b-4938-a4b8-d62cfbd77c1f-138416651666560","trial_id":279,"param_name":"RANK_REGRESS","param_value_internal":18.0,"distribution":"{\"name\": \"IntDistribution\", \"attributes\": {\"log\": false, \"step\": 1, \"low\": 5, \"high\": 80}}"}
{"op_code":5,"worker_id":"26919fca-0555-4c24-9661-5320ff35f858-139694760510592","trial_id":280,"param_name":"REG_W","param_value_internal":70.39026803293018,"distribution":"{\"name\": \"FloatDistribution\", \"attributes\": {\"step\": null, \"low\": 1e-05, \"high\": 1000.0, \"log\": true}}"}
{"op_code":5,"worker_id":"d5c5d389-317b-4938-a4b8-d62cfbd77c1f-138416651666560","trial_id":279,"param_name":"REG_W","param_value_internal":35.819023832403246,"distribution":"{\"name\": \"FloatDistribution\", \"attributes\": {\"step\": null, \"low\": 1e-05, \"high\": 1000.0, \"log\": true}}"}
{"op_code":5,"worker_id":"26919fca-0555-4c24-9661-5320ff35f858-139694760510592","trial_id":280,"param_name":"USE_RMS_SCALING","param_value_internal":0,"distribution":"{\"name\": \"CategoricalDistribution\", \"attributes\": {\"choices\": [true, false]}}"}
{"op_code":5,"worker_id":"d5c5d389-317b-4938-a4b8-d62cfbd77c1f-138416651666560","trial_id":279,"param_name":"USE_RMS_SCALING","param_value_internal":0,"distribution":"{\"name\": \"CategoricalDistribution\", \"attributes\": {\"choices\": [true, false]}}"}
{"op_code":0,"worker_id":"d87c6038-a58e-45b8-9667-ce5153e5ed1d-140151856145536","study_name":"cp_pred_surprise_L4_residual_delta","directions":[2]}
{"op_code":4,"worker_id":"d87c6038-a58e-45b8-9667-ce5153e5ed1d-140151856145536","study_id":0,"datetime_start":"2026-05-05T15:17:50.652224"}
{"op_code":9,"worker_id":"d87c6038-a58e-45b8-9667-ce5153e5ed1d-140151856145536","trial_id":281,"system_attr":{"tpe:relative_params:0":"{\"RANK_REGRESS\": 56, \"REG_W\": 173.8387809450116, \"USE_RMS_SCALING\": true}"}}
{"op_code":5,"worker_id":"d87c6038-a58e-45b8-9667-ce5153e5ed1d-140151856145536","trial_id":281,"param_name":"RANK_REGRESS","param_value_internal":56.0,"distribution":"{\"name\": \"IntDistribution\", \"attributes\": {\"log\": false, \"step\": 1, \"low\": 5, \"high\": 80}}"}
{"op_code":5,"worker_id":"d87c6038-a58e-45b8-9667-ce5153e5ed1d-140151856145536","trial_id":281,"param_name":"REG_W","param_value_internal":173.8387809450116,"distribution":"{\"name\": \"FloatDistribution\", \"attributes\": {\"step\": null, \"low\": 1e-05, \"high\": 1000.0, \"log\": true}}"}
{"op_code":5,"worker_id":"d87c6038-a58e-45b8-9667-ce5153e5ed1d-140151856145536","trial_id":281,"param_name":"USE_RMS_SCALING","param_value_internal":0,"distribution":"{\"name\": \"CategoricalDistribution\", \"attributes\": {\"choices\": [true, false]}}"}
{"op_code":0,"worker_id":"f64ba60c-7341-4d67-ac98-b8aedb1b8297-125628892669056","study_name":"cp_pred_surprise_L4_residual_delta","directions":[2]}
{"op_code":4,"worker_id":"f64ba60c-7341-4d67-ac98-b8aedb1b8297-125628892669056","study_id":0,"datetime_start":"2026-05-05T15:17:50.092059"}
{"op_code":9,"worker_id":"f64ba60c-7341-4d67-ac98-b8aedb1b8297-125628892669056","trial_id":282,"system_attr":{"tpe:relative_params:0":"{\"RANK_REGRESS\": 33, \"REG_W\": 995.4536498686181, \"USE_RMS_SCALING\": false}"}}
{"op_code":5,"worker_id":"f64ba60c-7341-4d67-ac98-b8aedb1b8297-125628892669056","trial_id":282,"param_name":"RANK_REGRESS","param_value_internal":33.0,"distribution":"{\"name\": \"IntDistribution\", \"attributes\": {\"log\": false, \"step\": 1, \"low\": 5, \"high\": 80}}"}
{"op_code":5,"worker_id":"f64ba60c-7341-4d67-ac98-b8aedb1b8297-125628892669056","trial_id":282,"param_name":"REG_W","param_value_internal":995.4536498686181,"distribution":"{\"name\": \"FloatDistribution\", \"attributes\": {\"step\": null, \"low\": 1e-05, \"high\": 1000.0, \"log\": true}}"}
{"op_code":5,"worker_id":"f64ba60c-7341-4d67-ac98-b8aedb1b8297-125628892669056","trial_id":282,"param_name":"USE_RMS_SCALING","param_value_internal":1,"distribution":"{\"name\": \"CategoricalDistribution\", \"attributes\": {\"choices\": [true, false]}}"}
{"op_code":0,"worker_id":"eedb9aaa-2ecb-4255-90cc-30db454349a0-125133339333760","study_name":"cp_pred_surprise_L4_residual_delta","directions":[2]}
{"op_code":4,"worker_id":"eedb9aaa-2ecb-4255-90cc-30db454349a0-125133339333760","study_id":0,"datetime_start":"2026-05-05T15:17:51.530197"}
{"op_code":9,"worker_id":"eedb9aaa-2ecb-4255-90cc-30db454349a0-125133339333760","trial_id":283,"system_attr":{"tpe:relative_params:0":"{\"RANK_REGRESS\": 28, \"REG_W\": 13.983418052840728, \"USE_RMS_SCALING\": false}"}}
{"op_code":5,"worker_id":"eedb9aaa-2ecb-4255-90cc-30db454349a0-125133339333760","trial_id":283,"param_name":"RANK_REGRESS","param_value_internal":28.0,"distribution":"{\"name\": \"IntDistribution\", \"attributes\": {\"log\": false, \"step\": 1, \"low\": 5, \"high\": 80}}"}
{"op_code":5,"worker_id":"eedb9aaa-2ecb-4255-90cc-30db454349a0-125133339333760","trial_id":283,"param_name":"REG_W","param_value_internal":13.983418052840728,"distribution":"{\"name\": \"FloatDistribution\", \"attributes\": {\"step\": null, \"low\": 1e-05, \"high\": 1000.0, \"log\": true}}"}
{"op_code":5,"worker_id":"eedb9aaa-2ecb-4255-90cc-30db454349a0-125133339333760","trial_id":283,"param_name":"USE_RMS_SCALING","param_value_internal":1,"distribution":"{\"name\": \"CategoricalDistribution\", \"attributes\": {\"choices\": [true, false]}}"}
{"op_code":0,"worker_id":"593c0974-b842-43be-bdbd-34d627773778-138399326971008","study_name":"cp_pred_surprise_L4_residual_delta","directions":[2]}
{"op_code":0,"worker_id":"0709134d-d7f0-4ec9-9498-942acc93ccc7-133218423039104","study_name":"cp_pred_surprise_L4_residual_delta","directions":[2]}
{"op_code":4,"worker_id":"593c0974-b842-43be-bdbd-34d627773778-138399326971008","study_id":0,"datetime_start":"2026-05-05T15:17:52.434909"}
{"op_code":4,"worker_id":"0709134d-d7f0-4ec9-9498-942acc93ccc7-133218423039104","study_id":0,"datetime_start":"2026-05-05T15:17:52.446714"}
{"op_code":9,"worker_id":"593c0974-b842-43be-bdbd-34d627773778-138399326971008","trial_id":284,"system_attr":{"tpe:relative_params:0":"{\"RANK_REGRESS\": 42, \"REG_W\": 1.6552770299415447, \"USE_RMS_SCALING\": true}"}}
{"op_code":9,"worker_id":"0709134d-d7f0-4ec9-9498-942acc93ccc7-133218423039104","trial_id":285,"system_attr":{"tpe:relative_params:0":"{\"RANK_REGRESS\": 61, \"REG_W\": 819.8500722684972, \"USE_RMS_SCALING\": false}"}}
{"op_code":5,"worker_id":"593c0974-b842-43be-bdbd-34d627773778-138399326971008","trial_id":284,"param_name":"RANK_REGRESS","param_value_internal":42.0,"distribution":"{\"name\": \"IntDistribution\", \"attributes\": {\"log\": false, \"step\": 1, \"low\": 5, \"high\": 80}}"}
{"op_code":5,"worker_id":"0709134d-d7f0-4ec9-9498-942acc93ccc7-133218423039104","trial_id":285,"param_name":"RANK_REGRESS","param_value_internal":61.0,"distribution":"{\"name\": \"IntDistribution\", \"attributes\": {\"log\": false, \"step\": 1, \"low\": 5, \"high\": 80}}"}
{"op_code":5,"worker_id":"593c0974-b842-43be-bdbd-34d627773778-138399326971008","trial_id":284,"param_name":"REG_W","param_value_internal":1.6552770299415447,"distribution":"{\"name\": \"FloatDistribution\", \"attributes\": {\"step\": null, \"low\": 1e-05, \"high\": 1000.0, \"log\": true}}"}
{"op_code":5,"worker_id":"0709134d-d7f0-4ec9-9498-942acc93ccc7-133218423039104","trial_id":285,"param_name":"REG_W","param_value_internal":819.8500722684972,"distribution":"{\"name\": \"FloatDistribution\", \"attributes\": {\"step\": null, \"low\": 1e-05, \"high\": 1000.0, \"log\": true}}"}
{"op_code":5,"worker_id":"593c0974-b842-43be-bdbd-34d627773778-138399326971008","trial_id":284,"param_name":"USE_RMS_SCALING","param_value_internal":0,"distribution":"{\"name\": \"CategoricalDistribution\", \"attributes\": {\"choices\": [true, false]}}"}
{"op_code":5,"worker_id":"0709134d-d7f0-4ec9-9498-942acc93ccc7-133218423039104","trial_id":285,"param_name":"USE_RMS_SCALING","param_value_internal":1,"distribution":"{\"name\": \"CategoricalDistribution\", \"attributes\": {\"choices\": [true, false]}}"}
{"op_code":0,"worker_id":"9512667f-bc94-4f7c-824e-e1b70aba8921-131664694506624","study_name":"cp_pred_surprise_L4_residual_delta","directions":[2]}
{"op_code":4,"worker_id":"9512667f-bc94-4f7c-824e-e1b70aba8921-131664694506624","study_id":0,"datetime_start":"2026-05-05T15:17:53.613915"}
{"op_code":0,"worker_id":"562c8336-396a-41bf-9b16-75b999b1fd44-132206671553664","study_name":"cp_pred_surprise_L4_residual_delta","directions":[2]}
{"op_code":9,"worker_id":"9512667f-bc94-4f7c-824e-e1b70aba8921-131664694506624","trial_id":286,"system_attr":{"tpe:relative_params:0":"{\"RANK_REGRESS\": 40, \"REG_W\": 650.1755593271265, \"USE_RMS_SCALING\": true}"}}
{"op_code":5,"worker_id":"9512667f-bc94-4f7c-824e-e1b70aba8921-131664694506624","trial_id":286,"param_name":"RANK_REGRESS","param_value_internal":40.0,"distribution":"{\"name\": \"IntDistribution\", \"attributes\": {\"log\": false, \"step\": 1, \"low\": 5, \"high\": 80}}"}
{"op_code":5,"worker_id":"9512667f-bc94-4f7c-824e-e1b70aba8921-131664694506624","trial_id":286,"param_name":"REG_W","param_value_internal":650.1755593271265,"distribution":"{\"name\": \"FloatDistribution\", \"attributes\": {\"step\": null, \"low\": 1e-05, \"high\": 1000.0, \"log\": true}}"}
{"op_code":4,"worker_id":"562c8336-396a-41bf-9b16-75b999b1fd44-132206671553664","study_id":0,"datetime_start":"2026-05-05T15:17:53.697383"}
{"op_code":5,"worker_id":"9512667f-bc94-4f7c-824e-e1b70aba8921-131664694506624","trial_id":286,"param_name":"USE_RMS_SCALING","param_value_internal":0,"distribution":"{\"name\": \"CategoricalDistribution\", \"attributes\": {\"choices\": [true, false]}}"}
{"op_code":9,"worker_id":"562c8336-396a-41bf-9b16-75b999b1fd44-132206671553664","trial_id":287,"system_attr":{"tpe:relative_params:0":"{\"RANK_REGRESS\": 53, \"REG_W\": 5.971451112633802, \"USE_RMS_SCALING\": false}"}}
{"op_code":5,"worker_id":"562c8336-396a-41bf-9b16-75b999b1fd44-132206671553664","trial_id":287,"param_name":"RANK_REGRESS","param_value_internal":53.0,"distribution":"{\"name\": \"IntDistribution\", \"attributes\": {\"log\": false, \"step\": 1, \"low\": 5, \"high\": 80}}"}
{"op_code":5,"worker_id":"562c8336-396a-41bf-9b16-75b999b1fd44-132206671553664","trial_id":287,"param_name":"REG_W","param_value_internal":5.971451112633802,"distribution":"{\"name\": \"FloatDistribution\", \"attributes\": {\"step\": null, \"low\": 1e-05, \"high\": 1000.0, \"log\": true}}"}
{"op_code":5,"worker_id":"562c8336-396a-41bf-9b16-75b999b1fd44-132206671553664","trial_id":287,"param_name":"USE_RMS_SCALING","param_value_internal":1,"distribution":"{\"name\": \"CategoricalDistribution\", \"attributes\": {\"choices\": [true, false]}}"}
{"op_code":0,"worker_id":"b3fc6a0e-b7ad-4798-98d4-779242f48923-140037251269760","study_name":"cp_pred_surprise_L4_residual_delta","directions":[2]}
{"op_code":0,"worker_id":"72f71256-e933-4ba5-bc29-9aa9ed6fa14c-125409260840064","study_name":"cp_pred_surprise_L4_residual_delta","directions":[2]}
{"op_code":4,"worker_id":"b3fc6a0e-b7ad-4798-98d4-779242f48923-140037251269760","study_id":0,"datetime_start":"2026-05-05T15:17:55.084511"}
{"op_code":4,"worker_id":"72f71256-e933-4ba5-bc29-9aa9ed6fa14c-125409260840064","study_id":0,"datetime_start":"2026-05-05T15:17:55.091414"}
{"op_code":9,"worker_id":"b3fc6a0e-b7ad-4798-98d4-779242f48923-140037251269760","trial_id":288,"system_attr":{"tpe:relative_params:0":"{\"RANK_REGRESS\": 78, \"REG_W\": 18.830147931760564, \"USE_RMS_SCALING\": false}"}}
{"op_code":5,"worker_id":"b3fc6a0e-b7ad-4798-98d4-779242f48923-140037251269760","trial_id":288,"param_name":"RANK_REGRESS","param_value_internal":78.0,"distribution":"{\"name\": \"IntDistribution\", \"attributes\": {\"log\": false, \"step\": 1, \"low\": 5, \"high\": 80}}"}
{"op_code":9,"worker_id":"72f71256-e933-4ba5-bc29-9aa9ed6fa14c-125409260840064","trial_id":289,"system_attr":{"tpe:relative_params:0":"{\"RANK_REGRESS\": 44, \"REG_W\": 79.59952360841031, \"USE_RMS_SCALING\": false}"}}
{"op_code":5,"worker_id":"b3fc6a0e-b7ad-4798-98d4-779242f48923-140037251269760","trial_id":288,"param_name":"REG_W","param_value_internal":18.830147931760564,"distribution":"{\"name\": \"FloatDistribution\", \"attributes\": {\"step\": null, \"low\": 1e-05, \"high\": 1000.0, \"log\": true}}"}
{"op_code":5,"worker_id":"72f71256-e933-4ba5-bc29-9aa9ed6fa14c-125409260840064","trial_id":289,"param_name":"RANK_REGRESS","param_value_internal":44.0,"distribution":"{\"name\": \"IntDistribution\", \"attributes\": {\"log\": false, \"step\": 1, \"low\": 5, \"high\": 80}}"}
{"op_code":5,"worker_id":"b3fc6a0e-b7ad-4798-98d4-779242f48923-140037251269760","trial_id":288,"param_name":"USE_RMS_SCALING","param_value_internal":1,"distribution":"{\"name\": \"CategoricalDistribution\", \"attributes\": {\"choices\": [true, false]}}"}
{"op_code":5,"worker_id":"72f71256-e933-4ba5-bc29-9aa9ed6fa14c-125409260840064","trial_id":289,"param_name":"REG_W","param_value_internal":79.59952360841031,"distribution":"{\"name\": \"FloatDistribution\", \"attributes\": {\"step\": null, \"low\": 1e-05, \"high\": 1000.0, \"log\": true}}"}
{"op_code":5,"worker_id":"72f71256-e933-4ba5-bc29-9aa9ed6fa14c-125409260840064","trial_id":289,"param_name":"USE_RMS_SCALING","param_value_internal":1,"distribution":"{\"name\": \"CategoricalDistribution\", \"attributes\": {\"choices\": [true, false]}}"}
{"op_code":0,"worker_id":"cb444b02-ca6c-4086-b9cd-a5c0593d489b-126758847857792","study_name":"cp_pred_surprise_L4_residual_delta","directions":[2]}
{"op_code":0,"worker_id":"76cdda3d-1b1e-4086-ba63-bec5ceee68e2-129419943289984","study_name":"cp_pred_surprise_L4_residual_delta","directions":[2]}
{"op_code":4,"worker_id":"cb444b02-ca6c-4086-b9cd-a5c0593d489b-126758847857792","study_id":0,"datetime_start":"2026-05-05T15:17:56.983592"}
{"op_code":4,"worker_id":"76cdda3d-1b1e-4086-ba63-bec5ceee68e2-129419943289984","study_id":0,"datetime_start":"2026-05-05T15:17:56.991832"}
{"op_code":9,"worker_id":"cb444b02-ca6c-4086-b9cd-a5c0593d489b-126758847857792","trial_id":290,"system_attr":{"tpe:relative_params:0":"{\"RANK_REGRESS\": 5, \"REG_W\": 134.2724781302485, \"USE_RMS_SCALING\": true}"}}
{"op_code":9,"worker_id":"76cdda3d-1b1e-4086-ba63-bec5ceee68e2-129419943289984","trial_id":291,"system_attr":{"tpe:relative_params:0":"{\"RANK_REGRESS\": 69, \"REG_W\": 46.803862697344954, \"USE_RMS_SCALING\": true}"}}
{"op_code":5,"worker_id":"cb444b02-ca6c-4086-b9cd-a5c0593d489b-126758847857792","trial_id":290,"param_name":"RANK_REGRESS","param_value_internal":5.0,"distribution":"{\"name\": \"IntDistribution\", \"attributes\": {\"log\": false, \"step\": 1, \"low\": 5, \"high\": 80}}"}
{"op_code":5,"worker_id":"76cdda3d-1b1e-4086-ba63-bec5ceee68e2-129419943289984","trial_id":291,"param_name":"RANK_REGRESS","param_value_internal":69.0,"distribution":"{\"name\": \"IntDistribution\", \"attributes\": {\"log\": false, \"step\": 1, \"low\": 5, \"high\": 80}}"}
{"op_code":5,"worker_id":"cb444b02-ca6c-4086-b9cd-a5c0593d489b-126758847857792","trial_id":290,"param_name":"REG_W","param_value_internal":134.2724781302485,"distribution":"{\"name\": \"FloatDistribution\", \"attributes\": {\"step\": null, \"low\": 1e-05, \"high\": 1000.0, \"log\": true}}"}
{"op_code":5,"worker_id":"76cdda3d-1b1e-4086-ba63-bec5ceee68e2-129419943289984","trial_id":291,"param_name":"REG_W","param_value_internal":46.803862697344954,"distribution":"{\"name\": \"FloatDistribution\", \"attributes\": {\"step\": null, \"low\": 1e-05, \"high\": 1000.0, \"log\": true}}"}
{"op_code":5,"worker_id":"cb444b02-ca6c-4086-b9cd-a5c0593d489b-126758847857792","trial_id":290,"param_name":"USE_RMS_SCALING","param_value_internal":0,"distribution":"{\"name\": \"CategoricalDistribution\", \"attributes\": {\"choices\": [true, false]}}"}
{"op_code":5,"worker_id":"76cdda3d-1b1e-4086-ba63-bec5ceee68e2-129419943289984","trial_id":291,"param_name":"USE_RMS_SCALING","param_value_internal":0,"distribution":"{\"name\": \"CategoricalDistribution\", \"attributes\": {\"choices\": [true, false]}}"}
{"op_code":0,"worker_id":"1b73eec8-1860-4dcb-a459-301c383ec785-128946553431168","study_name":"cp_pred_surprise_L4_residual_delta","directions":[2]}
{"op_code":0,"worker_id":"b29e1ee8-8f82-45d1-9788-858b7ff64604-136967469581440","study_name":"cp_pred_surprise_L4_residual_delta","directions":[2]}
{"op_code":4,"worker_id":"1b73eec8-1860-4dcb-a459-301c383ec785-128946553431168","study_id":0,"datetime_start":"2026-05-05T15:17:59.980460"}
{"op_code":4,"worker_id":"b29e1ee8-8f82-45d1-9788-858b7ff64604-136967469581440","study_id":0,"datetime_start":"2026-05-05T15:17:59.984510"}
{"op_code":9,"worker_id":"1b73eec8-1860-4dcb-a459-301c383ec785-128946553431168","trial_id":292,"system_attr":{"tpe:relative_params:0":"{\"RANK_REGRESS\": 48, \"REG_W\": 703.2487030396562, \"USE_RMS_SCALING\": true}"}}
{"op_code":9,"worker_id":"b29e1ee8-8f82-45d1-9788-858b7ff64604-136967469581440","trial_id":293,"system_attr":{"tpe:relative_params:0":"{\"RANK_REGRESS\": 19, \"REG_W\": 905.9938886263387, \"USE_RMS_SCALING\": true}"}}
{"op_code":5,"worker_id":"1b73eec8-1860-4dcb-a459-301c383ec785-128946553431168","trial_id":292,"param_name":"RANK_REGRESS","param_value_internal":48.0,"distribution":"{\"name\": \"IntDistribution\", \"attributes\": {\"log\": false, \"step\": 1, \"low\": 5, \"high\": 80}}"}
{"op_code":5,"worker_id":"b29e1ee8-8f82-45d1-9788-858b7ff64604-136967469581440","trial_id":293,"param_name":"RANK_REGRESS","param_value_internal":19.0,"distribution":"{\"name\": \"IntDistribution\", \"attributes\": {\"log\": false, \"step\": 1, \"low\": 5, \"high\": 80}}"}
{"op_code":5,"worker_id":"1b73eec8-1860-4dcb-a459-301c383ec785-128946553431168","trial_id":292,"param_name":"REG_W","param_value_internal":703.2487030396562,"distribution":"{\"name\": \"FloatDistribution\", \"attributes\": {\"step\": null, \"low\": 1e-05, \"high\": 1000.0, \"log\": true}}"}
{"op_code":5,"worker_id":"b29e1ee8-8f82-45d1-9788-858b7ff64604-136967469581440","trial_id":293,"param_name":"REG_W","param_value_internal":905.9938886263387,"distribution":"{\"name\": \"FloatDistribution\", \"attributes\": {\"step\": null, \"low\": 1e-05, \"high\": 1000.0, \"log\": true}}"}
{"op_code":5,"worker_id":"1b73eec8-1860-4dcb-a459-301c383ec785-128946553431168","trial_id":292,"param_name":"USE_RMS_SCALING","param_value_internal":0,"distribution":"{\"name\": \"CategoricalDistribution\", \"attributes\": {\"choices\": [true, false]}}"}
{"op_code":5,"worker_id":"b29e1ee8-8f82-45d1-9788-858b7ff64604-136967469581440","trial_id":293,"param_name":"USE_RMS_SCALING","param_value_internal":0,"distribution":"{\"name\": \"CategoricalDistribution\", \"attributes\": {\"choices\": [true, false]}}"}
{"op_code":0,"worker_id":"79b4fbed-048d-4b09-b40f-0705ab4c6499-125077390529664","study_name":"cp_pred_surprise_L4_residual_delta","directions":[2]}
{"op_code":4,"worker_id":"79b4fbed-048d-4b09-b40f-0705ab4c6499-125077390529664","study_id":0,"datetime_start":"2026-05-05T15:18:00.527176"}
{"op_code":9,"worker_id":"79b4fbed-048d-4b09-b40f-0705ab4c6499-125077390529664","trial_id":294,"system_attr":{"tpe:relative_params:0":"{\"RANK_REGRESS\": 30, \"REG_W\": 58.069140852468884, \"USE_RMS_SCALING\": false}"}}
{"op_code":0,"worker_id":"efb27169-5e99-41de-8f4e-59cec69e01e4-128816032220288","study_name":"cp_pred_surprise_L4_residual_delta","directions":[2]}
{"op_code":5,"worker_id":"79b4fbed-048d-4b09-b40f-0705ab4c6499-125077390529664","trial_id":294,"param_name":"RANK_REGRESS","param_value_internal":30.0,"distribution":"{\"name\": \"IntDistribution\", \"attributes\": {\"log\": false, \"step\": 1, \"low\": 5, \"high\": 80}}"}
{"op_code":5,"worker_id":"79b4fbed-048d-4b09-b40f-0705ab4c6499-125077390529664","trial_id":294,"param_name":"REG_W","param_value_internal":58.069140852468884,"distribution":"{\"name\": \"FloatDistribution\", \"attributes\": {\"step\": null, \"low\": 1e-05, \"high\": 1000.0, \"log\": true}}"}
{"op_code":5,"worker_id":"79b4fbed-048d-4b09-b40f-0705ab4c6499-125077390529664","trial_id":294,"param_name":"USE_RMS_SCALING","param_value_internal":1,"distribution":"{\"name\": \"CategoricalDistribution\", \"attributes\": {\"choices\": [true, false]}}"}
{"op_code":4,"worker_id":"efb27169-5e99-41de-8f4e-59cec69e01e4-128816032220288","study_id":0,"datetime_start":"2026-05-05T15:18:00.638478"}
{"op_code":9,"worker_id":"efb27169-5e99-41de-8f4e-59cec69e01e4-128816032220288","trial_id":295,"system_attr":{"tpe:relative_params:0":"{\"RANK_REGRESS\": 7, \"REG_W\": 886.1441603687458, \"USE_RMS_SCALING\": false}"}}
{"op_code":5,"worker_id":"efb27169-5e99-41de-8f4e-59cec69e01e4-128816032220288","trial_id":295,"param_name":"RANK_REGRESS","param_value_internal":7.0,"distribution":"{\"name\": \"IntDistribution\", \"attributes\": {\"log\": false, \"step\": 1, \"low\": 5, \"high\": 80}}"}
{"op_code":5,"worker_id":"efb27169-5e99-41de-8f4e-59cec69e01e4-128816032220288","trial_id":295,"param_name":"REG_W","param_value_internal":886.1441603687458,"distribution":"{\"name\": \"FloatDistribution\", \"attributes\": {\"step\": null, \"low\": 1e-05, \"high\": 1000.0, \"log\": true}}"}
{"op_code":5,"worker_id":"efb27169-5e99-41de-8f4e-59cec69e01e4-128816032220288","trial_id":295,"param_name":"USE_RMS_SCALING","param_value_internal":1,"distribution":"{\"name\": \"CategoricalDistribution\", \"attributes\": {\"choices\": [true, false]}}"}
{"op_code":0,"worker_id":"3018362a-adef-4dd8-b659-8368ad6057b8-133655349908608","study_name":"cp_pred_surprise_L4_residual_delta","directions":[2]}
{"op_code":0,"worker_id":"dab2663b-6176-4fdb-b9c7-5d0b18a5b751-136522613445760","study_name":"cp_pred_surprise_L4_residual_delta","directions":[2]}
{"op_code":4,"worker_id":"3018362a-adef-4dd8-b659-8368ad6057b8-133655349908608","study_id":0,"datetime_start":"2026-05-05T15:18:03.264506"}
{"op_code":4,"worker_id":"dab2663b-6176-4fdb-b9c7-5d0b18a5b751-136522613445760","study_id":0,"datetime_start":"2026-05-05T15:18:03.276765"}
{"op_code":9,"worker_id":"3018362a-adef-4dd8-b659-8368ad6057b8-133655349908608","trial_id":296,"system_attr":{"tpe:relative_params:0":"{\"RANK_REGRESS\": 30, \"REG_W\": 11.51107911486142, \"USE_RMS_SCALING\": true}"}}
{"op_code":9,"worker_id":"dab2663b-6176-4fdb-b9c7-5d0b18a5b751-136522613445760","trial_id":297,"system_attr":{"tpe:relative_params:0":"{\"RANK_REGRESS\": 33, \"REG_W\": 9.999284740422501, \"USE_RMS_SCALING\": true}"}}
{"op_code":5,"worker_id":"3018362a-adef-4dd8-b659-8368ad6057b8-133655349908608","trial_id":296,"param_name":"RANK_REGRESS","param_value_internal":30.0,"distribution":"{\"name\": \"IntDistribution\", \"attributes\": {\"log\": false, \"step\": 1, \"low\": 5, \"high\": 80}}"}
{"op_code":5,"worker_id":"dab2663b-6176-4fdb-b9c7-5d0b18a5b751-136522613445760","trial_id":297,"param_name":"RANK_REGRESS","param_value_internal":33.0,"distribution":"{\"name\": \"IntDistribution\", \"attributes\": {\"log\": false, \"step\": 1, \"low\": 5, \"high\": 80}}"}
{"op_code":5,"worker_id":"3018362a-adef-4dd8-b659-8368ad6057b8-133655349908608","trial_id":296,"param_name":"REG_W","param_value_internal":11.51107911486142,"distribution":"{\"name\": \"FloatDistribution\", \"attributes\": {\"step\": null, \"low\": 1e-05, \"high\": 1000.0, \"log\": true}}"}
{"op_code":5,"worker_id":"dab2663b-6176-4fdb-b9c7-5d0b18a5b751-136522613445760","trial_id":297,"param_name":"REG_W","param_value_internal":9.999284740422501,"distribution":"{\"name\": \"FloatDistribution\", \"attributes\": {\"step\": null, \"low\": 1e-05, \"high\": 1000.0, \"log\": true}}"}
{"op_code":5,"worker_id":"3018362a-adef-4dd8-b659-8368ad6057b8-133655349908608","trial_id":296,"param_name":"USE_RMS_SCALING","param_value_internal":0,"distribution":"{\"name\": \"CategoricalDistribution\", \"attributes\": {\"choices\": [true, false]}}"}
{"op_code":5,"worker_id":"dab2663b-6176-4fdb-b9c7-5d0b18a5b751-136522613445760","trial_id":297,"param_name":"USE_RMS_SCALING","param_value_internal":0,"distribution":"{\"name\": \"CategoricalDistribution\", \"attributes\": {\"choices\": [true, false]}}"}
{"op_code":0,"worker_id":"7bf5d08c-962c-46c3-a1a3-a9d53ba675dd-138260771124352","study_name":"cp_pred_surprise_L4_residual_delta","directions":[2]}
{"op_code":0,"worker_id":"37a4e799-6bbe-4b4d-98a9-ff9e9f4c6e99-139725525349504","study_name":"cp_pred_surprise_L4_residual_delta","directions":[2]}
{"op_code":4,"worker_id":"7bf5d08c-962c-46c3-a1a3-a9d53ba675dd-138260771124352","study_id":0,"datetime_start":"2026-05-05T15:18:05.004233"}
{"op_code":4,"worker_id":"37a4e799-6bbe-4b4d-98a9-ff9e9f4c6e99-139725525349504","study_id":0,"datetime_start":"2026-05-05T15:18:05.025089"}
{"op_code":9,"worker_id":"7bf5d08c-962c-46c3-a1a3-a9d53ba675dd-138260771124352","trial_id":298,"system_attr":{"tpe:relative_params:0":"{\"RANK_REGRESS\": 57, \"REG_W\": 978.828594417599, \"USE_RMS_SCALING\": true}"}}
{"op_code":5,"worker_id":"7bf5d08c-962c-46c3-a1a3-a9d53ba675dd-138260771124352","trial_id":298,"param_name":"RANK_REGRESS","param_value_internal":57.0,"distribution":"{\"name\": \"IntDistribution\", \"attributes\": {\"log\": false, \"step\": 1, \"low\": 5, \"high\": 80}}"}
{"op_code":9,"worker_id":"37a4e799-6bbe-4b4d-98a9-ff9e9f4c6e99-139725525349504","trial_id":299,"system_attr":{"tpe:relative_params:0":"{\"RANK_REGRESS\": 40, \"REG_W\": 102.2428124357003, \"USE_RMS_SCALING\": false}"}}
{"op_code":5,"worker_id":"7bf5d08c-962c-46c3-a1a3-a9d53ba675dd-138260771124352","trial_id":298,"param_name":"REG_W","param_value_internal":978.828594417599,"distribution":"{\"name\": \"FloatDistribution\", \"attributes\": {\"step\": null, \"low\": 1e-05, \"high\": 1000.0, \"log\": true}}"}
{"op_code":5,"worker_id":"37a4e799-6bbe-4b4d-98a9-ff9e9f4c6e99-139725525349504","trial_id":299,"param_name":"RANK_REGRESS","param_value_internal":40.0,"distribution":"{\"name\": \"IntDistribution\", \"attributes\": {\"log\": false, \"step\": 1, \"low\": 5, \"high\": 80}}"}
{"op_code":5,"worker_id":"7bf5d08c-962c-46c3-a1a3-a9d53ba675dd-138260771124352","trial_id":298,"param_name":"USE_RMS_SCALING","param_value_internal":0,"distribution":"{\"name\": \"CategoricalDistribution\", \"attributes\": {\"choices\": [true, false]}}"}
{"op_code":5,"worker_id":"37a4e799-6bbe-4b4d-98a9-ff9e9f4c6e99-139725525349504","trial_id":299,"param_name":"REG_W","param_value_internal":102.2428124357003,"distribution":"{\"name\": \"FloatDistribution\", \"attributes\": {\"step\": null, \"low\": 1e-05, \"high\": 1000.0, \"log\": true}}"}
{"op_code":5,"worker_id":"37a4e799-6bbe-4b4d-98a9-ff9e9f4c6e99-139725525349504","trial_id":299,"param_name":"USE_RMS_SCALING","param_value_internal":1,"distribution":"{\"name\": \"CategoricalDistribution\", \"attributes\": {\"choices\": [true, false]}}"}
{"op_code":0,"worker_id":"b2b7aad9-027f-4dd2-82d4-8fa107c9c919-126175708529792","study_name":"cp_pred_surprise_L4_residual_delta","directions":[2]}
{"op_code":0,"worker_id":"f685ef72-26e1-4a77-bc5b-0d1ae2bcafa1-133680457450624","study_name":"cp_pred_surprise_L4_residual_delta","directions":[2]}
{"op_code":4,"worker_id":"b2b7aad9-027f-4dd2-82d4-8fa107c9c919-126175708529792","study_id":0,"datetime_start":"2026-05-05T15:18:05.977553"}
{"op_code":9,"worker_id":"b2b7aad9-027f-4dd2-82d4-8fa107c9c919-126175708529792","trial_id":300,"system_attr":{"tpe:relative_params:0":"{\"RANK_REGRESS\": 32, \"REG_W\": 891.806614813178, \"USE_RMS_SCALING\": false}"}}
{"op_code":5,"worker_id":"b2b7aad9-027f-4dd2-82d4-8fa107c9c919-126175708529792","trial_id":300,"param_name":"RANK_REGRESS","param_value_internal":32.0,"distribution":"{\"name\": \"IntDistribution\", \"attributes\": {\"log\": false, \"step\": 1, \"low\": 5, \"high\": 80}}"}
{"op_code":4,"worker_id":"f685ef72-26e1-4a77-bc5b-0d1ae2bcafa1-133680457450624","study_id":0,"datetime_start":"2026-05-05T15:18:06.024910"}
{"op_code":5,"worker_id":"b2b7aad9-027f-4dd2-82d4-8fa107c9c919-126175708529792","trial_id":300,"param_name":"REG_W","param_value_internal":891.806614813178,"distribution":"{\"name\": \"FloatDistribution\", \"attributes\": {\"step\": null, \"low\": 1e-05, \"high\": 1000.0, \"log\": true}}"}
{"op_code":5,"worker_id":"b2b7aad9-027f-4dd2-82d4-8fa107c9c919-126175708529792","trial_id":300,"param_name":"USE_RMS_SCALING","param_value_internal":1,"distribution":"{\"name\": \"CategoricalDistribution\", \"attributes\": {\"choices\": [true, false]}}"}
{"op_code":9,"worker_id":"f685ef72-26e1-4a77-bc5b-0d1ae2bcafa1-133680457450624","trial_id":301,"system_attr":{"tpe:relative_params:0":"{\"RANK_REGRESS\": 33, \"REG_W\": 153.37365145830557, \"USE_RMS_SCALING\": true}"}}
{"op_code":5,"worker_id":"f685ef72-26e1-4a77-bc5b-0d1ae2bcafa1-133680457450624","trial_id":301,"param_name":"RANK_REGRESS","param_value_internal":33.0,"distribution":"{\"name\": \"IntDistribution\", \"attributes\": {\"log\": false, \"step\": 1, \"low\": 5, \"high\": 80}}"}
{"op_code":5,"worker_id":"f685ef72-26e1-4a77-bc5b-0d1ae2bcafa1-133680457450624","trial_id":301,"param_name":"REG_W","param_value_internal":153.37365145830557,"distribution":"{\"name\": \"FloatDistribution\", \"attributes\": {\"step\": null, \"low\": 1e-05, \"high\": 1000.0, \"log\": true}}"}
{"op_code":5,"worker_id":"f685ef72-26e1-4a77-bc5b-0d1ae2bcafa1-133680457450624","trial_id":301,"param_name":"USE_RMS_SCALING","param_value_internal":0,"distribution":"{\"name\": \"CategoricalDistribution\", \"attributes\": {\"choices\": [true, false]}}"}
{"op_code":0,"worker_id":"34fe9ad8-8e31-46d4-a52d-99461050f585-140713468810368","study_name":"cp_pred_surprise_L4_residual_delta","directions":[2]}
{"op_code":0,"worker_id":"35715057-df25-4de1-9292-760d1fcc2bcd-126036894389376","study_name":"cp_pred_surprise_L4_residual_delta","directions":[2]}
{"op_code":4,"worker_id":"34fe9ad8-8e31-46d4-a52d-99461050f585-140713468810368","study_id":0,"datetime_start":"2026-05-05T15:18:07.197620"}
{"op_code":4,"worker_id":"35715057-df25-4de1-9292-760d1fcc2bcd-126036894389376","study_id":0,"datetime_start":"2026-05-05T15:18:07.207181"}
{"op_code":9,"worker_id":"34fe9ad8-8e31-46d4-a52d-99461050f585-140713468810368","trial_id":302,"system_attr":{"tpe:relative_params:0":"{\"RANK_REGRESS\": 53, \"REG_W\": 27.26615679392546, \"USE_RMS_SCALING\": true}"}}
{"op_code":9,"worker_id":"35715057-df25-4de1-9292-760d1fcc2bcd-126036894389376","trial_id":303,"system_attr":{"tpe:relative_params:0":"{\"RANK_REGRESS\": 5, \"REG_W\": 986.8675395804382, \"USE_RMS_SCALING\": true}"}}
{"op_code":5,"worker_id":"34fe9ad8-8e31-46d4-a52d-99461050f585-140713468810368","trial_id":302,"param_name":"RANK_REGRESS","param_value_internal":53.0,"distribution":"{\"name\": \"IntDistribution\", \"attributes\": {\"log\": false, \"step\": 1, \"low\": 5, \"high\": 80}}"}
{"op_code":5,"worker_id":"35715057-df25-4de1-9292-760d1fcc2bcd-126036894389376","trial_id":303,"param_name":"RANK_REGRESS","param_value_internal":5.0,"distribution":"{\"name\": \"IntDistribution\", \"attributes\": {\"log\": false, \"step\": 1, \"low\": 5, \"high\": 80}}"}
{"op_code":5,"worker_id":"34fe9ad8-8e31-46d4-a52d-99461050f585-140713468810368","trial_id":302,"param_name":"REG_W","param_value_internal":27.26615679392546,"distribution":"{\"name\": \"FloatDistribution\", \"attributes\": {\"step\": null, \"low\": 1e-05, \"high\": 1000.0, \"log\": true}}"}
{"op_code":5,"worker_id":"35715057-df25-4de1-9292-760d1fcc2bcd-126036894389376","trial_id":303,"param_name":"REG_W","param_value_internal":986.8675395804382,"distribution":"{\"name\": \"FloatDistribution\", \"attributes\": {\"step\": null, \"low\": 1e-05, \"high\": 1000.0, \"log\": true}}"}
{"op_code":5,"worker_id":"34fe9ad8-8e31-46d4-a52d-99461050f585-140713468810368","trial_id":302,"param_name":"USE_RMS_SCALING","param_value_internal":0,"distribution":"{\"name\": \"CategoricalDistribution\", \"attributes\": {\"choices\": [true, false]}}"}
{"op_code":5,"worker_id":"35715057-df25-4de1-9292-760d1fcc2bcd-126036894389376","trial_id":303,"param_name":"USE_RMS_SCALING","param_value_internal":0,"distribution":"{\"name\": \"CategoricalDistribution\", \"attributes\": {\"choices\": [true, false]}}"}
{"op_code":0,"worker_id":"dc2b7e30-c587-4922-9412-f3cd320fd31d-134847648490624","study_name":"cp_pred_surprise_L4_residual_delta","directions":[2]}
{"op_code":0,"worker_id":"94e5b216-f0c9-4eed-91d9-44011b7b2037-127563418879104","study_name":"cp_pred_surprise_L4_residual_delta","directions":[2]}
{"op_code":4,"worker_id":"dc2b7e30-c587-4922-9412-f3cd320fd31d-134847648490624","study_id":0,"datetime_start":"2026-05-05T15:18:08.589272"}
{"op_code":4,"worker_id":"94e5b216-f0c9-4eed-91d9-44011b7b2037-127563418879104","study_id":0,"datetime_start":"2026-05-05T15:18:08.596636"}
{"op_code":9,"worker_id":"dc2b7e30-c587-4922-9412-f3cd320fd31d-134847648490624","trial_id":304,"system_attr":{"tpe:relative_params:0":"{\"RANK_REGRESS\": 80, \"REG_W\": 0.4284423603537321, \"USE_RMS_SCALING\": true}"}}
{"op_code":9,"worker_id":"94e5b216-f0c9-4eed-91d9-44011b7b2037-127563418879104","trial_id":305,"system_attr":{"tpe:relative_params:0":"{\"RANK_REGRESS\": 66, \"REG_W\": 6.75543930859273, \"USE_RMS_SCALING\": true}"}}
{"op_code":5,"worker_id":"dc2b7e30-c587-4922-9412-f3cd320fd31d-134847648490624","trial_id":304,"param_name":"RANK_REGRESS","param_value_internal":80.0,"distribution":"{\"name\": \"IntDistribution\", \"attributes\": {\"log\": false, \"step\": 1, \"low\": 5, \"high\": 80}}"}
{"op_code":5,"worker_id":"94e5b216-f0c9-4eed-91d9-44011b7b2037-127563418879104","trial_id":305,"param_name":"RANK_REGRESS","param_value_internal":66.0,"distribution":"{\"name\": \"IntDistribution\", \"attributes\": {\"log\": false, \"step\": 1, \"low\": 5, \"high\": 80}}"}
{"op_code":5,"worker_id":"dc2b7e30-c587-4922-9412-f3cd320fd31d-134847648490624","trial_id":304,"param_name":"REG_W","param_value_internal":0.4284423603537321,"distribution":"{\"name\": \"FloatDistribution\", \"attributes\": {\"step\": null, \"low\": 1e-05, \"high\": 1000.0, \"log\": true}}"}
{"op_code":5,"worker_id":"94e5b216-f0c9-4eed-91d9-44011b7b2037-127563418879104","trial_id":305,"param_name":"REG_W","param_value_internal":6.75543930859273,"distribution":"{\"name\": \"FloatDistribution\", \"attributes\": {\"step\": null, \"low\": 1e-05, \"high\": 1000.0, \"log\": true}}"}
{"op_code":5,"worker_id":"dc2b7e30-c587-4922-9412-f3cd320fd31d-134847648490624","trial_id":304,"param_name":"USE_RMS_SCALING","param_value_internal":0,"distribution":"{\"name\": \"CategoricalDistribution\", \"attributes\": {\"choices\": [true, false]}}"}
{"op_code":5,"worker_id":"94e5b216-f0c9-4eed-91d9-44011b7b2037-127563418879104","trial_id":305,"param_name":"USE_RMS_SCALING","param_value_internal":0,"distribution":"{\"name\": \"CategoricalDistribution\", \"attributes\": {\"choices\": [true, false]}}"}
{"op_code":0,"worker_id":"e6383430-eb43-45d6-8d53-fa632b1cfa18-127280327505024","study_name":"cp_pred_surprise_L4_residual_delta","directions":[2]}
{"op_code":0,"worker_id":"d8c9600a-90a7-46f8-ba82-6adc2143c83f-123357911811200","study_name":"cp_pred_surprise_L4_residual_delta","directions":[2]}
{"op_code":4,"worker_id":"e6383430-eb43-45d6-8d53-fa632b1cfa18-127280327505024","study_id":0,"datetime_start":"2026-05-05T15:18:09.465810"}
{"op_code":4,"worker_id":"d8c9600a-90a7-46f8-ba82-6adc2143c83f-123357911811200","study_id":0,"datetime_start":"2026-05-05T15:18:09.486810"}
{"op_code":9,"worker_id":"e6383430-eb43-45d6-8d53-fa632b1cfa18-127280327505024","trial_id":306,"system_attr":{"tpe:relative_params:0":"{\"RANK_REGRESS\": 79, \"REG_W\": 325.0156555240274, \"USE_RMS_SCALING\": true}"}}
{"op_code":9,"worker_id":"d8c9600a-90a7-46f8-ba82-6adc2143c83f-123357911811200","trial_id":307,"system_attr":{"tpe:relative_params:0":"{\"RANK_REGRESS\": 78, \"REG_W\": 27.146882733400542, \"USE_RMS_SCALING\": true}"}}
{"op_code":5,"worker_id":"e6383430-eb43-45d6-8d53-fa632b1cfa18-127280327505024","trial_id":306,"param_name":"RANK_REGRESS","param_value_internal":79.0,"distribution":"{\"name\": \"IntDistribution\", \"attributes\": {\"log\": false, \"step\": 1, \"low\": 5, \"high\": 80}}"}
{"op_code":5,"worker_id":"d8c9600a-90a7-46f8-ba82-6adc2143c83f-123357911811200","trial_id":307,"param_name":"RANK_REGRESS","param_value_internal":78.0,"distribution":"{\"name\": \"IntDistribution\", \"attributes\": {\"log\": false, \"step\": 1, \"low\": 5, \"high\": 80}}"}
{"op_code":5,"worker_id":"e6383430-eb43-45d6-8d53-fa632b1cfa18-127280327505024","trial_id":306,"param_name":"REG_W","param_value_internal":325.0156555240274,"distribution":"{\"name\": \"FloatDistribution\", \"attributes\": {\"step\": null, \"low\": 1e-05, \"high\": 1000.0, \"log\": true}}"}
{"op_code":5,"worker_id":"d8c9600a-90a7-46f8-ba82-6adc2143c83f-123357911811200","trial_id":307,"param_name":"REG_W","param_value_internal":27.146882733400542,"distribution":"{\"name\": \"FloatDistribution\", \"attributes\": {\"step\": null, \"low\": 1e-05, \"high\": 1000.0, \"log\": true}}"}
{"op_code":5,"worker_id":"e6383430-eb43-45d6-8d53-fa632b1cfa18-127280327505024","trial_id":306,"param_name":"USE_RMS_SCALING","param_value_internal":0,"distribution":"{\"name\": \"CategoricalDistribution\", \"attributes\": {\"choices\": [true, false]}}"}
{"op_code":5,"worker_id":"d8c9600a-90a7-46f8-ba82-6adc2143c83f-123357911811200","trial_id":307,"param_name":"USE_RMS_SCALING","param_value_internal":0,"distribution":"{\"name\": \"CategoricalDistribution\", \"attributes\": {\"choices\": [true, false]}}"}
{"op_code":0,"worker_id":"ee7224b1-6b04-4c9e-9ae2-b8661911c6d5-126313411290240","study_name":"cp_pred_surprise_L4_residual_delta","directions":[2]}
{"op_code":0,"worker_id":"b57ed99e-fdc2-483e-ba6f-a8af3a797b10-135554476291200","study_name":"cp_pred_surprise_L4_residual_delta","directions":[2]}
{"op_code":4,"worker_id":"ee7224b1-6b04-4c9e-9ae2-b8661911c6d5-126313411290240","study_id":0,"datetime_start":"2026-05-05T15:18:09.795657"}
{"op_code":4,"worker_id":"b57ed99e-fdc2-483e-ba6f-a8af3a797b10-135554476291200","study_id":0,"datetime_start":"2026-05-05T15:18:09.802542"}
{"op_code":9,"worker_id":"ee7224b1-6b04-4c9e-9ae2-b8661911c6d5-126313411290240","trial_id":308,"system_attr":{"tpe:relative_params:0":"{\"RANK_REGRESS\": 24, \"REG_W\": 119.99369011466804, \"USE_RMS_SCALING\": false}"}}
{"op_code":9,"worker_id":"b57ed99e-fdc2-483e-ba6f-a8af3a797b10-135554476291200","trial_id":309,"system_attr":{"tpe:relative_params:0":"{\"RANK_REGRESS\": 24, \"REG_W\": 987.8792935857654, \"USE_RMS_SCALING\": false}"}}
{"op_code":5,"worker_id":"ee7224b1-6b04-4c9e-9ae2-b8661911c6d5-126313411290240","trial_id":308,"param_name":"RANK_REGRESS","param_value_internal":24.0,"distribution":"{\"name\": \"IntDistribution\", \"attributes\": {\"log\": false, \"step\": 1, \"low\": 5, \"high\": 80}}"}
{"op_code":5,"worker_id":"b57ed99e-fdc2-483e-ba6f-a8af3a797b10-135554476291200","trial_id":309,"param_name":"RANK_REGRESS","param_value_internal":24.0,"distribution":"{\"name\": \"IntDistribution\", \"attributes\": {\"log\": false, \"step\": 1, \"low\": 5, \"high\": 80}}"}
{"op_code":5,"worker_id":"ee7224b1-6b04-4c9e-9ae2-b8661911c6d5-126313411290240","trial_id":308,"param_name":"REG_W","param_value_internal":119.99369011466804,"distribution":"{\"name\": \"FloatDistribution\", \"attributes\": {\"step\": null, \"low\": 1e-05, \"high\": 1000.0, \"log\": true}}"}
{"op_code":5,"worker_id":"b57ed99e-fdc2-483e-ba6f-a8af3a797b10-135554476291200","trial_id":309,"param_name":"REG_W","param_value_internal":987.8792935857654,"distribution":"{\"name\": \"FloatDistribution\", \"attributes\": {\"step\": null, \"low\": 1e-05, \"high\": 1000.0, \"log\": true}}"}
{"op_code":5,"worker_id":"ee7224b1-6b04-4c9e-9ae2-b8661911c6d5-126313411290240","trial_id":308,"param_name":"USE_RMS_SCALING","param_value_internal":1,"distribution":"{\"name\": \"CategoricalDistribution\", \"attributes\": {\"choices\": [true, false]}}"}
{"op_code":5,"worker_id":"b57ed99e-fdc2-483e-ba6f-a8af3a797b10-135554476291200","trial_id":309,"param_name":"USE_RMS_SCALING","param_value_internal":1,"distribution":"{\"name\": \"CategoricalDistribution\", \"attributes\": {\"choices\": [true, false]}}"}
{"op_code":0,"worker_id":"0a5a5e21-64b3-4df4-87eb-d5efa3a23154-126752591979648","study_name":"cp_pred_surprise_L4_residual_delta","directions":[2]}
{"op_code":0,"worker_id":"e7927b43-4f3b-4864-907f-88500163fe40-138222529148032","study_name":"cp_pred_surprise_L4_residual_delta","directions":[2]}
{"op_code":4,"worker_id":"0a5a5e21-64b3-4df4-87eb-d5efa3a23154-126752591979648","study_id":0,"datetime_start":"2026-05-05T15:18:10.783966"}
{"op_code":9,"worker_id":"0a5a5e21-64b3-4df4-87eb-d5efa3a23154-126752591979648","trial_id":310,"system_attr":{"tpe:relative_params:0":"{\"RANK_REGRESS\": 63, \"REG_W\": 277.4051635638117, \"USE_RMS_SCALING\": false}"}}
{"op_code":4,"worker_id":"e7927b43-4f3b-4864-907f-88500163fe40-138222529148032","study_id":0,"datetime_start":"2026-05-05T15:18:10.824210"}
{"op_code":5,"worker_id":"0a5a5e21-64b3-4df4-87eb-d5efa3a23154-126752591979648","trial_id":310,"param_name":"RANK_REGRESS","param_value_internal":63.0,"distribution":"{\"name\": \"IntDistribution\", \"attributes\": {\"log\": false, \"step\": 1, \"low\": 5, \"high\": 80}}"}
{"op_code":5,"worker_id":"0a5a5e21-64b3-4df4-87eb-d5efa3a23154-126752591979648","trial_id":310,"param_name":"REG_W","param_value_internal":277.4051635638117,"distribution":"{\"name\": \"FloatDistribution\", \"attributes\": {\"step\": null, \"low\": 1e-05, \"high\": 1000.0, \"log\": true}}"}
{"op_code":5,"worker_id":"0a5a5e21-64b3-4df4-87eb-d5efa3a23154-126752591979648","trial_id":310,"param_name":"USE_RMS_SCALING","param_value_internal":1,"distribution":"{\"name\": \"CategoricalDistribution\", \"attributes\": {\"choices\": [true, false]}}"}
{"op_code":9,"worker_id":"e7927b43-4f3b-4864-907f-88500163fe40-138222529148032","trial_id":311,"system_attr":{"tpe:relative_params:0":"{\"RANK_REGRESS\": 32, \"REG_W\": 446.88512715468835, \"USE_RMS_SCALING\": true}"}}
{"op_code":5,"worker_id":"e7927b43-4f3b-4864-907f-88500163fe40-138222529148032","trial_id":311,"param_name":"RANK_REGRESS","param_value_internal":32.0,"distribution":"{\"name\": \"IntDistribution\", \"attributes\": {\"log\": false, \"step\": 1, \"low\": 5, \"high\": 80}}"}
{"op_code":5,"worker_id":"e7927b43-4f3b-4864-907f-88500163fe40-138222529148032","trial_id":311,"param_name":"REG_W","param_value_internal":446.88512715468835,"distribution":"{\"name\": \"FloatDistribution\", \"attributes\": {\"step\": null, \"low\": 1e-05, \"high\": 1000.0, \"log\": true}}"}
{"op_code":5,"worker_id":"e7927b43-4f3b-4864-907f-88500163fe40-138222529148032","trial_id":311,"param_name":"USE_RMS_SCALING","param_value_internal":0,"distribution":"{\"name\": \"CategoricalDistribution\", \"attributes\": {\"choices\": [true, false]}}"}
{"op_code":0,"worker_id":"f5ab87d5-af1f-407d-85ec-8ee8b23406e3-123859111797888","study_name":"cp_pred_surprise_L4_residual_delta","directions":[2]}
{"op_code":0,"worker_id":"16aed7a4-78e0-4406-8bff-0c4a2799aaef-123693849887872","study_name":"cp_pred_surprise_L4_residual_delta","directions":[2]}
{"op_code":4,"worker_id":"f5ab87d5-af1f-407d-85ec-8ee8b23406e3-123859111797888","study_id":0,"datetime_start":"2026-05-05T15:18:12.325156"}
{"op_code":4,"worker_id":"16aed7a4-78e0-4406-8bff-0c4a2799aaef-123693849887872","study_id":0,"datetime_start":"2026-05-05T15:18:12.335208"}
{"op_code":9,"worker_id":"f5ab87d5-af1f-407d-85ec-8ee8b23406e3-123859111797888","trial_id":312,"system_attr":{"tpe:relative_params:0":"{\"RANK_REGRESS\": 44, \"REG_W\": 794.1315273011329, \"USE_RMS_SCALING\": false}"}}
{"op_code":0,"worker_id":"f01d5b58-dc3a-4ad1-b362-7c6701f63dc4-124353255879808","study_name":"cp_pred_surprise_L4_residual_delta","directions":[2]}
{"op_code":5,"worker_id":"f5ab87d5-af1f-407d-85ec-8ee8b23406e3-123859111797888","trial_id":312,"param_name":"RANK_REGRESS","param_value_internal":44.0,"distribution":"{\"name\": \"IntDistribution\", \"attributes\": {\"log\": false, \"step\": 1, \"low\": 5, \"high\": 80}}"}
{"op_code":9,"worker_id":"16aed7a4-78e0-4406-8bff-0c4a2799aaef-123693849887872","trial_id":313,"system_attr":{"tpe:relative_params:0":"{\"RANK_REGRESS\": 20, \"REG_W\": 6.273303060931423, \"USE_RMS_SCALING\": true}"}}
{"op_code":5,"worker_id":"f5ab87d5-af1f-407d-85ec-8ee8b23406e3-123859111797888","trial_id":312,"param_name":"REG_W","param_value_internal":794.1315273011329,"distribution":"{\"name\": \"FloatDistribution\", \"attributes\": {\"step\": null, \"low\": 1e-05, \"high\": 1000.0, \"log\": true}}"}
{"op_code":5,"worker_id":"16aed7a4-78e0-4406-8bff-0c4a2799aaef-123693849887872","trial_id":313,"param_name":"RANK_REGRESS","param_value_internal":20.0,"distribution":"{\"name\": \"IntDistribution\", \"attributes\": {\"log\": false, \"step\": 1, \"low\": 5, \"high\": 80}}"}
{"op_code":4,"worker_id":"f01d5b58-dc3a-4ad1-b362-7c6701f63dc4-124353255879808","study_id":0,"datetime_start":"2026-05-05T15:18:12.442412"}
{"op_code":5,"worker_id":"16aed7a4-78e0-4406-8bff-0c4a2799aaef-123693849887872","trial_id":313,"param_name":"REG_W","param_value_internal":6.273303060931423,"distribution":"{\"name\": \"FloatDistribution\", \"attributes\": {\"step\": null, \"low\": 1e-05, \"high\": 1000.0, \"log\": true}}"}
{"op_code":0,"worker_id":"3c805e01-8904-403d-9f56-08d285985f09-127143244465280","study_name":"cp_pred_surprise_L4_residual_delta","directions":[2]}
{"op_code":5,"worker_id":"16aed7a4-78e0-4406-8bff-0c4a2799aaef-123693849887872","trial_id":313,"param_name":"USE_RMS_SCALING","param_value_internal":0,"distribution":"{\"name\": \"CategoricalDistribution\", \"attributes\": {\"choices\": [true, false]}}"}
{"op_code":9,"worker_id":"f01d5b58-dc3a-4ad1-b362-7c6701f63dc4-124353255879808","trial_id":314,"system_attr":{"tpe:relative_params:0":"{\"RANK_REGRESS\": 72, \"REG_W\": 58.795622183976405, \"USE_RMS_SCALING\": false}"}}
{"op_code":5,"worker_id":"f5ab87d5-af1f-407d-85ec-8ee8b23406e3-123859111797888","trial_id":312,"param_name":"USE_RMS_SCALING","param_value_internal":1,"distribution":"{\"name\": \"CategoricalDistribution\", \"attributes\": {\"choices\": [true, false]}}"}
{"op_code":5,"worker_id":"f01d5b58-dc3a-4ad1-b362-7c6701f63dc4-124353255879808","trial_id":314,"param_name":"RANK_REGRESS","param_value_internal":72.0,"distribution":"{\"name\": \"IntDistribution\", \"attributes\": {\"log\": false, \"step\": 1, \"low\": 5, \"high\": 80}}"}
{"op_code":5,"worker_id":"f01d5b58-dc3a-4ad1-b362-7c6701f63dc4-124353255879808","trial_id":314,"param_name":"REG_W","param_value_internal":58.795622183976405,"distribution":"{\"name\": \"FloatDistribution\", \"attributes\": {\"step\": null, \"low\": 1e-05, \"high\": 1000.0, \"log\": true}}"}
{"op_code":4,"worker_id":"3c805e01-8904-403d-9f56-08d285985f09-127143244465280","study_id":0,"datetime_start":"2026-05-05T15:18:12.548011"}
{"op_code":5,"worker_id":"f01d5b58-dc3a-4ad1-b362-7c6701f63dc4-124353255879808","trial_id":314,"param_name":"USE_RMS_SCALING","param_value_internal":1,"distribution":"{\"name\": \"CategoricalDistribution\", \"attributes\": {\"choices\": [true, false]}}"}
{"op_code":9,"worker_id":"3c805e01-8904-403d-9f56-08d285985f09-127143244465280","trial_id":315,"system_attr":{"tpe:relative_params:0":"{\"RANK_REGRESS\": 33, \"REG_W\": 922.0034523973021, \"USE_RMS_SCALING\": true}"}}
{"op_code":5,"worker_id":"3c805e01-8904-403d-9f56-08d285985f09-127143244465280","trial_id":315,"param_name":"RANK_REGRESS","param_value_internal":33.0,"distribution":"{\"name\": \"IntDistribution\", \"attributes\": {\"log\": false, \"step\": 1, \"low\": 5, \"high\": 80}}"}
{"op_code":5,"worker_id":"3c805e01-8904-403d-9f56-08d285985f09-127143244465280","trial_id":315,"param_name":"REG_W","param_value_internal":922.0034523973021,"distribution":"{\"name\": \"FloatDistribution\", \"attributes\": {\"step\": null, \"low\": 1e-05, \"high\": 1000.0, \"log\": true}}"}
{"op_code":5,"worker_id":"3c805e01-8904-403d-9f56-08d285985f09-127143244465280","trial_id":315,"param_name":"USE_RMS_SCALING","param_value_internal":0,"distribution":"{\"name\": \"CategoricalDistribution\", \"attributes\": {\"choices\": [true, false]}}"}
{"op_code":0,"worker_id":"353de39e-910e-4efd-98b6-b7e672b9cdf6-127268630168704","study_name":"cp_pred_surprise_L4_residual_delta","directions":[2]}
{"op_code":0,"worker_id":"caba2dc9-32ef-445d-9642-b9f49da21330-132396472796288","study_name":"cp_pred_surprise_L4_residual_delta","directions":[2]}
{"op_code":4,"worker_id":"353de39e-910e-4efd-98b6-b7e672b9cdf6-127268630168704","study_id":0,"datetime_start":"2026-05-05T15:18:12.985883"}
{"op_code":9,"worker_id":"353de39e-910e-4efd-98b6-b7e672b9cdf6-127268630168704","trial_id":316,"system_attr":{"tpe:relative_params:0":"{\"RANK_REGRESS\": 53, \"REG_W\": 27.969734607474734, \"USE_RMS_SCALING\": true}"}}
{"op_code":4,"worker_id":"caba2dc9-32ef-445d-9642-b9f49da21330-132396472796288","study_id":0,"datetime_start":"2026-05-05T15:18:13.024496"}
{"op_code":5,"worker_id":"353de39e-910e-4efd-98b6-b7e672b9cdf6-127268630168704","trial_id":316,"param_name":"RANK_REGRESS","param_value_internal":53.0,"distribution":"{\"name\": \"IntDistribution\", \"attributes\": {\"log\": false, \"step\": 1, \"low\": 5, \"high\": 80}}"}
{"op_code":5,"worker_id":"353de39e-910e-4efd-98b6-b7e672b9cdf6-127268630168704","trial_id":316,"param_name":"REG_W","param_value_internal":27.969734607474734,"distribution":"{\"name\": \"FloatDistribution\", \"attributes\": {\"step\": null, \"low\": 1e-05, \"high\": 1000.0, \"log\": true}}"}
{"op_code":9,"worker_id":"caba2dc9-32ef-445d-9642-b9f49da21330-132396472796288","trial_id":317,"system_attr":{"tpe:relative_params:0":"{\"RANK_REGRESS\": 40, \"REG_W\": 85.85865696703158, \"USE_RMS_SCALING\": false}"}}
{"op_code":5,"worker_id":"353de39e-910e-4efd-98b6-b7e672b9cdf6-127268630168704","trial_id":316,"param_name":"USE_RMS_SCALING","param_value_internal":0,"distribution":"{\"name\": \"CategoricalDistribution\", \"attributes\": {\"choices\": [true, false]}}"}
{"op_code":5,"worker_id":"caba2dc9-32ef-445d-9642-b9f49da21330-132396472796288","trial_id":317,"param_name":"RANK_REGRESS","param_value_internal":40.0,"distribution":"{\"name\": \"IntDistribution\", \"attributes\": {\"log\": false, \"step\": 1, \"low\": 5, \"high\": 80}}"}
{"op_code":5,"worker_id":"caba2dc9-32ef-445d-9642-b9f49da21330-132396472796288","trial_id":317,"param_name":"REG_W","param_value_internal":85.85865696703158,"distribution":"{\"name\": \"FloatDistribution\", \"attributes\": {\"step\": null, \"low\": 1e-05, \"high\": 1000.0, \"log\": true}}"}
{"op_code":5,"worker_id":"caba2dc9-32ef-445d-9642-b9f49da21330-132396472796288","trial_id":317,"param_name":"USE_RMS_SCALING","param_value_internal":1,"distribution":"{\"name\": \"CategoricalDistribution\", \"attributes\": {\"choices\": [true, false]}}"}
{"op_code":0,"worker_id":"c9728466-fca9-47b8-95e6-eb7d107d9fa5-125497610454144","study_name":"cp_pred_surprise_L4_residual_delta","directions":[2]}
{"op_code":4,"worker_id":"c9728466-fca9-47b8-95e6-eb7d107d9fa5-125497610454144","study_id":0,"datetime_start":"2026-05-05T15:18:13.977988"}
{"op_code":9,"worker_id":"c9728466-fca9-47b8-95e6-eb7d107d9fa5-125497610454144","trial_id":318,"system_attr":{"tpe:relative_params:0":"{\"RANK_REGRESS\": 16, \"REG_W\": 22.077185712265507, \"USE_RMS_SCALING\": true}"}}
{"op_code":5,"worker_id":"c9728466-fca9-47b8-95e6-eb7d107d9fa5-125497610454144","trial_id":318,"param_name":"RANK_REGRESS","param_value_internal":16.0,"distribution":"{\"name\": \"IntDistribution\", \"attributes\": {\"log\": false, \"step\": 1, \"low\": 5, \"high\": 80}}"}
{"op_code":5,"worker_id":"c9728466-fca9-47b8-95e6-eb7d107d9fa5-125497610454144","trial_id":318,"param_name":"REG_W","param_value_internal":22.077185712265507,"distribution":"{\"name\": \"FloatDistribution\", \"attributes\": {\"step\": null, \"low\": 1e-05, \"high\": 1000.0, \"log\": true}}"}
{"op_code":5,"worker_id":"c9728466-fca9-47b8-95e6-eb7d107d9fa5-125497610454144","trial_id":318,"param_name":"USE_RMS_SCALING","param_value_internal":0,"distribution":"{\"name\": \"CategoricalDistribution\", \"attributes\": {\"choices\": [true, false]}}"}
{"op_code":0,"worker_id":"6450a8d9-646d-4c31-bd32-22958989ed73-128860029863040","study_name":"cp_pred_surprise_L4_residual_delta","directions":[2]}
{"op_code":4,"worker_id":"6450a8d9-646d-4c31-bd32-22958989ed73-128860029863040","study_id":0,"datetime_start":"2026-05-05T15:18:17.589039"}
{"op_code":9,"worker_id":"6450a8d9-646d-4c31-bd32-22958989ed73-128860029863040","trial_id":319,"system_attr":{"tpe:relative_params:0":"{\"RANK_REGRESS\": 47, \"REG_W\": 62.17339161312408, \"USE_RMS_SCALING\": true}"}}
{"op_code":5,"worker_id":"6450a8d9-646d-4c31-bd32-22958989ed73-128860029863040","trial_id":319,"param_name":"RANK_REGRESS","param_value_internal":47.0,"distribution":"{\"name\": \"IntDistribution\", \"attributes\": {\"log\": false, \"step\": 1, \"low\": 5, \"high\": 80}}"}
{"op_code":5,"worker_id":"6450a8d9-646d-4c31-bd32-22958989ed73-128860029863040","trial_id":319,"param_name":"REG_W","param_value_internal":62.17339161312408,"distribution":"{\"name\": \"FloatDistribution\", \"attributes\": {\"step\": null, \"low\": 1e-05, \"high\": 1000.0, \"log\": true}}"}
{"op_code":5,"worker_id":"6450a8d9-646d-4c31-bd32-22958989ed73-128860029863040","trial_id":319,"param_name":"USE_RMS_SCALING","param_value_internal":0,"distribution":"{\"name\": \"CategoricalDistribution\", \"attributes\": {\"choices\": [true, false]}}"}
{"op_code":0,"worker_id":"c5628544-8123-4a30-9747-614f97bd706d-136685397595264","study_name":"cp_pred_surprise_L4_residual_delta","directions":[2]}
{"op_code":4,"worker_id":"c5628544-8123-4a30-9747-614f97bd706d-136685397595264","study_id":0,"datetime_start":"2026-05-05T15:18:18.905918"}
{"op_code":9,"worker_id":"c5628544-8123-4a30-9747-614f97bd706d-136685397595264","trial_id":320,"system_attr":{"tpe:relative_params:0":"{\"RANK_REGRESS\": 61, \"REG_W\": 226.10589127298437, \"USE_RMS_SCALING\": true}"}}
{"op_code":5,"worker_id":"c5628544-8123-4a30-9747-614f97bd706d-136685397595264","trial_id":320,"param_name":"RANK_REGRESS","param_value_internal":61.0,"distribution":"{\"name\": \"IntDistribution\", \"attributes\": {\"log\": false, \"step\": 1, \"low\": 5, \"high\": 80}}"}
{"op_code":5,"worker_id":"c5628544-8123-4a30-9747-614f97bd706d-136685397595264","trial_id":320,"param_name":"REG_W","param_value_internal":226.10589127298437,"distribution":"{\"name\": \"FloatDistribution\", \"attributes\": {\"step\": null, \"low\": 1e-05, \"high\": 1000.0, \"log\": true}}"}
{"op_code":5,"worker_id":"c5628544-8123-4a30-9747-614f97bd706d-136685397595264","trial_id":320,"param_name":"USE_RMS_SCALING","param_value_internal":0,"distribution":"{\"name\": \"CategoricalDistribution\", \"attributes\": {\"choices\": [true, false]}}"}
{"op_code":0,"worker_id":"642c6149-71e1-40f8-9918-4489031541ad-134804152235136","study_name":"cp_pred_surprise_L4_residual_delta","directions":[2]}
{"op_code":4,"worker_id":"642c6149-71e1-40f8-9918-4489031541ad-134804152235136","study_id":0,"datetime_start":"2026-05-05T15:18:19.306978"}
{"op_code":9,"worker_id":"642c6149-71e1-40f8-9918-4489031541ad-134804152235136","trial_id":321,"system_attr":{"tpe:relative_params:0":"{\"RANK_REGRESS\": 31, \"REG_W\": 92.41915996176569, \"USE_RMS_SCALING\": false}"}}
{"op_code":5,"worker_id":"642c6149-71e1-40f8-9918-4489031541ad-134804152235136","trial_id":321,"param_name":"RANK_REGRESS","param_value_internal":31.0,"distribution":"{\"name\": \"IntDistribution\", \"attributes\": {\"log\": false, \"step\": 1, \"low\": 5, \"high\": 80}}"}
{"op_code":5,"worker_id":"642c6149-71e1-40f8-9918-4489031541ad-134804152235136","trial_id":321,"param_name":"REG_W","param_value_internal":92.41915996176569,"distribution":"{\"name\": \"FloatDistribution\", \"attributes\": {\"step\": null, \"low\": 1e-05, \"high\": 1000.0, \"log\": true}}"}
{"op_code":5,"worker_id":"642c6149-71e1-40f8-9918-4489031541ad-134804152235136","trial_id":321,"param_name":"USE_RMS_SCALING","param_value_internal":1,"distribution":"{\"name\": \"CategoricalDistribution\", \"attributes\": {\"choices\": [true, false]}}"}
{"op_code":0,"worker_id":"89cc80b4-dfd8-4a43-a46e-747a349a658e-128777581335680","study_name":"cp_pred_surprise_L4_residual_delta","directions":[2]}
{"op_code":4,"worker_id":"89cc80b4-dfd8-4a43-a46e-747a349a658e-128777581335680","study_id":0,"datetime_start":"2026-05-05T15:18:19.971037"}
{"op_code":9,"worker_id":"89cc80b4-dfd8-4a43-a46e-747a349a658e-128777581335680","trial_id":322,"system_attr":{"tpe:relative_params:0":"{\"RANK_REGRESS\": 21, \"REG_W\": 95.66919319700898, \"USE_RMS_SCALING\": true}"}}
{"op_code":5,"worker_id":"89cc80b4-dfd8-4a43-a46e-747a349a658e-128777581335680","trial_id":322,"param_name":"RANK_REGRESS","param_value_internal":21.0,"distribution":"{\"name\": \"IntDistribution\", \"attributes\": {\"log\": false, \"step\": 1, \"low\": 5, \"high\": 80}}"}
{"op_code":5,"worker_id":"89cc80b4-dfd8-4a43-a46e-747a349a658e-128777581335680","trial_id":322,"param_name":"REG_W","param_value_internal":95.66919319700898,"distribution":"{\"name\": \"FloatDistribution\", \"attributes\": {\"step\": null, \"low\": 1e-05, \"high\": 1000.0, \"log\": true}}"}
{"op_code":5,"worker_id":"89cc80b4-dfd8-4a43-a46e-747a349a658e-128777581335680","trial_id":322,"param_name":"USE_RMS_SCALING","param_value_internal":0,"distribution":"{\"name\": \"CategoricalDistribution\", \"attributes\": {\"choices\": [true, false]}}"}
{"op_code":0,"worker_id":"d2a9e5e6-217c-4fda-80ea-306e1b418646-124532098909312","study_name":"cp_pred_surprise_L4_residual_delta","directions":[2]}
{"op_code":4,"worker_id":"d2a9e5e6-217c-4fda-80ea-306e1b418646-124532098909312","study_id":0,"datetime_start":"2026-05-05T15:18:20.769462"}
{"op_code":9,"worker_id":"d2a9e5e6-217c-4fda-80ea-306e1b418646-124532098909312","trial_id":323,"system_attr":{"tpe:relative_params:0":"{\"RANK_REGRESS\": 64, \"REG_W\": 24.427424879752245, \"USE_RMS_SCALING\": true}"}}
{"op_code":5,"worker_id":"d2a9e5e6-217c-4fda-80ea-306e1b418646-124532098909312","trial_id":323,"param_name":"RANK_REGRESS","param_value_internal":64.0,"distribution":"{\"name\": \"IntDistribution\", \"attributes\": {\"log\": false, \"step\": 1, \"low\": 5, \"high\": 80}}"}
{"op_code":5,"worker_id":"d2a9e5e6-217c-4fda-80ea-306e1b418646-124532098909312","trial_id":323,"param_name":"REG_W","param_value_internal":24.427424879752245,"distribution":"{\"name\": \"FloatDistribution\", \"attributes\": {\"step\": null, \"low\": 1e-05, \"high\": 1000.0, \"log\": true}}"}
{"op_code":5,"worker_id":"d2a9e5e6-217c-4fda-80ea-306e1b418646-124532098909312","trial_id":323,"param_name":"USE_RMS_SCALING","param_value_internal":0,"distribution":"{\"name\": \"CategoricalDistribution\", \"attributes\": {\"choices\": [true, false]}}"}
{"op_code":0,"worker_id":"38cab2d2-9bdf-45ec-9021-f5af9f32508d-135253001720960","study_name":"cp_pred_surprise_L4_residual_delta","directions":[2]}
{"op_code":4,"worker_id":"38cab2d2-9bdf-45ec-9021-f5af9f32508d-135253001720960","study_id":0,"datetime_start":"2026-05-05T15:18:22.592345"}
{"op_code":9,"worker_id":"38cab2d2-9bdf-45ec-9021-f5af9f32508d-135253001720960","trial_id":324,"system_attr":{"tpe:relative_params:0":"{\"RANK_REGRESS\": 44, \"REG_W\": 10.218784481676504, \"USE_RMS_SCALING\": false}"}}
{"op_code":5,"worker_id":"38cab2d2-9bdf-45ec-9021-f5af9f32508d-135253001720960","trial_id":324,"param_name":"RANK_REGRESS","param_value_internal":44.0,"distribution":"{\"name\": \"IntDistribution\", \"attributes\": {\"log\": false, \"step\": 1, \"low\": 5, \"high\": 80}}"}
{"op_code":5,"worker_id":"38cab2d2-9bdf-45ec-9021-f5af9f32508d-135253001720960","trial_id":324,"param_name":"REG_W","param_value_internal":10.218784481676504,"distribution":"{\"name\": \"FloatDistribution\", \"attributes\": {\"step\": null, \"low\": 1e-05, \"high\": 1000.0, \"log\": true}}"}
{"op_code":5,"worker_id":"38cab2d2-9bdf-45ec-9021-f5af9f32508d-135253001720960","trial_id":324,"param_name":"USE_RMS_SCALING","param_value_internal":1,"distribution":"{\"name\": \"CategoricalDistribution\", \"attributes\": {\"choices\": [true, false]}}"}
{"op_code":0,"worker_id":"e5bfd280-b14b-4cca-bafd-3bfdcd65ca2a-139990579356800","study_name":"cp_pred_surprise_L4_residual_delta","directions":[2]}
{"op_code":4,"worker_id":"e5bfd280-b14b-4cca-bafd-3bfdcd65ca2a-139990579356800","study_id":0,"datetime_start":"2026-05-05T15:18:23.850724"}
{"op_code":9,"worker_id":"e5bfd280-b14b-4cca-bafd-3bfdcd65ca2a-139990579356800","trial_id":325,"system_attr":{"tpe:relative_params:0":"{\"RANK_REGRESS\": 9, \"REG_W\": 43.577041996143336, \"USE_RMS_SCALING\": true}"}}
{"op_code":5,"worker_id":"e5bfd280-b14b-4cca-bafd-3bfdcd65ca2a-139990579356800","trial_id":325,"param_name":"RANK_REGRESS","param_value_internal":9.0,"distribution":"{\"name\": \"IntDistribution\", \"attributes\": {\"log\": false, \"step\": 1, \"low\": 5, \"high\": 80}}"}
{"op_code":5,"worker_id":"e5bfd280-b14b-4cca-bafd-3bfdcd65ca2a-139990579356800","trial_id":325,"param_name":"REG_W","param_value_internal":43.577041996143336,"distribution":"{\"name\": \"FloatDistribution\", \"attributes\": {\"step\": null, \"low\": 1e-05, \"high\": 1000.0, \"log\": true}}"}
{"op_code":5,"worker_id":"e5bfd280-b14b-4cca-bafd-3bfdcd65ca2a-139990579356800","trial_id":325,"param_name":"USE_RMS_SCALING","param_value_internal":0,"distribution":"{\"name\": \"CategoricalDistribution\", \"attributes\": {\"choices\": [true, false]}}"}
{"op_code":0,"worker_id":"a2a79b23-1762-4049-bf7f-a7405b7e5318-129219772339328","study_name":"cp_pred_surprise_L4_residual_delta","directions":[2]}
{"op_code":4,"worker_id":"a2a79b23-1762-4049-bf7f-a7405b7e5318-129219772339328","study_id":0,"datetime_start":"2026-05-05T15:18:26.331105"}
{"op_code":9,"worker_id":"a2a79b23-1762-4049-bf7f-a7405b7e5318-129219772339328","trial_id":326,"system_attr":{"tpe:relative_params:0":"{\"RANK_REGRESS\": 41, \"REG_W\": 35.429793299699895, \"USE_RMS_SCALING\": true}"}}
{"op_code":5,"worker_id":"a2a79b23-1762-4049-bf7f-a7405b7e5318-129219772339328","trial_id":326,"param_name":"RANK_REGRESS","param_value_internal":41.0,"distribution":"{\"name\": \"IntDistribution\", \"attributes\": {\"log\": false, \"step\": 1, \"low\": 5, \"high\": 80}}"}
{"op_code":5,"worker_id":"a2a79b23-1762-4049-bf7f-a7405b7e5318-129219772339328","trial_id":326,"param_name":"REG_W","param_value_internal":35.429793299699895,"distribution":"{\"name\": \"FloatDistribution\", \"attributes\": {\"step\": null, \"low\": 1e-05, \"high\": 1000.0, \"log\": true}}"}
{"op_code":5,"worker_id":"a2a79b23-1762-4049-bf7f-a7405b7e5318-129219772339328","trial_id":326,"param_name":"USE_RMS_SCALING","param_value_internal":0,"distribution":"{\"name\": \"CategoricalDistribution\", \"attributes\": {\"choices\": [true, false]}}"}
{"op_code":0,"worker_id":"d8471a8b-ab0e-4697-a2d4-f2aa11707d0b-127372404307072","study_name":"cp_pred_surprise_L4_residual_delta","directions":[2]}
{"op_code":4,"worker_id":"d8471a8b-ab0e-4697-a2d4-f2aa11707d0b-127372404307072","study_id":0,"datetime_start":"2026-05-05T15:18:27.060732"}
{"op_code":9,"worker_id":"d8471a8b-ab0e-4697-a2d4-f2aa11707d0b-127372404307072","trial_id":327,"system_attr":{"tpe:relative_params:0":"{\"RANK_REGRESS\": 58, \"REG_W\": 67.65708235062884, \"USE_RMS_SCALING\": false}"}}
{"op_code":5,"worker_id":"d8471a8b-ab0e-4697-a2d4-f2aa11707d0b-127372404307072","trial_id":327,"param_name":"RANK_REGRESS","param_value_internal":58.0,"distribution":"{\"name\": \"IntDistribution\", \"attributes\": {\"log\": false, \"step\": 1, \"low\": 5, \"high\": 80}}"}
{"op_code":5,"worker_id":"d8471a8b-ab0e-4697-a2d4-f2aa11707d0b-127372404307072","trial_id":327,"param_name":"REG_W","param_value_internal":67.65708235062884,"distribution":"{\"name\": \"FloatDistribution\", \"attributes\": {\"step\": null, \"low\": 1e-05, \"high\": 1000.0, \"log\": true}}"}
{"op_code":5,"worker_id":"d8471a8b-ab0e-4697-a2d4-f2aa11707d0b-127372404307072","trial_id":327,"param_name":"USE_RMS_SCALING","param_value_internal":1,"distribution":"{\"name\": \"CategoricalDistribution\", \"attributes\": {\"choices\": [true, false]}}"}
{"op_code":0,"worker_id":"d4618192-673e-44a8-9b84-4ac751cfb975-135819250943104","study_name":"cp_pred_surprise_L4_residual_delta","directions":[2]}
{"op_code":4,"worker_id":"d4618192-673e-44a8-9b84-4ac751cfb975-135819250943104","study_id":0,"datetime_start":"2026-05-05T15:18:28.548499"}
{"op_code":9,"worker_id":"d4618192-673e-44a8-9b84-4ac751cfb975-135819250943104","trial_id":328,"system_attr":{"tpe:relative_params:0":"{\"RANK_REGRESS\": 37, \"REG_W\": 315.80853081500334, \"USE_RMS_SCALING\": false}"}}
{"op_code":5,"worker_id":"d4618192-673e-44a8-9b84-4ac751cfb975-135819250943104","trial_id":328,"param_name":"RANK_REGRESS","param_value_internal":37.0,"distribution":"{\"name\": \"IntDistribution\", \"attributes\": {\"log\": false, \"step\": 1, \"low\": 5, \"high\": 80}}"}
{"op_code":5,"worker_id":"d4618192-673e-44a8-9b84-4ac751cfb975-135819250943104","trial_id":328,"param_name":"REG_W","param_value_internal":315.80853081500334,"distribution":"{\"name\": \"FloatDistribution\", \"attributes\": {\"step\": null, \"low\": 1e-05, \"high\": 1000.0, \"log\": true}}"}
{"op_code":5,"worker_id":"d4618192-673e-44a8-9b84-4ac751cfb975-135819250943104","trial_id":328,"param_name":"USE_RMS_SCALING","param_value_internal":1,"distribution":"{\"name\": \"CategoricalDistribution\", \"attributes\": {\"choices\": [true, false]}}"}
{"op_code":0,"worker_id":"048e39bb-518c-4400-b614-e982da9e837d-139234606371968","study_name":"cp_pred_surprise_L4_residual_delta","directions":[2]}
{"op_code":0,"worker_id":"9084e1d1-6c86-45a8-ab43-02a8a6fba966-132445084894336","study_name":"cp_pred_surprise_L4_residual_delta","directions":[2]}
{"op_code":4,"worker_id":"048e39bb-518c-4400-b614-e982da9e837d-139234606371968","study_id":0,"datetime_start":"2026-05-05T15:18:30.079791"}
{"op_code":4,"worker_id":"9084e1d1-6c86-45a8-ab43-02a8a6fba966-132445084894336","study_id":0,"datetime_start":"2026-05-05T15:18:30.091131"}
{"op_code":9,"worker_id":"048e39bb-518c-4400-b614-e982da9e837d-139234606371968","trial_id":329,"system_attr":{"tpe:relative_params:0":"{\"RANK_REGRESS\": 18, \"REG_W\": 550.1003911641867, \"USE_RMS_SCALING\": true}"}}
{"op_code":9,"worker_id":"9084e1d1-6c86-45a8-ab43-02a8a6fba966-132445084894336","trial_id":330,"system_attr":{"tpe:relative_params:0":"{\"RANK_REGRESS\": 15, \"REG_W\": 24.026315017976984, \"USE_RMS_SCALING\": false}"}}
{"op_code":5,"worker_id":"048e39bb-518c-4400-b614-e982da9e837d-139234606371968","trial_id":329,"param_name":"RANK_REGRESS","param_value_internal":18.0,"distribution":"{\"name\": \"IntDistribution\", \"attributes\": {\"log\": false, \"step\": 1, \"low\": 5, \"high\": 80}}"}
{"op_code":5,"worker_id":"9084e1d1-6c86-45a8-ab43-02a8a6fba966-132445084894336","trial_id":330,"param_name":"RANK_REGRESS","param_value_internal":15.0,"distribution":"{\"name\": \"IntDistribution\", \"attributes\": {\"log\": false, \"step\": 1, \"low\": 5, \"high\": 80}}"}
{"op_code":5,"worker_id":"048e39bb-518c-4400-b614-e982da9e837d-139234606371968","trial_id":329,"param_name":"REG_W","param_value_internal":550.1003911641867,"distribution":"{\"name\": \"FloatDistribution\", \"attributes\": {\"step\": null, \"low\": 1e-05, \"high\": 1000.0, \"log\": true}}"}
{"op_code":5,"worker_id":"9084e1d1-6c86-45a8-ab43-02a8a6fba966-132445084894336","trial_id":330,"param_name":"REG_W","param_value_internal":24.026315017976984,"distribution":"{\"name\": \"FloatDistribution\", \"attributes\": {\"step\": null, \"low\": 1e-05, \"high\": 1000.0, \"log\": true}}"}
{"op_code":5,"worker_id":"048e39bb-518c-4400-b614-e982da9e837d-139234606371968","trial_id":329,"param_name":"USE_RMS_SCALING","param_value_internal":0,"distribution":"{\"name\": \"CategoricalDistribution\", \"attributes\": {\"choices\": [true, false]}}"}
{"op_code":5,"worker_id":"9084e1d1-6c86-45a8-ab43-02a8a6fba966-132445084894336","trial_id":330,"param_name":"USE_RMS_SCALING","param_value_internal":1,"distribution":"{\"name\": \"CategoricalDistribution\", \"attributes\": {\"choices\": [true, false]}}"}
{"op_code":0,"worker_id":"64a9285e-e53a-4c11-bcf8-0d8196042aa5-131136341632128","study_name":"cp_pred_surprise_L4_residual_delta","directions":[2]}
{"op_code":4,"worker_id":"64a9285e-e53a-4c11-bcf8-0d8196042aa5-131136341632128","study_id":0,"datetime_start":"2026-05-05T15:18:32.037410"}
{"op_code":9,"worker_id":"64a9285e-e53a-4c11-bcf8-0d8196042aa5-131136341632128","trial_id":331,"system_attr":{"tpe:relative_params:0":"{\"RANK_REGRESS\": 69, \"REG_W\": 194.9927144859468, \"USE_RMS_SCALING\": false}"}}
{"op_code":5,"worker_id":"64a9285e-e53a-4c11-bcf8-0d8196042aa5-131136341632128","trial_id":331,"param_name":"RANK_REGRESS","param_value_internal":69.0,"distribution":"{\"name\": \"IntDistribution\", \"attributes\": {\"log\": false, \"step\": 1, \"low\": 5, \"high\": 80}}"}
{"op_code":5,"worker_id":"64a9285e-e53a-4c11-bcf8-0d8196042aa5-131136341632128","trial_id":331,"param_name":"REG_W","param_value_internal":194.9927144859468,"distribution":"{\"name\": \"FloatDistribution\", \"attributes\": {\"step\": null, \"low\": 1e-05, \"high\": 1000.0, \"log\": true}}"}
{"op_code":5,"worker_id":"64a9285e-e53a-4c11-bcf8-0d8196042aa5-131136341632128","trial_id":331,"param_name":"USE_RMS_SCALING","param_value_internal":1,"distribution":"{\"name\": \"CategoricalDistribution\", \"attributes\": {\"choices\": [true, false]}}"}
{"op_code":0,"worker_id":"b910b3cc-8e8c-493e-8e16-eeacda1c9fcf-124244457190528","study_name":"cp_pred_surprise_L4_residual_delta","directions":[2]}
{"op_code":4,"worker_id":"b910b3cc-8e8c-493e-8e16-eeacda1c9fcf-124244457190528","study_id":0,"datetime_start":"2026-05-05T15:18:32.972086"}
{"op_code":0,"worker_id":"471ffe47-3539-4fdd-b180-8824faee2dc4-127884486173824","study_name":"cp_pred_surprise_L4_residual_delta","directions":[2]}
{"op_code":9,"worker_id":"b910b3cc-8e8c-493e-8e16-eeacda1c9fcf-124244457190528","trial_id":332,"system_attr":{"tpe:relative_params:0":"{\"RANK_REGRESS\": 30, \"REG_W\": 847.2404639972374, \"USE_RMS_SCALING\": false}"}}
{"op_code":5,"worker_id":"b910b3cc-8e8c-493e-8e16-eeacda1c9fcf-124244457190528","trial_id":332,"param_name":"RANK_REGRESS","param_value_internal":30.0,"distribution":"{\"name\": \"IntDistribution\", \"attributes\": {\"log\": false, \"step\": 1, \"low\": 5, \"high\": 80}}"}
{"op_code":5,"worker_id":"b910b3cc-8e8c-493e-8e16-eeacda1c9fcf-124244457190528","trial_id":332,"param_name":"REG_W","param_value_internal":847.2404639972374,"distribution":"{\"name\": \"FloatDistribution\", \"attributes\": {\"step\": null, \"low\": 1e-05, \"high\": 1000.0, \"log\": true}}"}
{"op_code":5,"worker_id":"b910b3cc-8e8c-493e-8e16-eeacda1c9fcf-124244457190528","trial_id":332,"param_name":"USE_RMS_SCALING","param_value_internal":1,"distribution":"{\"name\": \"CategoricalDistribution\", \"attributes\": {\"choices\": [true, false]}}"}
{"op_code":4,"worker_id":"471ffe47-3539-4fdd-b180-8824faee2dc4-127884486173824","study_id":0,"datetime_start":"2026-05-05T15:18:33.060930"}
{"op_code":9,"worker_id":"471ffe47-3539-4fdd-b180-8824faee2dc4-127884486173824","trial_id":333,"system_attr":{"tpe:relative_params:0":"{\"RANK_REGRESS\": 47, \"REG_W\": 746.6955222949208, \"USE_RMS_SCALING\": true}"}}
{"op_code":5,"worker_id":"471ffe47-3539-4fdd-b180-8824faee2dc4-127884486173824","trial_id":333,"param_name":"RANK_REGRESS","param_value_internal":47.0,"distribution":"{\"name\": \"IntDistribution\", \"attributes\": {\"log\": false, \"step\": 1, \"low\": 5, \"high\": 80}}"}
{"op_code":5,"worker_id":"471ffe47-3539-4fdd-b180-8824faee2dc4-127884486173824","trial_id":333,"param_name":"REG_W","param_value_internal":746.6955222949208,"distribution":"{\"name\": \"FloatDistribution\", \"attributes\": {\"step\": null, \"low\": 1e-05, \"high\": 1000.0, \"log\": true}}"}
{"op_code":5,"worker_id":"471ffe47-3539-4fdd-b180-8824faee2dc4-127884486173824","trial_id":333,"param_name":"USE_RMS_SCALING","param_value_internal":0,"distribution":"{\"name\": \"CategoricalDistribution\", \"attributes\": {\"choices\": [true, false]}}"}
{"op_code":0,"worker_id":"1c525a4d-e3a0-4de0-b9a3-b3372b083013-126430044988544","study_name":"cp_pred_surprise_L4_residual_delta","directions":[2]}
{"op_code":4,"worker_id":"1c525a4d-e3a0-4de0-b9a3-b3372b083013-126430044988544","study_id":0,"datetime_start":"2026-05-05T15:18:34.287082"}
{"op_code":9,"worker_id":"1c525a4d-e3a0-4de0-b9a3-b3372b083013-126430044988544","trial_id":334,"system_attr":{"tpe:relative_params:0":"{\"RANK_REGRESS\": 35, \"REG_W\": 138.96343047000792, \"USE_RMS_SCALING\": true}"}}
{"op_code":5,"worker_id":"1c525a4d-e3a0-4de0-b9a3-b3372b083013-126430044988544","trial_id":334,"param_name":"RANK_REGRESS","param_value_internal":35.0,"distribution":"{\"name\": \"IntDistribution\", \"attributes\": {\"log\": false, \"step\": 1, \"low\": 5, \"high\": 80}}"}
{"op_code":5,"worker_id":"1c525a4d-e3a0-4de0-b9a3-b3372b083013-126430044988544","trial_id":334,"param_name":"REG_W","param_value_internal":138.96343047000792,"distribution":"{\"name\": \"FloatDistribution\", \"attributes\": {\"step\": null, \"low\": 1e-05, \"high\": 1000.0, \"log\": true}}"}
{"op_code":5,"worker_id":"1c525a4d-e3a0-4de0-b9a3-b3372b083013-126430044988544","trial_id":334,"param_name":"USE_RMS_SCALING","param_value_internal":0,"distribution":"{\"name\": \"CategoricalDistribution\", \"attributes\": {\"choices\": [true, false]}}"}
{"op_code":0,"worker_id":"100c0e22-6cd2-4309-806e-f23358fa5707-138698207077504","study_name":"cp_pred_surprise_L4_residual_delta","directions":[2]}
{"op_code":4,"worker_id":"100c0e22-6cd2-4309-806e-f23358fa5707-138698207077504","study_id":0,"datetime_start":"2026-05-05T15:18:35.432562"}
{"op_code":9,"worker_id":"100c0e22-6cd2-4309-806e-f23358fa5707-138698207077504","trial_id":335,"system_attr":{"tpe:relative_params:0":"{\"RANK_REGRESS\": 63, \"REG_W\": 386.17139424837785, \"USE_RMS_SCALING\": true}"}}
{"op_code":5,"worker_id":"100c0e22-6cd2-4309-806e-f23358fa5707-138698207077504","trial_id":335,"param_name":"RANK_REGRESS","param_value_internal":63.0,"distribution":"{\"name\": \"IntDistribution\", \"attributes\": {\"log\": false, \"step\": 1, \"low\": 5, \"high\": 80}}"}
{"op_code":5,"worker_id":"100c0e22-6cd2-4309-806e-f23358fa5707-138698207077504","trial_id":335,"param_name":"REG_W","param_value_internal":386.17139424837785,"distribution":"{\"name\": \"FloatDistribution\", \"attributes\": {\"step\": null, \"low\": 1e-05, \"high\": 1000.0, \"log\": true}}"}
{"op_code":5,"worker_id":"100c0e22-6cd2-4309-806e-f23358fa5707-138698207077504","trial_id":335,"param_name":"USE_RMS_SCALING","param_value_internal":0,"distribution":"{\"name\": \"CategoricalDistribution\", \"attributes\": {\"choices\": [true, false]}}"}
{"op_code":0,"worker_id":"e9d7761e-4958-4b99-97b9-3d625e5c7a93-138698213184640","study_name":"cp_pred_surprise_L4_residual_delta","directions":[2]}
{"op_code":4,"worker_id":"e9d7761e-4958-4b99-97b9-3d625e5c7a93-138698213184640","study_id":0,"datetime_start":"2026-05-05T15:18:36.081988"}
{"op_code":9,"worker_id":"e9d7761e-4958-4b99-97b9-3d625e5c7a93-138698213184640","trial_id":336,"system_attr":{"tpe:relative_params:0":"{\"RANK_REGRESS\": 27, \"REG_W\": 57.65250472906617, \"USE_RMS_SCALING\": false}"}}
{"op_code":5,"worker_id":"e9d7761e-4958-4b99-97b9-3d625e5c7a93-138698213184640","trial_id":336,"param_name":"RANK_REGRESS","param_value_internal":27.0,"distribution":"{\"name\": \"IntDistribution\", \"attributes\": {\"log\": false, \"step\": 1, \"low\": 5, \"high\": 80}}"}
{"op_code":5,"worker_id":"e9d7761e-4958-4b99-97b9-3d625e5c7a93-138698213184640","trial_id":336,"param_name":"REG_W","param_value_internal":57.65250472906617,"distribution":"{\"name\": \"FloatDistribution\", \"attributes\": {\"step\": null, \"low\": 1e-05, \"high\": 1000.0, \"log\": true}}"}
{"op_code":5,"worker_id":"e9d7761e-4958-4b99-97b9-3d625e5c7a93-138698213184640","trial_id":336,"param_name":"USE_RMS_SCALING","param_value_internal":1,"distribution":"{\"name\": \"CategoricalDistribution\", \"attributes\": {\"choices\": [true, false]}}"}
{"op_code":0,"worker_id":"b69119eb-b9a2-49f3-82a1-58487f1a00bf-124616095462528","study_name":"cp_pred_surprise_L4_residual_delta","directions":[2]}
{"op_code":4,"worker_id":"b69119eb-b9a2-49f3-82a1-58487f1a00bf-124616095462528","study_id":0,"datetime_start":"2026-05-05T15:18:38.052761"}
{"op_code":9,"worker_id":"b69119eb-b9a2-49f3-82a1-58487f1a00bf-124616095462528","trial_id":337,"system_attr":{"tpe:relative_params:0":"{\"RANK_REGRESS\": 43, \"REG_W\": 488.5269631980635, \"USE_RMS_SCALING\": false}"}}
{"op_code":5,"worker_id":"b69119eb-b9a2-49f3-82a1-58487f1a00bf-124616095462528","trial_id":337,"param_name":"RANK_REGRESS","param_value_internal":43.0,"distribution":"{\"name\": \"IntDistribution\", \"attributes\": {\"log\": false, \"step\": 1, \"low\": 5, \"high\": 80}}"}
{"op_code":5,"worker_id":"b69119eb-b9a2-49f3-82a1-58487f1a00bf-124616095462528","trial_id":337,"param_name":"REG_W","param_value_internal":488.5269631980635,"distribution":"{\"name\": \"FloatDistribution\", \"attributes\": {\"step\": null, \"low\": 1e-05, \"high\": 1000.0, \"log\": true}}"}
{"op_code":5,"worker_id":"b69119eb-b9a2-49f3-82a1-58487f1a00bf-124616095462528","trial_id":337,"param_name":"USE_RMS_SCALING","param_value_internal":1,"distribution":"{\"name\": \"CategoricalDistribution\", \"attributes\": {\"choices\": [true, false]}}"}
{"op_code":6,"worker_id":"cb444b02-ca6c-4086-b9cd-a5c0593d489b-126758847857792","trial_id":290,"state":1,"values":[0.0],"datetime_complete":"2026-05-05T17:58:10.065241"}
{"op_code":4,"worker_id":"cb444b02-ca6c-4086-b9cd-a5c0593d489b-126758847857792","study_id":0,"datetime_start":"2026-05-05T17:58:10.140759"}
{"op_code":9,"worker_id":"cb444b02-ca6c-4086-b9cd-a5c0593d489b-126758847857792","trial_id":338,"system_attr":{"tpe:relative_params:0":"{\"RANK_REGRESS\": 27, \"REG_W\": 37.15252888268214, \"USE_RMS_SCALING\": true}"}}
{"op_code":5,"worker_id":"cb444b02-ca6c-4086-b9cd-a5c0593d489b-126758847857792","trial_id":338,"param_name":"RANK_REGRESS","param_value_internal":27.0,"distribution":"{\"name\": \"IntDistribution\", \"attributes\": {\"log\": false, \"step\": 1, \"low\": 5, \"high\": 80}}"}
{"op_code":5,"worker_id":"cb444b02-ca6c-4086-b9cd-a5c0593d489b-126758847857792","trial_id":338,"param_name":"REG_W","param_value_internal":37.15252888268214,"distribution":"{\"name\": \"FloatDistribution\", \"attributes\": {\"step\": null, \"low\": 1e-05, \"high\": 1000.0, \"log\": true}}"}
{"op_code":5,"worker_id":"cb444b02-ca6c-4086-b9cd-a5c0593d489b-126758847857792","trial_id":338,"param_name":"USE_RMS_SCALING","param_value_internal":0,"distribution":"{\"name\": \"CategoricalDistribution\", \"attributes\": {\"choices\": [true, false]}}"}
{"op_code":6,"worker_id":"1f03e0be-dbdc-4ea0-961e-9b42cc1afcba-128572882117760","trial_id":266,"state":1,"values":[0.0017214110208614297],"datetime_complete":"2026-05-05T18:04:45.750156"}
{"op_code":4,"worker_id":"1f03e0be-dbdc-4ea0-961e-9b42cc1afcba-128572882117760","study_id":0,"datetime_start":"2026-05-05T18:04:45.823835"}
{"op_code":9,"worker_id":"1f03e0be-dbdc-4ea0-961e-9b42cc1afcba-128572882117760","trial_id":339,"system_attr":{"tpe:relative_params:0":"{\"RANK_REGRESS\": 18, \"REG_W\": 28.513322662523592, \"USE_RMS_SCALING\": true}"}}
{"op_code":5,"worker_id":"1f03e0be-dbdc-4ea0-961e-9b42cc1afcba-128572882117760","trial_id":339,"param_name":"RANK_REGRESS","param_value_internal":18.0,"distribution":"{\"name\": \"IntDistribution\", \"attributes\": {\"log\": false, \"step\": 1, \"low\": 5, \"high\": 80}}"}
{"op_code":5,"worker_id":"1f03e0be-dbdc-4ea0-961e-9b42cc1afcba-128572882117760","trial_id":339,"param_name":"REG_W","param_value_internal":28.513322662523592,"distribution":"{\"name\": \"FloatDistribution\", \"attributes\": {\"step\": null, \"low\": 1e-05, \"high\": 1000.0, \"log\": true}}"}
{"op_code":5,"worker_id":"1f03e0be-dbdc-4ea0-961e-9b42cc1afcba-128572882117760","trial_id":339,"param_name":"USE_RMS_SCALING","param_value_internal":0,"distribution":"{\"name\": \"CategoricalDistribution\", \"attributes\": {\"choices\": [true, false]}}"}
{"op_code":6,"worker_id":"35715057-df25-4de1-9292-760d1fcc2bcd-126036894389376","trial_id":303,"state":1,"values":[0.0],"datetime_complete":"2026-05-05T18:18:19.137120"}
{"op_code":4,"worker_id":"35715057-df25-4de1-9292-760d1fcc2bcd-126036894389376","study_id":0,"datetime_start":"2026-05-05T18:18:19.194668"}
{"op_code":9,"worker_id":"35715057-df25-4de1-9292-760d1fcc2bcd-126036894389376","trial_id":340,"system_attr":{"tpe:relative_params:0":"{\"RANK_REGRESS\": 12, \"REG_W\": 1.3279478373098472, \"USE_RMS_SCALING\": true}"}}
{"op_code":5,"worker_id":"35715057-df25-4de1-9292-760d1fcc2bcd-126036894389376","trial_id":340,"param_name":"RANK_REGRESS","param_value_internal":12.0,"distribution":"{\"name\": \"IntDistribution\", \"attributes\": {\"log\": false, \"step\": 1, \"low\": 5, \"high\": 80}}"}
{"op_code":5,"worker_id":"35715057-df25-4de1-9292-760d1fcc2bcd-126036894389376","trial_id":340,"param_name":"REG_W","param_value_internal":1.3279478373098472,"distribution":"{\"name\": \"FloatDistribution\", \"attributes\": {\"step\": null, \"low\": 1e-05, \"high\": 1000.0, \"log\": true}}"}
{"op_code":5,"worker_id":"35715057-df25-4de1-9292-760d1fcc2bcd-126036894389376","trial_id":340,"param_name":"USE_RMS_SCALING","param_value_internal":0,"distribution":"{\"name\": \"CategoricalDistribution\", \"attributes\": {\"choices\": [true, false]}}"}
{"op_code":6,"worker_id":"d74144e0-fda2-4541-8baa-21f36b4a9a97-139784318428288","trial_id":264,"state":1,"values":[0.0],"datetime_complete":"2026-05-05T18:48:29.238624"}
{"op_code":4,"worker_id":"d74144e0-fda2-4541-8baa-21f36b4a9a97-139784318428288","study_id":0,"datetime_start":"2026-05-05T18:48:29.350419"}
{"op_code":9,"worker_id":"d74144e0-fda2-4541-8baa-21f36b4a9a97-139784318428288","trial_id":341,"system_attr":{"tpe:relative_params:0":"{\"RANK_REGRESS\": 9, \"REG_W\": 4.980335368625237, \"USE_RMS_SCALING\": true}"}}
{"op_code":5,"worker_id":"d74144e0-fda2-4541-8baa-21f36b4a9a97-139784318428288","trial_id":341,"param_name":"RANK_REGRESS","param_value_internal":9.0,"distribution":"{\"name\": \"IntDistribution\", \"attributes\": {\"log\": false, \"step\": 1, \"low\": 5, \"high\": 80}}"}
{"op_code":5,"worker_id":"d74144e0-fda2-4541-8baa-21f36b4a9a97-139784318428288","trial_id":341,"param_name":"REG_W","param_value_internal":4.980335368625237,"distribution":"{\"name\": \"FloatDistribution\", \"attributes\": {\"step\": null, \"low\": 1e-05, \"high\": 1000.0, \"log\": true}}"}
{"op_code":5,"worker_id":"d74144e0-fda2-4541-8baa-21f36b4a9a97-139784318428288","trial_id":341,"param_name":"USE_RMS_SCALING","param_value_internal":0,"distribution":"{\"name\": \"CategoricalDistribution\", \"attributes\": {\"choices\": [true, false]}}"}
{"op_code":6,"worker_id":"33912124-06b5-4a3a-a9c2-ebfd08c78877-136920995738752","trial_id":243,"state":1,"values":[0.0],"datetime_complete":"2026-05-05T18:50:08.765148"}
{"op_code":4,"worker_id":"33912124-06b5-4a3a-a9c2-ebfd08c78877-136920995738752","study_id":0,"datetime_start":"2026-05-05T18:50:08.858597"}
{"op_code":9,"worker_id":"33912124-06b5-4a3a-a9c2-ebfd08c78877-136920995738752","trial_id":342,"system_attr":{"tpe:relative_params:0":"{\"RANK_REGRESS\": 15, \"REG_W\": 183.80379532137073, \"USE_RMS_SCALING\": true}"}}
{"op_code":5,"worker_id":"33912124-06b5-4a3a-a9c2-ebfd08c78877-136920995738752","trial_id":342,"param_name":"RANK_REGRESS","param_value_internal":15.0,"distribution":"{\"name\": \"IntDistribution\", \"attributes\": {\"log\": false, \"step\": 1, \"low\": 5, \"high\": 80}}"}
{"op_code":5,"worker_id":"33912124-06b5-4a3a-a9c2-ebfd08c78877-136920995738752","trial_id":342,"param_name":"REG_W","param_value_internal":183.80379532137073,"distribution":"{\"name\": \"FloatDistribution\", \"attributes\": {\"step\": null, \"low\": 1e-05, \"high\": 1000.0, \"log\": true}}"}
{"op_code":5,"worker_id":"33912124-06b5-4a3a-a9c2-ebfd08c78877-136920995738752","trial_id":342,"param_name":"USE_RMS_SCALING","param_value_internal":0,"distribution":"{\"name\": \"CategoricalDistribution\", \"attributes\": {\"choices\": [true, false]}}"}
{"op_code":6,"worker_id":"efb27169-5e99-41de-8f4e-59cec69e01e4-128816032220288","trial_id":295,"state":1,"values":[0.0],"datetime_complete":"2026-05-05T19:19:16.787083"}
{"op_code":4,"worker_id":"efb27169-5e99-41de-8f4e-59cec69e01e4-128816032220288","study_id":0,"datetime_start":"2026-05-05T19:19:16.864001"}
{"op_code":9,"worker_id":"efb27169-5e99-41de-8f4e-59cec69e01e4-128816032220288","trial_id":343,"system_attr":{"tpe:relative_params:0":"{\"RANK_REGRESS\": 6, \"REG_W\": 0.16079341148434276, \"USE_RMS_SCALING\": true}"}}
{"op_code":5,"worker_id":"efb27169-5e99-41de-8f4e-59cec69e01e4-128816032220288","trial_id":343,"param_name":"RANK_REGRESS","param_value_internal":6.0,"distribution":"{\"name\": \"IntDistribution\", \"attributes\": {\"log\": false, \"step\": 1, \"low\": 5, \"high\": 80}}"}
{"op_code":5,"worker_id":"efb27169-5e99-41de-8f4e-59cec69e01e4-128816032220288","trial_id":343,"param_name":"REG_W","param_value_internal":0.16079341148434276,"distribution":"{\"name\": \"FloatDistribution\", \"attributes\": {\"step\": null, \"low\": 1e-05, \"high\": 1000.0, \"log\": true}}"}
{"op_code":5,"worker_id":"efb27169-5e99-41de-8f4e-59cec69e01e4-128816032220288","trial_id":343,"param_name":"USE_RMS_SCALING","param_value_internal":0,"distribution":"{\"name\": \"CategoricalDistribution\", \"attributes\": {\"choices\": [true, false]}}"}
{"op_code":6,"worker_id":"e5bfd280-b14b-4cca-bafd-3bfdcd65ca2a-139990579356800","trial_id":325,"state":1,"values":[0.0],"datetime_complete":"2026-05-05T20:32:19.164665"}
{"op_code":4,"worker_id":"e5bfd280-b14b-4cca-bafd-3bfdcd65ca2a-139990579356800","study_id":0,"datetime_start":"2026-05-05T20:32:19.269758"}
{"op_code":9,"worker_id":"e5bfd280-b14b-4cca-bafd-3bfdcd65ca2a-139990579356800","trial_id":344,"system_attr":{"tpe:relative_params:0":"{\"RANK_REGRESS\": 7, \"REG_W\": 9.397829573385597, \"USE_RMS_SCALING\": true}"}}
{"op_code":5,"worker_id":"e5bfd280-b14b-4cca-bafd-3bfdcd65ca2a-139990579356800","trial_id":344,"param_name":"RANK_REGRESS","param_value_internal":7.0,"distribution":"{\"name\": \"IntDistribution\", \"attributes\": {\"log\": false, \"step\": 1, \"low\": 5, \"high\": 80}}"}
{"op_code":5,"worker_id":"e5bfd280-b14b-4cca-bafd-3bfdcd65ca2a-139990579356800","trial_id":344,"param_name":"REG_W","param_value_internal":9.397829573385597,"distribution":"{\"name\": \"FloatDistribution\", \"attributes\": {\"step\": null, \"low\": 1e-05, \"high\": 1000.0, \"log\": true}}"}
{"op_code":5,"worker_id":"e5bfd280-b14b-4cca-bafd-3bfdcd65ca2a-139990579356800","trial_id":344,"param_name":"USE_RMS_SCALING","param_value_internal":0,"distribution":"{\"name\": \"CategoricalDistribution\", \"attributes\": {\"choices\": [true, false]}}"}
{"op_code":6,"worker_id":"204d2bae-2135-4356-b434-1a2a2bc0c265-133008478106752","trial_id":240,"state":1,"values":[0.0],"datetime_complete":"2026-05-05T21:55:26.824030"}
{"op_code":4,"worker_id":"204d2bae-2135-4356-b434-1a2a2bc0c265-133008478106752","study_id":0,"datetime_start":"2026-05-05T21:55:26.920408"}
{"op_code":9,"worker_id":"204d2bae-2135-4356-b434-1a2a2bc0c265-133008478106752","trial_id":345,"system_attr":{"tpe:relative_params:0":"{\"RANK_REGRESS\": 6, \"REG_W\": 5.385381401824689, \"USE_RMS_SCALING\": true}"}}
{"op_code":5,"worker_id":"204d2bae-2135-4356-b434-1a2a2bc0c265-133008478106752","trial_id":345,"param_name":"RANK_REGRESS","param_value_internal":6.0,"distribution":"{\"name\": \"IntDistribution\", \"attributes\": {\"log\": false, \"step\": 1, \"low\": 5, \"high\": 80}}"}
{"op_code":5,"worker_id":"204d2bae-2135-4356-b434-1a2a2bc0c265-133008478106752","trial_id":345,"param_name":"REG_W","param_value_internal":5.385381401824689,"distribution":"{\"name\": \"FloatDistribution\", \"attributes\": {\"step\": null, \"low\": 1e-05, \"high\": 1000.0, \"log\": true}}"}
{"op_code":5,"worker_id":"204d2bae-2135-4356-b434-1a2a2bc0c265-133008478106752","trial_id":345,"param_name":"USE_RMS_SCALING","param_value_internal":0,"distribution":"{\"name\": \"CategoricalDistribution\", \"attributes\": {\"choices\": [true, false]}}"}
{"op_code":6,"worker_id":"efb27169-5e99-41de-8f4e-59cec69e01e4-128816032220288","trial_id":343,"state":1,"values":[-0.29629896257340826],"datetime_complete":"2026-05-05T22:48:44.887057"}
{"op_code":4,"worker_id":"efb27169-5e99-41de-8f4e-59cec69e01e4-128816032220288","study_id":0,"datetime_start":"2026-05-05T22:48:44.964446"}
{"op_code":9,"worker_id":"efb27169-5e99-41de-8f4e-59cec69e01e4-128816032220288","trial_id":346,"system_attr":{"tpe:relative_params:0":"{\"RANK_REGRESS\": 14, \"REG_W\": 969.6584923139827, \"USE_RMS_SCALING\": true}"}}
{"op_code":5,"worker_id":"efb27169-5e99-41de-8f4e-59cec69e01e4-128816032220288","trial_id":346,"param_name":"RANK_REGRESS","param_value_internal":14.0,"distribution":"{\"name\": \"IntDistribution\", \"attributes\": {\"log\": false, \"step\": 1, \"low\": 5, \"high\": 80}}"}
{"op_code":5,"worker_id":"efb27169-5e99-41de-8f4e-59cec69e01e4-128816032220288","trial_id":346,"param_name":"REG_W","param_value_internal":969.6584923139827,"distribution":"{\"name\": \"FloatDistribution\", \"attributes\": {\"step\": null, \"low\": 1e-05, \"high\": 1000.0, \"log\": true}}"}
{"op_code":5,"worker_id":"efb27169-5e99-41de-8f4e-59cec69e01e4-128816032220288","trial_id":346,"param_name":"USE_RMS_SCALING","param_value_internal":0,"distribution":"{\"name\": \"CategoricalDistribution\", \"attributes\": {\"choices\": [true, false]}}"}
{"op_code":6,"worker_id":"16aed7a4-78e0-4406-8bff-0c4a2799aaef-123693849887872","trial_id":313,"state":1,"values":[-0.03626061610606109],"datetime_complete":"2026-05-05T23:39:09.258607"}
{"op_code":4,"worker_id":"16aed7a4-78e0-4406-8bff-0c4a2799aaef-123693849887872","study_id":0,"datetime_start":"2026-05-05T23:39:09.363624"}
{"op_code":9,"worker_id":"16aed7a4-78e0-4406-8bff-0c4a2799aaef-123693849887872","trial_id":347,"system_attr":{"tpe:relative_params:0":"{\"RANK_REGRESS\": 10, \"REG_W\": 19.76503774136269, \"USE_RMS_SCALING\": true}"}}
{"op_code":5,"worker_id":"16aed7a4-78e0-4406-8bff-0c4a2799aaef-123693849887872","trial_id":347,"param_name":"RANK_REGRESS","param_value_internal":10.0,"distribution":"{\"name\": \"IntDistribution\", \"attributes\": {\"log\": false, \"step\": 1, \"low\": 5, \"high\": 80}}"}
{"op_code":5,"worker_id":"16aed7a4-78e0-4406-8bff-0c4a2799aaef-123693849887872","trial_id":347,"param_name":"REG_W","param_value_internal":19.76503774136269,"distribution":"{\"name\": \"FloatDistribution\", \"attributes\": {\"step\": null, \"low\": 1e-05, \"high\": 1000.0, \"log\": true}}"}
{"op_code":5,"worker_id":"16aed7a4-78e0-4406-8bff-0c4a2799aaef-123693849887872","trial_id":347,"param_name":"USE_RMS_SCALING","param_value_internal":0,"distribution":"{\"name\": \"CategoricalDistribution\", \"attributes\": {\"choices\": [true, false]}}"}
{"op_code":6,"worker_id":"9084e1d1-6c86-45a8-ab43-02a8a6fba966-132445084894336","trial_id":330,"state":1,"values":[-0.0188978385026413],"datetime_complete":"2026-05-05T23:44:57.913761"}
{"op_code":4,"worker_id":"9084e1d1-6c86-45a8-ab43-02a8a6fba966-132445084894336","study_id":0,"datetime_start":"2026-05-05T23:44:58.001055"}
{"op_code":9,"worker_id":"9084e1d1-6c86-45a8-ab43-02a8a6fba966-132445084894336","trial_id":348,"system_attr":{"tpe:relative_params:0":"{\"RANK_REGRESS\": 9, \"REG_W\": 172.3420176187914, \"USE_RMS_SCALING\": true}"}}
{"op_code":5,"worker_id":"9084e1d1-6c86-45a8-ab43-02a8a6fba966-132445084894336","trial_id":348,"param_name":"RANK_REGRESS","param_value_internal":9.0,"distribution":"{\"name\": \"IntDistribution\", \"attributes\": {\"log\": false, \"step\": 1, \"low\": 5, \"high\": 80}}"}
{"op_code":5,"worker_id":"9084e1d1-6c86-45a8-ab43-02a8a6fba966-132445084894336","trial_id":348,"param_name":"REG_W","param_value_internal":172.3420176187914,"distribution":"{\"name\": \"FloatDistribution\", \"attributes\": {\"step\": null, \"low\": 1e-05, \"high\": 1000.0, \"log\": true}}"}
{"op_code":5,"worker_id":"9084e1d1-6c86-45a8-ab43-02a8a6fba966-132445084894336","trial_id":348,"param_name":"USE_RMS_SCALING","param_value_internal":0,"distribution":"{\"name\": \"CategoricalDistribution\", \"attributes\": {\"choices\": [true, false]}}"}
{"op_code":6,"worker_id":"d74144e0-fda2-4541-8baa-21f36b4a9a97-139784318428288","trial_id":341,"state":1,"values":[-0.022053353396982445],"datetime_complete":"2026-05-05T23:49:38.314720"}
{"op_code":4,"worker_id":"d74144e0-fda2-4541-8baa-21f36b4a9a97-139784318428288","study_id":0,"datetime_start":"2026-05-05T23:49:38.442542"}
{"op_code":9,"worker_id":"d74144e0-fda2-4541-8baa-21f36b4a9a97-139784318428288","trial_id":349,"system_attr":{"tpe:relative_params:0":"{\"RANK_REGRESS\": 7, \"REG_W\": 89.32934441550225, \"USE_RMS_SCALING\": true}"}}
{"op_code":5,"worker_id":"d74144e0-fda2-4541-8baa-21f36b4a9a97-139784318428288","trial_id":349,"param_name":"RANK_REGRESS","param_value_internal":7.0,"distribution":"{\"name\": \"IntDistribution\", \"attributes\": {\"log\": false, \"step\": 1, \"low\": 5, \"high\": 80}}"}
{"op_code":5,"worker_id":"d74144e0-fda2-4541-8baa-21f36b4a9a97-139784318428288","trial_id":349,"param_name":"REG_W","param_value_internal":89.32934441550225,"distribution":"{\"name\": \"FloatDistribution\", \"attributes\": {\"step\": null, \"low\": 1e-05, \"high\": 1000.0, \"log\": true}}"}
{"op_code":5,"worker_id":"d74144e0-fda2-4541-8baa-21f36b4a9a97-139784318428288","trial_id":349,"param_name":"USE_RMS_SCALING","param_value_internal":0,"distribution":"{\"name\": \"CategoricalDistribution\", \"attributes\": {\"choices\": [true, false]}}"}
{"op_code":6,"worker_id":"26919fca-0555-4c24-9661-5320ff35f858-139694760510592","trial_id":280,"state":1,"values":[0.0],"datetime_complete":"2026-05-06T00:22:03.506820"}
{"op_code":4,"worker_id":"26919fca-0555-4c24-9661-5320ff35f858-139694760510592","study_id":0,"datetime_start":"2026-05-06T00:22:03.588001"}
{"op_code":9,"worker_id":"26919fca-0555-4c24-9661-5320ff35f858-139694760510592","trial_id":350,"system_attr":{"tpe:relative_params:0":"{\"RANK_REGRESS\": 70, \"REG_W\": 39.91312052878514, \"USE_RMS_SCALING\": true}"}}
{"op_code":5,"worker_id":"26919fca-0555-4c24-9661-5320ff35f858-139694760510592","trial_id":350,"param_name":"RANK_REGRESS","param_value_internal":70.0,"distribution":"{\"name\": \"IntDistribution\", \"attributes\": {\"log\": false, \"step\": 1, \"low\": 5, \"high\": 80}}"}
{"op_code":5,"worker_id":"26919fca-0555-4c24-9661-5320ff35f858-139694760510592","trial_id":350,"param_name":"REG_W","param_value_internal":39.91312052878514,"distribution":"{\"name\": \"FloatDistribution\", \"attributes\": {\"step\": null, \"low\": 1e-05, \"high\": 1000.0, \"log\": true}}"}
{"op_code":5,"worker_id":"26919fca-0555-4c24-9661-5320ff35f858-139694760510592","trial_id":350,"param_name":"USE_RMS_SCALING","param_value_internal":0,"distribution":"{\"name\": \"CategoricalDistribution\", \"attributes\": {\"choices\": [true, false]}}"}
{"op_code":6,"worker_id":"35715057-df25-4de1-9292-760d1fcc2bcd-126036894389376","trial_id":340,"state":1,"values":[-0.09210904187877711],"datetime_complete":"2026-05-06T00:24:49.628337"}
{"op_code":4,"worker_id":"35715057-df25-4de1-9292-760d1fcc2bcd-126036894389376","study_id":0,"datetime_start":"2026-05-06T00:24:49.711412"}
{"op_code":9,"worker_id":"35715057-df25-4de1-9292-760d1fcc2bcd-126036894389376","trial_id":351,"system_attr":{"tpe:relative_params:0":"{\"RANK_REGRESS\": 54, \"REG_W\": 9.883173695436678, \"USE_RMS_SCALING\": false}"}}
{"op_code":5,"worker_id":"35715057-df25-4de1-9292-760d1fcc2bcd-126036894389376","trial_id":351,"param_name":"RANK_REGRESS","param_value_internal":54.0,"distribution":"{\"name\": \"IntDistribution\", \"attributes\": {\"log\": false, \"step\": 1, \"low\": 5, \"high\": 80}}"}
{"op_code":5,"worker_id":"35715057-df25-4de1-9292-760d1fcc2bcd-126036894389376","trial_id":351,"param_name":"REG_W","param_value_internal":9.883173695436678,"distribution":"{\"name\": \"FloatDistribution\", \"attributes\": {\"step\": null, \"low\": 1e-05, \"high\": 1000.0, \"log\": true}}"}
{"op_code":5,"worker_id":"35715057-df25-4de1-9292-760d1fcc2bcd-126036894389376","trial_id":351,"param_name":"USE_RMS_SCALING","param_value_internal":1,"distribution":"{\"name\": \"CategoricalDistribution\", \"attributes\": {\"choices\": [true, false]}}"}
{"op_code":6,"worker_id":"e5bfd280-b14b-4cca-bafd-3bfdcd65ca2a-139990579356800","trial_id":344,"state":1,"values":[-0.0030259960351411244],"datetime_complete":"2026-05-06T00:33:11.940152"}
{"op_code":4,"worker_id":"e5bfd280-b14b-4cca-bafd-3bfdcd65ca2a-139990579356800","study_id":0,"datetime_start":"2026-05-06T00:33:12.057183"}
{"op_code":9,"worker_id":"e5bfd280-b14b-4cca-bafd-3bfdcd65ca2a-139990579356800","trial_id":352,"system_attr":{"tpe:relative_params:0":"{\"RANK_REGRESS\": 49, \"REG_W\": 371.9822528391739, \"USE_RMS_SCALING\": false}"}}
{"op_code":5,"worker_id":"e5bfd280-b14b-4cca-bafd-3bfdcd65ca2a-139990579356800","trial_id":352,"param_name":"RANK_REGRESS","param_value_internal":49.0,"distribution":"{\"name\": \"IntDistribution\", \"attributes\": {\"log\": false, \"step\": 1, \"low\": 5, \"high\": 80}}"}
{"op_code":5,"worker_id":"e5bfd280-b14b-4cca-bafd-3bfdcd65ca2a-139990579356800","trial_id":352,"param_name":"REG_W","param_value_internal":371.9822528391739,"distribution":"{\"name\": \"FloatDistribution\", \"attributes\": {\"step\": null, \"low\": 1e-05, \"high\": 1000.0, \"log\": true}}"}
{"op_code":5,"worker_id":"e5bfd280-b14b-4cca-bafd-3bfdcd65ca2a-139990579356800","trial_id":352,"param_name":"USE_RMS_SCALING","param_value_internal":1,"distribution":"{\"name\": \"CategoricalDistribution\", \"attributes\": {\"choices\": [true, false]}}"}
{"op_code":6,"worker_id":"204d2bae-2135-4356-b434-1a2a2bc0c265-133008478106752","trial_id":345,"state":1,"values":[-0.019307208744042126],"datetime_complete":"2026-05-06T01:08:08.322408"}
{"op_code":4,"worker_id":"204d2bae-2135-4356-b434-1a2a2bc0c265-133008478106752","study_id":0,"datetime_start":"2026-05-06T01:08:08.410073"}
{"op_code":9,"worker_id":"204d2bae-2135-4356-b434-1a2a2bc0c265-133008478106752","trial_id":353,"system_attr":{"tpe:relative_params:0":"{\"RANK_REGRESS\": 64, \"REG_W\": 339.4053435933793, \"USE_RMS_SCALING\": false}"}}
{"op_code":5,"worker_id":"204d2bae-2135-4356-b434-1a2a2bc0c265-133008478106752","trial_id":353,"param_name":"RANK_REGRESS","param_value_internal":64.0,"distribution":"{\"name\": \"IntDistribution\", \"attributes\": {\"log\": false, \"step\": 1, \"low\": 5, \"high\": 80}}"}
{"op_code":5,"worker_id":"204d2bae-2135-4356-b434-1a2a2bc0c265-133008478106752","trial_id":353,"param_name":"REG_W","param_value_internal":339.4053435933793,"distribution":"{\"name\": \"FloatDistribution\", \"attributes\": {\"step\": null, \"low\": 1e-05, \"high\": 1000.0, \"log\": true}}"}
{"op_code":5,"worker_id":"204d2bae-2135-4356-b434-1a2a2bc0c265-133008478106752","trial_id":353,"param_name":"USE_RMS_SCALING","param_value_internal":1,"distribution":"{\"name\": \"CategoricalDistribution\", \"attributes\": {\"choices\": [true, false]}}"}
{"op_code":6,"worker_id":"b29e1ee8-8f82-45d1-9788-858b7ff64604-136967469581440","trial_id":293,"state":1,"values":[0.0],"datetime_complete":"2026-05-06T01:20:14.246631"}
{"op_code":4,"worker_id":"b29e1ee8-8f82-45d1-9788-858b7ff64604-136967469581440","study_id":0,"datetime_start":"2026-05-06T01:20:14.330741"}
{"op_code":9,"worker_id":"b29e1ee8-8f82-45d1-9788-858b7ff64604-136967469581440","trial_id":354,"system_attr":{"tpe:relative_params:0":"{\"RANK_REGRESS\": 57, \"REG_W\": 236.62287261435844, \"USE_RMS_SCALING\": false}"}}
{"op_code":5,"worker_id":"b29e1ee8-8f82-45d1-9788-858b7ff64604-136967469581440","trial_id":354,"param_name":"RANK_REGRESS","param_value_internal":57.0,"distribution":"{\"name\": \"IntDistribution\", \"attributes\": {\"log\": false, \"step\": 1, \"low\": 5, \"high\": 80}}"}
{"op_code":5,"worker_id":"b29e1ee8-8f82-45d1-9788-858b7ff64604-136967469581440","trial_id":354,"param_name":"REG_W","param_value_internal":236.62287261435844,"distribution":"{\"name\": \"FloatDistribution\", \"attributes\": {\"step\": null, \"low\": 1e-05, \"high\": 1000.0, \"log\": true}}"}
{"op_code":5,"worker_id":"b29e1ee8-8f82-45d1-9788-858b7ff64604-136967469581440","trial_id":354,"param_name":"USE_RMS_SCALING","param_value_internal":1,"distribution":"{\"name\": \"CategoricalDistribution\", \"attributes\": {\"choices\": [true, false]}}"}
{"op_code":6,"worker_id":"048e39bb-518c-4400-b614-e982da9e837d-139234606371968","trial_id":329,"state":1,"values":[0.0],"datetime_complete":"2026-05-06T01:31:07.450226"}
{"op_code":4,"worker_id":"048e39bb-518c-4400-b614-e982da9e837d-139234606371968","study_id":0,"datetime_start":"2026-05-06T01:31:07.540246"}
{"op_code":9,"worker_id":"048e39bb-518c-4400-b614-e982da9e837d-139234606371968","trial_id":355,"system_attr":{"tpe:relative_params:0":"{\"RANK_REGRESS\": 49, \"REG_W\": 262.8965007483743, \"USE_RMS_SCALING\": false}"}}
{"op_code":5,"worker_id":"048e39bb-518c-4400-b614-e982da9e837d-139234606371968","trial_id":355,"param_name":"RANK_REGRESS","param_value_internal":49.0,"distribution":"{\"name\": \"IntDistribution\", \"attributes\": {\"log\": false, \"step\": 1, \"low\": 5, \"high\": 80}}"}
{"op_code":5,"worker_id":"048e39bb-518c-4400-b614-e982da9e837d-139234606371968","trial_id":355,"param_name":"REG_W","param_value_internal":262.8965007483743,"distribution":"{\"name\": \"FloatDistribution\", \"attributes\": {\"step\": null, \"low\": 1e-05, \"high\": 1000.0, \"log\": true}}"}
{"op_code":5,"worker_id":"048e39bb-518c-4400-b614-e982da9e837d-139234606371968","trial_id":355,"param_name":"USE_RMS_SCALING","param_value_internal":1,"distribution":"{\"name\": \"CategoricalDistribution\", \"attributes\": {\"choices\": [true, false]}}"}
{"op_code":6,"worker_id":"43d7f0af-95da-445b-9cff-9d441bf4a247-128636873352320","trial_id":248,"state":1,"values":[0.0],"datetime_complete":"2026-05-06T01:58:31.262949"}
{"op_code":4,"worker_id":"43d7f0af-95da-445b-9cff-9d441bf4a247-128636873352320","study_id":0,"datetime_start":"2026-05-06T01:58:31.351687"}
{"op_code":9,"worker_id":"43d7f0af-95da-445b-9cff-9d441bf4a247-128636873352320","trial_id":356,"system_attr":{"tpe:relative_params:0":"{\"RANK_REGRESS\": 43, \"REG_W\": 803.9842412302344, \"USE_RMS_SCALING\": false}"}}
{"op_code":5,"worker_id":"43d7f0af-95da-445b-9cff-9d441bf4a247-128636873352320","trial_id":356,"param_name":"RANK_REGRESS","param_value_internal":43.0,"distribution":"{\"name\": \"IntDistribution\", \"attributes\": {\"log\": false, \"step\": 1, \"low\": 5, \"high\": 80}}"}
{"op_code":5,"worker_id":"43d7f0af-95da-445b-9cff-9d441bf4a247-128636873352320","trial_id":356,"param_name":"REG_W","param_value_internal":803.9842412302344,"distribution":"{\"name\": \"FloatDistribution\", \"attributes\": {\"step\": null, \"low\": 1e-05, \"high\": 1000.0, \"log\": true}}"}
{"op_code":5,"worker_id":"43d7f0af-95da-445b-9cff-9d441bf4a247-128636873352320","trial_id":356,"param_name":"USE_RMS_SCALING","param_value_internal":1,"distribution":"{\"name\": \"CategoricalDistribution\", \"attributes\": {\"choices\": [true, false]}}"}
{"op_code":6,"worker_id":"5bbd3485-ccb2-45bc-9287-454cfcebaa72-131033527653504","trial_id":256,"state":1,"values":[0.0],"datetime_complete":"2026-05-06T02:00:32.238198"}
{"op_code":4,"worker_id":"5bbd3485-ccb2-45bc-9287-454cfcebaa72-131033527653504","study_id":0,"datetime_start":"2026-05-06T02:00:32.305277"}
{"op_code":9,"worker_id":"5bbd3485-ccb2-45bc-9287-454cfcebaa72-131033527653504","trial_id":357,"system_attr":{"tpe:relative_params:0":"{\"RANK_REGRESS\": 45, \"REG_W\": 941.5925704774725, \"USE_RMS_SCALING\": false}"}}
{"op_code":5,"worker_id":"5bbd3485-ccb2-45bc-9287-454cfcebaa72-131033527653504","trial_id":357,"param_name":"RANK_REGRESS","param_value_internal":45.0,"distribution":"{\"name\": \"IntDistribution\", \"attributes\": {\"log\": false, \"step\": 1, \"low\": 5, \"high\": 80}}"}
{"op_code":5,"worker_id":"5bbd3485-ccb2-45bc-9287-454cfcebaa72-131033527653504","trial_id":357,"param_name":"REG_W","param_value_internal":941.5925704774725,"distribution":"{\"name\": \"FloatDistribution\", \"attributes\": {\"step\": null, \"low\": 1e-05, \"high\": 1000.0, \"log\": true}}"}
{"op_code":5,"worker_id":"5bbd3485-ccb2-45bc-9287-454cfcebaa72-131033527653504","trial_id":357,"param_name":"USE_RMS_SCALING","param_value_internal":1,"distribution":"{\"name\": \"CategoricalDistribution\", \"attributes\": {\"choices\": [true, false]}}"}
{"op_code":6,"worker_id":"ee7224b1-6b04-4c9e-9ae2-b8661911c6d5-126313411290240","trial_id":308,"state":1,"values":[-0.002593344307863954],"datetime_complete":"2026-05-06T03:04:49.389945"}
{"op_code":4,"worker_id":"ee7224b1-6b04-4c9e-9ae2-b8661911c6d5-126313411290240","study_id":0,"datetime_start":"2026-05-06T03:04:49.568762"}
{"op_code":9,"worker_id":"ee7224b1-6b04-4c9e-9ae2-b8661911c6d5-126313411290240","trial_id":358,"system_attr":{"tpe:relative_params:0":"{\"RANK_REGRESS\": 57, \"REG_W\": 237.85459884840301, \"USE_RMS_SCALING\": false}"}}
{"op_code":5,"worker_id":"ee7224b1-6b04-4c9e-9ae2-b8661911c6d5-126313411290240","trial_id":358,"param_name":"RANK_REGRESS","param_value_internal":57.0,"distribution":"{\"name\": \"IntDistribution\", \"attributes\": {\"log\": false, \"step\": 1, \"low\": 5, \"high\": 80}}"}
{"op_code":5,"worker_id":"ee7224b1-6b04-4c9e-9ae2-b8661911c6d5-126313411290240","trial_id":358,"param_name":"REG_W","param_value_internal":237.85459884840301,"distribution":"{\"name\": \"FloatDistribution\", \"attributes\": {\"step\": null, \"low\": 1e-05, \"high\": 1000.0, \"log\": true}}"}
{"op_code":5,"worker_id":"ee7224b1-6b04-4c9e-9ae2-b8661911c6d5-126313411290240","trial_id":358,"param_name":"USE_RMS_SCALING","param_value_internal":1,"distribution":"{\"name\": \"CategoricalDistribution\", \"attributes\": {\"choices\": [true, false]}}"}
{"op_code":6,"worker_id":"1f03e0be-dbdc-4ea0-961e-9b42cc1afcba-128572882117760","trial_id":339,"state":1,"values":[0.0],"datetime_complete":"2026-05-06T03:08:53.352036"}
{"op_code":4,"worker_id":"1f03e0be-dbdc-4ea0-961e-9b42cc1afcba-128572882117760","study_id":0,"datetime_start":"2026-05-06T03:08:53.451378"}
{"op_code":9,"worker_id":"1f03e0be-dbdc-4ea0-961e-9b42cc1afcba-128572882117760","trial_id":359,"system_attr":{"tpe:relative_params:0":"{\"RANK_REGRESS\": 5, \"REG_W\": 49.94782235435209, \"USE_RMS_SCALING\": true}"}}
{"op_code":5,"worker_id":"1f03e0be-dbdc-4ea0-961e-9b42cc1afcba-128572882117760","trial_id":359,"param_name":"RANK_REGRESS","param_value_internal":5.0,"distribution":"{\"name\": \"IntDistribution\", \"attributes\": {\"log\": false, \"step\": 1, \"low\": 5, \"high\": 80}}"}
{"op_code":5,"worker_id":"1f03e0be-dbdc-4ea0-961e-9b42cc1afcba-128572882117760","trial_id":359,"param_name":"REG_W","param_value_internal":49.94782235435209,"distribution":"{\"name\": \"FloatDistribution\", \"attributes\": {\"step\": null, \"low\": 1e-05, \"high\": 1000.0, \"log\": true}}"}
{"op_code":5,"worker_id":"1f03e0be-dbdc-4ea0-961e-9b42cc1afcba-128572882117760","trial_id":359,"param_name":"USE_RMS_SCALING","param_value_internal":0,"distribution":"{\"name\": \"CategoricalDistribution\", \"attributes\": {\"choices\": [true, false]}}"}
{"op_code":6,"worker_id":"c9728466-fca9-47b8-95e6-eb7d107d9fa5-125497610454144","trial_id":318,"state":1,"values":[0.0],"datetime_complete":"2026-05-06T03:18:49.774873"}
{"op_code":4,"worker_id":"c9728466-fca9-47b8-95e6-eb7d107d9fa5-125497610454144","study_id":0,"datetime_start":"2026-05-06T03:18:49.838376"}
{"op_code":9,"worker_id":"c9728466-fca9-47b8-95e6-eb7d107d9fa5-125497610454144","trial_id":360,"system_attr":{"tpe:relative_params:0":"{\"RANK_REGRESS\": 36, \"REG_W\": 41.18244031774569, \"USE_RMS_SCALING\": false}"}}
{"op_code":5,"worker_id":"c9728466-fca9-47b8-95e6-eb7d107d9fa5-125497610454144","trial_id":360,"param_name":"RANK_REGRESS","param_value_internal":36.0,"distribution":"{\"name\": \"IntDistribution\", \"attributes\": {\"log\": false, \"step\": 1, \"low\": 5, \"high\": 80}}"}
{"op_code":5,"worker_id":"c9728466-fca9-47b8-95e6-eb7d107d9fa5-125497610454144","trial_id":360,"param_name":"REG_W","param_value_internal":41.18244031774569,"distribution":"{\"name\": \"FloatDistribution\", \"attributes\": {\"step\": null, \"low\": 1e-05, \"high\": 1000.0, \"log\": true}}"}
{"op_code":5,"worker_id":"c9728466-fca9-47b8-95e6-eb7d107d9fa5-125497610454144","trial_id":360,"param_name":"USE_RMS_SCALING","param_value_internal":1,"distribution":"{\"name\": \"CategoricalDistribution\", \"attributes\": {\"choices\": [true, false]}}"}
{"op_code":6,"worker_id":"33912124-06b5-4a3a-a9c2-ebfd08c78877-136920995738752","trial_id":342,"state":1,"values":[0.0],"datetime_complete":"2026-05-06T03:28:40.098312"}
{"op_code":4,"worker_id":"33912124-06b5-4a3a-a9c2-ebfd08c78877-136920995738752","study_id":0,"datetime_start":"2026-05-06T03:28:40.214049"}
{"op_code":9,"worker_id":"33912124-06b5-4a3a-a9c2-ebfd08c78877-136920995738752","trial_id":361,"system_attr":{"tpe:relative_params:0":"{\"RANK_REGRESS\": 70, \"REG_W\": 157.15511772974864, \"USE_RMS_SCALING\": true}"}}
{"op_code":5,"worker_id":"33912124-06b5-4a3a-a9c2-ebfd08c78877-136920995738752","trial_id":361,"param_name":"RANK_REGRESS","param_value_internal":70.0,"distribution":"{\"name\": \"IntDistribution\", \"attributes\": {\"log\": false, \"step\": 1, \"low\": 5, \"high\": 80}}"}
{"op_code":5,"worker_id":"33912124-06b5-4a3a-a9c2-ebfd08c78877-136920995738752","trial_id":361,"param_name":"REG_W","param_value_internal":157.15511772974864,"distribution":"{\"name\": \"FloatDistribution\", \"attributes\": {\"step\": null, \"low\": 1e-05, \"high\": 1000.0, \"log\": true}}"}
{"op_code":5,"worker_id":"33912124-06b5-4a3a-a9c2-ebfd08c78877-136920995738752","trial_id":361,"param_name":"USE_RMS_SCALING","param_value_internal":0,"distribution":"{\"name\": \"CategoricalDistribution\", \"attributes\": {\"choices\": [true, false]}}"}
{"op_code":6,"worker_id":"8d1887c2-568a-4803-9a80-8c71aab8b5b2-137961543713920","trial_id":220,"state":1,"values":[0.0],"datetime_complete":"2026-05-06T03:49:36.320640"}
{"op_code":4,"worker_id":"8d1887c2-568a-4803-9a80-8c71aab8b5b2-137961543713920","study_id":0,"datetime_start":"2026-05-06T03:49:36.382701"}
{"op_code":9,"worker_id":"8d1887c2-568a-4803-9a80-8c71aab8b5b2-137961543713920","trial_id":362,"system_attr":{"tpe:relative_params:0":"{\"RANK_REGRESS\": 71, \"REG_W\": 6.789400466370539, \"USE_RMS_SCALING\": true}"}}
{"op_code":5,"worker_id":"8d1887c2-568a-4803-9a80-8c71aab8b5b2-137961543713920","trial_id":362,"param_name":"RANK_REGRESS","param_value_internal":71.0,"distribution":"{\"name\": \"IntDistribution\", \"attributes\": {\"log\": false, \"step\": 1, \"low\": 5, \"high\": 80}}"}
{"op_code":5,"worker_id":"8d1887c2-568a-4803-9a80-8c71aab8b5b2-137961543713920","trial_id":362,"param_name":"REG_W","param_value_internal":6.789400466370539,"distribution":"{\"name\": \"FloatDistribution\", \"attributes\": {\"step\": null, \"low\": 1e-05, \"high\": 1000.0, \"log\": true}}"}
{"op_code":5,"worker_id":"8d1887c2-568a-4803-9a80-8c71aab8b5b2-137961543713920","trial_id":362,"param_name":"USE_RMS_SCALING","param_value_internal":0,"distribution":"{\"name\": \"CategoricalDistribution\", \"attributes\": {\"choices\": [true, false]}}"}
{"op_code":6,"worker_id":"d74144e0-fda2-4541-8baa-21f36b4a9a97-139784318428288","trial_id":349,"state":1,"values":[0.0],"datetime_complete":"2026-05-06T03:52:57.919586"}
{"op_code":4,"worker_id":"d74144e0-fda2-4541-8baa-21f36b4a9a97-139784318428288","study_id":0,"datetime_start":"2026-05-06T03:52:58.028141"}
{"op_code":9,"worker_id":"d74144e0-fda2-4541-8baa-21f36b4a9a97-139784318428288","trial_id":363,"system_attr":{"tpe:relative_params:0":"{\"RANK_REGRESS\": 78, \"REG_W\": 64.01545234282483, \"USE_RMS_SCALING\": true}"}}
{"op_code":5,"worker_id":"d74144e0-fda2-4541-8baa-21f36b4a9a97-139784318428288","trial_id":363,"param_name":"RANK_REGRESS","param_value_internal":78.0,"distribution":"{\"name\": \"IntDistribution\", \"attributes\": {\"log\": false, \"step\": 1, \"low\": 5, \"high\": 80}}"}
{"op_code":5,"worker_id":"d74144e0-fda2-4541-8baa-21f36b4a9a97-139784318428288","trial_id":363,"param_name":"REG_W","param_value_internal":64.01545234282483,"distribution":"{\"name\": \"FloatDistribution\", \"attributes\": {\"step\": null, \"low\": 1e-05, \"high\": 1000.0, \"log\": true}}"}
{"op_code":5,"worker_id":"d74144e0-fda2-4541-8baa-21f36b4a9a97-139784318428288","trial_id":363,"param_name":"USE_RMS_SCALING","param_value_internal":0,"distribution":"{\"name\": \"CategoricalDistribution\", \"attributes\": {\"choices\": [true, false]}}"}
{"op_code":6,"worker_id":"774f5301-e674-4365-a3dc-5ef93426f533-140572276831360","trial_id":271,"state":1,"values":[-0.0044088280843580145],"datetime_complete":"2026-05-06T04:01:02.272286"}
{"op_code":4,"worker_id":"774f5301-e674-4365-a3dc-5ef93426f533-140572276831360","study_id":0,"datetime_start":"2026-05-06T04:01:02.396574"}
{"op_code":9,"worker_id":"774f5301-e674-4365-a3dc-5ef93426f533-140572276831360","trial_id":364,"system_attr":{"tpe:relative_params:0":"{\"RANK_REGRESS\": 66, \"REG_W\": 2.470012696361622, \"USE_RMS_SCALING\": true}"}}
{"op_code":5,"worker_id":"774f5301-e674-4365-a3dc-5ef93426f533-140572276831360","trial_id":364,"param_name":"RANK_REGRESS","param_value_internal":66.0,"distribution":"{\"name\": \"IntDistribution\", \"attributes\": {\"log\": false, \"step\": 1, \"low\": 5, \"high\": 80}}"}
{"op_code":5,"worker_id":"774f5301-e674-4365-a3dc-5ef93426f533-140572276831360","trial_id":364,"param_name":"REG_W","param_value_internal":2.470012696361622,"distribution":"{\"name\": \"FloatDistribution\", \"attributes\": {\"step\": null, \"low\": 1e-05, \"high\": 1000.0, \"log\": true}}"}
{"op_code":5,"worker_id":"774f5301-e674-4365-a3dc-5ef93426f533-140572276831360","trial_id":364,"param_name":"USE_RMS_SCALING","param_value_internal":0,"distribution":"{\"name\": \"CategoricalDistribution\", \"attributes\": {\"choices\": [true, false]}}"}
{"op_code":6,"worker_id":"cb137312-0cb4-4eb9-9066-3e25f92932d8-133512367174784","trial_id":258,"state":1,"values":[0.0],"datetime_complete":"2026-05-06T04:14:28.683490"}
{"op_code":4,"worker_id":"cb137312-0cb4-4eb9-9066-3e25f92932d8-133512367174784","study_id":0,"datetime_start":"2026-05-06T04:14:28.751651"}
{"op_code":9,"worker_id":"cb137312-0cb4-4eb9-9066-3e25f92932d8-133512367174784","trial_id":365,"system_attr":{"tpe:relative_params:0":"{\"RANK_REGRESS\": 69, \"REG_W\": 927.1994155432756, \"USE_RMS_SCALING\": true}"}}
{"op_code":5,"worker_id":"cb137312-0cb4-4eb9-9066-3e25f92932d8-133512367174784","trial_id":365,"param_name":"RANK_REGRESS","param_value_internal":69.0,"distribution":"{\"name\": \"IntDistribution\", \"attributes\": {\"log\": false, \"step\": 1, \"low\": 5, \"high\": 80}}"}
{"op_code":5,"worker_id":"cb137312-0cb4-4eb9-9066-3e25f92932d8-133512367174784","trial_id":365,"param_name":"REG_W","param_value_internal":927.1994155432756,"distribution":"{\"name\": \"FloatDistribution\", \"attributes\": {\"step\": null, \"low\": 1e-05, \"high\": 1000.0, \"log\": true}}"}
{"op_code":5,"worker_id":"cb137312-0cb4-4eb9-9066-3e25f92932d8-133512367174784","trial_id":365,"param_name":"USE_RMS_SCALING","param_value_internal":0,"distribution":"{\"name\": \"CategoricalDistribution\", \"attributes\": {\"choices\": [true, false]}}"}
{"op_code":6,"worker_id":"b57ed99e-fdc2-483e-ba6f-a8af3a797b10-135554476291200","trial_id":309,"state":1,"values":[0.0],"datetime_complete":"2026-05-06T04:34:31.214955"}
{"op_code":4,"worker_id":"b57ed99e-fdc2-483e-ba6f-a8af3a797b10-135554476291200","study_id":0,"datetime_start":"2026-05-06T04:34:31.305185"}
{"op_code":9,"worker_id":"b57ed99e-fdc2-483e-ba6f-a8af3a797b10-135554476291200","trial_id":366,"system_attr":{"tpe:relative_params:0":"{\"RANK_REGRESS\": 59, \"REG_W\": 60.70106335856235, \"USE_RMS_SCALING\": true}"}}
{"op_code":5,"worker_id":"b57ed99e-fdc2-483e-ba6f-a8af3a797b10-135554476291200","trial_id":366,"param_name":"RANK_REGRESS","param_value_internal":59.0,"distribution":"{\"name\": \"IntDistribution\", \"attributes\": {\"log\": false, \"step\": 1, \"low\": 5, \"high\": 80}}"}
{"op_code":5,"worker_id":"b57ed99e-fdc2-483e-ba6f-a8af3a797b10-135554476291200","trial_id":366,"param_name":"REG_W","param_value_internal":60.70106335856235,"distribution":"{\"name\": \"FloatDistribution\", \"attributes\": {\"step\": null, \"low\": 1e-05, \"high\": 1000.0, \"log\": true}}"}
{"op_code":5,"worker_id":"b57ed99e-fdc2-483e-ba6f-a8af3a797b10-135554476291200","trial_id":366,"param_name":"USE_RMS_SCALING","param_value_internal":0,"distribution":"{\"name\": \"CategoricalDistribution\", \"attributes\": {\"choices\": [true, false]}}"}
{"op_code":6,"worker_id":"c34b4cca-52e1-4041-88e7-7876e98fc089-140707222733952","trial_id":260,"state":1,"values":[0.0],"datetime_complete":"2026-05-06T04:36:49.804265"}
{"op_code":4,"worker_id":"c34b4cca-52e1-4041-88e7-7876e98fc089-140707222733952","study_id":0,"datetime_start":"2026-05-06T04:36:49.906150"}
{"op_code":9,"worker_id":"c34b4cca-52e1-4041-88e7-7876e98fc089-140707222733952","trial_id":367,"system_attr":{"tpe:relative_params:0":"{\"RANK_REGRESS\": 58, \"REG_W\": 115.77184295602272, \"USE_RMS_SCALING\": true}"}}
{"op_code":5,"worker_id":"c34b4cca-52e1-4041-88e7-7876e98fc089-140707222733952","trial_id":367,"param_name":"RANK_REGRESS","param_value_internal":58.0,"distribution":"{\"name\": \"IntDistribution\", \"attributes\": {\"log\": false, \"step\": 1, \"low\": 5, \"high\": 80}}"}
{"op_code":5,"worker_id":"c34b4cca-52e1-4041-88e7-7876e98fc089-140707222733952","trial_id":367,"param_name":"REG_W","param_value_internal":115.77184295602272,"distribution":"{\"name\": \"FloatDistribution\", \"attributes\": {\"step\": null, \"low\": 1e-05, \"high\": 1000.0, \"log\": true}}"}
{"op_code":5,"worker_id":"c34b4cca-52e1-4041-88e7-7876e98fc089-140707222733952","trial_id":367,"param_name":"USE_RMS_SCALING","param_value_internal":0,"distribution":"{\"name\": \"CategoricalDistribution\", \"attributes\": {\"choices\": [true, false]}}"}
{"op_code":6,"worker_id":"9084e1d1-6c86-45a8-ab43-02a8a6fba966-132445084894336","trial_id":348,"state":1,"values":[0.0],"datetime_complete":"2026-05-06T04:44:23.073765"}
{"op_code":4,"worker_id":"9084e1d1-6c86-45a8-ab43-02a8a6fba966-132445084894336","study_id":0,"datetime_start":"2026-05-06T04:44:23.186617"}
{"op_code":9,"worker_id":"9084e1d1-6c86-45a8-ab43-02a8a6fba966-132445084894336","trial_id":368,"system_attr":{"tpe:relative_params:0":"{\"RANK_REGRESS\": 72, \"REG_W\": 28.916186079954485, \"USE_RMS_SCALING\": true}"}}
{"op_code":5,"worker_id":"9084e1d1-6c86-45a8-ab43-02a8a6fba966-132445084894336","trial_id":368,"param_name":"RANK_REGRESS","param_value_internal":72.0,"distribution":"{\"name\": \"IntDistribution\", \"attributes\": {\"log\": false, \"step\": 1, \"low\": 5, \"high\": 80}}"}
{"op_code":5,"worker_id":"9084e1d1-6c86-45a8-ab43-02a8a6fba966-132445084894336","trial_id":368,"param_name":"REG_W","param_value_internal":28.916186079954485,"distribution":"{\"name\": \"FloatDistribution\", \"attributes\": {\"step\": null, \"low\": 1e-05, \"high\": 1000.0, \"log\": true}}"}
{"op_code":5,"worker_id":"9084e1d1-6c86-45a8-ab43-02a8a6fba966-132445084894336","trial_id":368,"param_name":"USE_RMS_SCALING","param_value_internal":0,"distribution":"{\"name\": \"CategoricalDistribution\", \"attributes\": {\"choices\": [true, false]}}"}
{"op_code":6,"worker_id":"f3522fd4-f87d-4a4b-8d30-167e84ddcaa3-129160435082368","trial_id":273,"state":1,"values":[0.0],"datetime_complete":"2026-05-06T04:45:10.779081"}
{"op_code":4,"worker_id":"f3522fd4-f87d-4a4b-8d30-167e84ddcaa3-129160435082368","study_id":0,"datetime_start":"2026-05-06T04:45:11.068068"}
{"op_code":9,"worker_id":"f3522fd4-f87d-4a4b-8d30-167e84ddcaa3-129160435082368","trial_id":369,"system_attr":{"tpe:relative_params:0":"{\"RANK_REGRESS\": 56, \"REG_W\": 2.0165162502513545, \"USE_RMS_SCALING\": true}"}}
{"op_code":5,"worker_id":"f3522fd4-f87d-4a4b-8d30-167e84ddcaa3-129160435082368","trial_id":369,"param_name":"RANK_REGRESS","param_value_internal":56.0,"distribution":"{\"name\": \"IntDistribution\", \"attributes\": {\"log\": false, \"step\": 1, \"low\": 5, \"high\": 80}}"}
{"op_code":5,"worker_id":"f3522fd4-f87d-4a4b-8d30-167e84ddcaa3-129160435082368","trial_id":369,"param_name":"REG_W","param_value_internal":2.0165162502513545,"distribution":"{\"name\": \"FloatDistribution\", \"attributes\": {\"step\": null, \"low\": 1e-05, \"high\": 1000.0, \"log\": true}}"}
{"op_code":5,"worker_id":"f3522fd4-f87d-4a4b-8d30-167e84ddcaa3-129160435082368","trial_id":369,"param_name":"USE_RMS_SCALING","param_value_internal":0,"distribution":"{\"name\": \"CategoricalDistribution\", \"attributes\": {\"choices\": [true, false]}}"}
{"op_code":6,"worker_id":"e9d7761e-4958-4b99-97b9-3d625e5c7a93-138698213184640","trial_id":336,"state":1,"values":[-0.0002740516823816301],"datetime_complete":"2026-05-06T04:58:07.450797"}
{"op_code":4,"worker_id":"e9d7761e-4958-4b99-97b9-3d625e5c7a93-138698213184640","study_id":0,"datetime_start":"2026-05-06T04:58:07.528371"}
{"op_code":9,"worker_id":"e9d7761e-4958-4b99-97b9-3d625e5c7a93-138698213184640","trial_id":370,"system_attr":{"tpe:relative_params:0":"{\"RANK_REGRESS\": 63, \"REG_W\": 82.1653588909196, \"USE_RMS_SCALING\": true}"}}
{"op_code":5,"worker_id":"e9d7761e-4958-4b99-97b9-3d625e5c7a93-138698213184640","trial_id":370,"param_name":"RANK_REGRESS","param_value_internal":63.0,"distribution":"{\"name\": \"IntDistribution\", \"attributes\": {\"log\": false, \"step\": 1, \"low\": 5, \"high\": 80}}"}
{"op_code":5,"worker_id":"e9d7761e-4958-4b99-97b9-3d625e5c7a93-138698213184640","trial_id":370,"param_name":"REG_W","param_value_internal":82.1653588909196,"distribution":"{\"name\": \"FloatDistribution\", \"attributes\": {\"step\": null, \"low\": 1e-05, \"high\": 1000.0, \"log\": true}}"}
{"op_code":5,"worker_id":"e9d7761e-4958-4b99-97b9-3d625e5c7a93-138698213184640","trial_id":370,"param_name":"USE_RMS_SCALING","param_value_internal":0,"distribution":"{\"name\": \"CategoricalDistribution\", \"attributes\": {\"choices\": [true, false]}}"}
{"op_code":6,"worker_id":"1e2855c3-b9bb-4042-aefc-67ca73f0cc67-124833242678400","trial_id":230,"state":1,"values":[0.001808625848190193],"datetime_complete":"2026-05-06T05:10:03.882276"}
{"op_code":4,"worker_id":"1e2855c3-b9bb-4042-aefc-67ca73f0cc67-124833242678400","study_id":0,"datetime_start":"2026-05-06T05:10:03.993281"}
{"op_code":9,"worker_id":"1e2855c3-b9bb-4042-aefc-67ca73f0cc67-124833242678400","trial_id":371,"system_attr":{"tpe:relative_params:0":"{\"RANK_REGRESS\": 26, \"REG_W\": 83.60415529231206, \"USE_RMS_SCALING\": false}"}}
{"op_code":5,"worker_id":"1e2855c3-b9bb-4042-aefc-67ca73f0cc67-124833242678400","trial_id":371,"param_name":"RANK_REGRESS","param_value_internal":26.0,"distribution":"{\"name\": \"IntDistribution\", \"attributes\": {\"log\": false, \"step\": 1, \"low\": 5, \"high\": 80}}"}
{"op_code":5,"worker_id":"1e2855c3-b9bb-4042-aefc-67ca73f0cc67-124833242678400","trial_id":371,"param_name":"REG_W","param_value_internal":83.60415529231206,"distribution":"{\"name\": \"FloatDistribution\", \"attributes\": {\"step\": null, \"low\": 1e-05, \"high\": 1000.0, \"log\": true}}"}
{"op_code":5,"worker_id":"1e2855c3-b9bb-4042-aefc-67ca73f0cc67-124833242678400","trial_id":371,"param_name":"USE_RMS_SCALING","param_value_internal":1,"distribution":"{\"name\": \"CategoricalDistribution\", \"attributes\": {\"choices\": [true, false]}}"}
{"op_code":6,"worker_id":"a8ecd967-ceed-4ea3-92ae-0dfdc497b5a7-139952655135872","trial_id":270,"state":1,"values":[0.0],"datetime_complete":"2026-05-06T05:16:35.459004"}
{"op_code":4,"worker_id":"a8ecd967-ceed-4ea3-92ae-0dfdc497b5a7-139952655135872","study_id":0,"datetime_start":"2026-05-06T05:16:35.538710"}
{"op_code":9,"worker_id":"a8ecd967-ceed-4ea3-92ae-0dfdc497b5a7-139952655135872","trial_id":372,"system_attr":{"tpe:relative_params:0":"{\"RANK_REGRESS\": 19, \"REG_W\": 106.73718379989332, \"USE_RMS_SCALING\": false}"}}
{"op_code":5,"worker_id":"a8ecd967-ceed-4ea3-92ae-0dfdc497b5a7-139952655135872","trial_id":372,"param_name":"RANK_REGRESS","param_value_internal":19.0,"distribution":"{\"name\": \"IntDistribution\", \"attributes\": {\"log\": false, \"step\": 1, \"low\": 5, \"high\": 80}}"}
{"op_code":5,"worker_id":"a8ecd967-ceed-4ea3-92ae-0dfdc497b5a7-139952655135872","trial_id":372,"param_name":"REG_W","param_value_internal":106.73718379989332,"distribution":"{\"name\": \"FloatDistribution\", \"attributes\": {\"step\": null, \"low\": 1e-05, \"high\": 1000.0, \"log\": true}}"}
{"op_code":5,"worker_id":"a8ecd967-ceed-4ea3-92ae-0dfdc497b5a7-139952655135872","trial_id":372,"param_name":"USE_RMS_SCALING","param_value_internal":1,"distribution":"{\"name\": \"CategoricalDistribution\", \"attributes\": {\"choices\": [true, false]}}"}
{"op_code":6,"worker_id":"16aed7a4-78e0-4406-8bff-0c4a2799aaef-123693849887872","trial_id":347,"state":1,"values":[0.0],"datetime_complete":"2026-05-06T05:17:09.022624"}
{"op_code":4,"worker_id":"16aed7a4-78e0-4406-8bff-0c4a2799aaef-123693849887872","study_id":0,"datetime_start":"2026-05-06T05:17:09.212797"}
{"op_code":9,"worker_id":"16aed7a4-78e0-4406-8bff-0c4a2799aaef-123693849887872","trial_id":373,"system_attr":{"tpe:relative_params:0":"{\"RANK_REGRESS\": 31, \"REG_W\": 521.7277919599335, \"USE_RMS_SCALING\": false}"}}
{"op_code":5,"worker_id":"16aed7a4-78e0-4406-8bff-0c4a2799aaef-123693849887872","trial_id":373,"param_name":"RANK_REGRESS","param_value_internal":31.0,"distribution":"{\"name\": \"IntDistribution\", \"attributes\": {\"log\": false, \"step\": 1, \"low\": 5, \"high\": 80}}"}
{"op_code":5,"worker_id":"16aed7a4-78e0-4406-8bff-0c4a2799aaef-123693849887872","trial_id":373,"param_name":"REG_W","param_value_internal":521.7277919599335,"distribution":"{\"name\": \"FloatDistribution\", \"attributes\": {\"step\": null, \"low\": 1e-05, \"high\": 1000.0, \"log\": true}}"}
{"op_code":5,"worker_id":"16aed7a4-78e0-4406-8bff-0c4a2799aaef-123693849887872","trial_id":373,"param_name":"USE_RMS_SCALING","param_value_internal":1,"distribution":"{\"name\": \"CategoricalDistribution\", \"attributes\": {\"choices\": [true, false]}}"}
{"op_code":6,"worker_id":"72f71256-e933-4ba5-bc29-9aa9ed6fa14c-125409260840064","trial_id":289,"state":1,"values":[0.0022278675985673755],"datetime_complete":"2026-05-06T05:24:09.678852"}
{"op_code":4,"worker_id":"72f71256-e933-4ba5-bc29-9aa9ed6fa14c-125409260840064","study_id":0,"datetime_start":"2026-05-06T05:24:09.768046"}
{"op_code":9,"worker_id":"72f71256-e933-4ba5-bc29-9aa9ed6fa14c-125409260840064","trial_id":374,"system_attr":{"tpe:relative_params:0":"{\"RANK_REGRESS\": 23, \"REG_W\": 4.820693671249373, \"USE_RMS_SCALING\": false}"}}
{"op_code":5,"worker_id":"72f71256-e933-4ba5-bc29-9aa9ed6fa14c-125409260840064","trial_id":374,"param_name":"RANK_REGRESS","param_value_internal":23.0,"distribution":"{\"name\": \"IntDistribution\", \"attributes\": {\"log\": false, \"step\": 1, \"low\": 5, \"high\": 80}}"}
{"op_code":5,"worker_id":"72f71256-e933-4ba5-bc29-9aa9ed6fa14c-125409260840064","trial_id":374,"param_name":"REG_W","param_value_internal":4.820693671249373,"distribution":"{\"name\": \"FloatDistribution\", \"attributes\": {\"step\": null, \"low\": 1e-05, \"high\": 1000.0, \"log\": true}}"}
{"op_code":5,"worker_id":"72f71256-e933-4ba5-bc29-9aa9ed6fa14c-125409260840064","trial_id":374,"param_name":"USE_RMS_SCALING","param_value_internal":1,"distribution":"{\"name\": \"CategoricalDistribution\", \"attributes\": {\"choices\": [true, false]}}"}
{"op_code":6,"worker_id":"8e86a884-5f8f-4f53-bcc7-b53e587b40e2-140497274684544","trial_id":242,"state":1,"values":[0.0],"datetime_complete":"2026-05-06T05:40:16.134226"}
{"op_code":4,"worker_id":"8e86a884-5f8f-4f53-bcc7-b53e587b40e2-140497274684544","study_id":0,"datetime_start":"2026-05-06T05:40:16.194183"}
{"op_code":9,"worker_id":"8e86a884-5f8f-4f53-bcc7-b53e587b40e2-140497274684544","trial_id":375,"system_attr":{"tpe:relative_params:0":"{\"RANK_REGRESS\": 49, \"REG_W\": 11.463726631898293, \"USE_RMS_SCALING\": false}"}}
{"op_code":5,"worker_id":"8e86a884-5f8f-4f53-bcc7-b53e587b40e2-140497274684544","trial_id":375,"param_name":"RANK_REGRESS","param_value_internal":49.0,"distribution":"{\"name\": \"IntDistribution\", \"attributes\": {\"log\": false, \"step\": 1, \"low\": 5, \"high\": 80}}"}
{"op_code":5,"worker_id":"8e86a884-5f8f-4f53-bcc7-b53e587b40e2-140497274684544","trial_id":375,"param_name":"REG_W","param_value_internal":11.463726631898293,"distribution":"{\"name\": \"FloatDistribution\", \"attributes\": {\"step\": null, \"low\": 1e-05, \"high\": 1000.0, \"log\": true}}"}
{"op_code":5,"worker_id":"8e86a884-5f8f-4f53-bcc7-b53e587b40e2-140497274684544","trial_id":375,"param_name":"USE_RMS_SCALING","param_value_internal":1,"distribution":"{\"name\": \"CategoricalDistribution\", \"attributes\": {\"choices\": [true, false]}}"}
{"op_code":6,"worker_id":"efb27169-5e99-41de-8f4e-59cec69e01e4-128816032220288","trial_id":346,"state":1,"values":[0.0],"datetime_complete":"2026-05-06T05:43:33.617184"}
{"op_code":4,"worker_id":"efb27169-5e99-41de-8f4e-59cec69e01e4-128816032220288","study_id":0,"datetime_start":"2026-05-06T05:43:33.731161"}
{"op_code":9,"worker_id":"efb27169-5e99-41de-8f4e-59cec69e01e4-128816032220288","trial_id":376,"system_attr":{"tpe:relative_params:0":"{\"RANK_REGRESS\": 38, \"REG_W\": 9.911570956232895, \"USE_RMS_SCALING\": false}"}}
{"op_code":5,"worker_id":"efb27169-5e99-41de-8f4e-59cec69e01e4-128816032220288","trial_id":376,"param_name":"RANK_REGRESS","param_value_internal":38.0,"distribution":"{\"name\": \"IntDistribution\", \"attributes\": {\"log\": false, \"step\": 1, \"low\": 5, \"high\": 80}}"}
{"op_code":5,"worker_id":"efb27169-5e99-41de-8f4e-59cec69e01e4-128816032220288","trial_id":376,"param_name":"REG_W","param_value_internal":9.911570956232895,"distribution":"{\"name\": \"FloatDistribution\", \"attributes\": {\"step\": null, \"low\": 1e-05, \"high\": 1000.0, \"log\": true}}"}
{"op_code":5,"worker_id":"efb27169-5e99-41de-8f4e-59cec69e01e4-128816032220288","trial_id":376,"param_name":"USE_RMS_SCALING","param_value_internal":1,"distribution":"{\"name\": \"CategoricalDistribution\", \"attributes\": {\"choices\": [true, false]}}"}
{"op_code":6,"worker_id":"1f03e0be-dbdc-4ea0-961e-9b42cc1afcba-128572882117760","trial_id":359,"state":1,"values":[0.0],"datetime_complete":"2026-05-06T05:50:38.595047"}
{"op_code":4,"worker_id":"1f03e0be-dbdc-4ea0-961e-9b42cc1afcba-128572882117760","study_id":0,"datetime_start":"2026-05-06T05:50:38.697434"}
{"op_code":9,"worker_id":"1f03e0be-dbdc-4ea0-961e-9b42cc1afcba-128572882117760","trial_id":377,"system_attr":{"tpe:relative_params:0":"{\"RANK_REGRESS\": 52, \"REG_W\": 889.1261835556118, \"USE_RMS_SCALING\": false}"}}
{"op_code":5,"worker_id":"1f03e0be-dbdc-4ea0-961e-9b42cc1afcba-128572882117760","trial_id":377,"param_name":"RANK_REGRESS","param_value_internal":52.0,"distribution":"{\"name\": \"IntDistribution\", \"attributes\": {\"log\": false, \"step\": 1, \"low\": 5, \"high\": 80}}"}
{"op_code":5,"worker_id":"1f03e0be-dbdc-4ea0-961e-9b42cc1afcba-128572882117760","trial_id":377,"param_name":"REG_W","param_value_internal":889.1261835556118,"distribution":"{\"name\": \"FloatDistribution\", \"attributes\": {\"step\": null, \"low\": 1e-05, \"high\": 1000.0, \"log\": true}}"}
{"op_code":5,"worker_id":"1f03e0be-dbdc-4ea0-961e-9b42cc1afcba-128572882117760","trial_id":377,"param_name":"USE_RMS_SCALING","param_value_internal":1,"distribution":"{\"name\": \"CategoricalDistribution\", \"attributes\": {\"choices\": [true, false]}}"}
{"op_code":6,"worker_id":"dab2663b-6176-4fdb-b9c7-5d0b18a5b751-136522613445760","trial_id":297,"state":1,"values":[-0.018932176072057993],"datetime_complete":"2026-05-06T06:17:04.391606"}
{"op_code":4,"worker_id":"dab2663b-6176-4fdb-b9c7-5d0b18a5b751-136522613445760","study_id":0,"datetime_start":"2026-05-06T06:17:04.475308"}
{"op_code":9,"worker_id":"dab2663b-6176-4fdb-b9c7-5d0b18a5b751-136522613445760","trial_id":378,"system_attr":{"tpe:relative_params:0":"{\"RANK_REGRESS\": 37, \"REG_W\": 35.76461627123032, \"USE_RMS_SCALING\": false}"}}
{"op_code":5,"worker_id":"dab2663b-6176-4fdb-b9c7-5d0b18a5b751-136522613445760","trial_id":378,"param_name":"RANK_REGRESS","param_value_internal":37.0,"distribution":"{\"name\": \"IntDistribution\", \"attributes\": {\"log\": false, \"step\": 1, \"low\": 5, \"high\": 80}}"}
{"op_code":5,"worker_id":"dab2663b-6176-4fdb-b9c7-5d0b18a5b751-136522613445760","trial_id":378,"param_name":"REG_W","param_value_internal":35.76461627123032,"distribution":"{\"name\": \"FloatDistribution\", \"attributes\": {\"step\": null, \"low\": 1e-05, \"high\": 1000.0, \"log\": true}}"}
{"op_code":5,"worker_id":"dab2663b-6176-4fdb-b9c7-5d0b18a5b751-136522613445760","trial_id":378,"param_name":"USE_RMS_SCALING","param_value_internal":1,"distribution":"{\"name\": \"CategoricalDistribution\", \"attributes\": {\"choices\": [true, false]}}"}
{"op_code":6,"worker_id":"79b4fbed-048d-4b09-b40f-0705ab4c6499-125077390529664","trial_id":294,"state":1,"values":[-0.001763110299081087],"datetime_complete":"2026-05-06T06:32:30.738882"}
{"op_code":4,"worker_id":"79b4fbed-048d-4b09-b40f-0705ab4c6499-125077390529664","study_id":0,"datetime_start":"2026-05-06T06:32:30.849003"}
{"op_code":9,"worker_id":"79b4fbed-048d-4b09-b40f-0705ab4c6499-125077390529664","trial_id":379,"system_attr":{"tpe:relative_params:0":"{\"RANK_REGRESS\": 45, \"REG_W\": 55.926476619229064, \"USE_RMS_SCALING\": false}"}}
{"op_code":5,"worker_id":"79b4fbed-048d-4b09-b40f-0705ab4c6499-125077390529664","trial_id":379,"param_name":"RANK_REGRESS","param_value_internal":45.0,"distribution":"{\"name\": \"IntDistribution\", \"attributes\": {\"log\": false, \"step\": 1, \"low\": 5, \"high\": 80}}"}
{"op_code":5,"worker_id":"79b4fbed-048d-4b09-b40f-0705ab4c6499-125077390529664","trial_id":379,"param_name":"REG_W","param_value_internal":55.926476619229064,"distribution":"{\"name\": \"FloatDistribution\", \"attributes\": {\"step\": null, \"low\": 1e-05, \"high\": 1000.0, \"log\": true}}"}
{"op_code":5,"worker_id":"79b4fbed-048d-4b09-b40f-0705ab4c6499-125077390529664","trial_id":379,"param_name":"USE_RMS_SCALING","param_value_internal":1,"distribution":"{\"name\": \"CategoricalDistribution\", \"attributes\": {\"choices\": [true, false]}}"}
{"op_code":6,"worker_id":"b910b3cc-8e8c-493e-8e16-eeacda1c9fcf-124244457190528","trial_id":332,"state":1,"values":[0.0],"datetime_complete":"2026-05-06T06:36:05.042205"}
{"op_code":4,"worker_id":"b910b3cc-8e8c-493e-8e16-eeacda1c9fcf-124244457190528","study_id":0,"datetime_start":"2026-05-06T06:36:05.131838"}
{"op_code":9,"worker_id":"b910b3cc-8e8c-493e-8e16-eeacda1c9fcf-124244457190528","trial_id":380,"system_attr":{"tpe:relative_params:0":"{\"RANK_REGRESS\": 18, \"REG_W\": 59.03823762849618, \"USE_RMS_SCALING\": false}"}}
{"op_code":5,"worker_id":"b910b3cc-8e8c-493e-8e16-eeacda1c9fcf-124244457190528","trial_id":380,"param_name":"RANK_REGRESS","param_value_internal":18.0,"distribution":"{\"name\": \"IntDistribution\", \"attributes\": {\"log\": false, \"step\": 1, \"low\": 5, \"high\": 80}}"}
{"op_code":5,"worker_id":"b910b3cc-8e8c-493e-8e16-eeacda1c9fcf-124244457190528","trial_id":380,"param_name":"REG_W","param_value_internal":59.03823762849618,"distribution":"{\"name\": \"FloatDistribution\", \"attributes\": {\"step\": null, \"low\": 1e-05, \"high\": 1000.0, \"log\": true}}"}
{"op_code":5,"worker_id":"b910b3cc-8e8c-493e-8e16-eeacda1c9fcf-124244457190528","trial_id":380,"param_name":"USE_RMS_SCALING","param_value_internal":1,"distribution":"{\"name\": \"CategoricalDistribution\", \"attributes\": {\"choices\": [true, false]}}"}
{"op_code":6,"worker_id":"4e1e4470-9c99-488c-aea4-2533c47e54fa-131132962206848","trial_id":251,"state":1,"values":[0.0],"datetime_complete":"2026-05-06T06:38:19.866405"}
{"op_code":4,"worker_id":"4e1e4470-9c99-488c-aea4-2533c47e54fa-131132962206848","study_id":0,"datetime_start":"2026-05-06T06:38:19.940940"}
{"op_code":9,"worker_id":"4e1e4470-9c99-488c-aea4-2533c47e54fa-131132962206848","trial_id":381,"system_attr":{"tpe:relative_params:0":"{\"RANK_REGRESS\": 34, \"REG_W\": 40.304674883725454, \"USE_RMS_SCALING\": false}"}}
{"op_code":5,"worker_id":"4e1e4470-9c99-488c-aea4-2533c47e54fa-131132962206848","trial_id":381,"param_name":"RANK_REGRESS","param_value_internal":34.0,"distribution":"{\"name\": \"IntDistribution\", \"attributes\": {\"log\": false, \"step\": 1, \"low\": 5, \"high\": 80}}"}
{"op_code":5,"worker_id":"4e1e4470-9c99-488c-aea4-2533c47e54fa-131132962206848","trial_id":381,"param_name":"REG_W","param_value_internal":40.304674883725454,"distribution":"{\"name\": \"FloatDistribution\", \"attributes\": {\"step\": null, \"low\": 1e-05, \"high\": 1000.0, \"log\": true}}"}
{"op_code":5,"worker_id":"4e1e4470-9c99-488c-aea4-2533c47e54fa-131132962206848","trial_id":381,"param_name":"USE_RMS_SCALING","param_value_internal":1,"distribution":"{\"name\": \"CategoricalDistribution\", \"attributes\": {\"choices\": [true, false]}}"}
{"op_code":6,"worker_id":"642c6149-71e1-40f8-9918-4489031541ad-134804152235136","trial_id":321,"state":1,"values":[0.0],"datetime_complete":"2026-05-06T06:48:04.075186"}
{"op_code":4,"worker_id":"642c6149-71e1-40f8-9918-4489031541ad-134804152235136","study_id":0,"datetime_start":"2026-05-06T06:48:04.138914"}
{"op_code":9,"worker_id":"642c6149-71e1-40f8-9918-4489031541ad-134804152235136","trial_id":382,"system_attr":{"tpe:relative_params:0":"{\"RANK_REGRESS\": 49, \"REG_W\": 35.015184347559774, \"USE_RMS_SCALING\": false}"}}
{"op_code":5,"worker_id":"642c6149-71e1-40f8-9918-4489031541ad-134804152235136","trial_id":382,"param_name":"RANK_REGRESS","param_value_internal":49.0,"distribution":"{\"name\": \"IntDistribution\", \"attributes\": {\"log\": false, \"step\": 1, \"low\": 5, \"high\": 80}}"}
{"op_code":5,"worker_id":"642c6149-71e1-40f8-9918-4489031541ad-134804152235136","trial_id":382,"param_name":"REG_W","param_value_internal":35.015184347559774,"distribution":"{\"name\": \"FloatDistribution\", \"attributes\": {\"step\": null, \"low\": 1e-05, \"high\": 1000.0, \"log\": true}}"}
{"op_code":5,"worker_id":"642c6149-71e1-40f8-9918-4489031541ad-134804152235136","trial_id":382,"param_name":"USE_RMS_SCALING","param_value_internal":1,"distribution":"{\"name\": \"CategoricalDistribution\", \"attributes\": {\"choices\": [true, false]}}"}
{"op_code":6,"worker_id":"dbcfeb1a-c989-4a62-a833-6ceeb1e57476-137134554518656","trial_id":233,"state":1,"values":[0.0],"datetime_complete":"2026-05-06T06:56:13.047389"}
{"op_code":4,"worker_id":"dbcfeb1a-c989-4a62-a833-6ceeb1e57476-137134554518656","study_id":0,"datetime_start":"2026-05-06T06:56:13.127490"}
{"op_code":9,"worker_id":"dbcfeb1a-c989-4a62-a833-6ceeb1e57476-137134554518656","trial_id":383,"system_attr":{"tpe:relative_params:0":"{\"RANK_REGRESS\": 36, \"REG_W\": 322.3163635993503, \"USE_RMS_SCALING\": false}"}}
{"op_code":5,"worker_id":"dbcfeb1a-c989-4a62-a833-6ceeb1e57476-137134554518656","trial_id":383,"param_name":"RANK_REGRESS","param_value_internal":36.0,"distribution":"{\"name\": \"IntDistribution\", \"attributes\": {\"log\": false, \"step\": 1, \"low\": 5, \"high\": 80}}"}
{"op_code":5,"worker_id":"dbcfeb1a-c989-4a62-a833-6ceeb1e57476-137134554518656","trial_id":383,"param_name":"REG_W","param_value_internal":322.3163635993503,"distribution":"{\"name\": \"FloatDistribution\", \"attributes\": {\"step\": null, \"low\": 1e-05, \"high\": 1000.0, \"log\": true}}"}
{"op_code":5,"worker_id":"dbcfeb1a-c989-4a62-a833-6ceeb1e57476-137134554518656","trial_id":383,"param_name":"USE_RMS_SCALING","param_value_internal":1,"distribution":"{\"name\": \"CategoricalDistribution\", \"attributes\": {\"choices\": [true, false]}}"}
{"op_code":6,"worker_id":"cb444b02-ca6c-4086-b9cd-a5c0593d489b-126758847857792","trial_id":338,"state":1,"values":[0.0],"datetime_complete":"2026-05-06T07:08:55.087214"}
{"op_code":4,"worker_id":"cb444b02-ca6c-4086-b9cd-a5c0593d489b-126758847857792","study_id":0,"datetime_start":"2026-05-06T07:08:55.165733"}
{"op_code":9,"worker_id":"cb444b02-ca6c-4086-b9cd-a5c0593d489b-126758847857792","trial_id":384,"system_attr":{"tpe:relative_params:0":"{\"RANK_REGRESS\": 23, \"REG_W\": 514.9716183947229, \"USE_RMS_SCALING\": false}"}}
{"op_code":5,"worker_id":"cb444b02-ca6c-4086-b9cd-a5c0593d489b-126758847857792","trial_id":384,"param_name":"RANK_REGRESS","param_value_internal":23.0,"distribution":"{\"name\": \"IntDistribution\", \"attributes\": {\"log\": false, \"step\": 1, \"low\": 5, \"high\": 80}}"}
{"op_code":5,"worker_id":"cb444b02-ca6c-4086-b9cd-a5c0593d489b-126758847857792","trial_id":384,"param_name":"REG_W","param_value_internal":514.9716183947229,"distribution":"{\"name\": \"FloatDistribution\", \"attributes\": {\"step\": null, \"low\": 1e-05, \"high\": 1000.0, \"log\": true}}"}
{"op_code":5,"worker_id":"cb444b02-ca6c-4086-b9cd-a5c0593d489b-126758847857792","trial_id":384,"param_name":"USE_RMS_SCALING","param_value_internal":1,"distribution":"{\"name\": \"CategoricalDistribution\", \"attributes\": {\"choices\": [true, false]}}"}
{"op_code":6,"worker_id":"ebabb57a-d3af-48de-8a9d-ebd1db8d8aac-136799377802368","trial_id":234,"state":1,"values":[0.0],"datetime_complete":"2026-05-06T07:19:36.381548"}
{"op_code":4,"worker_id":"ebabb57a-d3af-48de-8a9d-ebd1db8d8aac-136799377802368","study_id":0,"datetime_start":"2026-05-06T07:19:36.469823"}
{"op_code":9,"worker_id":"ebabb57a-d3af-48de-8a9d-ebd1db8d8aac-136799377802368","trial_id":385,"system_attr":{"tpe:relative_params:0":"{\"RANK_REGRESS\": 80, \"REG_W\": 126.1531136289307, \"USE_RMS_SCALING\": false}"}}
{"op_code":5,"worker_id":"ebabb57a-d3af-48de-8a9d-ebd1db8d8aac-136799377802368","trial_id":385,"param_name":"RANK_REGRESS","param_value_internal":80.0,"distribution":"{\"name\": \"IntDistribution\", \"attributes\": {\"log\": false, \"step\": 1, \"low\": 5, \"high\": 80}}"}
{"op_code":5,"worker_id":"ebabb57a-d3af-48de-8a9d-ebd1db8d8aac-136799377802368","trial_id":385,"param_name":"REG_W","param_value_internal":126.1531136289307,"distribution":"{\"name\": \"FloatDistribution\", \"attributes\": {\"step\": null, \"low\": 1e-05, \"high\": 1000.0, \"log\": true}}"}
{"op_code":5,"worker_id":"ebabb57a-d3af-48de-8a9d-ebd1db8d8aac-136799377802368","trial_id":385,"param_name":"USE_RMS_SCALING","param_value_internal":1,"distribution":"{\"name\": \"CategoricalDistribution\", \"attributes\": {\"choices\": [true, false]}}"}
{"op_code":6,"worker_id":"1d7c15ed-23d9-437d-abd5-6ca5b1b52005-134278238643328","trial_id":250,"state":1,"values":[-0.009326924656417565],"datetime_complete":"2026-05-06T07:19:44.135190"}
{"op_code":4,"worker_id":"1d7c15ed-23d9-437d-abd5-6ca5b1b52005-134278238643328","study_id":0,"datetime_start":"2026-05-06T07:19:44.353118"}
{"op_code":9,"worker_id":"1d7c15ed-23d9-437d-abd5-6ca5b1b52005-134278238643328","trial_id":386,"system_attr":{"tpe:relative_params:0":"{\"RANK_REGRESS\": 54, \"REG_W\": 719.8604895638605, \"USE_RMS_SCALING\": false}"}}
{"op_code":5,"worker_id":"1d7c15ed-23d9-437d-abd5-6ca5b1b52005-134278238643328","trial_id":386,"param_name":"RANK_REGRESS","param_value_internal":54.0,"distribution":"{\"name\": \"IntDistribution\", \"attributes\": {\"log\": false, \"step\": 1, \"low\": 5, \"high\": 80}}"}
{"op_code":5,"worker_id":"1d7c15ed-23d9-437d-abd5-6ca5b1b52005-134278238643328","trial_id":386,"param_name":"REG_W","param_value_internal":719.8604895638605,"distribution":"{\"name\": \"FloatDistribution\", \"attributes\": {\"step\": null, \"low\": 1e-05, \"high\": 1000.0, \"log\": true}}"}
{"op_code":5,"worker_id":"1d7c15ed-23d9-437d-abd5-6ca5b1b52005-134278238643328","trial_id":386,"param_name":"USE_RMS_SCALING","param_value_internal":1,"distribution":"{\"name\": \"CategoricalDistribution\", \"attributes\": {\"choices\": [true, false]}}"}
{"op_code":6,"worker_id":"3018362a-adef-4dd8-b659-8368ad6057b8-133655349908608","trial_id":296,"state":1,"values":[-0.011281922039669823],"datetime_complete":"2026-05-06T07:28:17.857431"}
{"op_code":4,"worker_id":"3018362a-adef-4dd8-b659-8368ad6057b8-133655349908608","study_id":0,"datetime_start":"2026-05-06T07:28:17.972511"}
{"op_code":9,"worker_id":"3018362a-adef-4dd8-b659-8368ad6057b8-133655349908608","trial_id":387,"system_attr":{"tpe:relative_params:0":"{\"RANK_REGRESS\": 40, \"REG_W\": 43.56202366636236, \"USE_RMS_SCALING\": false}"}}
{"op_code":5,"worker_id":"3018362a-adef-4dd8-b659-8368ad6057b8-133655349908608","trial_id":387,"param_name":"RANK_REGRESS","param_value_internal":40.0,"distribution":"{\"name\": \"IntDistribution\", \"attributes\": {\"log\": false, \"step\": 1, \"low\": 5, \"high\": 80}}"}
{"op_code":5,"worker_id":"3018362a-adef-4dd8-b659-8368ad6057b8-133655349908608","trial_id":387,"param_name":"REG_W","param_value_internal":43.56202366636236,"distribution":"{\"name\": \"FloatDistribution\", \"attributes\": {\"step\": null, \"low\": 1e-05, \"high\": 1000.0, \"log\": true}}"}
{"op_code":5,"worker_id":"3018362a-adef-4dd8-b659-8368ad6057b8-133655349908608","trial_id":387,"param_name":"USE_RMS_SCALING","param_value_internal":1,"distribution":"{\"name\": \"CategoricalDistribution\", \"attributes\": {\"choices\": [true, false]}}"}
{"op_code":6,"worker_id":"f64ba60c-7341-4d67-ac98-b8aedb1b8297-125628892669056","trial_id":282,"state":1,"values":[0.0],"datetime_complete":"2026-05-06T07:28:45.407320"}
{"op_code":4,"worker_id":"f64ba60c-7341-4d67-ac98-b8aedb1b8297-125628892669056","study_id":0,"datetime_start":"2026-05-06T07:28:45.572641"}
{"op_code":9,"worker_id":"f64ba60c-7341-4d67-ac98-b8aedb1b8297-125628892669056","trial_id":388,"system_attr":{"tpe:relative_params:0":"{\"RANK_REGRESS\": 24, \"REG_W\": 10.150947373717024, \"USE_RMS_SCALING\": false}"}}
{"op_code":5,"worker_id":"f64ba60c-7341-4d67-ac98-b8aedb1b8297-125628892669056","trial_id":388,"param_name":"RANK_REGRESS","param_value_internal":24.0,"distribution":"{\"name\": \"IntDistribution\", \"attributes\": {\"log\": false, \"step\": 1, \"low\": 5, \"high\": 80}}"}
{"op_code":5,"worker_id":"f64ba60c-7341-4d67-ac98-b8aedb1b8297-125628892669056","trial_id":388,"param_name":"REG_W","param_value_internal":10.150947373717024,"distribution":"{\"name\": \"FloatDistribution\", \"attributes\": {\"step\": null, \"low\": 1e-05, \"high\": 1000.0, \"log\": true}}"}
{"op_code":5,"worker_id":"f64ba60c-7341-4d67-ac98-b8aedb1b8297-125628892669056","trial_id":388,"param_name":"USE_RMS_SCALING","param_value_internal":1,"distribution":"{\"name\": \"CategoricalDistribution\", \"attributes\": {\"choices\": [true, false]}}"}
{"op_code":6,"worker_id":"d9ba2dc1-3703-4683-a973-8baec3e680de-140163527951488","trial_id":239,"state":1,"values":[0.0],"datetime_complete":"2026-05-06T07:35:47.956579"}
{"op_code":4,"worker_id":"d9ba2dc1-3703-4683-a973-8baec3e680de-140163527951488","study_id":0,"datetime_start":"2026-05-06T07:35:48.037075"}
{"op_code":9,"worker_id":"d9ba2dc1-3703-4683-a973-8baec3e680de-140163527951488","trial_id":389,"system_attr":{"tpe:relative_params:0":"{\"RANK_REGRESS\": 42, \"REG_W\": 917.789309048357, \"USE_RMS_SCALING\": false}"}}
{"op_code":5,"worker_id":"d9ba2dc1-3703-4683-a973-8baec3e680de-140163527951488","trial_id":389,"param_name":"RANK_REGRESS","param_value_internal":42.0,"distribution":"{\"name\": \"IntDistribution\", \"attributes\": {\"log\": false, \"step\": 1, \"low\": 5, \"high\": 80}}"}
{"op_code":5,"worker_id":"d9ba2dc1-3703-4683-a973-8baec3e680de-140163527951488","trial_id":389,"param_name":"REG_W","param_value_internal":917.789309048357,"distribution":"{\"name\": \"FloatDistribution\", \"attributes\": {\"step\": null, \"low\": 1e-05, \"high\": 1000.0, \"log\": true}}"}
{"op_code":5,"worker_id":"d9ba2dc1-3703-4683-a973-8baec3e680de-140163527951488","trial_id":389,"param_name":"USE_RMS_SCALING","param_value_internal":1,"distribution":"{\"name\": \"CategoricalDistribution\", \"attributes\": {\"choices\": [true, false]}}"}
{"op_code":6,"worker_id":"f685ef72-26e1-4a77-bc5b-0d1ae2bcafa1-133680457450624","trial_id":301,"state":1,"values":[0.0],"datetime_complete":"2026-05-06T08:05:46.458778"}
{"op_code":4,"worker_id":"f685ef72-26e1-4a77-bc5b-0d1ae2bcafa1-133680457450624","study_id":0,"datetime_start":"2026-05-06T08:05:46.549676"}
{"op_code":9,"worker_id":"f685ef72-26e1-4a77-bc5b-0d1ae2bcafa1-133680457450624","trial_id":390,"system_attr":{"tpe:relative_params:0":"{\"RANK_REGRESS\": 56, \"REG_W\": 927.9503539396844, \"USE_RMS_SCALING\": true}"}}
{"op_code":5,"worker_id":"f685ef72-26e1-4a77-bc5b-0d1ae2bcafa1-133680457450624","trial_id":390,"param_name":"RANK_REGRESS","param_value_internal":56.0,"distribution":"{\"name\": \"IntDistribution\", \"attributes\": {\"log\": false, \"step\": 1, \"low\": 5, \"high\": 80}}"}
{"op_code":5,"worker_id":"f685ef72-26e1-4a77-bc5b-0d1ae2bcafa1-133680457450624","trial_id":390,"param_name":"REG_W","param_value_internal":927.9503539396844,"distribution":"{\"name\": \"FloatDistribution\", \"attributes\": {\"step\": null, \"low\": 1e-05, \"high\": 1000.0, \"log\": true}}"}
{"op_code":5,"worker_id":"f685ef72-26e1-4a77-bc5b-0d1ae2bcafa1-133680457450624","trial_id":390,"param_name":"USE_RMS_SCALING","param_value_internal":0,"distribution":"{\"name\": \"CategoricalDistribution\", \"attributes\": {\"choices\": [true, false]}}"}
{"op_code":6,"worker_id":"3c805e01-8904-403d-9f56-08d285985f09-127143244465280","trial_id":315,"state":1,"values":[0.0],"datetime_complete":"2026-05-06T08:09:01.368764"}
{"op_code":4,"worker_id":"3c805e01-8904-403d-9f56-08d285985f09-127143244465280","study_id":0,"datetime_start":"2026-05-06T08:09:01.451275"}
{"op_code":9,"worker_id":"3c805e01-8904-403d-9f56-08d285985f09-127143244465280","trial_id":391,"system_attr":{"tpe:relative_params:0":"{\"RANK_REGRESS\": 55, \"REG_W\": 419.0524633602036, \"USE_RMS_SCALING\": false}"}}
{"op_code":5,"worker_id":"3c805e01-8904-403d-9f56-08d285985f09-127143244465280","trial_id":391,"param_name":"RANK_REGRESS","param_value_internal":55.0,"distribution":"{\"name\": \"IntDistribution\", \"attributes\": {\"log\": false, \"step\": 1, \"low\": 5, \"high\": 80}}"}
{"op_code":5,"worker_id":"3c805e01-8904-403d-9f56-08d285985f09-127143244465280","trial_id":391,"param_name":"REG_W","param_value_internal":419.0524633602036,"distribution":"{\"name\": \"FloatDistribution\", \"attributes\": {\"step\": null, \"low\": 1e-05, \"high\": 1000.0, \"log\": true}}"}
{"op_code":5,"worker_id":"3c805e01-8904-403d-9f56-08d285985f09-127143244465280","trial_id":391,"param_name":"USE_RMS_SCALING","param_value_internal":1,"distribution":"{\"name\": \"CategoricalDistribution\", \"attributes\": {\"choices\": [true, false]}}"}
{"op_code":6,"worker_id":"d5c5d389-317b-4938-a4b8-d62cfbd77c1f-138416651666560","trial_id":279,"state":1,"values":[0.0],"datetime_complete":"2026-05-06T08:30:22.169747"}
{"op_code":4,"worker_id":"d5c5d389-317b-4938-a4b8-d62cfbd77c1f-138416651666560","study_id":0,"datetime_start":"2026-05-06T08:30:22.295563"}
{"op_code":9,"worker_id":"d5c5d389-317b-4938-a4b8-d62cfbd77c1f-138416651666560","trial_id":392,"system_attr":{"tpe:relative_params:0":"{\"RANK_REGRESS\": 63, \"REG_W\": 119.14719431224162, \"USE_RMS_SCALING\": false}"}}
{"op_code":5,"worker_id":"d5c5d389-317b-4938-a4b8-d62cfbd77c1f-138416651666560","trial_id":392,"param_name":"RANK_REGRESS","param_value_internal":63.0,"distribution":"{\"name\": \"IntDistribution\", \"attributes\": {\"log\": false, \"step\": 1, \"low\": 5, \"high\": 80}}"}
{"op_code":5,"worker_id":"d5c5d389-317b-4938-a4b8-d62cfbd77c1f-138416651666560","trial_id":392,"param_name":"REG_W","param_value_internal":119.14719431224162,"distribution":"{\"name\": \"FloatDistribution\", \"attributes\": {\"step\": null, \"low\": 1e-05, \"high\": 1000.0, \"log\": true}}"}
{"op_code":5,"worker_id":"d5c5d389-317b-4938-a4b8-d62cfbd77c1f-138416651666560","trial_id":392,"param_name":"USE_RMS_SCALING","param_value_internal":1,"distribution":"{\"name\": \"CategoricalDistribution\", \"attributes\": {\"choices\": [true, false]}}"}
{"op_code":6,"worker_id":"51bb5a9f-8f68-4875-95c3-35f7e6f9b54d-137167903294592","trial_id":262,"state":1,"values":[0.004751528786264059],"datetime_complete":"2026-05-06T08:47:53.210967"}
{"op_code":4,"worker_id":"51bb5a9f-8f68-4875-95c3-35f7e6f9b54d-137167903294592","study_id":0,"datetime_start":"2026-05-06T08:47:53.290552"}
{"op_code":9,"worker_id":"51bb5a9f-8f68-4875-95c3-35f7e6f9b54d-137167903294592","trial_id":393,"system_attr":{"tpe:relative_params:0":"{\"RANK_REGRESS\": 44, \"REG_W\": 48.91015666588502, \"USE_RMS_SCALING\": true}"}}
{"op_code":5,"worker_id":"51bb5a9f-8f68-4875-95c3-35f7e6f9b54d-137167903294592","trial_id":393,"param_name":"RANK_REGRESS","param_value_internal":44.0,"distribution":"{\"name\": \"IntDistribution\", \"attributes\": {\"log\": false, \"step\": 1, \"low\": 5, \"high\": 80}}"}
{"op_code":5,"worker_id":"51bb5a9f-8f68-4875-95c3-35f7e6f9b54d-137167903294592","trial_id":393,"param_name":"REG_W","param_value_internal":48.91015666588502,"distribution":"{\"name\": \"FloatDistribution\", \"attributes\": {\"step\": null, \"low\": 1e-05, \"high\": 1000.0, \"log\": true}}"}
{"op_code":5,"worker_id":"51bb5a9f-8f68-4875-95c3-35f7e6f9b54d-137167903294592","trial_id":393,"param_name":"USE_RMS_SCALING","param_value_internal":0,"distribution":"{\"name\": \"CategoricalDistribution\", \"attributes\": {\"choices\": [true, false]}}"}
{"op_code":6,"worker_id":"f8c6f72b-b54d-4412-be41-bb9b636d6111-138472978535552","trial_id":263,"state":1,"values":[0.0],"datetime_complete":"2026-05-06T08:49:56.428227"}
{"op_code":4,"worker_id":"f8c6f72b-b54d-4412-be41-bb9b636d6111-138472978535552","study_id":0,"datetime_start":"2026-05-06T08:49:56.503590"}
{"op_code":9,"worker_id":"f8c6f72b-b54d-4412-be41-bb9b636d6111-138472978535552","trial_id":394,"system_attr":{"tpe:relative_params:0":"{\"RANK_REGRESS\": 38, \"REG_W\": 4.807154365230994, \"USE_RMS_SCALING\": true}"}}
{"op_code":5,"worker_id":"f8c6f72b-b54d-4412-be41-bb9b636d6111-138472978535552","trial_id":394,"param_name":"RANK_REGRESS","param_value_internal":38.0,"distribution":"{\"name\": \"IntDistribution\", \"attributes\": {\"log\": false, \"step\": 1, \"low\": 5, \"high\": 80}}"}
{"op_code":5,"worker_id":"f8c6f72b-b54d-4412-be41-bb9b636d6111-138472978535552","trial_id":394,"param_name":"REG_W","param_value_internal":4.807154365230994,"distribution":"{\"name\": \"FloatDistribution\", \"attributes\": {\"step\": null, \"low\": 1e-05, \"high\": 1000.0, \"log\": true}}"}
{"op_code":5,"worker_id":"f8c6f72b-b54d-4412-be41-bb9b636d6111-138472978535552","trial_id":394,"param_name":"USE_RMS_SCALING","param_value_internal":0,"distribution":"{\"name\": \"CategoricalDistribution\", \"attributes\": {\"choices\": [true, false]}}"}
{"op_code":6,"worker_id":"1a3b4b43-519a-42ad-8518-916dc6b863a6-133128496419968","trial_id":236,"state":1,"values":[0.0],"datetime_complete":"2026-05-06T08:56:43.844620"}
{"op_code":4,"worker_id":"1a3b4b43-519a-42ad-8518-916dc6b863a6-133128496419968","study_id":0,"datetime_start":"2026-05-06T08:56:43.900238"}
{"op_code":9,"worker_id":"1a3b4b43-519a-42ad-8518-916dc6b863a6-133128496419968","trial_id":395,"system_attr":{"tpe:relative_params:0":"{\"RANK_REGRESS\": 35, \"REG_W\": 61.64845739901536, \"USE_RMS_SCALING\": true}"}}
{"op_code":5,"worker_id":"1a3b4b43-519a-42ad-8518-916dc6b863a6-133128496419968","trial_id":395,"param_name":"RANK_REGRESS","param_value_internal":35.0,"distribution":"{\"name\": \"IntDistribution\", \"attributes\": {\"log\": false, \"step\": 1, \"low\": 5, \"high\": 80}}"}
{"op_code":5,"worker_id":"1a3b4b43-519a-42ad-8518-916dc6b863a6-133128496419968","trial_id":395,"param_name":"REG_W","param_value_internal":61.64845739901536,"distribution":"{\"name\": \"FloatDistribution\", \"attributes\": {\"step\": null, \"low\": 1e-05, \"high\": 1000.0, \"log\": true}}"}
{"op_code":5,"worker_id":"1a3b4b43-519a-42ad-8518-916dc6b863a6-133128496419968","trial_id":395,"param_name":"USE_RMS_SCALING","param_value_internal":0,"distribution":"{\"name\": \"CategoricalDistribution\", \"attributes\": {\"choices\": [true, false]}}"}
{"op_code":6,"worker_id":"9512667f-bc94-4f7c-824e-e1b70aba8921-131664694506624","trial_id":286,"state":1,"values":[0.0],"datetime_complete":"2026-05-06T09:06:30.692439"}
{"op_code":4,"worker_id":"9512667f-bc94-4f7c-824e-e1b70aba8921-131664694506624","study_id":0,"datetime_start":"2026-05-06T09:06:30.767128"}
{"op_code":9,"worker_id":"9512667f-bc94-4f7c-824e-e1b70aba8921-131664694506624","trial_id":396,"system_attr":{"tpe:relative_params:0":"{\"RANK_REGRESS\": 40, \"REG_W\": 61.07133540144808, \"USE_RMS_SCALING\": true}"}}
{"op_code":5,"worker_id":"9512667f-bc94-4f7c-824e-e1b70aba8921-131664694506624","trial_id":396,"param_name":"RANK_REGRESS","param_value_internal":40.0,"distribution":"{\"name\": \"IntDistribution\", \"attributes\": {\"log\": false, \"step\": 1, \"low\": 5, \"high\": 80}}"}
{"op_code":5,"worker_id":"9512667f-bc94-4f7c-824e-e1b70aba8921-131664694506624","trial_id":396,"param_name":"REG_W","param_value_internal":61.07133540144808,"distribution":"{\"name\": \"FloatDistribution\", \"attributes\": {\"step\": null, \"low\": 1e-05, \"high\": 1000.0, \"log\": true}}"}
{"op_code":5,"worker_id":"9512667f-bc94-4f7c-824e-e1b70aba8921-131664694506624","trial_id":396,"param_name":"USE_RMS_SCALING","param_value_internal":0,"distribution":"{\"name\": \"CategoricalDistribution\", \"attributes\": {\"choices\": [true, false]}}"}
{"op_code":6,"worker_id":"f107db7f-e5c0-4dbc-ac7c-56675e4f080b-133739224122496","trial_id":215,"state":1,"values":[0.0],"datetime_complete":"2026-05-06T09:28:12.970101"}
{"op_code":4,"worker_id":"f107db7f-e5c0-4dbc-ac7c-56675e4f080b-133739224122496","study_id":0,"datetime_start":"2026-05-06T09:28:13.044690"}
{"op_code":9,"worker_id":"f107db7f-e5c0-4dbc-ac7c-56675e4f080b-133739224122496","trial_id":397,"system_attr":{"tpe:relative_params:0":"{\"RANK_REGRESS\": 33, \"REG_W\": 100.95067202835692, \"USE_RMS_SCALING\": true}"}}
{"op_code":5,"worker_id":"f107db7f-e5c0-4dbc-ac7c-56675e4f080b-133739224122496","trial_id":397,"param_name":"RANK_REGRESS","param_value_internal":33.0,"distribution":"{\"name\": \"IntDistribution\", \"attributes\": {\"log\": false, \"step\": 1, \"low\": 5, \"high\": 80}}"}
{"op_code":5,"worker_id":"f107db7f-e5c0-4dbc-ac7c-56675e4f080b-133739224122496","trial_id":397,"param_name":"REG_W","param_value_internal":100.95067202835692,"distribution":"{\"name\": \"FloatDistribution\", \"attributes\": {\"step\": null, \"low\": 1e-05, \"high\": 1000.0, \"log\": true}}"}
{"op_code":5,"worker_id":"f107db7f-e5c0-4dbc-ac7c-56675e4f080b-133739224122496","trial_id":397,"param_name":"USE_RMS_SCALING","param_value_internal":0,"distribution":"{\"name\": \"CategoricalDistribution\", \"attributes\": {\"choices\": [true, false]}}"}
{"op_code":6,"worker_id":"1c525a4d-e3a0-4de0-b9a3-b3372b083013-126430044988544","trial_id":334,"state":1,"values":[0.0],"datetime_complete":"2026-05-06T09:36:55.412651"}
{"op_code":4,"worker_id":"1c525a4d-e3a0-4de0-b9a3-b3372b083013-126430044988544","study_id":0,"datetime_start":"2026-05-06T09:36:55.504683"}
{"op_code":9,"worker_id":"1c525a4d-e3a0-4de0-b9a3-b3372b083013-126430044988544","trial_id":398,"system_attr":{"tpe:relative_params:0":"{\"RANK_REGRESS\": 24, \"REG_W\": 10.359420460117269, \"USE_RMS_SCALING\": true}"}}
{"op_code":5,"worker_id":"1c525a4d-e3a0-4de0-b9a3-b3372b083013-126430044988544","trial_id":398,"param_name":"RANK_REGRESS","param_value_internal":24.0,"distribution":"{\"name\": \"IntDistribution\", \"attributes\": {\"log\": false, \"step\": 1, \"low\": 5, \"high\": 80}}"}
{"op_code":5,"worker_id":"1c525a4d-e3a0-4de0-b9a3-b3372b083013-126430044988544","trial_id":398,"param_name":"REG_W","param_value_internal":10.359420460117269,"distribution":"{\"name\": \"FloatDistribution\", \"attributes\": {\"step\": null, \"low\": 1e-05, \"high\": 1000.0, \"log\": true}}"}
{"op_code":5,"worker_id":"1c525a4d-e3a0-4de0-b9a3-b3372b083013-126430044988544","trial_id":398,"param_name":"USE_RMS_SCALING","param_value_internal":0,"distribution":"{\"name\": \"CategoricalDistribution\", \"attributes\": {\"choices\": [true, false]}}"}
{"op_code":6,"worker_id":"deda2f04-5216-46ba-8340-11a6d2bdc0a3-130091836687488","trial_id":278,"state":1,"values":[0.0],"datetime_complete":"2026-05-06T09:47:18.488441"}
{"op_code":4,"worker_id":"deda2f04-5216-46ba-8340-11a6d2bdc0a3-130091836687488","study_id":0,"datetime_start":"2026-05-06T09:47:18.543386"}
{"op_code":9,"worker_id":"deda2f04-5216-46ba-8340-11a6d2bdc0a3-130091836687488","trial_id":399,"system_attr":{"tpe:relative_params:0":"{\"RANK_REGRESS\": 42, \"REG_W\": 9.382026722887895, \"USE_RMS_SCALING\": true}"}}
{"op_code":5,"worker_id":"deda2f04-5216-46ba-8340-11a6d2bdc0a3-130091836687488","trial_id":399,"param_name":"RANK_REGRESS","param_value_internal":42.0,"distribution":"{\"name\": \"IntDistribution\", \"attributes\": {\"log\": false, \"step\": 1, \"low\": 5, \"high\": 80}}"}
{"op_code":5,"worker_id":"deda2f04-5216-46ba-8340-11a6d2bdc0a3-130091836687488","trial_id":399,"param_name":"REG_W","param_value_internal":9.382026722887895,"distribution":"{\"name\": \"FloatDistribution\", \"attributes\": {\"step\": null, \"low\": 1e-05, \"high\": 1000.0, \"log\": true}}"}
{"op_code":5,"worker_id":"deda2f04-5216-46ba-8340-11a6d2bdc0a3-130091836687488","trial_id":399,"param_name":"USE_RMS_SCALING","param_value_internal":0,"distribution":"{\"name\": \"CategoricalDistribution\", \"attributes\": {\"choices\": [true, false]}}"}
{"op_code":6,"worker_id":"b3b14fe7-f3d0-4f7a-b78a-d85e136e5101-137643302249600","trial_id":261,"state":1,"values":[-0.013535072776872529],"datetime_complete":"2026-05-06T10:12:53.504479"}
{"op_code":4,"worker_id":"b3b14fe7-f3d0-4f7a-b78a-d85e136e5101-137643302249600","study_id":0,"datetime_start":"2026-05-06T10:12:53.632046"}
{"op_code":9,"worker_id":"b3b14fe7-f3d0-4f7a-b78a-d85e136e5101-137643302249600","trial_id":400,"system_attr":{"tpe:relative_params:0":"{\"RANK_REGRESS\": 29, \"REG_W\": 54.512223494679745, \"USE_RMS_SCALING\": true}"}}
{"op_code":5,"worker_id":"b3b14fe7-f3d0-4f7a-b78a-d85e136e5101-137643302249600","trial_id":400,"param_name":"RANK_REGRESS","param_value_internal":29.0,"distribution":"{\"name\": \"IntDistribution\", \"attributes\": {\"log\": false, \"step\": 1, \"low\": 5, \"high\": 80}}"}
{"op_code":5,"worker_id":"b3b14fe7-f3d0-4f7a-b78a-d85e136e5101-137643302249600","trial_id":400,"param_name":"REG_W","param_value_internal":54.512223494679745,"distribution":"{\"name\": \"FloatDistribution\", \"attributes\": {\"step\": null, \"low\": 1e-05, \"high\": 1000.0, \"log\": true}}"}
{"op_code":5,"worker_id":"b3b14fe7-f3d0-4f7a-b78a-d85e136e5101-137643302249600","trial_id":400,"param_name":"USE_RMS_SCALING","param_value_internal":0,"distribution":"{\"name\": \"CategoricalDistribution\", \"attributes\": {\"choices\": [true, false]}}"}
{"op_code":6,"worker_id":"0db2042f-2779-4ebf-b3c5-75692fff44af-140492220298368","trial_id":231,"state":1,"values":[-0.04665290465252936],"datetime_complete":"2026-05-06T10:27:55.037461"}
{"op_code":4,"worker_id":"0db2042f-2779-4ebf-b3c5-75692fff44af-140492220298368","study_id":0,"datetime_start":"2026-05-06T10:27:55.157286"}
{"op_code":9,"worker_id":"0db2042f-2779-4ebf-b3c5-75692fff44af-140492220298368","trial_id":401,"system_attr":{"tpe:relative_params:0":"{\"RANK_REGRESS\": 62, \"REG_W\": 510.9674733470639, \"USE_RMS_SCALING\": false}"}}
{"op_code":5,"worker_id":"0db2042f-2779-4ebf-b3c5-75692fff44af-140492220298368","trial_id":401,"param_name":"RANK_REGRESS","param_value_internal":62.0,"distribution":"{\"name\": \"IntDistribution\", \"attributes\": {\"log\": false, \"step\": 1, \"low\": 5, \"high\": 80}}"}
{"op_code":5,"worker_id":"0db2042f-2779-4ebf-b3c5-75692fff44af-140492220298368","trial_id":401,"param_name":"REG_W","param_value_internal":510.9674733470639,"distribution":"{\"name\": \"FloatDistribution\", \"attributes\": {\"step\": null, \"low\": 1e-05, \"high\": 1000.0, \"log\": true}}"}
{"op_code":5,"worker_id":"0db2042f-2779-4ebf-b3c5-75692fff44af-140492220298368","trial_id":401,"param_name":"USE_RMS_SCALING","param_value_internal":1,"distribution":"{\"name\": \"CategoricalDistribution\", \"attributes\": {\"choices\": [true, false]}}"}
{"op_code":6,"worker_id":"38cab2d2-9bdf-45ec-9021-f5af9f32508d-135253001720960","trial_id":324,"state":1,"values":[-0.28960622788619195],"datetime_complete":"2026-05-06T10:33:28.723237"}
{"op_code":4,"worker_id":"38cab2d2-9bdf-45ec-9021-f5af9f32508d-135253001720960","study_id":0,"datetime_start":"2026-05-06T10:33:28.795222"}
{"op_code":9,"worker_id":"38cab2d2-9bdf-45ec-9021-f5af9f32508d-135253001720960","trial_id":402,"system_attr":{"tpe:relative_params:0":"{\"RANK_REGRESS\": 54, \"REG_W\": 34.291237901349376, \"USE_RMS_SCALING\": false}"}}
{"op_code":5,"worker_id":"38cab2d2-9bdf-45ec-9021-f5af9f32508d-135253001720960","trial_id":402,"param_name":"RANK_REGRESS","param_value_internal":54.0,"distribution":"{\"name\": \"IntDistribution\", \"attributes\": {\"log\": false, \"step\": 1, \"low\": 5, \"high\": 80}}"}
{"op_code":5,"worker_id":"38cab2d2-9bdf-45ec-9021-f5af9f32508d-135253001720960","trial_id":402,"param_name":"REG_W","param_value_internal":34.291237901349376,"distribution":"{\"name\": \"FloatDistribution\", \"attributes\": {\"step\": null, \"low\": 1e-05, \"high\": 1000.0, \"log\": true}}"}
{"op_code":5,"worker_id":"38cab2d2-9bdf-45ec-9021-f5af9f32508d-135253001720960","trial_id":402,"param_name":"USE_RMS_SCALING","param_value_internal":1,"distribution":"{\"name\": \"CategoricalDistribution\", \"attributes\": {\"choices\": [true, false]}}"}
{"op_code":6,"worker_id":"89cc80b4-dfd8-4a43-a46e-747a349a658e-128777581335680","trial_id":322,"state":1,"values":[0.0],"datetime_complete":"2026-05-06T10:41:01.791792"}
{"op_code":4,"worker_id":"89cc80b4-dfd8-4a43-a46e-747a349a658e-128777581335680","study_id":0,"datetime_start":"2026-05-06T10:41:01.886678"}
{"op_code":9,"worker_id":"89cc80b4-dfd8-4a43-a46e-747a349a658e-128777581335680","trial_id":403,"system_attr":{"tpe:relative_params:0":"{\"RANK_REGRESS\": 42, \"REG_W\": 78.99388290383212, \"USE_RMS_SCALING\": false}"}}
{"op_code":5,"worker_id":"89cc80b4-dfd8-4a43-a46e-747a349a658e-128777581335680","trial_id":403,"param_name":"RANK_REGRESS","param_value_internal":42.0,"distribution":"{\"name\": \"IntDistribution\", \"attributes\": {\"log\": false, \"step\": 1, \"low\": 5, \"high\": 80}}"}
{"op_code":5,"worker_id":"89cc80b4-dfd8-4a43-a46e-747a349a658e-128777581335680","trial_id":403,"param_name":"REG_W","param_value_internal":78.99388290383212,"distribution":"{\"name\": \"FloatDistribution\", \"attributes\": {\"step\": null, \"low\": 1e-05, \"high\": 1000.0, \"log\": true}}"}
{"op_code":5,"worker_id":"89cc80b4-dfd8-4a43-a46e-747a349a658e-128777581335680","trial_id":403,"param_name":"USE_RMS_SCALING","param_value_internal":1,"distribution":"{\"name\": \"CategoricalDistribution\", \"attributes\": {\"choices\": [true, false]}}"}
{"op_code":6,"worker_id":"d87c6038-a58e-45b8-9667-ce5153e5ed1d-140151856145536","trial_id":281,"state":1,"values":[0.0],"datetime_complete":"2026-05-06T10:46:12.218347"}
{"op_code":4,"worker_id":"d87c6038-a58e-45b8-9667-ce5153e5ed1d-140151856145536","study_id":0,"datetime_start":"2026-05-06T10:46:12.282551"}
{"op_code":9,"worker_id":"d87c6038-a58e-45b8-9667-ce5153e5ed1d-140151856145536","trial_id":404,"system_attr":{"tpe:relative_params:0":"{\"RANK_REGRESS\": 28, \"REG_W\": 3.5227327400417394, \"USE_RMS_SCALING\": true}"}}
{"op_code":5,"worker_id":"d87c6038-a58e-45b8-9667-ce5153e5ed1d-140151856145536","trial_id":404,"param_name":"RANK_REGRESS","param_value_internal":28.0,"distribution":"{\"name\": \"IntDistribution\", \"attributes\": {\"log\": false, \"step\": 1, \"low\": 5, \"high\": 80}}"}
{"op_code":5,"worker_id":"d87c6038-a58e-45b8-9667-ce5153e5ed1d-140151856145536","trial_id":404,"param_name":"REG_W","param_value_internal":3.5227327400417394,"distribution":"{\"name\": \"FloatDistribution\", \"attributes\": {\"step\": null, \"low\": 1e-05, \"high\": 1000.0, \"log\": true}}"}
{"op_code":5,"worker_id":"d87c6038-a58e-45b8-9667-ce5153e5ed1d-140151856145536","trial_id":404,"param_name":"USE_RMS_SCALING","param_value_internal":0,"distribution":"{\"name\": \"CategoricalDistribution\", \"attributes\": {\"choices\": [true, false]}}"}
{"op_code":6,"worker_id":"caba2dc9-32ef-445d-9642-b9f49da21330-132396472796288","trial_id":317,"state":1,"values":[0.0036644218512077074],"datetime_complete":"2026-05-06T10:51:58.931249"}
{"op_code":4,"worker_id":"caba2dc9-32ef-445d-9642-b9f49da21330-132396472796288","study_id":0,"datetime_start":"2026-05-06T10:51:59.007029"}
{"op_code":9,"worker_id":"caba2dc9-32ef-445d-9642-b9f49da21330-132396472796288","trial_id":405,"system_attr":{"tpe:relative_params:0":"{\"RANK_REGRESS\": 36, \"REG_W\": 182.68473198696535, \"USE_RMS_SCALING\": false}"}}
{"op_code":5,"worker_id":"caba2dc9-32ef-445d-9642-b9f49da21330-132396472796288","trial_id":405,"param_name":"RANK_REGRESS","param_value_internal":36.0,"distribution":"{\"name\": \"IntDistribution\", \"attributes\": {\"log\": false, \"step\": 1, \"low\": 5, \"high\": 80}}"}
{"op_code":5,"worker_id":"caba2dc9-32ef-445d-9642-b9f49da21330-132396472796288","trial_id":405,"param_name":"REG_W","param_value_internal":182.68473198696535,"distribution":"{\"name\": \"FloatDistribution\", \"attributes\": {\"step\": null, \"low\": 1e-05, \"high\": 1000.0, \"log\": true}}"}
{"op_code":5,"worker_id":"caba2dc9-32ef-445d-9642-b9f49da21330-132396472796288","trial_id":405,"param_name":"USE_RMS_SCALING","param_value_internal":1,"distribution":"{\"name\": \"CategoricalDistribution\", \"attributes\": {\"choices\": [true, false]}}"}
{"op_code":6,"worker_id":"2754fbfa-766c-402f-b312-e09629bd9c64-127828779738240","trial_id":229,"state":1,"values":[0.0],"datetime_complete":"2026-05-06T10:56:49.204062"}
{"op_code":4,"worker_id":"2754fbfa-766c-402f-b312-e09629bd9c64-127828779738240","study_id":0,"datetime_start":"2026-05-06T10:56:49.292374"}
{"op_code":9,"worker_id":"2754fbfa-766c-402f-b312-e09629bd9c64-127828779738240","trial_id":406,"system_attr":{"tpe:relative_params:0":"{\"RANK_REGRESS\": 41, \"REG_W\": 1.640541521901186, \"USE_RMS_SCALING\": false}"}}
{"op_code":5,"worker_id":"2754fbfa-766c-402f-b312-e09629bd9c64-127828779738240","trial_id":406,"param_name":"RANK_REGRESS","param_value_internal":41.0,"distribution":"{\"name\": \"IntDistribution\", \"attributes\": {\"log\": false, \"step\": 1, \"low\": 5, \"high\": 80}}"}
{"op_code":5,"worker_id":"2754fbfa-766c-402f-b312-e09629bd9c64-127828779738240","trial_id":406,"param_name":"REG_W","param_value_internal":1.640541521901186,"distribution":"{\"name\": \"FloatDistribution\", \"attributes\": {\"step\": null, \"low\": 1e-05, \"high\": 1000.0, \"log\": true}}"}
{"op_code":5,"worker_id":"2754fbfa-766c-402f-b312-e09629bd9c64-127828779738240","trial_id":406,"param_name":"USE_RMS_SCALING","param_value_internal":1,"distribution":"{\"name\": \"CategoricalDistribution\", \"attributes\": {\"choices\": [true, false]}}"}
{"op_code":6,"worker_id":"97e47aa0-4eed-48d5-a22d-ca542d80357d-134838551012480","trial_id":244,"state":1,"values":[0.0],"datetime_complete":"2026-05-06T11:07:37.911261"}
{"op_code":4,"worker_id":"97e47aa0-4eed-48d5-a22d-ca542d80357d-134838551012480","study_id":0,"datetime_start":"2026-05-06T11:07:38.032236"}
{"op_code":9,"worker_id":"97e47aa0-4eed-48d5-a22d-ca542d80357d-134838551012480","trial_id":407,"system_attr":{"tpe:relative_params:0":"{\"RANK_REGRESS\": 35, \"REG_W\": 56.091250294268846, \"USE_RMS_SCALING\": false}"}}
{"op_code":5,"worker_id":"97e47aa0-4eed-48d5-a22d-ca542d80357d-134838551012480","trial_id":407,"param_name":"RANK_REGRESS","param_value_internal":35.0,"distribution":"{\"name\": \"IntDistribution\", \"attributes\": {\"log\": false, \"step\": 1, \"low\": 5, \"high\": 80}}"}
{"op_code":5,"worker_id":"97e47aa0-4eed-48d5-a22d-ca542d80357d-134838551012480","trial_id":407,"param_name":"REG_W","param_value_internal":56.091250294268846,"distribution":"{\"name\": \"FloatDistribution\", \"attributes\": {\"step\": null, \"low\": 1e-05, \"high\": 1000.0, \"log\": true}}"}
{"op_code":5,"worker_id":"97e47aa0-4eed-48d5-a22d-ca542d80357d-134838551012480","trial_id":407,"param_name":"USE_RMS_SCALING","param_value_internal":1,"distribution":"{\"name\": \"CategoricalDistribution\", \"attributes\": {\"choices\": [true, false]}}"}
{"op_code":6,"worker_id":"d4618192-673e-44a8-9b84-4ac751cfb975-135819250943104","trial_id":328,"state":1,"values":[0.0],"datetime_complete":"2026-05-06T11:35:35.626360"}
{"op_code":4,"worker_id":"d4618192-673e-44a8-9b84-4ac751cfb975-135819250943104","study_id":0,"datetime_start":"2026-05-06T11:35:35.670518"}
{"op_code":9,"worker_id":"d4618192-673e-44a8-9b84-4ac751cfb975-135819250943104","trial_id":408,"system_attr":{"tpe:relative_params:0":"{\"RANK_REGRESS\": 46, \"REG_W\": 80.44265961559013, \"USE_RMS_SCALING\": false}"}}
{"op_code":5,"worker_id":"d4618192-673e-44a8-9b84-4ac751cfb975-135819250943104","trial_id":408,"param_name":"RANK_REGRESS","param_value_internal":46.0,"distribution":"{\"name\": \"IntDistribution\", \"attributes\": {\"log\": false, \"step\": 1, \"low\": 5, \"high\": 80}}"}
{"op_code":5,"worker_id":"d4618192-673e-44a8-9b84-4ac751cfb975-135819250943104","trial_id":408,"param_name":"REG_W","param_value_internal":80.44265961559013,"distribution":"{\"name\": \"FloatDistribution\", \"attributes\": {\"step\": null, \"low\": 1e-05, \"high\": 1000.0, \"log\": true}}"}
{"op_code":5,"worker_id":"d4618192-673e-44a8-9b84-4ac751cfb975-135819250943104","trial_id":408,"param_name":"USE_RMS_SCALING","param_value_internal":1,"distribution":"{\"name\": \"CategoricalDistribution\", \"attributes\": {\"choices\": [true, false]}}"}
{"op_code":6,"worker_id":"593c0974-b842-43be-bdbd-34d627773778-138399326971008","trial_id":284,"state":1,"values":[-0.3878373653438539],"datetime_complete":"2026-05-06T11:54:38.330357"}
{"op_code":4,"worker_id":"593c0974-b842-43be-bdbd-34d627773778-138399326971008","study_id":0,"datetime_start":"2026-05-06T11:54:38.404384"}
{"op_code":9,"worker_id":"593c0974-b842-43be-bdbd-34d627773778-138399326971008","trial_id":409,"system_attr":{"tpe:relative_params:0":"{\"RANK_REGRESS\": 30, \"REG_W\": 759.1989432549741, \"USE_RMS_SCALING\": false}"}}
{"op_code":5,"worker_id":"593c0974-b842-43be-bdbd-34d627773778-138399326971008","trial_id":409,"param_name":"RANK_REGRESS","param_value_internal":30.0,"distribution":"{\"name\": \"IntDistribution\", \"attributes\": {\"log\": false, \"step\": 1, \"low\": 5, \"high\": 80}}"}
{"op_code":5,"worker_id":"593c0974-b842-43be-bdbd-34d627773778-138399326971008","trial_id":409,"param_name":"REG_W","param_value_internal":759.1989432549741,"distribution":"{\"name\": \"FloatDistribution\", \"attributes\": {\"step\": null, \"low\": 1e-05, \"high\": 1000.0, \"log\": true}}"}
{"op_code":5,"worker_id":"593c0974-b842-43be-bdbd-34d627773778-138399326971008","trial_id":409,"param_name":"USE_RMS_SCALING","param_value_internal":1,"distribution":"{\"name\": \"CategoricalDistribution\", \"attributes\": {\"choices\": [true, false]}}"}
{"op_code":6,"worker_id":"a2a79b23-1762-4049-bf7f-a7405b7e5318-129219772339328","trial_id":326,"state":1,"values":[0.0],"datetime_complete":"2026-05-06T12:01:01.856113"}
{"op_code":4,"worker_id":"a2a79b23-1762-4049-bf7f-a7405b7e5318-129219772339328","study_id":0,"datetime_start":"2026-05-06T12:01:01.956321"}
{"op_code":9,"worker_id":"a2a79b23-1762-4049-bf7f-a7405b7e5318-129219772339328","trial_id":410,"system_attr":{"tpe:relative_params:0":"{\"RANK_REGRESS\": 41, \"REG_W\": 21.036632600591137, \"USE_RMS_SCALING\": false}"}}
{"op_code":5,"worker_id":"a2a79b23-1762-4049-bf7f-a7405b7e5318-129219772339328","trial_id":410,"param_name":"RANK_REGRESS","param_value_internal":41.0,"distribution":"{\"name\": \"IntDistribution\", \"attributes\": {\"log\": false, \"step\": 1, \"low\": 5, \"high\": 80}}"}
{"op_code":5,"worker_id":"a2a79b23-1762-4049-bf7f-a7405b7e5318-129219772339328","trial_id":410,"param_name":"REG_W","param_value_internal":21.036632600591137,"distribution":"{\"name\": \"FloatDistribution\", \"attributes\": {\"step\": null, \"low\": 1e-05, \"high\": 1000.0, \"log\": true}}"}
{"op_code":5,"worker_id":"a2a79b23-1762-4049-bf7f-a7405b7e5318-129219772339328","trial_id":410,"param_name":"USE_RMS_SCALING","param_value_internal":1,"distribution":"{\"name\": \"CategoricalDistribution\", \"attributes\": {\"choices\": [true, false]}}"}
{"op_code":6,"worker_id":"37a4e799-6bbe-4b4d-98a9-ff9e9f4c6e99-139725525349504","trial_id":299,"state":1,"values":[-0.001073950310727138],"datetime_complete":"2026-05-06T12:02:25.473257"}
{"op_code":4,"worker_id":"37a4e799-6bbe-4b4d-98a9-ff9e9f4c6e99-139725525349504","study_id":0,"datetime_start":"2026-05-06T12:02:25.676708"}
{"op_code":9,"worker_id":"37a4e799-6bbe-4b4d-98a9-ff9e9f4c6e99-139725525349504","trial_id":411,"system_attr":{"tpe:relative_params:0":"{\"RANK_REGRESS\": 65, \"REG_W\": 855.4112537542726, \"USE_RMS_SCALING\": false}"}}
{"op_code":5,"worker_id":"37a4e799-6bbe-4b4d-98a9-ff9e9f4c6e99-139725525349504","trial_id":411,"param_name":"RANK_REGRESS","param_value_internal":65.0,"distribution":"{\"name\": \"IntDistribution\", \"attributes\": {\"log\": false, \"step\": 1, \"low\": 5, \"high\": 80}}"}
{"op_code":5,"worker_id":"37a4e799-6bbe-4b4d-98a9-ff9e9f4c6e99-139725525349504","trial_id":411,"param_name":"REG_W","param_value_internal":855.4112537542726,"distribution":"{\"name\": \"FloatDistribution\", \"attributes\": {\"step\": null, \"low\": 1e-05, \"high\": 1000.0, \"log\": true}}"}
{"op_code":5,"worker_id":"37a4e799-6bbe-4b4d-98a9-ff9e9f4c6e99-139725525349504","trial_id":411,"param_name":"USE_RMS_SCALING","param_value_internal":1,"distribution":"{\"name\": \"CategoricalDistribution\", \"attributes\": {\"choices\": [true, false]}}"}
{"op_code":6,"worker_id":"ae63fcef-8f75-4641-b3d6-4118aa0fb97e-130900694115456","trial_id":226,"state":1,"values":[0.0],"datetime_complete":"2026-05-06T12:09:09.510205"}
{"op_code":4,"worker_id":"ae63fcef-8f75-4641-b3d6-4118aa0fb97e-130900694115456","study_id":0,"datetime_start":"2026-05-06T12:09:09.592666"}
{"op_code":9,"worker_id":"ae63fcef-8f75-4641-b3d6-4118aa0fb97e-130900694115456","trial_id":412,"system_attr":{"tpe:relative_params:0":"{\"RANK_REGRESS\": 5, \"REG_W\": 1.2144739033017893, \"USE_RMS_SCALING\": true}"}}
{"op_code":5,"worker_id":"ae63fcef-8f75-4641-b3d6-4118aa0fb97e-130900694115456","trial_id":412,"param_name":"RANK_REGRESS","param_value_internal":5.0,"distribution":"{\"name\": \"IntDistribution\", \"attributes\": {\"log\": false, \"step\": 1, \"low\": 5, \"high\": 80}}"}
{"op_code":5,"worker_id":"ae63fcef-8f75-4641-b3d6-4118aa0fb97e-130900694115456","trial_id":412,"param_name":"REG_W","param_value_internal":1.2144739033017893,"distribution":"{\"name\": \"FloatDistribution\", \"attributes\": {\"step\": null, \"low\": 1e-05, \"high\": 1000.0, \"log\": true}}"}
{"op_code":5,"worker_id":"ae63fcef-8f75-4641-b3d6-4118aa0fb97e-130900694115456","trial_id":412,"param_name":"USE_RMS_SCALING","param_value_internal":0,"distribution":"{\"name\": \"CategoricalDistribution\", \"attributes\": {\"choices\": [true, false]}}"}
{"op_code":6,"worker_id":"62e35d26-8ac7-447b-8fb4-f01daf14d32f-131376588985472","trial_id":228,"state":1,"values":[0.0],"datetime_complete":"2026-05-06T12:31:39.520994"}
{"op_code":4,"worker_id":"62e35d26-8ac7-447b-8fb4-f01daf14d32f-131376588985472","study_id":0,"datetime_start":"2026-05-06T12:31:39.594315"}
{"op_code":9,"worker_id":"62e35d26-8ac7-447b-8fb4-f01daf14d32f-131376588985472","trial_id":413,"system_attr":{"tpe:relative_params:0":"{\"RANK_REGRESS\": 54, \"REG_W\": 31.80851212241777, \"USE_RMS_SCALING\": false}"}}
{"op_code":5,"worker_id":"62e35d26-8ac7-447b-8fb4-f01daf14d32f-131376588985472","trial_id":413,"param_name":"RANK_REGRESS","param_value_internal":54.0,"distribution":"{\"name\": \"IntDistribution\", \"attributes\": {\"log\": false, \"step\": 1, \"low\": 5, \"high\": 80}}"}
{"op_code":5,"worker_id":"62e35d26-8ac7-447b-8fb4-f01daf14d32f-131376588985472","trial_id":413,"param_name":"REG_W","param_value_internal":31.80851212241777,"distribution":"{\"name\": \"FloatDistribution\", \"attributes\": {\"step\": null, \"low\": 1e-05, \"high\": 1000.0, \"log\": true}}"}
{"op_code":5,"worker_id":"62e35d26-8ac7-447b-8fb4-f01daf14d32f-131376588985472","trial_id":413,"param_name":"USE_RMS_SCALING","param_value_internal":1,"distribution":"{\"name\": \"CategoricalDistribution\", \"attributes\": {\"choices\": [true, false]}}"}
{"op_code":6,"worker_id":"a30af7f1-9592-4558-b6c9-7b5b67d4975a-126992064414848","trial_id":216,"state":1,"values":[0.0],"datetime_complete":"2026-05-06T12:37:28.914717"}
{"op_code":4,"worker_id":"a30af7f1-9592-4558-b6c9-7b5b67d4975a-126992064414848","study_id":0,"datetime_start":"2026-05-06T12:37:28.969256"}
{"op_code":9,"worker_id":"a30af7f1-9592-4558-b6c9-7b5b67d4975a-126992064414848","trial_id":414,"system_attr":{"tpe:relative_params:0":"{\"RANK_REGRESS\": 48, \"REG_W\": 718.3526314008358, \"USE_RMS_SCALING\": false}"}}
{"op_code":5,"worker_id":"a30af7f1-9592-4558-b6c9-7b5b67d4975a-126992064414848","trial_id":414,"param_name":"RANK_REGRESS","param_value_internal":48.0,"distribution":"{\"name\": \"IntDistribution\", \"attributes\": {\"log\": false, \"step\": 1, \"low\": 5, \"high\": 80}}"}
{"op_code":5,"worker_id":"a30af7f1-9592-4558-b6c9-7b5b67d4975a-126992064414848","trial_id":414,"param_name":"REG_W","param_value_internal":718.3526314008358,"distribution":"{\"name\": \"FloatDistribution\", \"attributes\": {\"step\": null, \"low\": 1e-05, \"high\": 1000.0, \"log\": true}}"}
{"op_code":5,"worker_id":"a30af7f1-9592-4558-b6c9-7b5b67d4975a-126992064414848","trial_id":414,"param_name":"USE_RMS_SCALING","param_value_internal":1,"distribution":"{\"name\": \"CategoricalDistribution\", \"attributes\": {\"choices\": [true, false]}}"}
{"op_code":6,"worker_id":"f5ab87d5-af1f-407d-85ec-8ee8b23406e3-123859111797888","trial_id":312,"state":1,"values":[0.0],"datetime_complete":"2026-05-06T12:47:05.434617"}
{"op_code":4,"worker_id":"f5ab87d5-af1f-407d-85ec-8ee8b23406e3-123859111797888","study_id":0,"datetime_start":"2026-05-06T12:47:05.567698"}
{"op_code":9,"worker_id":"f5ab87d5-af1f-407d-85ec-8ee8b23406e3-123859111797888","trial_id":415,"system_attr":{"tpe:relative_params:0":"{\"RANK_REGRESS\": 46, \"REG_W\": 66.21261424594118, \"USE_RMS_SCALING\": false}"}}
{"op_code":5,"worker_id":"f5ab87d5-af1f-407d-85ec-8ee8b23406e3-123859111797888","trial_id":415,"param_name":"RANK_REGRESS","param_value_internal":46.0,"distribution":"{\"name\": \"IntDistribution\", \"attributes\": {\"log\": false, \"step\": 1, \"low\": 5, \"high\": 80}}"}
{"op_code":5,"worker_id":"f5ab87d5-af1f-407d-85ec-8ee8b23406e3-123859111797888","trial_id":415,"param_name":"REG_W","param_value_internal":66.21261424594118,"distribution":"{\"name\": \"FloatDistribution\", \"attributes\": {\"step\": null, \"low\": 1e-05, \"high\": 1000.0, \"log\": true}}"}
{"op_code":5,"worker_id":"f5ab87d5-af1f-407d-85ec-8ee8b23406e3-123859111797888","trial_id":415,"param_name":"USE_RMS_SCALING","param_value_internal":1,"distribution":"{\"name\": \"CategoricalDistribution\", \"attributes\": {\"choices\": [true, false]}}"}
{"op_code":6,"worker_id":"3180525c-99c8-443c-82a3-b7f9ccd22e7a-128288071771264","trial_id":255,"state":1,"values":[0.0],"datetime_complete":"2026-05-06T12:52:50.252627"}
{"op_code":4,"worker_id":"3180525c-99c8-443c-82a3-b7f9ccd22e7a-128288071771264","study_id":0,"datetime_start":"2026-05-06T12:52:50.354945"}
{"op_code":9,"worker_id":"3180525c-99c8-443c-82a3-b7f9ccd22e7a-128288071771264","trial_id":416,"system_attr":{"tpe:relative_params:0":"{\"RANK_REGRESS\": 79, \"REG_W\": 22.214623083991864, \"USE_RMS_SCALING\": true}"}}
{"op_code":5,"worker_id":"3180525c-99c8-443c-82a3-b7f9ccd22e7a-128288071771264","trial_id":416,"param_name":"RANK_REGRESS","param_value_internal":79.0,"distribution":"{\"name\": \"IntDistribution\", \"attributes\": {\"log\": false, \"step\": 1, \"low\": 5, \"high\": 80}}"}
{"op_code":5,"worker_id":"3180525c-99c8-443c-82a3-b7f9ccd22e7a-128288071771264","trial_id":416,"param_name":"REG_W","param_value_internal":22.214623083991864,"distribution":"{\"name\": \"FloatDistribution\", \"attributes\": {\"step\": null, \"low\": 1e-05, \"high\": 1000.0, \"log\": true}}"}
{"op_code":5,"worker_id":"3180525c-99c8-443c-82a3-b7f9ccd22e7a-128288071771264","trial_id":416,"param_name":"USE_RMS_SCALING","param_value_internal":0,"distribution":"{\"name\": \"CategoricalDistribution\", \"attributes\": {\"choices\": [true, false]}}"}
{"op_code":6,"worker_id":"5b3877cd-777d-4471-a157-5101491aa774-138210776011904","trial_id":253,"state":1,"values":[-0.09020082824599858],"datetime_complete":"2026-05-06T13:11:49.569130"}
{"op_code":4,"worker_id":"5b3877cd-777d-4471-a157-5101491aa774-138210776011904","study_id":0,"datetime_start":"2026-05-06T13:11:49.633600"}
{"op_code":9,"worker_id":"5b3877cd-777d-4471-a157-5101491aa774-138210776011904","trial_id":417,"system_attr":{"tpe:relative_params:0":"{\"RANK_REGRESS\": 26, \"REG_W\": 32.76700736348799, \"USE_RMS_SCALING\": false}"}}
{"op_code":5,"worker_id":"5b3877cd-777d-4471-a157-5101491aa774-138210776011904","trial_id":417,"param_name":"RANK_REGRESS","param_value_internal":26.0,"distribution":"{\"name\": \"IntDistribution\", \"attributes\": {\"log\": false, \"step\": 1, \"low\": 5, \"high\": 80}}"}
{"op_code":5,"worker_id":"5b3877cd-777d-4471-a157-5101491aa774-138210776011904","trial_id":417,"param_name":"REG_W","param_value_internal":32.76700736348799,"distribution":"{\"name\": \"FloatDistribution\", \"attributes\": {\"step\": null, \"low\": 1e-05, \"high\": 1000.0, \"log\": true}}"}
{"op_code":5,"worker_id":"5b3877cd-777d-4471-a157-5101491aa774-138210776011904","trial_id":417,"param_name":"USE_RMS_SCALING","param_value_internal":1,"distribution":"{\"name\": \"CategoricalDistribution\", \"attributes\": {\"choices\": [true, false]}}"}
{"op_code":6,"worker_id":"170ecef2-3dd9-4ad5-9fe3-447931ab8b29-131091280225408","trial_id":227,"state":1,"values":[0.0],"datetime_complete":"2026-05-06T13:17:21.431790"}
{"op_code":4,"worker_id":"170ecef2-3dd9-4ad5-9fe3-447931ab8b29-131091280225408","study_id":0,"datetime_start":"2026-05-06T13:17:21.509064"}
{"op_code":9,"worker_id":"170ecef2-3dd9-4ad5-9fe3-447931ab8b29-131091280225408","trial_id":418,"system_attr":{"tpe:relative_params:0":"{\"RANK_REGRESS\": 66, \"REG_W\": 29.90792852818128, \"USE_RMS_SCALING\": false}"}}
{"op_code":5,"worker_id":"170ecef2-3dd9-4ad5-9fe3-447931ab8b29-131091280225408","trial_id":418,"param_name":"RANK_REGRESS","param_value_internal":66.0,"distribution":"{\"name\": \"IntDistribution\", \"attributes\": {\"log\": false, \"step\": 1, \"low\": 5, \"high\": 80}}"}
{"op_code":5,"worker_id":"170ecef2-3dd9-4ad5-9fe3-447931ab8b29-131091280225408","trial_id":418,"param_name":"REG_W","param_value_internal":29.90792852818128,"distribution":"{\"name\": \"FloatDistribution\", \"attributes\": {\"step\": null, \"low\": 1e-05, \"high\": 1000.0, \"log\": true}}"}
{"op_code":5,"worker_id":"170ecef2-3dd9-4ad5-9fe3-447931ab8b29-131091280225408","trial_id":418,"param_name":"USE_RMS_SCALING","param_value_internal":1,"distribution":"{\"name\": \"CategoricalDistribution\", \"attributes\": {\"choices\": [true, false]}}"}
{"op_code":6,"worker_id":"4a6602e0-d95c-4133-98e4-5dab13f358df-125742097208448","trial_id":277,"state":1,"values":[0.0],"datetime_complete":"2026-05-06T13:46:54.183182"}
{"op_code":4,"worker_id":"4a6602e0-d95c-4133-98e4-5dab13f358df-125742097208448","study_id":0,"datetime_start":"2026-05-06T13:46:54.238934"}
{"op_code":9,"worker_id":"4a6602e0-d95c-4133-98e4-5dab13f358df-125742097208448","trial_id":419,"system_attr":{"tpe:relative_params:0":"{\"RANK_REGRESS\": 5, \"REG_W\": 403.4587240126273, \"USE_RMS_SCALING\": true}"}}
{"op_code":5,"worker_id":"4a6602e0-d95c-4133-98e4-5dab13f358df-125742097208448","trial_id":419,"param_name":"RANK_REGRESS","param_value_internal":5.0,"distribution":"{\"name\": \"IntDistribution\", \"attributes\": {\"log\": false, \"step\": 1, \"low\": 5, \"high\": 80}}"}
{"op_code":5,"worker_id":"4a6602e0-d95c-4133-98e4-5dab13f358df-125742097208448","trial_id":419,"param_name":"REG_W","param_value_internal":403.4587240126273,"distribution":"{\"name\": \"FloatDistribution\", \"attributes\": {\"step\": null, \"low\": 1e-05, \"high\": 1000.0, \"log\": true}}"}
{"op_code":5,"worker_id":"4a6602e0-d95c-4133-98e4-5dab13f358df-125742097208448","trial_id":419,"param_name":"USE_RMS_SCALING","param_value_internal":0,"distribution":"{\"name\": \"CategoricalDistribution\", \"attributes\": {\"choices\": [true, false]}}"}
{"op_code":6,"worker_id":"e86d0807-65c8-4d61-9b5d-50455135d798-124468313445504","trial_id":257,"state":1,"values":[0.0],"datetime_complete":"2026-05-06T13:49:41.141691"}
{"op_code":4,"worker_id":"e86d0807-65c8-4d61-9b5d-50455135d798-124468313445504","study_id":0,"datetime_start":"2026-05-06T13:49:41.205595"}
{"op_code":9,"worker_id":"e86d0807-65c8-4d61-9b5d-50455135d798-124468313445504","trial_id":420,"system_attr":{"tpe:relative_params:0":"{\"RANK_REGRESS\": 34, \"REG_W\": 921.7753760939187, \"USE_RMS_SCALING\": false}"}}
{"op_code":5,"worker_id":"e86d0807-65c8-4d61-9b5d-50455135d798-124468313445504","trial_id":420,"param_name":"RANK_REGRESS","param_value_internal":34.0,"distribution":"{\"name\": \"IntDistribution\", \"attributes\": {\"log\": false, \"step\": 1, \"low\": 5, \"high\": 80}}"}
{"op_code":5,"worker_id":"e86d0807-65c8-4d61-9b5d-50455135d798-124468313445504","trial_id":420,"param_name":"REG_W","param_value_internal":921.7753760939187,"distribution":"{\"name\": \"FloatDistribution\", \"attributes\": {\"step\": null, \"low\": 1e-05, \"high\": 1000.0, \"log\": true}}"}
{"op_code":5,"worker_id":"e86d0807-65c8-4d61-9b5d-50455135d798-124468313445504","trial_id":420,"param_name":"USE_RMS_SCALING","param_value_internal":1,"distribution":"{\"name\": \"CategoricalDistribution\", \"attributes\": {\"choices\": [true, false]}}"}
{"op_code":6,"worker_id":"b69119eb-b9a2-49f3-82a1-58487f1a00bf-124616095462528","trial_id":337,"state":1,"values":[0.0],"datetime_complete":"2026-05-06T14:08:48.000281"}
{"op_code":4,"worker_id":"b69119eb-b9a2-49f3-82a1-58487f1a00bf-124616095462528","study_id":0,"datetime_start":"2026-05-06T14:08:48.053497"}
{"op_code":9,"worker_id":"b69119eb-b9a2-49f3-82a1-58487f1a00bf-124616095462528","trial_id":421,"system_attr":{"tpe:relative_params:0":"{\"RANK_REGRESS\": 32, \"REG_W\": 53.090343915733825, \"USE_RMS_SCALING\": false}"}}
{"op_code":5,"worker_id":"b69119eb-b9a2-49f3-82a1-58487f1a00bf-124616095462528","trial_id":421,"param_name":"RANK_REGRESS","param_value_internal":32.0,"distribution":"{\"name\": \"IntDistribution\", \"attributes\": {\"log\": false, \"step\": 1, \"low\": 5, \"high\": 80}}"}
{"op_code":5,"worker_id":"b69119eb-b9a2-49f3-82a1-58487f1a00bf-124616095462528","trial_id":421,"param_name":"REG_W","param_value_internal":53.090343915733825,"distribution":"{\"name\": \"FloatDistribution\", \"attributes\": {\"step\": null, \"low\": 1e-05, \"high\": 1000.0, \"log\": true}}"}
{"op_code":5,"worker_id":"b69119eb-b9a2-49f3-82a1-58487f1a00bf-124616095462528","trial_id":421,"param_name":"USE_RMS_SCALING","param_value_internal":1,"distribution":"{\"name\": \"CategoricalDistribution\", \"attributes\": {\"choices\": [true, false]}}"}
{"op_code":6,"worker_id":"6450a8d9-646d-4c31-bd32-22958989ed73-128860029863040","trial_id":319,"state":1,"values":[0.0],"datetime_complete":"2026-05-06T14:54:56.716337"}
{"op_code":4,"worker_id":"6450a8d9-646d-4c31-bd32-22958989ed73-128860029863040","study_id":0,"datetime_start":"2026-05-06T14:54:56.783069"}
{"op_code":9,"worker_id":"6450a8d9-646d-4c31-bd32-22958989ed73-128860029863040","trial_id":422,"system_attr":{"tpe:relative_params:0":"{\"RANK_REGRESS\": 28, \"REG_W\": 959.4546850153682, \"USE_RMS_SCALING\": false}"}}
{"op_code":5,"worker_id":"6450a8d9-646d-4c31-bd32-22958989ed73-128860029863040","trial_id":422,"param_name":"RANK_REGRESS","param_value_internal":28.0,"distribution":"{\"name\": \"IntDistribution\", \"attributes\": {\"log\": false, \"step\": 1, \"low\": 5, \"high\": 80}}"}
{"op_code":5,"worker_id":"6450a8d9-646d-4c31-bd32-22958989ed73-128860029863040","trial_id":422,"param_name":"REG_W","param_value_internal":959.4546850153682,"distribution":"{\"name\": \"FloatDistribution\", \"attributes\": {\"step\": null, \"low\": 1e-05, \"high\": 1000.0, \"log\": true}}"}
{"op_code":5,"worker_id":"6450a8d9-646d-4c31-bd32-22958989ed73-128860029863040","trial_id":422,"param_name":"USE_RMS_SCALING","param_value_internal":1,"distribution":"{\"name\": \"CategoricalDistribution\", \"attributes\": {\"choices\": [true, false]}}"}
{"op_code":6,"worker_id":"e89e164c-3735-4708-ae67-2914e45c0ea2-134404404409472","trial_id":241,"state":1,"values":[0.0],"datetime_complete":"2026-05-06T15:04:03.710001"}
{"op_code":4,"worker_id":"e89e164c-3735-4708-ae67-2914e45c0ea2-134404404409472","study_id":0,"datetime_start":"2026-05-06T15:04:03.785153"}
{"op_code":9,"worker_id":"e89e164c-3735-4708-ae67-2914e45c0ea2-134404404409472","trial_id":423,"system_attr":{"tpe:relative_params:0":"{\"RANK_REGRESS\": 29, \"REG_W\": 72.77639549265012, \"USE_RMS_SCALING\": false}"}}
{"op_code":5,"worker_id":"e89e164c-3735-4708-ae67-2914e45c0ea2-134404404409472","trial_id":423,"param_name":"RANK_REGRESS","param_value_internal":29.0,"distribution":"{\"name\": \"IntDistribution\", \"attributes\": {\"log\": false, \"step\": 1, \"low\": 5, \"high\": 80}}"}
{"op_code":5,"worker_id":"e89e164c-3735-4708-ae67-2914e45c0ea2-134404404409472","trial_id":423,"param_name":"REG_W","param_value_internal":72.77639549265012,"distribution":"{\"name\": \"FloatDistribution\", \"attributes\": {\"step\": null, \"low\": 1e-05, \"high\": 1000.0, \"log\": true}}"}
{"op_code":5,"worker_id":"e89e164c-3735-4708-ae67-2914e45c0ea2-134404404409472","trial_id":423,"param_name":"USE_RMS_SCALING","param_value_internal":1,"distribution":"{\"name\": \"CategoricalDistribution\", \"attributes\": {\"choices\": [true, false]}}"}
{"op_code":6,"worker_id":"ae63fcef-8f75-4641-b3d6-4118aa0fb97e-130900694115456","trial_id":412,"state":1,"values":[-0.06813477089119364],"datetime_complete":"2026-05-06T15:04:14.678717"}
{"op_code":4,"worker_id":"ae63fcef-8f75-4641-b3d6-4118aa0fb97e-130900694115456","study_id":0,"datetime_start":"2026-05-06T15:04:14.841737"}
{"op_code":9,"worker_id":"ae63fcef-8f75-4641-b3d6-4118aa0fb97e-130900694115456","trial_id":424,"system_attr":{"tpe:relative_params:0":"{\"RANK_REGRESS\": 30, \"REG_W\": 411.56155702363037, \"USE_RMS_SCALING\": true}"}}
{"op_code":5,"worker_id":"ae63fcef-8f75-4641-b3d6-4118aa0fb97e-130900694115456","trial_id":424,"param_name":"RANK_REGRESS","param_value_internal":30.0,"distribution":"{\"name\": \"IntDistribution\", \"attributes\": {\"log\": false, \"step\": 1, \"low\": 5, \"high\": 80}}"}
{"op_code":5,"worker_id":"ae63fcef-8f75-4641-b3d6-4118aa0fb97e-130900694115456","trial_id":424,"param_name":"REG_W","param_value_internal":411.56155702363037,"distribution":"{\"name\": \"FloatDistribution\", \"attributes\": {\"step\": null, \"low\": 1e-05, \"high\": 1000.0, \"log\": true}}"}
{"op_code":5,"worker_id":"ae63fcef-8f75-4641-b3d6-4118aa0fb97e-130900694115456","trial_id":424,"param_name":"USE_RMS_SCALING","param_value_internal":0,"distribution":"{\"name\": \"CategoricalDistribution\", \"attributes\": {\"choices\": [true, false]}}"}
{"op_code":6,"worker_id":"471ffe47-3539-4fdd-b180-8824faee2dc4-127884486173824","trial_id":333,"state":1,"values":[0.0],"datetime_complete":"2026-05-06T15:09:15.966274"}
{"op_code":4,"worker_id":"471ffe47-3539-4fdd-b180-8824faee2dc4-127884486173824","study_id":0,"datetime_start":"2026-05-06T15:09:16.053009"}
{"op_code":9,"worker_id":"471ffe47-3539-4fdd-b180-8824faee2dc4-127884486173824","trial_id":425,"system_attr":{"tpe:relative_params:0":"{\"RANK_REGRESS\": 39, \"REG_W\": 827.0744294283321, \"USE_RMS_SCALING\": false}"}}
{"op_code":5,"worker_id":"471ffe47-3539-4fdd-b180-8824faee2dc4-127884486173824","trial_id":425,"param_name":"RANK_REGRESS","param_value_internal":39.0,"distribution":"{\"name\": \"IntDistribution\", \"attributes\": {\"log\": false, \"step\": 1, \"low\": 5, \"high\": 80}}"}
{"op_code":5,"worker_id":"471ffe47-3539-4fdd-b180-8824faee2dc4-127884486173824","trial_id":425,"param_name":"REG_W","param_value_internal":827.0744294283321,"distribution":"{\"name\": \"FloatDistribution\", \"attributes\": {\"step\": null, \"low\": 1e-05, \"high\": 1000.0, \"log\": true}}"}
{"op_code":5,"worker_id":"471ffe47-3539-4fdd-b180-8824faee2dc4-127884486173824","trial_id":425,"param_name":"USE_RMS_SCALING","param_value_internal":1,"distribution":"{\"name\": \"CategoricalDistribution\", \"attributes\": {\"choices\": [true, false]}}"}
{"op_code":6,"worker_id":"a8ecd967-ceed-4ea3-92ae-0dfdc497b5a7-139952655135872","trial_id":372,"state":1,"values":[0.0],"datetime_complete":"2026-05-06T15:17:32.614960"}
{"op_code":4,"worker_id":"a8ecd967-ceed-4ea3-92ae-0dfdc497b5a7-139952655135872","study_id":0,"datetime_start":"2026-05-06T15:17:32.751178"}
{"op_code":9,"worker_id":"a8ecd967-ceed-4ea3-92ae-0dfdc497b5a7-139952655135872","trial_id":426,"system_attr":{"tpe:relative_params:0":"{\"RANK_REGRESS\": 40, \"REG_W\": 165.52313238124353, \"USE_RMS_SCALING\": false}"}}
{"op_code":5,"worker_id":"a8ecd967-ceed-4ea3-92ae-0dfdc497b5a7-139952655135872","trial_id":426,"param_name":"RANK_REGRESS","param_value_internal":40.0,"distribution":"{\"name\": \"IntDistribution\", \"attributes\": {\"log\": false, \"step\": 1, \"low\": 5, \"high\": 80}}"}
{"op_code":5,"worker_id":"a8ecd967-ceed-4ea3-92ae-0dfdc497b5a7-139952655135872","trial_id":426,"param_name":"REG_W","param_value_internal":165.52313238124353,"distribution":"{\"name\": \"FloatDistribution\", \"attributes\": {\"step\": null, \"low\": 1e-05, \"high\": 1000.0, \"log\": true}}"}
{"op_code":5,"worker_id":"a8ecd967-ceed-4ea3-92ae-0dfdc497b5a7-139952655135872","trial_id":426,"param_name":"USE_RMS_SCALING","param_value_internal":1,"distribution":"{\"name\": \"CategoricalDistribution\", \"attributes\": {\"choices\": [true, false]}}"}
{"op_code":6,"worker_id":"844b1522-3376-47d8-9912-9f4887c5f55e-126024451806336","trial_id":222,"state":1,"values":[-0.003531832216165598],"datetime_complete":"2026-05-06T15:25:50.573182"}
{"op_code":6,"worker_id":"b910b3cc-8e8c-493e-8e16-eeacda1c9fcf-124244457190528","trial_id":380,"state":1,"values":[-0.00109257350678571],"datetime_complete":"2026-05-06T15:59:25.613992"}
{"op_code":6,"worker_id":"4a6602e0-d95c-4133-98e4-5dab13f358df-125742097208448","trial_id":419,"state":1,"values":[0.0],"datetime_complete":"2026-05-06T16:29:43.426871"}
{"op_code":6,"worker_id":"eedb9aaa-2ecb-4255-90cc-30db454349a0-125133339333760","trial_id":283,"state":1,"values":[-0.144999531190341],"datetime_complete":"2026-05-06T16:41:58.078789"}
{"op_code":6,"worker_id":"72f71256-e933-4ba5-bc29-9aa9ed6fa14c-125409260840064","trial_id":374,"state":1,"values":[-0.28032327475747515],"datetime_complete":"2026-05-06T16:55:32.708076"}
{"op_code":6,"worker_id":"562c8336-396a-41bf-9b16-75b999b1fd44-132206671553664","trial_id":287,"state":1,"values":[-0.4188356103925406],"datetime_complete":"2026-05-06T17:08:40.577288"}
{"op_code":6,"worker_id":"618c8ea6-d498-4528-a4d9-116926881694-129064357311616","trial_id":221,"state":1,"values":[0.0],"datetime_complete":"2026-05-06T17:10:31.569194"}
{"op_code":6,"worker_id":"c9728466-fca9-47b8-95e6-eb7d107d9fa5-125497610454144","trial_id":360,"state":1,"values":[-0.012202061571762735],"datetime_complete":"2026-05-06T17:33:54.769137"}
{"op_code":6,"worker_id":"21dfc64c-002c-47f6-8a7f-9a68f0078257-137999055623296","trial_id":237,"state":1,"values":[-0.05677849849573716],"datetime_complete":"2026-05-06T17:34:32.450903"}
{"op_code":6,"worker_id":"1e2855c3-b9bb-4042-aefc-67ca73f0cc67-124833242678400","trial_id":371,"state":1,"values":[0.004755591537668209],"datetime_complete":"2026-05-06T18:03:53.908248"}
{"op_code":6,"worker_id":"cb444b02-ca6c-4086-b9cd-a5c0593d489b-126758847857792","trial_id":384,"state":1,"values":[0.0],"datetime_complete":"2026-05-06T18:19:22.609180"}
{"op_code":6,"worker_id":"2d2da948-f8c9-4d82-8c68-f8c578999dc8-123680903255168","trial_id":272,"state":1,"values":[0.0],"datetime_complete":"2026-05-06T18:38:43.745425"}
{"op_code":6,"worker_id":"d87c6038-a58e-45b8-9667-ce5153e5ed1d-140151856145536","trial_id":404,"state":1,"values":[-0.12033036922115747],"datetime_complete":"2026-05-06T18:45:40.784646"}
{"op_code":6,"worker_id":"353de39e-910e-4efd-98b6-b7e672b9cdf6-127268630168704","trial_id":316,"state":1,"values":[0.0],"datetime_complete":"2026-05-06T19:18:56.954244"}
{"op_code":6,"worker_id":"b95cacb5-e748-4f98-a591-033c7d4a3bf6-138773943276672","trial_id":269,"state":1,"values":[-0.00024650964735865405],"datetime_complete":"2026-05-06T19:27:35.203178"}
{"op_code":6,"worker_id":"f64ba60c-7341-4d67-ac98-b8aedb1b8297-125628892669056","trial_id":388,"state":1,"values":[-0.14956096139356453],"datetime_complete":"2026-05-06T19:33:53.571284"}
{"op_code":6,"worker_id":"c29bcec8-7fba-419e-912b-5df33e4c161e-123231078630528","trial_id":274,"state":1,"values":[-0.020451835606097313],"datetime_complete":"2026-05-06T19:48:28.203123"}
{"op_code":6,"worker_id":"3baa0914-6d88-47d6-ad51-c958a9435ec1-127812905321600","trial_id":259,"state":1,"values":[-0.05784821566296783],"datetime_complete":"2026-05-06T20:00:02.135477"}
{"op_code":6,"worker_id":"b38760ef-3a4e-421f-a74c-32dea7205c47-135192391603328","trial_id":219,"state":1,"values":[-0.05466672453426028],"datetime_complete":"2026-05-06T20:03:28.170408"}
{"op_code":6,"worker_id":"34fe9ad8-8e31-46d4-a52d-99461050f585-140713468810368","trial_id":302,"state":1,"values":[0.0],"datetime_complete":"2026-05-06T20:12:03.297169"}
{"op_code":6,"worker_id":"16aed7a4-78e0-4406-8bff-0c4a2799aaef-123693849887872","trial_id":373,"state":1,"values":[0.0],"datetime_complete":"2026-05-06T21:02:46.577524"}
{"op_code":6,"worker_id":"0709134d-d7f0-4ec9-9498-942acc93ccc7-133218423039104","trial_id":285,"state":1,"values":[0.0],"datetime_complete":"2026-05-06T21:03:47.893328"}
{"op_code":6,"worker_id":"2aeac7ad-0abb-410d-93fa-8e9b86dde663-136293067854976","trial_id":235,"state":1,"values":[0.0],"datetime_complete":"2026-05-06T21:04:29.689175"}
{"op_code":6,"worker_id":"c5628544-8123-4a30-9747-614f97bd706d-136685397595264","trial_id":320,"state":1,"values":[0.0],"datetime_complete":"2026-05-06T21:27:43.362480"}
{"op_code":6,"worker_id":"8542207a-30bd-4c2b-9355-95c28c9a8fc9-123547658900608","trial_id":249,"state":1,"values":[0.0],"datetime_complete":"2026-05-06T21:31:39.821997"}
{"op_code":6,"worker_id":"dbcfeb1a-c989-4a62-a833-6ceeb1e57476-137134554518656","trial_id":383,"state":1,"values":[0.0],"datetime_complete":"2026-05-06T21:51:51.716042"}
{"op_code":6,"worker_id":"b690dbb5-2caf-4809-a6cd-8cc05fc39cd1-129708872922240","trial_id":225,"state":1,"values":[0.0008870219759264941],"datetime_complete":"2026-05-06T21:52:58.701073"}
{"op_code":6,"worker_id":"efb27169-5e99-41de-8f4e-59cec69e01e4-128816032220288","trial_id":376,"state":1,"values":[-0.2456800191462574],"datetime_complete":"2026-05-06T21:57:05.037921"}
{"op_code":6,"worker_id":"1a3b4b43-519a-42ad-8518-916dc6b863a6-133128496419968","trial_id":395,"state":1,"values":[0.0],"datetime_complete":"2026-05-06T22:14:43.756945"}
{"op_code":6,"worker_id":"7bf5d08c-962c-46c3-a1a3-a9d53ba675dd-138260771124352","trial_id":298,"state":1,"values":[0.0],"datetime_complete":"2026-05-06T22:31:37.787056"}
{"op_code":6,"worker_id":"96bce0f8-41e7-48b3-999e-db42ceacaace-137574897247360","trial_id":245,"state":1,"values":[0.0],"datetime_complete":"2026-05-06T22:33:16.440073"}
{"op_code":6,"worker_id":"1c525a4d-e3a0-4de0-b9a3-b3372b083013-126430044988544","trial_id":398,"state":1,"values":[-0.03545005192098338],"datetime_complete":"2026-05-06T22:35:46.118386"}
{"op_code":6,"worker_id":"f41b31eb-e176-4fc3-bffe-78a98d2b4a91-135289386407040","trial_id":275,"state":1,"values":[0.0],"datetime_complete":"2026-05-06T22:45:00.291369"}
{"op_code":6,"worker_id":"5bbd3485-ccb2-45bc-9287-454cfcebaa72-131033527653504","trial_id":357,"state":1,"values":[0.0],"datetime_complete":"2026-05-06T22:51:07.575655"}
{"op_code":6,"worker_id":"b3b14fe7-f3d0-4f7a-b78a-d85e136e5101-137643302249600","trial_id":400,"state":1,"values":[0.0],"datetime_complete":"2026-05-06T23:18:39.003380"}
{"op_code":6,"worker_id":"94e5b216-f0c9-4eed-91d9-44011b7b2037-127563418879104","trial_id":305,"state":1,"values":[-0.07171248648998685],"datetime_complete":"2026-05-06T23:23:05.083283"}
{"op_code":6,"worker_id":"35715057-df25-4de1-9292-760d1fcc2bcd-126036894389376","trial_id":351,"state":1,"values":[-0.31002703267443527],"datetime_complete":"2026-05-06T23:25:36.789123"}
{"op_code":6,"worker_id":"9512667f-bc94-4f7c-824e-e1b70aba8921-131664694506624","trial_id":396,"state":1,"values":[0.0],"datetime_complete":"2026-05-06T23:29:21.351368"}
{"op_code":6,"worker_id":"43d7f0af-95da-445b-9cff-9d441bf4a247-128636873352320","trial_id":356,"state":1,"values":[0.0],"datetime_complete":"2026-05-06T23:29:27.052591"}
{"op_code":6,"worker_id":"b2b7aad9-027f-4dd2-82d4-8fa107c9c919-126175708529792","trial_id":300,"state":1,"values":[0.0],"datetime_complete":"2026-05-06T23:43:53.814235"}
{"op_code":6,"worker_id":"0a5a5e21-64b3-4df4-87eb-d5efa3a23154-126752591979648","trial_id":310,"state":1,"values":[0.0],"datetime_complete":"2026-05-06T23:53:04.171190"}
{"op_code":6,"worker_id":"e7927b43-4f3b-4864-907f-88500163fe40-138222529148032","trial_id":311,"state":1,"values":[0.0],"datetime_complete":"2026-05-06T23:54:24.692711"}
{"op_code":6,"worker_id":"100c0e22-6cd2-4309-806e-f23358fa5707-138698207077504","trial_id":335,"state":1,"values":[0.0],"datetime_complete":"2026-05-07T00:07:27.485607"}
{"op_code":6,"worker_id":"6450a8d9-646d-4c31-bd32-22958989ed73-128860029863040","trial_id":422,"state":1,"values":[0.0],"datetime_complete":"2026-05-07T00:10:55.792719"}
{"op_code":6,"worker_id":"1f03e0be-dbdc-4ea0-961e-9b42cc1afcba-128572882117760","trial_id":377,"state":1,"values":[0.0],"datetime_complete":"2026-05-07T00:21:27.351577"}
{"op_code":6,"worker_id":"603ce9bf-3f72-4bce-acc2-05b0ffbf70d3-140042158396544","trial_id":276,"state":1,"values":[0.0],"datetime_complete":"2026-05-07T00:26:13.641649"}
{"op_code":6,"worker_id":"4fad43a1-3961-4f99-83f1-71055a9542ac-135068809892992","trial_id":252,"state":1,"values":[0.0],"datetime_complete":"2026-05-07T00:26:24.668257"}
{"op_code":6,"worker_id":"fab62fc8-f17f-404e-b4e7-7f010fcb741a-125394526581888","trial_id":214,"state":1,"values":[0.0],"datetime_complete":"2026-05-07T00:26:32.011286"}
{"op_code":6,"worker_id":"4e1e4470-9c99-488c-aea4-2533c47e54fa-131132962206848","trial_id":381,"state":1,"values":[-0.010784265957762643],"datetime_complete":"2026-05-07T00:35:39.777345"}
{"op_code":6,"worker_id":"f01d5b58-dc3a-4ad1-b362-7c6701f63dc4-124353255879808","trial_id":314,"state":1,"values":[-0.0037835859406492776],"datetime_complete":"2026-05-07T00:43:20.470781"}
{"op_code":6,"worker_id":"593c0974-b842-43be-bdbd-34d627773778-138399326971008","trial_id":409,"state":1,"values":[0.0],"datetime_complete":"2026-05-07T00:46:20.264261"}
{"op_code":6,"worker_id":"d8471a8b-ab0e-4697-a2d4-f2aa11707d0b-127372404307072","trial_id":327,"state":1,"values":[-0.0023477286991624804],"datetime_complete":"2026-05-07T00:54:45.573131"}
{"op_code":6,"worker_id":"f107db7f-e5c0-4dbc-ac7c-56675e4f080b-133739224122496","trial_id":397,"state":1,"values":[0.0],"datetime_complete":"2026-05-07T00:57:30.861261"}
{"op_code":6,"worker_id":"760d8bca-f645-4e42-8423-17d35ccb83c6-123497264829568","trial_id":224,"state":1,"values":[0.0],"datetime_complete":"2026-05-07T01:00:05.442254"}
{"op_code":6,"worker_id":"caba2dc9-32ef-445d-9642-b9f49da21330-132396472796288","trial_id":405,"state":1,"values":[0.0],"datetime_complete":"2026-05-07T01:04:57.184197"}
{"op_code":6,"worker_id":"76cdda3d-1b1e-4086-ba63-bec5ceee68e2-129419943289984","trial_id":291,"state":1,"values":[0.0],"datetime_complete":"2026-05-07T01:14:45.375568"}
{"op_code":6,"worker_id":"d65c201e-ee4d-4d35-8db1-ae5a0871948e-130501901071488","trial_id":254,"state":1,"values":[0.0],"datetime_complete":"2026-05-07T01:27:07.137362"}
{"op_code":6,"worker_id":"5b3877cd-777d-4471-a157-5101491aa774-138210776011904","trial_id":417,"state":1,"values":[-0.018230315567748494],"datetime_complete":"2026-05-07T01:34:04.824756"}
{"op_code":6,"worker_id":"dab2663b-6176-4fdb-b9c7-5d0b18a5b751-136522613445760","trial_id":378,"state":1,"values":[-0.021119960423459355],"datetime_complete":"2026-05-07T01:41:02.874886"}
{"op_code":6,"worker_id":"79b4fbed-048d-4b09-b40f-0705ab4c6499-125077390529664","trial_id":379,"state":1,"values":[-0.003660344963873204],"datetime_complete":"2026-05-07T01:45:06.109019"}
{"op_code":6,"worker_id":"d9ba2dc1-3703-4683-a973-8baec3e680de-140163527951488","trial_id":389,"state":1,"values":[0.0],"datetime_complete":"2026-05-07T01:46:24.171184"}
{"op_code":6,"worker_id":"f8c6f72b-b54d-4412-be41-bb9b636d6111-138472978535552","trial_id":394,"state":1,"values":[-0.0958448321859607],"datetime_complete":"2026-05-07T01:53:55.603690"}
{"op_code":6,"worker_id":"4cdcaa28-c7f8-401f-bf5e-f5331e78baba-137221478241408","trial_id":218,"state":1,"values":[0.0],"datetime_complete":"2026-05-07T01:54:07.730006"}
{"op_code":6,"worker_id":"3018362a-adef-4dd8-b659-8368ad6057b8-133655349908608","trial_id":387,"state":1,"values":[-0.040655747228947235],"datetime_complete":"2026-05-07T01:58:21.959066"}
{"op_code":6,"worker_id":"51bb5a9f-8f68-4875-95c3-35f7e6f9b54d-137167903294592","trial_id":393,"state":1,"values":[0.0],"datetime_complete":"2026-05-07T02:36:09.099910"}
{"op_code":6,"worker_id":"8d1887c2-568a-4803-9a80-8c71aab8b5b2-137961543713920","trial_id":362,"state":1,"values":[-0.090244054762794],"datetime_complete":"2026-05-07T02:37:15.410373"}
{"op_code":6,"worker_id":"e86d0807-65c8-4d61-9b5d-50455135d798-124468313445504","trial_id":420,"state":1,"values":[0.0],"datetime_complete":"2026-05-07T02:41:57.159483"}
{"op_code":6,"worker_id":"deda2f04-5216-46ba-8340-11a6d2bdc0a3-130091836687488","trial_id":399,"state":1,"values":[-0.024429911453739295],"datetime_complete":"2026-05-07T03:08:56.188830"}
{"op_code":6,"worker_id":"e5bfd280-b14b-4cca-bafd-3bfdcd65ca2a-139990579356800","trial_id":352,"state":1,"values":[0.0],"datetime_complete":"2026-05-07T03:14:52.332041"}
{"op_code":6,"worker_id":"805089ec-0dd8-4e3d-b64d-317326d03f62-130166862115968","trial_id":217,"state":1,"values":[0.0],"datetime_complete":"2026-05-07T03:16:40.769967"}
{"op_code":6,"worker_id":"a2a79b23-1762-4049-bf7f-a7405b7e5318-129219772339328","trial_id":410,"state":1,"values":[-0.1040672951805522],"datetime_complete":"2026-05-07T03:16:50.369096"}
{"op_code":6,"worker_id":"ae63fcef-8f75-4641-b3d6-4118aa0fb97e-130900694115456","trial_id":424,"state":1,"values":[0.0],"datetime_complete":"2026-05-07T03:21:40.688832"}
{"op_code":6,"worker_id":"a58dd2dd-d483-4780-9c9d-10eb76736914-133595121935488","trial_id":247,"state":1,"values":[-0.4041285180591982],"datetime_complete":"2026-05-07T03:27:02.072166"}
{"op_code":6,"worker_id":"64a9285e-e53a-4c11-bcf8-0d8196042aa5-131136341632128","trial_id":331,"state":1,"values":[0.0],"datetime_complete":"2026-05-07T03:53:37.810002"}
{"op_code":6,"worker_id":"f3522fd4-f87d-4a4b-8d30-167e84ddcaa3-129160435082368","trial_id":369,"state":1,"values":[-0.3216534411732199],"datetime_complete":"2026-05-07T04:11:09.460981"}
{"op_code":6,"worker_id":"97e47aa0-4eed-48d5-a22d-ca542d80357d-134838551012480","trial_id":407,"state":1,"values":[-0.00768395686244087],"datetime_complete":"2026-05-07T04:23:54.190062"}
{"op_code":6,"worker_id":"048e39bb-518c-4400-b614-e982da9e837d-139234606371968","trial_id":355,"state":1,"values":[0.0],"datetime_complete":"2026-05-07T04:29:37.460248"}
{"op_code":6,"worker_id":"e89e164c-3735-4708-ae67-2914e45c0ea2-134404404409472","trial_id":423,"state":1,"values":[0.0047364493014735816],"datetime_complete":"2026-05-07T04:30:14.663136"}
{"op_code":6,"worker_id":"a8ecd967-ceed-4ea3-92ae-0dfdc497b5a7-139952655135872","trial_id":426,"state":1,"values":[0.0],"datetime_complete":"2026-05-07T05:30:58.962223"}
{"op_code":6,"worker_id":"f685ef72-26e1-4a77-bc5b-0d1ae2bcafa1-133680457450624","trial_id":390,"state":1,"values":[0.0],"datetime_complete":"2026-05-07T05:42:38.494367"}
{"op_code":6,"worker_id":"b3fc6a0e-b7ad-4798-98d4-779242f48923-140037251269760","trial_id":288,"state":1,"values":[-0.1705309695818462],"datetime_complete":"2026-05-07T05:52:52.700400"}
{"op_code":6,"worker_id":"d8c9600a-90a7-46f8-ba82-6adc2143c83f-123357911811200","trial_id":307,"state":1,"values":[0.00474484224199867],"datetime_complete":"2026-05-07T05:59:22.475412"}
{"op_code":6,"worker_id":"1b73eec8-1860-4dcb-a459-301c383ec785-128946553431168","trial_id":292,"state":1,"values":[0.0],"datetime_complete":"2026-05-07T06:29:34.644592"}
{"op_code":6,"worker_id":"2754fbfa-766c-402f-b312-e09629bd9c64-127828779738240","trial_id":406,"state":1,"values":[-0.8278290118241026],"datetime_complete":"2026-05-07T06:34:30.002986"}
{"op_code":6,"worker_id":"8e86a884-5f8f-4f53-bcc7-b53e587b40e2-140497274684544","trial_id":375,"state":1,"values":[-0.29332904549080946],"datetime_complete":"2026-05-07T06:39:42.554167"}
{"op_code":6,"worker_id":"5d928416-85d8-472e-8534-86f458c3966a-129524521604224","trial_id":232,"state":1,"values":[-0.1683064019470848],"datetime_complete":"2026-05-07T06:40:44.522566"}
{"op_code":6,"worker_id":"3c805e01-8904-403d-9f56-08d285985f09-127143244465280","trial_id":391,"state":1,"values":[0.0],"datetime_complete":"2026-05-07T06:41:46.795317"}
{"op_code":6,"worker_id":"b29e1ee8-8f82-45d1-9788-858b7ff64604-136967469581440","trial_id":354,"state":1,"values":[0.0],"datetime_complete":"2026-05-07T06:46:48.721551"}
{"op_code":6,"worker_id":"e6383430-eb43-45d6-8d53-fa632b1cfa18-127280327505024","trial_id":306,"state":1,"values":[0.0],"datetime_complete":"2026-05-07T06:48:55.280239"}
{"op_code":6,"worker_id":"e9d7761e-4958-4b99-97b9-3d625e5c7a93-138698213184640","trial_id":370,"state":1,"values":[0.0],"datetime_complete":"2026-05-07T07:10:28.100374"}
{"op_code":6,"worker_id":"642c6149-71e1-40f8-9918-4489031541ad-134804152235136","trial_id":382,"state":1,"values":[-0.027937434750267293],"datetime_complete":"2026-05-07T07:15:00.884244"}
{"op_code":6,"worker_id":"0db2042f-2779-4ebf-b3c5-75692fff44af-140492220298368","trial_id":401,"state":1,"values":[0.0],"datetime_complete":"2026-05-07T07:29:04.591468"}
{"op_code":6,"worker_id":"a2ad5f6e-cfa6-49da-9be5-0647e8f4382c-135265889055872","trial_id":267,"state":1,"values":[-0.10649527309089117],"datetime_complete":"2026-05-07T07:30:35.892972"}
{"op_code":6,"worker_id":"26919fca-0555-4c24-9661-5320ff35f858-139694760510592","trial_id":350,"state":1,"values":[0.0],"datetime_complete":"2026-05-07T07:38:30.376822"}
{"op_code":6,"worker_id":"f5ab87d5-af1f-407d-85ec-8ee8b23406e3-123859111797888","trial_id":415,"state":1,"values":[-0.011088734441691747],"datetime_complete":"2026-05-07T07:46:12.727525"}
{"op_code":6,"worker_id":"38cab2d2-9bdf-45ec-9021-f5af9f32508d-135253001720960","trial_id":402,"state":1,"values":[-0.04340069389345602],"datetime_complete":"2026-05-07T07:50:11.651200"}
{"op_code":6,"worker_id":"bbf9fdda-0716-4875-8e2b-037e5eaa338c-134451518538880","trial_id":246,"state":1,"values":[-0.0019517587425301741],"datetime_complete":"2026-05-07T08:05:30.423229"}
{"op_code":6,"worker_id":"dc2b7e30-c587-4922-9412-f3cd320fd31d-134847648490624","trial_id":304,"state":1,"values":[-0.7631135387182603],"datetime_complete":"2026-05-07T08:12:14.556960"}
{"op_code":6,"worker_id":"d4618192-673e-44a8-9b84-4ac751cfb975-135819250943104","trial_id":408,"state":1,"values":[0.0021437408202149566],"datetime_complete":"2026-05-07T08:27:02.827182"}
{"op_code":6,"worker_id":"ee7224b1-6b04-4c9e-9ae2-b8661911c6d5-126313411290240","trial_id":358,"state":1,"values":[0.0],"datetime_complete":"2026-05-07T08:30:17.300969"}
{"op_code":6,"worker_id":"471ffe47-3539-4fdd-b180-8824faee2dc4-127884486173824","trial_id":425,"state":1,"values":[0.0],"datetime_complete":"2026-05-07T08:34:57.842256"}
{"op_code":6,"worker_id":"a28c3d8e-ec7d-4779-a9db-bcca1250d929-128938352542848","trial_id":223,"state":1,"values":[0.0],"datetime_complete":"2026-05-07T08:47:09.336627"}
{"op_code":6,"worker_id":"1d7c15ed-23d9-437d-abd5-6ca5b1b52005-134278238643328","trial_id":386,"state":1,"values":[0.0],"datetime_complete":"2026-05-07T08:49:09.504972"}
{"op_code":6,"worker_id":"9084e1d1-6c86-45a8-ab43-02a8a6fba966-132445084894336","trial_id":368,"state":1,"values":[0.0],"datetime_complete":"2026-05-07T08:59:34.087045"}
{"op_code":6,"worker_id":"b57ed99e-fdc2-483e-ba6f-a8af3a797b10-135554476291200","trial_id":366,"state":1,"values":[0.0],"datetime_complete":"2026-05-07T09:22:50.659372"}
{"op_code":6,"worker_id":"62e35d26-8ac7-447b-8fb4-f01daf14d32f-131376588985472","trial_id":413,"state":1,"values":[-0.047249195731338935],"datetime_complete":"2026-05-07T09:59:45.298120"}
{"op_code":6,"worker_id":"63c87a16-3dc8-460f-8c87-2f2cdb5db66b-127061967840384","trial_id":265,"state":1,"values":[0.0],"datetime_complete":"2026-05-07T10:05:15.071107"}
{"op_code":6,"worker_id":"cb137312-0cb4-4eb9-9066-3e25f92932d8-133512367174784","trial_id":365,"state":1,"values":[0.0],"datetime_complete":"2026-05-07T10:08:44.971429"}
{"op_code":6,"worker_id":"33912124-06b5-4a3a-a9c2-ebfd08c78877-136920995738752","trial_id":361,"state":1,"values":[0.0],"datetime_complete":"2026-05-07T11:03:35.771546"}
{"op_code":6,"worker_id":"774f5301-e674-4365-a3dc-5ef93426f533-140572276831360","trial_id":364,"state":1,"values":[-0.3189452864874644],"datetime_complete":"2026-05-07T11:06:23.177841"}
{"op_code":6,"worker_id":"d74144e0-fda2-4541-8baa-21f36b4a9a97-139784318428288","trial_id":363,"state":1,"values":[0.0],"datetime_complete":"2026-05-07T13:31:24.130058"}
{"op_code":6,"worker_id":"d2a9e5e6-217c-4fda-80ea-306e1b418646-124532098909312","trial_id":323,"state":1,"values":[0.004743127464695962],"datetime_complete":"2026-05-07T13:41:05.734045"}
{"op_code":6,"worker_id":"37a4e799-6bbe-4b4d-98a9-ff9e9f4c6e99-139725525349504","trial_id":411,"state":1,"values":[0.0],"datetime_complete":"2026-05-07T14:08:33.693716"}
{"op_code":6,"worker_id":"a30af7f1-9592-4558-b6c9-7b5b67d4975a-126992064414848","trial_id":414,"state":1,"values":[0.0],"datetime_complete":"2026-05-07T16:01:11.713633"}
{"op_code":6,"worker_id":"d562d315-b988-492d-8d64-aa57da35f7d9-126185884161152","trial_id":268,"state":1,"values":[-0.02616968832544342],"datetime_complete":"2026-05-07T16:32:05.669741"}
{"op_code":6,"worker_id":"204d2bae-2135-4356-b434-1a2a2bc0c265-133008478106752","trial_id":353,"state":1,"values":[0.0],"datetime_complete":"2026-05-07T18:12:57.896706"}
{"op_code":6,"worker_id":"170ecef2-3dd9-4ad5-9fe3-447931ab8b29-131091280225408","trial_id":418,"state":1,"values":[-0.05520784553349175],"datetime_complete":"2026-05-07T18:24:19.919113"}
{"op_code":6,"worker_id":"3180525c-99c8-443c-82a3-b7f9ccd22e7a-128288071771264","trial_id":416,"state":1,"values":[-0.0008778589607654208],"datetime_complete":"2026-05-07T20:21:37.639046"}
{"op_code":6,"worker_id":"ebabb57a-d3af-48de-8a9d-ebd1db8d8aac-136799377802368","trial_id":385,"state":1,"values":[0.0],"datetime_complete":"2026-05-07T20:38:33.809414"}
{"op_code":6,"worker_id":"b69119eb-b9a2-49f3-82a1-58487f1a00bf-124616095462528","trial_id":421,"state":1,"values":[-0.015610985014412937],"datetime_complete":"2026-05-07T21:20:05.480048"}
{"op_code":6,"worker_id":"89cc80b4-dfd8-4a43-a46e-747a349a658e-128777581335680","trial_id":403,"state":1,"values":[-0.0012863488476952216],"datetime_complete":"2026-05-07T23:27:39.354999"}
{"op_code":6,"worker_id":"a573c4ce-08d5-46ce-aed2-876d30b6ca2d-135524444898432","trial_id":238,"state":1,"values":[0.0],"datetime_complete":"2026-05-08T09:46:21.437971"}
{"op_code":6,"worker_id":"c34b4cca-52e1-4041-88e7-7876e98fc089-140707222733952","trial_id":367,"state":1,"values":[0.0],"datetime_complete":"2026-05-08T15:28:24.111194"}
{"op_code":6,"worker_id":"d5c5d389-317b-4938-a4b8-d62cfbd77c1f-138416651666560","trial_id":392,"state":1,"values":[0.0],"datetime_complete":"2026-05-08T17:56:03.532256"}
